img_id,image_path,exists
cla820gl0s3nv071u4fgd7xgq,./out/images/cla820gl0s3nv071u4fgd7xgq.jpg,True
cla820gl0s3nz071uch6e0sas,./out/images/cla820gl0s3nz071uch6e0sas.jpg,True
cla820gl0s3o3071ufxqh1brg,./out/images/cla820gl0s3o3071ufxqh1brg.jpg,True
cla820gl0s3o7071u4ouwcitb,./out/images/cla820gl0s3o7071u4ouwcitb.jpg,True
cla820gl0s3ob071u5z04bn3r,./out/images/cla820gl0s3ob071u5z04bn3r.jpg,True
cla820gl0s3of071u96ilg9hm,./out/images/cla820gl0s3of071u96ilg9hm.jpg,True
cla820gl0s3oj071u5qln6oim,./out/images/cla820gl0s3oj071u5qln6oim.jpg,True
cla820gl1s3on071u1e7gbeh0,./out/images/cla820gl1s3on071u1e7gbeh0.jpg,True
cla820gl1s3or071udurk9106,./out/images/cla820gl1s3or071udurk9106.jpg,True
cla820gl1s3ov071u2b7h3r59,./out/images/cla820gl1s3ov071u2b7h3r59.jpg,True
cla820gl1s3oz071u2ixjf7yk,./out/images/cla820gl1s3oz071u2ixjf7yk.jpg,True
cla820gl1s3p3071udi3n74jf,./out/images/cla820gl1s3p3071udi3n74jf.jpg,True
cla820gl1s3p7071u7m8c1gl7,./out/images/cla820gl1s3p7071u7m8c1gl7.jpg,True
cla820gl1s3pb071u45lb0snu,./out/images/cla820gl1s3pb071u45lb0snu.jpg,True
cla820gl1s3pf071ue7ja2fur,./out/images/cla820gl1s3pf071ue7ja2fur.jpg,True
cla820gl1s3pj071u0wta8adz,./out/images/cla820gl1s3pj071u0wta8adz.jpg,True
cla820gl1s3pn071u6vzxgsxv,./out/images/cla820gl1s3pn071u6vzxgsxv.jpg,True
cla820gl1s3pr071u2vi94r92,./out/images/cla820gl1s3pr071u2vi94r92.jpg,True
cla820gl1s3pv071u6kb331te,./out/images/cla820gl1s3pv071u6kb331te.jpg,True
cla820gl1s3pz071u4zyd0ilb,./out/images/cla820gl1s3pz071u4zyd0ilb.jpg,True
cla820gl1s3q3071udvtaggoi,./out/images/cla820gl1s3q3071udvtaggoi.jpg,True
cla820gl2s3q7071u7ej2fp2n,./out/images/cla820gl2s3q7071u7ej2fp2n.jpg,True
cla820gl2s3qb071u5u6c3vmq,./out/images/cla820gl2s3qb071u5u6c3vmq.jpg,True
cla820gl2s3qf071u1ndiftcx,./out/images/cla820gl2s3qf071u1ndiftcx.jpg,True
cla820gl2s3qj071u9e3efd6z,./out/images/cla820gl2s3qj071u9e3efd6z.jpg,True
cla820gl2s3qn071ucguna2um,./out/images/cla820gl2s3qn071ucguna2um.jpg,True
cla820gl2s3qr071u67g3c2fe,./out/images/cla820gl2s3qr071u67g3c2fe.jpg,True
cla820gl2s3qv071udlxnflmq,./out/images/cla820gl2s3qv071udlxnflmq.jpg,True
cla820gl2s3qz071u9ed6awtv,./out/images/cla820gl2s3qz071u9ed6awtv.jpg,True
cla820gl2s3r3071u9bnjbpck,./out/images/cla820gl2s3r3071u9bnjbpck.jpg,True
cla820gl2s3r7071u4iwl78ry,./out/images/cla820gl2s3r7071u4iwl78ry.jpg,True
cla820gl2s3rb071u76w10eu7,./out/images/cla820gl2s3rb071u76w10eu7.jpg,True
cla820gl2s3rf071u3bj0eu8m,./out/images/cla820gl2s3rf071u3bj0eu8m.jpg,True
cla820gl2s3rj071u5pabhsg1,./out/images/cla820gl2s3rj071u5pabhsg1.jpg,True
cla820gl2s3rn071u23tn2cc2,./out/images/cla820gl2s3rn071u23tn2cc2.jpg,True
cla820gl2s3rr071u0d0f3piv,./out/images/cla820gl2s3rr071u0d0f3piv.jpg,True
cla820gl3s3rv071u464g37xw,./out/images/cla820gl3s3rv071u464g37xw.jpg,True
cla820gl3s3rz071uct37bliv,./out/images/cla820gl3s3rz071uct37bliv.jpg,True
cla820gl3s3s3071ugtjy06xj,./out/images/cla820gl3s3s3071ugtjy06xj.jpg,True
cla820gl3s3s7071u8agx3t4t,./out/images/cla820gl3s3s7071u8agx3t4t.jpg,True
cla820gl3s3sb071uhkrfhgt7,./out/images/cla820gl3s3sb071uhkrfhgt7.jpg,True
cla820gl3s3sf071u5nxyezr2,./out/images/cla820gl3s3sf071u5nxyezr2.jpg,True
cla820gl3s3sj071u5wz74zhy,./out/images/cla820gl3s3sj071u5wz74zhy.jpg,True
cla820gl3s3sn071u6jb8eyyl,./out/images/cla820gl3s3sn071u6jb8eyyl.jpg,True
cla820gl3s3sr071uc4152r95,./out/images/cla820gl3s3sr071uc4152r95.jpg,True
cla820gl3s3sv071u3qhw492a,./out/images/cla820gl3s3sv071u3qhw492a.jpg,True
cla820gl3s3sz071u3u7aelb1,./out/images/cla820gl3s3sz071u3u7aelb1.jpg,True
cla820gl3s3t3071udcwfd8g1,./out/images/cla820gl3s3t3071udcwfd8g1.jpg,True
cla820gl3s3t7071u351d62ys,./out/images/cla820gl3s3t7071u351d62ys.jpg,True
cla820gl3s3tb071ue9wz6a16,./out/images/cla820gl3s3tb071ue9wz6a16.jpg,True
cla820gl3s3tf071uekna420b,./out/images/cla820gl3s3tf071uekna420b.jpg,True
cla820gl4s3tj071uakhw1bd9,./out/images/cla820gl4s3tj071uakhw1bd9.jpg,True
cla820gl4s3tn071u0pfr2b9j,./out/images/cla820gl4s3tn071u0pfr2b9j.jpg,True
cla820gl4s3tr071u12w3g0nk,./out/images/cla820gl4s3tr071u12w3g0nk.jpg,True
cla820gl4s3tv071ugdtudp1p,./out/images/cla820gl4s3tv071ugdtudp1p.jpg,True
cla820gl4s3tz071u1ewe1zbv,./out/images/cla820gl4s3tz071u1ewe1zbv.jpg,True
cla820gl4s3u3071u2dfi4v58,./out/images/cla820gl4s3u3071u2dfi4v58.jpg,True
cla820gl4s3u7071u1ccm7nxt,./out/images/cla820gl4s3u7071u1ccm7nxt.jpg,True
cla820gl4s3ub071u7ypd8d4h,./out/images/cla820gl4s3ub071u7ypd8d4h.jpg,True
cla820gl4s3uf071u8jle90s0,./out/images/cla820gl4s3uf071u8jle90s0.jpg,True
cla820gl4s3uj071u8so1gxth,./out/images/cla820gl4s3uj071u8so1gxth.jpg,True
cla820gl4s3un071uck4cg79b,./out/images/cla820gl4s3un071uck4cg79b.jpg,True
cla820gl4s3ur071ucbq5ar57,./out/images/cla820gl4s3ur071ucbq5ar57.jpg,True
cla820gl4s3uv071u4pdi22dx,./out/images/cla820gl4s3uv071u4pdi22dx.jpg,True
cla820gl4s3uz071u7o0za9ab,./out/images/cla820gl4s3uz071u7o0za9ab.jpg,True
cla820gl4s3v3071uf47na29u,./out/images/cla820gl4s3v3071uf47na29u.jpg,True
cla820gl4s3v7071u0fac2ztj,./out/images/cla820gl4s3v7071u0fac2ztj.jpg,True
cla820gl5s3vb071u5qsbatev,./out/images/cla820gl5s3vb071u5qsbatev.jpg,True
cla820gl5s3vf071ugzju7lms,./out/images/cla820gl5s3vf071ugzju7lms.jpg,True
cla820gl5s3vj071u7opg6tc0,./out/images/cla820gl5s3vj071u7opg6tc0.jpg,True
cla820gl5s3vn071u08159pwe,./out/images/cla820gl5s3vn071u08159pwe.jpg,True
cla820gl5s3vr071u7iil4yr1,./out/images/cla820gl5s3vr071u7iil4yr1.jpg,True
cla820gl5s3vv071u18ipbr2h,./out/images/cla820gl5s3vv071u18ipbr2h.jpg,True
cla820gl5s3vz071ua6uggyz6,./out/images/cla820gl5s3vz071ua6uggyz6.jpg,True
cla820gl5s3w3071u2e1ub3zb,./out/images/cla820gl5s3w3071u2e1ub3zb.jpg,True
cla820gl5s3w7071uh47a2dxy,./out/images/cla820gl5s3w7071uh47a2dxy.jpg,True
cla820gl5s3wb071u5ekcdloz,./out/images/cla820gl5s3wb071u5ekcdloz.jpg,True
cla820gl5s3wj071uhfhf8ijv,./out/images/cla820gl5s3wj071uhfhf8ijv.jpg,True
cla820gl5s3wn071ua5gg1mx6,./out/images/cla820gl5s3wn071ua5gg1mx6.jpg,True
cla820gl5s3wr071uaumg6d7n,./out/images/cla820gl5s3wr071uaumg6d7n.jpg,True
cla820gl5s3wv071u32becg92,./out/images/cla820gl5s3wv071u32becg92.jpg,True
cla820gl6s3x3071uh76zg7uy,./out/images/cla820gl6s3x3071uh76zg7uy.jpg,True
cla820gl6s3x7071u8n2ibyi4,./out/images/cla820gl6s3x7071u8n2ibyi4.jpg,True
cla820gl6s3xb071ufo9e9qg4,./out/images/cla820gl6s3xb071ufo9e9qg4.jpg,True
cla820gl6s3xf071uhz1s3rac,./out/images/cla820gl6s3xf071uhz1s3rac.jpg,True
cla820gl6s3xj071uafbo0i5s,./out/images/cla820gl6s3xj071uafbo0i5s.jpg,True
cla820gl6s3xn071uhm0a3y1n,./out/images/cla820gl6s3xn071uhm0a3y1n.jpg,True
cla820gl6s3xr071ufbe6hwzb,./out/images/cla820gl6s3xr071ufbe6hwzb.jpg,True
cla820gl6s3xv071u8lpe4sj3,./out/images/cla820gl6s3xv071u8lpe4sj3.jpg,True
cla820gl6s3xz071ubrzzdd9a,./out/images/cla820gl6s3xz071ubrzzdd9a.jpg,True
cla820gl6s3y3071u6gxs1pgc,./out/images/cla820gl6s3y3071u6gxs1pgc.jpg,True
cla820gl6s3y7071u9k638dv6,./out/images/cla820gl6s3y7071u9k638dv6.jpg,True
cla820gl6s3yb071u4x8bg1hq,./out/images/cla820gl6s3yb071u4x8bg1hq.jpg,True
cla820gl6s3yf071ugolc8gg0,./out/images/cla820gl6s3yf071ugolc8gg0.jpg,True
cla820gl6s3yj071u0108e4le,./out/images/cla820gl6s3yj071u0108e4le.jpg,True
cla820gl6s3yn071u1z4u1dh6,./out/images/cla820gl6s3yn071u1z4u1dh6.jpg,True
cla820gl7s3yr071u9kft4435,./out/images/cla820gl7s3yr071u9kft4435.jpg,True
cla820gl7s3yv071u0z3o93jw,./out/images/cla820gl7s3yv071u0z3o93jw.jpg,True
cla820gl7s3yz071u8j1a4nms,./out/images/cla820gl7s3yz071u8j1a4nms.jpg,True
cla820gl7s3z3071u90yh7f7r,./out/images/cla820gl7s3z3071u90yh7f7r.jpg,True
cla820gl7s3z7071ugh7p0ke2,./out/images/cla820gl7s3z7071ugh7p0ke2.jpg,True
cla820gl7s3zb071u5wdp4sgs,./out/images/cla820gl7s3zb071u5wdp4sgs.jpg,True
cla820gl7s3zf071ueloh0xir,./out/images/cla820gl7s3zf071ueloh0xir.jpg,True
cla820gl7s3zj071uadm3dpxy,./out/images/cla820gl7s3zj071uadm3dpxy.jpg,True
cla820gl7s3zn071u8ubx2rvn,./out/images/cla820gl7s3zn071u8ubx2rvn.jpg,True
cla820gl7s3zr071uambb5w1s,./out/images/cla820gl7s3zr071uambb5w1s.jpg,True
cla820gl7s3zv071u2ak0ee69,./out/images/cla820gl7s3zv071u2ak0ee69.jpg,True
cla820gl7s3zz071u3y0y2yxs,./out/images/cla820gl7s3zz071u3y0y2yxs.jpg,True
cla820gl7s403071uhl071dze,./out/images/cla820gl7s403071uhl071dze.jpg,True
cla820gl7s407071u0j1bd6ly,./out/images/cla820gl7s407071u0j1bd6ly.jpg,True
cla820gl7s40b071u50jx6183,./out/images/cla820gl7s40b071u50jx6183.jpg,True
cla820gl8s40f071u27wyhkha,./out/images/cla820gl8s40f071u27wyhkha.jpg,True
cla820gl8s40j071u4rhhc5an,./out/images/cla820gl8s40j071u4rhhc5an.jpg,True
cla820gl8s40n071ua3uphnl3,./out/images/cla820gl8s40n071ua3uphnl3.jpg,True
cla820gl8s40r071u2qub6auy,./out/images/cla820gl8s40r071u2qub6auy.jpg,True
cla820gl8s40v071uhg55e4u9,./out/images/cla820gl8s40v071uhg55e4u9.jpg,True
cla820gl8s40z071u0iu04nv7,./out/images/cla820gl8s40z071u0iu04nv7.jpg,True
cla820gl8s413071u63tn9z7t,./out/images/cla820gl8s413071u63tn9z7t.jpg,True
cla820gl8s417071u5nc66zi3,./out/images/cla820gl8s417071u5nc66zi3.jpg,True
cla820gl8s41b071u9jv628nz,./out/images/cla820gl8s41b071u9jv628nz.jpg,True
cla820gl8s41f071u1zb7hwyy,./out/images/cla820gl8s41f071u1zb7hwyy.jpg,True
cla820gl8s41j071u1d8t428t,./out/images/cla820gl8s41j071u1d8t428t.jpg,True
cla820gl8s41n071uanbv7xro,./out/images/cla820gl8s41n071uanbv7xro.jpg,True
cla820gl8s41r071uhqlybr1o,./out/images/cla820gl8s41r071uhqlybr1o.jpg,True
cla820gl8s41v071u7owiec1u,./out/images/cla820gl8s41v071u7owiec1u.jpg,True
cla820gl8s41z071u2siucxod,./out/images/cla820gl8s41z071u2siucxod.jpg,True
cla820gl8s423071u90jodevy,./out/images/cla820gl8s423071u90jodevy.jpg,True
cla820gl9s427071ubtut8fyx,./out/images/cla820gl9s427071ubtut8fyx.jpg,True
cla820gl9s42b071uhcii678h,./out/images/cla820gl9s42b071uhcii678h.jpg,True
cla820gl9s42f071ucqtt9qsy,./out/images/cla820gl9s42f071ucqtt9qsy.jpg,True
cla820gl9s42j071ue8yx2zh5,./out/images/cla820gl9s42j071ue8yx2zh5.jpg,True
cla820gl9s42n071u4evu0gc7,./out/images/cla820gl9s42n071u4evu0gc7.jpg,True
cla820gl9s42r071uerl988wi,./out/images/cla820gl9s42r071uerl988wi.jpg,True
cla820gl9s42v071u1yt3ghov,./out/images/cla820gl9s42v071u1yt3ghov.jpg,True
cla820gl9s42z071uhd2r9pt1,./out/images/cla820gl9s42z071uhd2r9pt1.jpg,True
cla820gl9s433071udkafa6fr,./out/images/cla820gl9s433071udkafa6fr.jpg,True
cla820gl9s437071u1hztcqh4,./out/images/cla820gl9s437071u1hztcqh4.jpg,True
cla820gl9s43b071u1unh2a0t,./out/images/cla820gl9s43b071u1unh2a0t.jpg,True
cla820gl9s43f071u4igtfwlo,./out/images/cla820gl9s43f071u4igtfwlo.jpg,True
cla820gl9s43j071ub5zrd4iy,./out/images/cla820gl9s43j071ub5zrd4iy.jpg,True
cla820gl9s43n071u50v7gmsx,./out/images/cla820gl9s43n071u50v7gmsx.jpg,True
cla820gl9s43r071u6vs31s5s,./out/images/cla820gl9s43r071u6vs31s5s.jpg,True
cla820glas43v071u1ndvbm1h,./out/images/cla820glas43v071u1ndvbm1h.jpg,True
cla820glas43z071ud31lel1f,./out/images/cla820glas43z071ud31lel1f.jpg,True
cla820glas443071u6ga4fbrw,./out/images/cla820glas443071u6ga4fbrw.jpg,True
cla820glas447071u55ve4t2p,./out/images/cla820glas447071u55ve4t2p.jpg,True
cla820glas44b071ufopccjcq,./out/images/cla820glas44b071ufopccjcq.jpg,True
cla820glas44f071ubwqy4eeg,./out/images/cla820glas44f071ubwqy4eeg.jpg,True
cla820glas44j071u71kvfzd9,./out/images/cla820glas44j071u71kvfzd9.jpg,True
cla820glas44n071u28gw6bch,./out/images/cla820glas44n071u28gw6bch.jpg,True
cla820glas44r071ubx640diy,./out/images/cla820glas44r071ubx640diy.jpg,True
cla820glas44v071u6740gysk,./out/images/cla820glas44v071u6740gysk.jpg,True
cla820glas453071udczfcv8r,./out/images/cla820glas453071udczfcv8r.jpg,True
cla820glas457071u9vwefrjk,./out/images/cla820glas457071u9vwefrjk.jpg,True
cla820glas45b071u1l96gd8e,./out/images/cla820glas45b071u1l96gd8e.jpg,True
cla820glas45f071uds2u97yk,./out/images/cla820glas45f071uds2u97yk.jpg,True
cla820glas45j071ud174degm,./out/images/cla820glas45j071ud174degm.jpg,True
cla820glbs45n071ubr5deoxc,./out/images/cla820glbs45n071ubr5deoxc.jpg,True
cla820glbs45v071ua0sq8o9d,./out/images/cla820glbs45v071ua0sq8o9d.jpg,True
cla820glbs45z071uceqn97vk,./out/images/cla820glbs45z071uceqn97vk.jpg,True
cla820glbs463071ub44eg2rx,./out/images/cla820glbs463071ub44eg2rx.jpg,True
cla820glbs467071ufumlfdwb,./out/images/cla820glbs467071ufumlfdwb.jpg,True
cla820glbs46b071u209906at,./out/images/cla820glbs46b071u209906at.jpg,True
cla820glbs46f071uh7hu9bwy,./out/images/cla820glbs46f071uh7hu9bwy.jpg,True
cla820glbs46j071u3vje36lt,./out/images/cla820glbs46j071u3vje36lt.jpg,True
cla820glbs46n071ua70ae1yb,./out/images/cla820glbs46n071ua70ae1yb.jpg,True
cla820glbs46r071u1j9thrz3,./out/images/cla820glbs46r071u1j9thrz3.jpg,True
cla820glbs46v071u6gyo8zmj,./out/images/cla820glbs46v071u6gyo8zmj.jpg,True
cla820glbs46z071ue1ct0nh8,./out/images/cla820glbs46z071ue1ct0nh8.jpg,True
cla820glbs473071u1468er6g,./out/images/cla820glbs473071u1468er6g.jpg,True
cla820glbs477071u6xqddb6d,./out/images/cla820glbs477071u6xqddb6d.jpg,True
cla820glcs47b071ug3cs15a1,./out/images/cla820glcs47b071ug3cs15a1.jpg,True
cla820glcs47f071udxha58s0,./out/images/cla820glcs47f071udxha58s0.jpg,True
cla820glcs47n071uhm1ta3z8,./out/images/cla820glcs47n071uhm1ta3z8.jpg,True
cla820glcs47r071ufos036pr,./out/images/cla820glcs47r071ufos036pr.jpg,True
cla820glcs47v071u0n7i11qa,./out/images/cla820glcs47v071u0n7i11qa.jpg,True
cla820glcs47z071ufhkj1xgb,./out/images/cla820glcs47z071ufhkj1xgb.jpg,True
cla820glcs483071u0w6t0pwq,./out/images/cla820glcs483071u0w6t0pwq.jpg,True
cla820glcs487071u563nd6ui,./out/images/cla820glcs487071u563nd6ui.jpg,True
cla820glcs48b071ueoc59q55,./out/images/cla820glcs48b071ueoc59q55.jpg,True
cla820glcs48f071uaeot7zw6,./out/images/cla820glcs48f071uaeot7zw6.jpg,True
cla820glcs48j071u0z8kelgt,./out/images/cla820glcs48j071u0z8kelgt.jpg,True
cla820glcs48n071ucc8e8fht,./out/images/cla820glcs48n071ucc8e8fht.jpg,True
cla820glcs48r071u6b2k2ctb,./out/images/cla820glcs48r071u6b2k2ctb.jpg,True
cla820glcs48v071u663z6ysx,./out/images/cla820glcs48v071u663z6ysx.jpg,True
cla820glcs48z071ue55u7r1k,./out/images/cla820glcs48z071ue55u7r1k.jpg,True
cla820glds493071u6bri4kdd,./out/images/cla820glds493071u6bri4kdd.jpg,True
cla820glds497071u4nznh6kl,./out/images/cla820glds497071u4nznh6kl.jpg,True
cla820glds49b071ug3s35hh0,./out/images/cla820glds49b071ug3s35hh0.jpg,True
cla820glds49f071uelg59ub0,./out/images/cla820glds49f071uelg59ub0.jpg,True
cla820glds49j071uez9p75w9,./out/images/cla820glds49j071uez9p75w9.jpg,True
cla820glds49n071ub8xd31uc,./out/images/cla820glds49n071ub8xd31uc.jpg,True
cla820glds49r071uc4a4amxd,./out/images/cla820glds49r071uc4a4amxd.jpg,True
cla820glds49v071u08w57r94,./out/images/cla820glds49v071u08w57r94.jpg,True
cla820glds49z071u2jyvcspl,./out/images/cla820glds49z071u2jyvcspl.jpg,True
cla820glds4a3071uh8e7cjrw,./out/images/cla820glds4a3071uh8e7cjrw.jpg,True
cla820glds4a7071uf7564y7a,./out/images/cla820glds4a7071uf7564y7a.jpg,True
cla820glds4ab071ucfnb4ifa,./out/images/cla820glds4ab071ucfnb4ifa.jpg,True
cla820glds4af071uc0qg6nsg,./out/images/cla820glds4af071uc0qg6nsg.jpg,True
cla820glds4aj071u7k0ec1xd,./out/images/cla820glds4aj071u7k0ec1xd.jpg,True
cla820glds4an071ucysb3w23,./out/images/cla820glds4an071ucysb3w23.jpg,True
cla820gles4ar071ue3wegs7a,./out/images/cla820gles4ar071ue3wegs7a.jpg,True
cla820gles4av071uchcyb17x,./out/images/cla820gles4av071uchcyb17x.jpg,True
cla820gles4az071u42vp9mmx,./out/images/cla820gles4az071u42vp9mmx.jpg,True
cla820gles4b3071uf3ys5xf3,./out/images/cla820gles4b3071uf3ys5xf3.jpg,True
cla820gles4b7071u3ryl9tjq,./out/images/cla820gles4b7071u3ryl9tjq.jpg,True
cla820gles4bb071u28nkgev6,./out/images/cla820gles4bb071u28nkgev6.jpg,True
cla820gles4bf071u0hjs3axx,./out/images/cla820gles4bf071u0hjs3axx.jpg,True
cla820gles4bj071u6rxicrf7,./out/images/cla820gles4bj071u6rxicrf7.jpg,True
cla820gles4bn071u1s4v4uz0,./out/images/cla820gles4bn071u1s4v4uz0.jpg,True
cla820gles4bv071u0g5iddis,./out/images/cla820gles4bv071u0g5iddis.jpg,True
cla820gles4bz071u8fr012hd,./out/images/cla820gles4bz071u8fr012hd.jpg,True
cla820gles4c3071u4ctg8u80,./out/images/cla820gles4c3071u4ctg8u80.jpg,True
cla820gles4c7071u9poffsgn,./out/images/cla820gles4c7071u9poffsgn.jpg,True
cla820gles4cb071u30p914fw,./out/images/cla820gles4cb071u30p914fw.jpg,True
cla820gles4cf071ubi4chiqb,./out/images/cla820gles4cf071ubi4chiqb.jpg,True
cla820glfs4cj071u5kek6b66,./out/images/cla820glfs4cj071u5kek6b66.jpg,True
cla820glfs4cn071u0m2x8rre,./out/images/cla820glfs4cn071u0m2x8rre.jpg,True
cla820glfs4cr071ueoca9u0i,./out/images/cla820glfs4cr071ueoca9u0i.jpg,True
cla820glfs4cv071u0btu07hy,./out/images/cla820glfs4cv071u0btu07hy.jpg,True
cla820glfs4cz071u1fgq28zx,./out/images/cla820glfs4cz071u1fgq28zx.jpg,True
cla820glfs4d3071u2fq0313f,./out/images/cla820glfs4d3071u2fq0313f.jpg,True
cla820glfs4d7071u447u26s7,./out/images/cla820glfs4d7071u447u26s7.jpg,True
cla820glfs4db071u3kfi3wqj,./out/images/cla820glfs4db071u3kfi3wqj.jpg,True
cla820glfs4df071u98r5gart,./out/images/cla820glfs4df071u98r5gart.jpg,True
cla820glfs4dj071u1y9ba7ic,./out/images/cla820glfs4dj071u1y9ba7ic.jpg,True
cla820glfs4dn071ugbvrazqs,./out/images/cla820glfs4dn071ugbvrazqs.jpg,True
cla820glfs4dr071u4szgddq4,./out/images/cla820glfs4dr071u4szgddq4.jpg,True
cla820glfs4dv071u2r6kf5ir,./out/images/cla820glfs4dv071u2r6kf5ir.jpg,True
cla820glfs4dz071u4zz3h11m,./out/images/cla820glfs4dz071u4zz3h11m.jpg,True
cla820glfs4e3071ucwo1fphn,./out/images/cla820glfs4e3071ucwo1fphn.jpg,True
cla820glfs4e7071u35tje04s,./out/images/cla820glfs4e7071u35tje04s.jpg,True
cla820glgs4eb071u31fa4soe,./out/images/cla820glgs4eb071u31fa4soe.jpg,True
cla820glgs4ef071uc71f2gdf,./out/images/cla820glgs4ef071uc71f2gdf.jpg,True
cla820glgs4ej071u4bkd4px4,./out/images/cla820glgs4ej071u4bkd4px4.jpg,True
cla820glgs4en071u90m6cq1k,./out/images/cla820glgs4en071u90m6cq1k.jpg,True
cla820glgs4er071udnzn4r9b,./out/images/cla820glgs4er071udnzn4r9b.jpg,True
cla820glgs4ev071u2jy8d6d0,./out/images/cla820glgs4ev071u2jy8d6d0.jpg,True
cla820glgs4ez071u8svee8wo,./out/images/cla820glgs4ez071u8svee8wo.jpg,True
cla820glgs4f3071u9cuffv0z,./out/images/cla820glgs4f3071u9cuffv0z.jpg,True
cla820glgs4f7071u3pow4akf,./out/images/cla820glgs4f7071u3pow4akf.jpg,True
cla820glgs4fb071ufpu576g9,./out/images/cla820glgs4fb071ufpu576g9.jpg,True
cla820glgs4ff071u8us5dw3j,./out/images/cla820glgs4ff071u8us5dw3j.jpg,True
cla820glgs4fj071ugt8ohlwm,./out/images/cla820glgs4fj071ugt8ohlwm.jpg,True
cla820glgs4fn071u5ifkd24r,./out/images/cla820glgs4fn071u5ifkd24r.jpg,True
cla820glgs4fr071u8va312m9,./out/images/cla820glgs4fr071u8va312m9.jpg,True
cla820glgs4fv071uf4ux93ks,./out/images/cla820glgs4fv071uf4ux93ks.jpg,True
cla820glgs4fz071ucke45065,./out/images/cla820glgs4fz071ucke45065.jpg,True
cla820glhs4g3071ufew60vx0,./out/images/cla820glhs4g3071ufew60vx0.jpg,True
cla820glhs4g7071ud1217l9u,./out/images/cla820glhs4g7071ud1217l9u.jpg,True
cla820glhs4gb071u0lgxbuwy,./out/images/cla820glhs4gb071u0lgxbuwy.jpg,True
cla820glhs4gf071ua2c3a0gs,./out/images/cla820glhs4gf071ua2c3a0gs.jpg,True
cla820glhs4gj071ubt4b5sfv,./out/images/cla820glhs4gj071ubt4b5sfv.jpg,True
cla820glhs4gn071u52j3hlkn,./out/images/cla820glhs4gn071u52j3hlkn.jpg,True
cla820glhs4gr071u8ww4c6gf,./out/images/cla820glhs4gr071u8ww4c6gf.jpg,True
cla820glhs4gv071uhfx8hwoo,./out/images/cla820glhs4gv071uhfx8hwoo.jpg,True
cla820glhs4gz071u8nte4r4w,./out/images/cla820glhs4gz071u8nte4r4w.jpg,True
cla820glhs4h3071udw551juj,./out/images/cla820glhs4h3071udw551juj.jpg,True
cla820glhs4h7071ufsvccrv7,./out/images/cla820glhs4h7071ufsvccrv7.jpg,True
cla820glhs4hb071u8ksn6l73,./out/images/cla820glhs4hb071u8ksn6l73.jpg,True
cla820glhs4hf071uc9p9a8v6,./out/images/cla820glhs4hf071uc9p9a8v6.jpg,True
cla820glhs4hj071u12yyex9f,./out/images/cla820glhs4hj071u12yyex9f.jpg,True
cla820glhs4hn071u98a08qev,./out/images/cla820glhs4hn071u98a08qev.jpg,True
cla820glhs4hr071uhjwycgv7,./out/images/cla820glhs4hr071uhjwycgv7.jpg,True
cla820glhs4hv071ubw6ad94k,./out/images/cla820glhs4hv071ubw6ad94k.jpg,True
cla820glis4hz071u07tyhe3a,./out/images/cla820glis4hz071u07tyhe3a.jpg,True
cla820glis4i3071u5rw5eer8,./out/images/cla820glis4i3071u5rw5eer8.jpg,True
cla820glis4i7071uayhe7zjh,./out/images/cla820glis4i7071uayhe7zjh.jpg,True
cla820glis4ib071u1i14a7ce,./out/images/cla820glis4ib071u1i14a7ce.jpg,True
cla820glis4if071u86jxeue6,./out/images/cla820glis4if071u86jxeue6.jpg,True
cla820glis4ij071uf0lhhgr8,./out/images/cla820glis4ij071uf0lhhgr8.jpg,True
cla820glis4in071uh54x4ih5,./out/images/cla820glis4in071uh54x4ih5.jpg,True
cla820glis4ir071u2kjr3vd4,./out/images/cla820glis4ir071u2kjr3vd4.jpg,True
cla820glis4iv071u1m100ttj,./out/images/cla820glis4iv071u1m100ttj.jpg,True
cla820glis4iz071u0w216ekw,./out/images/cla820glis4iz071u0w216ekw.jpg,True
cla820glis4j3071u0zef4fft,./out/images/cla820glis4j3071u0zef4fft.jpg,True
cla820glis4j7071u8wd17ygy,./out/images/cla820glis4j7071u8wd17ygy.jpg,True
cla820glis4jb071u9dny0zkz,./out/images/cla820glis4jb071u9dny0zkz.jpg,True
cla820glis4jf071u1vl5gjhg,./out/images/cla820glis4jf071u1vl5gjhg.jpg,True
cla820glis4jj071ub5c57d9g,./out/images/cla820glis4jj071ub5c57d9g.jpg,True
cla820glis4jn071ubfw9bdud,./out/images/cla820glis4jn071ubfw9bdud.jpg,True
cla820glis4jr071u609j0v6b,./out/images/cla820glis4jr071u609j0v6b.jpg,True
cla820gljs4jv071uck7ne3gg,./out/images/cla820gljs4jv071uck7ne3gg.jpg,True
cla820gljs4jz071u3awv8vsp,./out/images/cla820gljs4jz071u3awv8vsp.jpg,True
cla820gljs4k3071u70un91au,./out/images/cla820gljs4k3071u70un91au.jpg,True
cla820gljs4k7071u3s8vhkea,./out/images/cla820gljs4k7071u3s8vhkea.jpg,True
cla820gljs4kb071u1b18d156,./out/images/cla820gljs4kb071u1b18d156.jpg,True
cla820gljs4kf071u74o51olo,./out/images/cla820gljs4kf071u74o51olo.jpg,True
cla820gljs4kj071ufgaectxo,./out/images/cla820gljs4kj071ufgaectxo.jpg,True
cla820gljs4kn071ubqx68a5p,./out/images/cla820gljs4kn071ubqx68a5p.jpg,True
cla820gljs4kr071u2qbo8zyu,./out/images/cla820gljs4kr071u2qbo8zyu.jpg,True
cla820gljs4kv071ugpko5fhz,./out/images/cla820gljs4kv071ugpko5fhz.jpg,True
cla820gljs4kz071uaa8h1tjs,./out/images/cla820gljs4kz071uaa8h1tjs.jpg,True
cla820gljs4l3071u9i3o4zmr,./out/images/cla820gljs4l3071u9i3o4zmr.jpg,True
cla820glks4l7071u8901dvq0,./out/images/cla820glks4l7071u8901dvq0.jpg,True
cla820glks4lb071u2xo3309v,./out/images/cla820glks4lb071u2xo3309v.jpg,True
cla820glks4lf071u6fy1d5ov,./out/images/cla820glks4lf071u6fy1d5ov.jpg,True
cla820glks4lj071ubi733tn9,./out/images/cla820glks4lj071ubi733tn9.jpg,True
cla820glks4ln071u6ufy4pd9,./out/images/cla820glks4ln071u6ufy4pd9.jpg,True
cla820glks4lr071u6gschk16,./out/images/cla820glks4lr071u6gschk16.jpg,True
cla820glks4lv071u2rqfar1d,./out/images/cla820glks4lv071u2rqfar1d.jpg,True
cla820glks4lz071ubsuc0pzr,./out/images/cla820glks4lz071ubsuc0pzr.jpg,True
cla820glks4m3071ubdpv709c,./out/images/cla820glks4m3071ubdpv709c.jpg,True
cla820glks4m7071u21t58x4i,./out/images/cla820glks4m7071u21t58x4i.jpg,True
cla820glls4mb071uflw5cath,./out/images/cla820glls4mb071uflw5cath.jpg,True
cla820glls4mf071ub9sx3pm6,./out/images/cla820glls4mf071ub9sx3pm6.jpg,True
cla820glls4mj071uaz64hgj3,./out/images/cla820glls4mj071uaz64hgj3.jpg,True
cla820glls4mn071u0jbea274,./out/images/cla820glls4mn071u0jbea274.jpg,True
cla820glls4mr071ud57z5zq2,./out/images/cla820glls4mr071ud57z5zq2.jpg,True
cla820glls4mv071u765tggf2,./out/images/cla820glls4mv071u765tggf2.jpg,True
cla820glls4mz071u0cuo22tn,./out/images/cla820glls4mz071u0cuo22tn.jpg,True
cla820glls4n3071ub1dx9cxn,./out/images/cla820glls4n3071ub1dx9cxn.jpg,True
cla820glls4n7071uew2z0t79,./out/images/cla820glls4n7071uew2z0t79.jpg,True
cla820glls4nb071u3qtv0ops,./out/images/cla820glls4nb071u3qtv0ops.jpg,True
cla820glls4nf071u5311ciqa,./out/images/cla820glls4nf071u5311ciqa.jpg,True
cla820glls4nj071uczhd0lu8,./out/images/cla820glls4nj071uczhd0lu8.jpg,True
cla820glls4nn071u8mb6hls1,./out/images/cla820glls4nn071u8mb6hls1.jpg,True
cla820glms4nr071u3lxf2s1v,./out/images/cla820glms4nr071u3lxf2s1v.jpg,True
cla820glms4nv071ug2s4hc8z,./out/images/cla820glms4nv071ug2s4hc8z.jpg,True
cla820glms4nz071u1nfwfqxg,./out/images/cla820glms4nz071u1nfwfqxg.jpg,True
cla820glms4o3071u7c667svz,./out/images/cla820glms4o3071u7c667svz.jpg,True
cla820glms4o7071udkoj0vl4,./out/images/cla820glms4o7071udkoj0vl4.jpg,True
cla820glms4ob071ueeum7crv,./out/images/cla820glms4ob071ueeum7crv.jpg,True
cla820glms4of071u2gl38xwr,./out/images/cla820glms4of071u2gl38xwr.jpg,True
cla820glms4oj071uf2agdqy3,./out/images/cla820glms4oj071uf2agdqy3.jpg,True
cla820glms4on071u537d43p2,./out/images/cla820glms4on071u537d43p2.jpg,True
cla820glms4or071u3gr770w6,./out/images/cla820glms4or071u3gr770w6.jpg,True
cla820glms4ov071uase2f3kh,./out/images/cla820glms4ov071uase2f3kh.jpg,True
cla820glms4oz071uccx36y52,./out/images/cla820glms4oz071uccx36y52.jpg,True
cla820glns4p3071uhtoi5f6r,./out/images/cla820glns4p3071uhtoi5f6r.jpg,True
cla820glns4p7071ucmxog59s,./out/images/cla820glns4p7071ucmxog59s.jpg,True
cla820glns4pb071u9oqm4npr,./out/images/cla820glns4pb071u9oqm4npr.jpg,True
cla820glns4pf071uaocdg34x,./out/images/cla820glns4pf071uaocdg34x.jpg,True
cla820glns4pj071u5zlyfwpr,./out/images/cla820glns4pj071u5zlyfwpr.jpg,True
cla820glns4pn071u7mnodtz6,./out/images/cla820glns4pn071u7mnodtz6.jpg,True
cla820glns4pr071u1pnkdizs,./out/images/cla820glns4pr071u1pnkdizs.jpg,True
cla820glns4pv071u35kocc2o,./out/images/cla820glns4pv071u35kocc2o.jpg,True
cla820glns4pz071ubjw56e77,./out/images/cla820glns4pz071ubjw56e77.jpg,True
cla820glns4q3071u6zhl5smg,./out/images/cla820glns4q3071u6zhl5smg.jpg,True
cla820glns4q7071ugyu0d6xg,./out/images/cla820glns4q7071ugyu0d6xg.jpg,True
cla820glos4qb071u0m84hdq3,./out/images/cla820glos4qb071u0m84hdq3.jpg,True
cla820glos4qf071ucr136se5,./out/images/cla820glos4qf071ucr136se5.jpg,True
cla820glos4qj071uc3pnajc8,./out/images/cla820glos4qj071uc3pnajc8.jpg,True
cla820glos4qn071u5xdug8zw,./out/images/cla820glos4qn071u5xdug8zw.jpg,True
cla820glos4qr071ubtmjga43,./out/images/cla820glos4qr071ubtmjga43.jpg,True
cla820glos4qv071u0rzk1tdi,./out/images/cla820glos4qv071u0rzk1tdi.jpg,True
cla820glos4qz071u3xorao72,./out/images/cla820glos4qz071u3xorao72.jpg,True
cla820glos4r3071u3sp7523c,./out/images/cla820glos4r3071u3sp7523c.jpg,True
cla820glos4r7071u67756tdr,./out/images/cla820glos4r7071u67756tdr.jpg,True
cla820glos4rb071uhwed5mbb,./out/images/cla820glos4rb071uhwed5mbb.jpg,True
cla820glos4rf071u3785a7n1,./out/images/cla820glos4rf071u3785a7n1.jpg,True
cla820glos4rj071u0hew2srm,./out/images/cla820glos4rj071u0hew2srm.jpg,True
cla820glos4rn071uevt9c8rh,./out/images/cla820glos4rn071uevt9c8rh.jpg,True
cla820glos4rr071u0ozt8mdm,./out/images/cla820glos4rr071u0ozt8mdm.jpg,True
cla820glps4rv071u8ch490cp,./out/images/cla820glps4rv071u8ch490cp.jpg,True
cla820glps4rz071u6kspddxw,./out/images/cla820glps4rz071u6kspddxw.jpg,True
cla820glps4s3071ubpyhfd8p,./out/images/cla820glps4s3071ubpyhfd8p.jpg,True
cla820glps4s7071uhu686qbm,./out/images/cla820glps4s7071uhu686qbm.jpg,True
cla820glps4sb071ueih8gy1f,./out/images/cla820glps4sb071ueih8gy1f.jpg,True
cla820glps4sf071u3ckud9nv,./out/images/cla820glps4sf071u3ckud9nv.jpg,True
cla820glps4sj071ug75952ul,./out/images/cla820glps4sj071ug75952ul.jpg,True
cla820glps4sn071u8jz47vj9,./out/images/cla820glps4sn071u8jz47vj9.jpg,True
cla820glps4sr071u1o199ajk,./out/images/cla820glps4sr071u1o199ajk.jpg,True
cla820glps4sv071udmh87zer,./out/images/cla820glps4sv071udmh87zer.jpg,True
cla820glps4sz071u35jbgcpc,./out/images/cla820glps4sz071u35jbgcpc.jpg,True
cla820glps4t3071u3cfnegcf,./out/images/cla820glps4t3071u3cfnegcf.jpg,True
cla820glps4t7071u9hr68bum,./out/images/cla820glps4t7071u9hr68bum.jpg,True
cla820glps4tb071u2su05ukg,./out/images/cla820glps4tb071u2su05ukg.jpg,True
cla820glqs4tf071uebf256qf,./out/images/cla820glqs4tf071uebf256qf.jpg,True
cla820glqs4tj071u15ft4s4m,./out/images/cla820glqs4tj071u15ft4s4m.jpg,True
cla820glqs4tn071u2kk21l0i,./out/images/cla820glqs4tn071u2kk21l0i.jpg,True
cla820glqs4tr071u8yh6havq,./out/images/cla820glqs4tr071u8yh6havq.jpg,True
cla820glqs4tv071u6bvv5ncd,./out/images/cla820glqs4tv071u6bvv5ncd.jpg,True
cla820glqs4tz071udmfo1d5m,./out/images/cla820glqs4tz071udmfo1d5m.jpg,True
cla820glqs4u3071u57j2f3kj,./out/images/cla820glqs4u3071u57j2f3kj.jpg,True
cla820glqs4u7071u4pgn24jp,./out/images/cla820glqs4u7071u4pgn24jp.jpg,True
cla820glqs4ub071u4u2x6f41,./out/images/cla820glqs4ub071u4u2x6f41.jpg,True
cla820glqs4uf071ua3t4a9iv,./out/images/cla820glqs4uf071ua3t4a9iv.jpg,True
cla820glqs4uj071u9r4reg1m,./out/images/cla820glqs4uj071u9r4reg1m.jpg,True
cla820glqs4un071ug08jc5ar,./out/images/cla820glqs4un071ug08jc5ar.jpg,True
cla820glrs4ur071ufq038xj6,./out/images/cla820glrs4ur071ufq038xj6.jpg,True
cla820glrs4uv071u49oceotk,./out/images/cla820glrs4uv071u49oceotk.jpg,True
cla820glrs4uz071u7ewk3y5a,./out/images/cla820glrs4uz071u7ewk3y5a.jpg,True
cla820glrs4v3071u41toe6lv,./out/images/cla820glrs4v3071u41toe6lv.jpg,True
cla820glrs4v7071ufojf8iiu,./out/images/cla820glrs4v7071ufojf8iiu.jpg,True
cla820glrs4vb071u5cwo55c1,./out/images/cla820glrs4vb071u5cwo55c1.jpg,True
cla820glrs4vf071u1j3n0v9l,./out/images/cla820glrs4vf071u1j3n0v9l.jpg,True
cla820glrs4vj071ucq6z2u3z,./out/images/cla820glrs4vj071ucq6z2u3z.jpg,True
cla820glrs4vn071u7yachvbo,./out/images/cla820glrs4vn071u7yachvbo.jpg,True
cla820glrs4vr071u5ll2ej77,./out/images/cla820glrs4vr071u5ll2ej77.jpg,True
cla820glss4vv071u4yuq7en0,./out/images/cla820glss4vv071u4yuq7en0.jpg,True
cla820glss4vz071ua1jw6jco,./out/images/cla820glss4vz071ua1jw6jco.jpg,True
cla820glss4w3071u08lkfmgu,./out/images/cla820glss4w3071u08lkfmgu.jpg,True
cla820glss4w7071u3x1d69h6,./out/images/cla820glss4w7071u3x1d69h6.jpg,True
cla820glss4wb071uf2k770vj,./out/images/cla820glss4wb071uf2k770vj.jpg,True
cla820glss4wf071u3tu616sq,./out/images/cla820glss4wf071u3tu616sq.jpg,True
cla820glss4wj071udhz7hr32,./out/images/cla820glss4wj071udhz7hr32.jpg,True
cla820glss4wn071ugbqr124v,./out/images/cla820glss4wn071ugbqr124v.jpg,True
cla820glss4wr071u9rbsg5ki,./out/images/cla820glss4wr071u9rbsg5ki.jpg,True
cla820glss4wv071u9ine5505,./out/images/cla820glss4wv071u9ine5505.jpg,True
cla820glss4wz071u7qgp9jb8,./out/images/cla820glss4wz071u7qgp9jb8.jpg,True
cla820glts4x3071ufc7p0x89,./out/images/cla820glts4x3071ufc7p0x89.jpg,True
cla820glts4x7071u15zj93it,./out/images/cla820glts4x7071u15zj93it.jpg,True
cla820glts4xb071uaie56hx1,./out/images/cla820glts4xb071uaie56hx1.jpg,True
cla820glts4xf071uhw7u4dwm,./out/images/cla820glts4xf071uhw7u4dwm.jpg,True
cla820glts4xj071u5m9x8znu,./out/images/cla820glts4xj071u5m9x8znu.jpg,True
cla820glts4xn071u7oh30ira,./out/images/cla820glts4xn071u7oh30ira.jpg,True
cla820glts4xr071u9foy06vh,./out/images/cla820glts4xr071u9foy06vh.jpg,True
cla820glts4xv071ufq9pdvhl,./out/images/cla820glts4xv071ufq9pdvhl.jpg,True
cla820glts4xz071u6b7n1x9y,./out/images/cla820glts4xz071u6b7n1x9y.jpg,True
cla820glts4y3071u46ye8u85,./out/images/cla820glts4y3071u46ye8u85.jpg,True
cla820glus4y7071u0i1774qp,./out/images/cla820glus4y7071u0i1774qp.jpg,True
cla820glus4yb071u71nia0yw,./out/images/cla820glus4yb071u71nia0yw.jpg,True
cla820glus4yf071ufp7e4p4s,./out/images/cla820glus4yf071ufp7e4p4s.jpg,True
cla820glus4yj071udps24xeu,./out/images/cla820glus4yj071udps24xeu.jpg,True
cla820glus4yn071uhk5o6ktu,./out/images/cla820glus4yn071uhk5o6ktu.jpg,True
cla820glus4yr071ucrs636hg,./out/images/cla820glus4yr071ucrs636hg.jpg,True
cla820glus4yv071u40q92273,./out/images/cla820glus4yv071u40q92273.jpg,True
cla820glus4yz071ugct55hvr,./out/images/cla820glus4yz071ugct55hvr.jpg,True
cla820glus4z3071uhi6tfu56,./out/images/cla820glus4z3071uhi6tfu56.jpg,True
cla820glus4z7071u8ibo003f,./out/images/cla820glus4z7071u8ibo003f.jpg,True
cla820glus4zb071u36nf5b4z,./out/images/cla820glus4zb071u36nf5b4z.jpg,True
cla820glvs4zf071u1wsq069a,./out/images/cla820glvs4zf071u1wsq069a.jpg,True
cla820glvs4zj071uh60z79xm,./out/images/cla820glvs4zj071uh60z79xm.jpg,True
cla820glvs4zn071u8dpb59co,./out/images/cla820glvs4zn071u8dpb59co.jpg,True
cla820glvs4zr071u0uk12gji,./out/images/cla820glvs4zr071u0uk12gji.jpg,True
cla820glvs4zv071u65ys033y,./out/images/cla820glvs4zv071u65ys033y.jpg,True
cla820glvs4zz071u0v2zdenk,./out/images/cla820glvs4zz071u0v2zdenk.jpg,True
cla820glvs503071ufonj6f1j,./out/images/cla820glvs503071ufonj6f1j.jpg,True
cla820glvs507071u1r6khfwv,./out/images/cla820glvs507071u1r6khfwv.jpg,True
cla820glvs50b071uhoii6g4y,./out/images/cla820glvs50b071uhoii6g4y.jpg,True
cla820glvs50f071ufkhtf8we,./out/images/cla820glvs50f071ufkhtf8we.jpg,True
cla820glws50j071ud36oh1m6,./out/images/cla820glws50j071ud36oh1m6.jpg,True
cla820glws50n071uc0iu30z0,./out/images/cla820glws50n071uc0iu30z0.jpg,True
cla820glws50r071ucawv6lg5,./out/images/cla820glws50r071ucawv6lg5.jpg,True
cla820glws50v071u2l7oeiz3,./out/images/cla820glws50v071u2l7oeiz3.jpg,True
cla820glws50z071u300wha1x,./out/images/cla820glws50z071u300wha1x.jpg,True
cla820glws513071uc5v00me8,./out/images/cla820glws513071uc5v00me8.jpg,True
cla820glws517071u73qm5d88,./out/images/cla820glws517071u73qm5d88.jpg,True
cla820glws51b071u5gzk6x1i,./out/images/cla820glws51b071u5gzk6x1i.jpg,True
cla820glws51f071u3fvq7lru,./out/images/cla820glws51f071u3fvq7lru.jpg,True
cla820glws51j071ubeeebxf0,./out/images/cla820glws51j071ubeeebxf0.jpg,True
cla820glxs51n071u7cqd831x,./out/images/cla820glxs51n071u7cqd831x.jpg,True
cla820glxs51r071ubhx28deg,./out/images/cla820glxs51r071ubhx28deg.jpg,True
cla820glxs51v071uhmfh7mkc,./out/images/cla820glxs51v071uhmfh7mkc.jpg,True
cla820glxs51z071u66002dpu,./out/images/cla820glxs51z071u66002dpu.jpg,True
cla820glxs523071uc2xq43by,./out/images/cla820glxs523071uc2xq43by.jpg,True
cla820glxs527071u2rngfl7r,./out/images/cla820glxs527071u2rngfl7r.jpg,True
cla820glxs52b071u7xpqf5xc,./out/images/cla820glxs52b071u7xpqf5xc.jpg,True
cla820glxs52f071u5huf69gh,./out/images/cla820glxs52f071u5huf69gh.jpg,True
cla820glxs52j071u46eo0au1,./out/images/cla820glxs52j071u46eo0au1.jpg,True
cla820glxs52n071u9674doxk,./out/images/cla820glxs52n071u9674doxk.jpg,True
cla820glys52r071u1n0wcat3,./out/images/cla820glys52r071u1n0wcat3.jpg,True
cla820glys52v071u8z0u422w,./out/images/cla820glys52v071u8z0u422w.jpg,True
cla820glys52z071u710gh37o,./out/images/cla820glys52z071u710gh37o.jpg,True
cla820glys533071uh5p3gbon,./out/images/cla820glys533071uh5p3gbon.jpg,True
cla820glys537071u1anh57fb,./out/images/cla820glys537071u1anh57fb.jpg,True
cla820glys53b071u411hdznp,./out/images/cla820glys53b071u411hdznp.jpg,True
cla820glys53f071ubs63f5yi,./out/images/cla820glys53f071ubs63f5yi.jpg,True
cla820glys53j071u5tsm31dz,./out/images/cla820glys53j071u5tsm31dz.jpg,True
cla820glys53n071uhthh6bvs,./out/images/cla820glys53n071uhthh6bvs.jpg,True
cla820glys53r071ub64d5s10,./out/images/cla820glys53r071ub64d5s10.jpg,True
cla820glys53v071ubz2x4rwg,./out/images/cla820glys53v071ubz2x4rwg.jpg,True
cla820glys53z071u0kdfg268,./out/images/cla820glys53z071u0kdfg268.jpg,True
cla820glzs543071u20yr5gvi,./out/images/cla820glzs543071u20yr5gvi.jpg,True
cla820glzs547071udexh8064,./out/images/cla820glzs547071udexh8064.jpg,True
cla820glzs54b071uavsmcevb,./out/images/cla820glzs54b071uavsmcevb.jpg,True
cla820glzs54f071u9ct1hd4x,./out/images/cla820glzs54f071u9ct1hd4x.jpg,True
cla820glzs54j071uczlrc08v,./out/images/cla820glzs54j071uczlrc08v.jpg,True
cla820glzs54n071u2ojhbs6l,./out/images/cla820glzs54n071u2ojhbs6l.jpg,True
cla820glzs54r071udfzp9q0y,./out/images/cla820glzs54r071udfzp9q0y.jpg,True
cla820glzs54v071u4zcc03z2,./out/images/cla820glzs54v071u4zcc03z2.jpg,True
cla820glzs54z071u31x20k37,./out/images/cla820glzs54z071u31x20k37.jpg,True
cla820glzs553071uemsm11ip,./out/images/cla820glzs553071uemsm11ip.jpg,True
cla820glzs557071u2ycaar7i,./out/images/cla820glzs557071u2ycaar7i.jpg,True
cla820gm0s55b071ugcr951eh,./out/images/cla820gm0s55b071ugcr951eh.jpg,True
cla820gm0s55f071u8hlqhno2,./out/images/cla820gm0s55f071u8hlqhno2.jpg,True
cla820gm0s55j071u4btx7fzh,./out/images/cla820gm0s55j071u4btx7fzh.jpg,True
cla820gm0s55n071ubuk7hvyx,./out/images/cla820gm0s55n071ubuk7hvyx.jpg,True
cla820gm0s55r071u2gze3vr6,./out/images/cla820gm0s55r071u2gze3vr6.jpg,True
cla820gm0s55v071u4c586lps,./out/images/cla820gm0s55v071u4c586lps.jpg,True
cla820gm0s55z071u6bws6y9p,./out/images/cla820gm0s55z071u6bws6y9p.jpg,True
cla820gm0s563071u1wfnfv5i,./out/images/cla820gm0s563071u1wfnfv5i.jpg,True
cla820gm0s567071u1ep0fwvf,./out/images/cla820gm0s567071u1ep0fwvf.jpg,True
cla820gm0s56b071ucja7f2bl,./out/images/cla820gm0s56b071ucja7f2bl.jpg,True
cla820gm1s56f071u6z4x5v2k,./out/images/cla820gm1s56f071u6z4x5v2k.jpg,True
cla820gm1s56j071uevs5f59z,./out/images/cla820gm1s56j071uevs5f59z.jpg,True
cla820gm1s56n071u59x1e4fa,./out/images/cla820gm1s56n071u59x1e4fa.jpg,True
cla820gm1s56r071u92oy36ol,./out/images/cla820gm1s56r071u92oy36ol.jpg,True
cla820gm1s56v071u7cwvakrg,./out/images/cla820gm1s56v071u7cwvakrg.jpg,True
cla820gm1s56z071uejuucfjw,./out/images/cla820gm1s56z071uejuucfjw.jpg,True
cla820gm1s573071uboxn339w,./out/images/cla820gm1s573071uboxn339w.jpg,True
cla820gm1s577071u0wnkg8sk,./out/images/cla820gm1s577071u0wnkg8sk.jpg,True
cla820gm1s57b071u12v541lw,./out/images/cla820gm1s57b071u12v541lw.jpg,True
cla820gm1s57f071ubbs03fi2,./out/images/cla820gm1s57f071ubbs03fi2.jpg,True
cla820gm2s57j071uewq2hozf,./out/images/cla820gm2s57j071uewq2hozf.jpg,True
cla820gm2s57n071ufhsm9vri,./out/images/cla820gm2s57n071ufhsm9vri.jpg,True
cla820gm2s57r071uf58bcj96,./out/images/cla820gm2s57r071uf58bcj96.jpg,True
cla820gm2s57v071u2vobeeor,./out/images/cla820gm2s57v071u2vobeeor.jpg,True
cla820gm2s57z071uewjf8x03,./out/images/cla820gm2s57z071uewjf8x03.jpg,True
cla820gm2s583071udee247gq,./out/images/cla820gm2s583071udee247gq.jpg,True
cla820gm2s587071u5rub5yy5,./out/images/cla820gm2s587071u5rub5yy5.jpg,True
cla820gm2s58b071uc7pvb8v5,./out/images/cla820gm2s58b071uc7pvb8v5.jpg,True
cla820gm2s58f071ug6yfd155,./out/images/cla820gm2s58f071ug6yfd155.jpg,True
cla820gm2s58j071udmuf4j00,./out/images/cla820gm2s58j071udmuf4j00.jpg,True
cla820gm3s58n071ucq812p13,./out/images/cla820gm3s58n071ucq812p13.jpg,True
cla820gm3s58r071u0xv040pb,./out/images/cla820gm3s58r071u0xv040pb.jpg,True
cla820gm3s58v071u2hykeacd,./out/images/cla820gm3s58v071u2hykeacd.jpg,True
cla820gm3s58z071ugcg9by1f,./out/images/cla820gm3s58z071ugcg9by1f.jpg,True
cla820gm3s593071uczd0d0bf,./out/images/cla820gm3s593071uczd0d0bf.jpg,True
cla820gm3s597071ugbnr1100,./out/images/cla820gm3s597071ugbnr1100.jpg,True
cla820gm3s59b071uezzp36cf,./out/images/cla820gm3s59b071uezzp36cf.jpg,True
cla820gm3s59f071ucoov917k,./out/images/cla820gm3s59f071ucoov917k.jpg,True
cla820gm3s59j071ufowzddjs,./out/images/cla820gm3s59j071ufowzddjs.jpg,True
cla820gm3s59n071u5g9p1bll,./out/images/cla820gm3s59n071u5g9p1bll.jpg,True
cla820gm4s59r071u3r8o1qbf,./out/images/cla820gm4s59r071u3r8o1qbf.jpg,True
cla820gm4s59v071u2nxhcgt2,./out/images/cla820gm4s59v071u2nxhcgt2.jpg,True
cla820gm4s59z071uc73c9xe5,./out/images/cla820gm4s59z071uc73c9xe5.jpg,True
cla820gm4s5a3071u38qc4lxj,./out/images/cla820gm4s5a3071u38qc4lxj.jpg,True
cla820gm4s5a7071uedgy8hov,./out/images/cla820gm4s5a7071uedgy8hov.jpg,True
cla820gm4s5ab071u7i219k5t,./out/images/cla820gm4s5ab071u7i219k5t.jpg,True
cla820gm4s5af071u73oz3q14,./out/images/cla820gm4s5af071u73oz3q14.jpg,True
cla820gm4s5aj071u7scsdwmm,./out/images/cla820gm4s5aj071u7scsdwmm.jpg,True
cla820gm4s5an071u7a4o4mv5,./out/images/cla820gm4s5an071u7a4o4mv5.jpg,True
cla820gm4s5ar071u8dv39r4f,./out/images/cla820gm4s5ar071u8dv39r4f.jpg,True
cla820gm4s5av071uaaahh9j3,./out/images/cla820gm4s5av071uaaahh9j3.jpg,True
cla820gm5s5az071ue4o4fgse,./out/images/cla820gm5s5az071ue4o4fgse.jpg,True
cla820gm5s5b3071uc8r7gnts,./out/images/cla820gm5s5b3071uc8r7gnts.jpg,True
cla820gm5s5b7071ubt3dd1vj,./out/images/cla820gm5s5b7071ubt3dd1vj.jpg,True
cla820gm5s5bb071u0cc7gqjg,./out/images/cla820gm5s5bb071u0cc7gqjg.jpg,True
cla820gm5s5bf071u6yppfvdo,./out/images/cla820gm5s5bf071u6yppfvdo.jpg,True
cla820gm5s5bj071ubj8qhjyk,./out/images/cla820gm5s5bj071ubj8qhjyk.jpg,True
cla820gm5s5bn071u010n5jb7,./out/images/cla820gm5s5bn071u010n5jb7.jpg,True
cla820gm5s5br071uapqa4zrj,./out/images/cla820gm5s5br071uapqa4zrj.jpg,True
cla820gm5s5bv071u5q119mtp,./out/images/cla820gm5s5bv071u5q119mtp.jpg,True
cla820gm5s5bz071u7e4e3kqi,./out/images/cla820gm5s5bz071u7e4e3kqi.jpg,True
cla820gm6s5c3071u9rg73gh5,./out/images/cla820gm6s5c3071u9rg73gh5.jpg,True
cla820gm6s5c7071u8qxfg8mk,./out/images/cla820gm6s5c7071u8qxfg8mk.jpg,True
cla820gm6s5cb071u6dbacwxh,./out/images/cla820gm6s5cb071u6dbacwxh.jpg,True
cla820gm6s5cf071u06wmfvg9,./out/images/cla820gm6s5cf071u06wmfvg9.jpg,True
cla820gm6s5cj071ucvqjgfy5,./out/images/cla820gm6s5cj071ucvqjgfy5.jpg,True
cla820gm6s5cn071u175vd987,./out/images/cla820gm6s5cn071u175vd987.jpg,True
cla820gm6s5cr071u9vxofbw4,./out/images/cla820gm6s5cr071u9vxofbw4.jpg,True
cla820gm6s5cv071u72qtfz4h,./out/images/cla820gm6s5cv071u72qtfz4h.jpg,True
cla820gm6s5cz071udwjhayjc,./out/images/cla820gm6s5cz071udwjhayjc.jpg,True
cla820gm6s5d3071ue18mak4h,./out/images/cla820gm6s5d3071ue18mak4h.jpg,True
cla820gm6s5d7071ubncv3h34,./out/images/cla820gm6s5d7071ubncv3h34.jpg,True
cla820gm6s5db071u99xohsru,./out/images/cla820gm6s5db071u99xohsru.jpg,True
cla820gm7s5df071u8qclbgm9,./out/images/cla820gm7s5df071u8qclbgm9.jpg,True
cla820gm7s5dj071uewzs3j6l,./out/images/cla820gm7s5dj071uewzs3j6l.jpg,True
cla820gm7s5dn071u46i6bvar,./out/images/cla820gm7s5dn071u46i6bvar.jpg,True
cla820gm7s5dr071u1xygbumv,./out/images/cla820gm7s5dr071u1xygbumv.jpg,True
cla820gm7s5dv071u6flka5po,./out/images/cla820gm7s5dv071u6flka5po.jpg,True
cla820gm7s5dz071u7v9a7lgv,./out/images/cla820gm7s5dz071u7v9a7lgv.jpg,True
cla820gm7s5e3071ug5mm5a28,./out/images/cla820gm7s5e3071ug5mm5a28.jpg,True
cla820gm7s5e7071u45cwfvua,./out/images/cla820gm7s5e7071u45cwfvua.jpg,True
cla820gm7s5eb071u1vrd4xjm,./out/images/cla820gm7s5eb071u1vrd4xjm.jpg,True
cla820gm7s5ef071u69bx0un4,./out/images/cla820gm7s5ef071u69bx0un4.jpg,True
cla820gm7s5ej071ucq1vab9h,./out/images/cla820gm7s5ej071ucq1vab9h.jpg,True
cla820gm8s5en071u9fhm2284,./out/images/cla820gm8s5en071u9fhm2284.jpg,True
cla820gm8s5er071u33i1h1yg,./out/images/cla820gm8s5er071u33i1h1yg.jpg,True
cla820gm8s5ev071uda60flrc,./out/images/cla820gm8s5ev071uda60flrc.jpg,True
cla820gm8s5ez071u424s0vjg,./out/images/cla820gm8s5ez071u424s0vjg.jpg,True
cla820gm8s5f3071ugiqd2fod,./out/images/cla820gm8s5f3071ugiqd2fod.jpg,True
cla820gm8s5f7071udu39h5l0,./out/images/cla820gm8s5f7071udu39h5l0.jpg,True
cla820gm8s5fb071u0bn7dy4k,./out/images/cla820gm8s5fb071u0bn7dy4k.jpg,True
cla820gm8s5ff071u0ga37r2p,./out/images/cla820gm8s5ff071u0ga37r2p.jpg,True
cla820gm8s5fj071u2tqu57bx,./out/images/cla820gm8s5fj071u2tqu57bx.jpg,True
cla820gm8s5fn071u32oc67ik,./out/images/cla820gm8s5fn071u32oc67ik.jpg,True
cla820gm8s5fr071udxew39tr,./out/images/cla820gm8s5fr071udxew39tr.jpg,True
cla820gm8s5fv071uhwqz7yqq,./out/images/cla820gm8s5fv071uhwqz7yqq.jpg,True
cla820gm9s5fz071u2kapfby0,./out/images/cla820gm9s5fz071u2kapfby0.jpg,True
cla820gm9s5g3071u29zr9o3n,./out/images/cla820gm9s5g3071u29zr9o3n.jpg,True
cla820gm9s5g7071uay192fb7,./out/images/cla820gm9s5g7071uay192fb7.jpg,True
cla820gm9s5gb071ubukj4rn3,./out/images/cla820gm9s5gb071ubukj4rn3.jpg,True
cla820gm9s5gf071udqs442df,./out/images/cla820gm9s5gf071udqs442df.jpg,True
cla820gm9s5gj071udvwndv0s,./out/images/cla820gm9s5gj071udvwndv0s.jpg,True
cla820gm9s5gn071u2yjzh6u7,./out/images/cla820gm9s5gn071u2yjzh6u7.jpg,True
cla820gm9s5gr071u949bgib3,./out/images/cla820gm9s5gr071u949bgib3.jpg,True
cla820gm9s5gv071ucr51e9hs,./out/images/cla820gm9s5gv071ucr51e9hs.jpg,True
cla820gm9s5gz071uaot51f4q,./out/images/cla820gm9s5gz071uaot51f4q.jpg,True
cla820gm9s5h3071ugeql71t8,./out/images/cla820gm9s5h3071ugeql71t8.jpg,True
cla820gm9s5h7071ud7kg0v0m,./out/images/cla820gm9s5h7071ud7kg0v0m.jpg,True
cla820gm9s5hb071u7ap0dcxl,./out/images/cla820gm9s5hb071u7ap0dcxl.jpg,True
cla820gmas5hf071u8wl4hv2g,./out/images/cla820gmas5hf071u8wl4hv2g.jpg,True
cla820gmas5hj071u4wazety8,./out/images/cla820gmas5hj071u4wazety8.jpg,True
cla820gmas5hn071u5m0l1bk6,./out/images/cla820gmas5hn071u5m0l1bk6.jpg,True
cla820gmas5hr071uh5ftaiov,./out/images/cla820gmas5hr071uh5ftaiov.jpg,True
cla820gmas5hv071u5cph9r7y,./out/images/cla820gmas5hv071u5cph9r7y.jpg,True
cla820gmas5hz071u3wcp2jiq,./out/images/cla820gmas5hz071u3wcp2jiq.jpg,True
cla820gmas5i3071u7q9ra7of,./out/images/cla820gmas5i3071u7q9ra7of.jpg,True
cla820gmas5i7071u1ml8blal,./out/images/cla820gmas5i7071u1ml8blal.jpg,True
cla820gmas5ib071uajh4a5uu,./out/images/cla820gmas5ib071uajh4a5uu.jpg,True
cla820gmas5if071uey8f56yv,./out/images/cla820gmas5if071uey8f56yv.jpg,True
cla820gmas5ij071uftgg5dws,./out/images/cla820gmas5ij071uftgg5dws.jpg,True
cla820gmbs5in071u7b4zc3oz,./out/images/cla820gmbs5in071u7b4zc3oz.jpg,True
cla820gmbs5ir071u0wut6edt,./out/images/cla820gmbs5ir071u0wut6edt.jpg,True
cla820gmbs5iv071u45v7fxxz,./out/images/cla820gmbs5iv071u45v7fxxz.jpg,True
cla820gmbs5iz071u8fnyfshw,./out/images/cla820gmbs5iz071u8fnyfshw.jpg,True
cla820gmbs5j3071u80u3fjlb,./out/images/cla820gmbs5j3071u80u3fjlb.jpg,True
cla820gmbs5j7071u8ip985x7,./out/images/cla820gmbs5j7071u8ip985x7.jpg,True
cla820gmbs5jb071u783p16d5,./out/images/cla820gmbs5jb071u783p16d5.jpg,True
cla820gmbs5jf071u67p08abp,./out/images/cla820gmbs5jf071u67p08abp.jpg,True
cla820gmbs5jj071uhbn0b19h,./out/images/cla820gmbs5jj071uhbn0b19h.jpg,True
cla820gmbs5jn071ud35odvxh,./out/images/cla820gmbs5jn071ud35odvxh.jpg,True
cla820gmbs5jr071u0j9f6bnj,./out/images/cla820gmbs5jr071u0j9f6bnj.jpg,True
cla820gmbs5jv071u2nr79rfo,./out/images/cla820gmbs5jv071u2nr79rfo.jpg,True
cla820gmcs5jz071ugaan7799,./out/images/cla820gmcs5jz071ugaan7799.jpg,True
cla820gmcs5k3071u6se0ha5o,./out/images/cla820gmcs5k3071u6se0ha5o.jpg,True
cla820gmcs5k7071u5tascyte,./out/images/cla820gmcs5k7071u5tascyte.jpg,True
cla820gmcs5kb071uh99a6wnr,./out/images/cla820gmcs5kb071uh99a6wnr.jpg,True
cla820gmcs5kf071uct5r5v2n,./out/images/cla820gmcs5kf071uct5r5v2n.jpg,True
cla820gmcs5kj071uhv1f8dpl,./out/images/cla820gmcs5kj071uhv1f8dpl.jpg,True
cla820gmcs5kn071u46gz1t6t,./out/images/cla820gmcs5kn071u46gz1t6t.jpg,True
cla820gmcs5kr071ubtem3zb1,./out/images/cla820gmcs5kr071ubtem3zb1.jpg,True
cla820gmcs5kv071u8tud9ta7,./out/images/cla820gmcs5kv071u8tud9ta7.jpg,True
cla820gmcs5kz071u0oi7ffxb,./out/images/cla820gmcs5kz071u0oi7ffxb.jpg,True
cla820gmcs5l3071uhkswgbyf,./out/images/cla820gmcs5l3071uhkswgbyf.jpg,True
cla820gmds5l7071ucfhi2562,./out/images/cla820gmds5l7071ucfhi2562.jpg,True
cla820gmds5lb071ug0oedfn0,./out/images/cla820gmds5lb071ug0oedfn0.jpg,True
cla820gmds5lf071u4j065jwy,./out/images/cla820gmds5lf071u4j065jwy.jpg,True
cla820gmds5lj071ueefe8bki,./out/images/cla820gmds5lj071ueefe8bki.jpg,True
cla820gmds5ln071u9le6ht60,./out/images/cla820gmds5ln071u9le6ht60.jpg,True
cla820gmds5lr071ufjyr538p,./out/images/cla820gmds5lr071ufjyr538p.jpg,True
cla820gmds5lv071u2prbaqhq,./out/images/cla820gmds5lv071u2prbaqhq.jpg,True
cla820gmds5lz071uduyzhfb7,./out/images/cla820gmds5lz071uduyzhfb7.jpg,True
cla820gmds5m3071ud5wma2c6,./out/images/cla820gmds5m3071ud5wma2c6.jpg,True
cla820gmds5m7071uciyxc0uh,./out/images/cla820gmds5m7071uciyxc0uh.jpg,True
cla820gmds5mb071u5kkaguei,./out/images/cla820gmds5mb071u5kkaguei.jpg,True
cla820gmes5mf071u7mhk0wpr,./out/images/cla820gmes5mf071u7mhk0wpr.jpg,True
cla820gmes5mj071u01y7gh34,./out/images/cla820gmes5mj071u01y7gh34.jpg,True
cla820gmes5mn071u9qmv00ns,./out/images/cla820gmes5mn071u9qmv00ns.jpg,True
cla820gmes5mr071uhlwuaian,./out/images/cla820gmes5mr071uhlwuaian.jpg,True
cla820gmes5mv071uhupa23rf,./out/images/cla820gmes5mv071uhupa23rf.jpg,True
cla820gmes5mz071u10w11oe2,./out/images/cla820gmes5mz071u10w11oe2.jpg,True
cla820gmes5n3071u39nr2p8w,./out/images/cla820gmes5n3071u39nr2p8w.jpg,True
cla820gmes5n7071u8o6u0p6p,./out/images/cla820gmes5n7071u8o6u0p6p.jpg,True
cla820gmes5nb071u8xs2d2wu,./out/images/cla820gmes5nb071u8xs2d2wu.jpg,True
cla820gmes5nf071u82pp86is,./out/images/cla820gmes5nf071u82pp86is.jpg,True
cla820gmes5nj071u0v1l3e23,./out/images/cla820gmes5nj071u0v1l3e23.jpg,True
cla820gmes5nn071u4li1c0zd,./out/images/cla820gmes5nn071u4li1c0zd.jpg,True
cla820gmfs5nr071ueghc9d0l,./out/images/cla820gmfs5nr071ueghc9d0l.jpg,True
cla820gmfs5nv071u6chpgp1v,./out/images/cla820gmfs5nv071u6chpgp1v.jpg,True
cla820gmfs5nz071ucpw9dejr,./out/images/cla820gmfs5nz071ucpw9dejr.jpg,True
cla820gmfs5o3071u2nyigw5j,./out/images/cla820gmfs5o3071u2nyigw5j.jpg,True
cla820gmfs5o7071ug59i2age,./out/images/cla820gmfs5o7071ug59i2age.jpg,True
cla820gmfs5ob071u4r09f589,./out/images/cla820gmfs5ob071u4r09f589.jpg,True
cla820gmfs5of071udcpz4q0o,./out/images/cla820gmfs5of071udcpz4q0o.jpg,True
cla820gmfs5oj071u095r5i8n,./out/images/cla820gmfs5oj071u095r5i8n.jpg,True
cla820gmfs5on071u38ap5a7s,./out/images/cla820gmfs5on071u38ap5a7s.jpg,True
cla820gmfs5or071u3sdpg32k,./out/images/cla820gmfs5or071u3sdpg32k.jpg,True
cla820gmfs5ov071uatt38iru,./out/images/cla820gmfs5ov071uatt38iru.jpg,True
cla820gmfs5oz071u5ihnbhr0,./out/images/cla820gmfs5oz071u5ihnbhr0.jpg,True
cla820gmgs5p3071uczbse9k3,./out/images/cla820gmgs5p3071uczbse9k3.jpg,True
cla820gmgs5p7071u49yd2qp7,./out/images/cla820gmgs5p7071u49yd2qp7.jpg,True
cla820gmgs5pb071uev6pcbwt,./out/images/cla820gmgs5pb071uev6pcbwt.jpg,True
cla820gmgs5pf071u3vm4gt1z,./out/images/cla820gmgs5pf071u3vm4gt1z.jpg,True
cla820gmgs5pj071u704xdemn,./out/images/cla820gmgs5pj071u704xdemn.jpg,True
cla820gmgs5pn071u9szz715u,./out/images/cla820gmgs5pn071u9szz715u.jpg,True
cla820gmgs5pr071u61mf27n4,./out/images/cla820gmgs5pr071u61mf27n4.jpg,True
cla820gmgs5pv071ubu4gcmgh,./out/images/cla820gmgs5pv071ubu4gcmgh.jpg,True
cla820gmgs5pz071u1iikahxn,./out/images/cla820gmgs5pz071u1iikahxn.jpg,True
cla820gmgs5q3071udmfyendc,./out/images/cla820gmgs5q3071udmfyendc.jpg,True
cla820gmgs5q7071udblle3jw,./out/images/cla820gmgs5q7071udblle3jw.jpg,True
cla820gmgs5qb071ufbsigz22,./out/images/cla820gmgs5qb071ufbsigz22.jpg,True
cla820gmgs5qf071ug2ph4ud6,./out/images/cla820gmgs5qf071ug2ph4ud6.jpg,True
cla820gmhs5qj071u3snmf7ak,./out/images/cla820gmhs5qj071u3snmf7ak.jpg,True
cla820gmhs5qn071u9bmz8gwt,./out/images/cla820gmhs5qn071u9bmz8gwt.jpg,True
cla820gmhs5qr071ug4smcqjc,./out/images/cla820gmhs5qr071ug4smcqjc.jpg,True
cla820gmhs5qv071u9bum40jl,./out/images/cla820gmhs5qv071u9bum40jl.jpg,True
cla820gmhs5qz071u160h8g7c,./out/images/cla820gmhs5qz071u160h8g7c.jpg,True
cla820gmhs5r3071u9kex46xk,./out/images/cla820gmhs5r3071u9kex46xk.jpg,True
cla820gmhs5r7071u0jxl775h,./out/images/cla820gmhs5r7071u0jxl775h.jpg,True
cla820gmhs5rb071u542the9d,./out/images/cla820gmhs5rb071u542the9d.jpg,True
cla820gmhs5rf071u2s5f90ry,./out/images/cla820gmhs5rf071u2s5f90ry.jpg,True
cla820gmhs5rj071u2hj42bmw,./out/images/cla820gmhs5rj071u2hj42bmw.jpg,True
cla820gmhs5rn071ucpqpbrnc,./out/images/cla820gmhs5rn071ucpqpbrnc.jpg,True
cla820gmhs5rr071u3ba0f0er,./out/images/cla820gmhs5rr071u3ba0f0er.jpg,True
cla820gmhs5rv071uhnuicypm,./out/images/cla820gmhs5rv071uhnuicypm.jpg,True
cla820gmhs5rz071u2pbpd86q,./out/images/cla820gmhs5rz071u2pbpd86q.jpg,True
cla820gmhs5s3071uepw7afkz,./out/images/cla820gmhs5s3071uepw7afkz.jpg,True
cla820gmis5s7071uhjmr3jy7,./out/images/cla820gmis5s7071uhjmr3jy7.jpg,True
cla820gmis5sb071u1rhdgg2r,./out/images/cla820gmis5sb071u1rhdgg2r.jpg,True
cla820gmis5sf071uczzb4rze,./out/images/cla820gmis5sf071uczzb4rze.jpg,True
cla820gmis5sj071ufgntbsg4,./out/images/cla820gmis5sj071ufgntbsg4.jpg,True
cla820gmis5sn071u538x012x,./out/images/cla820gmis5sn071u538x012x.jpg,True
cla820gmis5sr071ufbc4913j,./out/images/cla820gmis5sr071ufbc4913j.jpg,True
cla820gmis5sv071u7zh6hi8k,./out/images/cla820gmis5sv071u7zh6hi8k.jpg,True
cla820gmis5sz071u81qe9qny,./out/images/cla820gmis5sz071u81qe9qny.jpg,True
cla820gmis5t3071u646u1onx,./out/images/cla820gmis5t3071u646u1onx.jpg,True
cla820gmis5t7071u6um08c20,./out/images/cla820gmis5t7071u6um08c20.jpg,True
cla820gmis5tb071u8iygepwo,./out/images/cla820gmis5tb071u8iygepwo.jpg,True
cla820gmis5tf071u3h5cde18,./out/images/cla820gmis5tf071u3h5cde18.jpg,True
cla820gmis5tj071ub7blex4q,./out/images/cla820gmis5tj071ub7blex4q.jpg,True
cla820gmis5tn071udd9zfu8l,./out/images/cla820gmis5tn071udd9zfu8l.jpg,True
cla820gmjs5tr071ugp0l1tsm,./out/images/cla820gmjs5tr071ugp0l1tsm.jpg,True
cla820gmjs5tv071u60pj46dt,./out/images/cla820gmjs5tv071u60pj46dt.jpg,True
cla820gmjs5tz071u48f0gw74,./out/images/cla820gmjs5tz071u48f0gw74.jpg,True
cla820gmjs5u3071u8i965h3h,./out/images/cla820gmjs5u3071u8i965h3h.jpg,True
cla820gmjs5u7071u91moec65,./out/images/cla820gmjs5u7071u91moec65.jpg,True
cla820gmjs5ub071uhshz8wlc,./out/images/cla820gmjs5ub071uhshz8wlc.jpg,True
cla820gmjs5uf071u0c8y2918,./out/images/cla820gmjs5uf071u0c8y2918.jpg,True
cla820gmjs5uj071uan8m7p41,./out/images/cla820gmjs5uj071uan8m7p41.jpg,True
cla820gmjs5un071ug4fuf5y6,./out/images/cla820gmjs5un071ug4fuf5y6.jpg,True
cla820gmjs5ur071uaonq1yss,./out/images/cla820gmjs5ur071uaonq1yss.jpg,True
cla820gmjs5uv071uahbr8usm,./out/images/cla820gmjs5uv071uahbr8usm.jpg,True
cla820gmjs5uz071uajgi1xsj,./out/images/cla820gmjs5uz071uajgi1xsj.jpg,True
cla820gmjs5v3071u9fltescr,./out/images/cla820gmjs5v3071u9fltescr.jpg,True
cla820gmjs5v7071ucyhpexkk,./out/images/cla820gmjs5v7071ucyhpexkk.jpg,True
cla820gmks5vb071uanwlgcc1,./out/images/cla820gmks5vb071uanwlgcc1.jpg,True
cla820gmks5vf071uhewahx6h,./out/images/cla820gmks5vf071uhewahx6h.jpg,True
cla820gmks5vj071udsjyg41r,./out/images/cla820gmks5vj071udsjyg41r.jpg,True
cla820gmks5vn071ua5scaqdh,./out/images/cla820gmks5vn071ua5scaqdh.jpg,True
cla820gmks5vr071ubza08sdw,./out/images/cla820gmks5vr071ubza08sdw.jpg,True
cla820gmks5vv071uc9yu02fh,./out/images/cla820gmks5vv071uc9yu02fh.jpg,True
cla820gmks5vz071ubwqh5xzw,./out/images/cla820gmks5vz071ubwqh5xzw.jpg,True
cla820gmks5w3071ua58ygkgi,./out/images/cla820gmks5w3071ua58ygkgi.jpg,True
cla820gmks5w7071u5fdseyx2,./out/images/cla820gmks5w7071u5fdseyx2.jpg,True
cla820gmks5wb071u3ekp8y39,./out/images/cla820gmks5wb071u3ekp8y39.jpg,True
cla820gmks5wf071ubx9nhyo8,./out/images/cla820gmks5wf071ubx9nhyo8.jpg,True
cla820gmks5wj071ufomv96u5,./out/images/cla820gmks5wj071ufomv96u5.jpg,True
cla820gmks5wn071u8uoz7uq7,./out/images/cla820gmks5wn071u8uoz7uq7.jpg,True
cla820gmks5wr071u4vun8yst,./out/images/cla820gmks5wr071u4vun8yst.jpg,True
cla820gmks5wv071u35op55hi,./out/images/cla820gmks5wv071u35op55hi.jpg,True
cla820gmls5wz071u2rajex2s,./out/images/cla820gmls5wz071u2rajex2s.jpg,True
cla820gmls5x3071uarebhqit,./out/images/cla820gmls5x3071uarebhqit.jpg,True
cla820gmls5x7071u05un80ef,./out/images/cla820gmls5x7071u05un80ef.jpg,True
cla820gmls5xb071u9njcamwn,./out/images/cla820gmls5xb071u9njcamwn.jpg,True
cla820gmls5xf071u5v8va9fa,./out/images/cla820gmls5xf071u5v8va9fa.jpg,True
cla820gmls5xj071uarbihlni,./out/images/cla820gmls5xj071uarbihlni.jpg,True
cla820gmls5xn071uc5g3czha,./out/images/cla820gmls5xn071uc5g3czha.jpg,True
cla820gmls5xr071uhyv8887o,./out/images/cla820gmls5xr071uhyv8887o.jpg,True
cla820gmls5xv071u4iiz09gv,./out/images/cla820gmls5xv071u4iiz09gv.jpg,True
cla820gmls5xz071u4jk39r9t,./out/images/cla820gmls5xz071u4jk39r9t.jpg,True
cla820gmls5y3071ufytcckxb,./out/images/cla820gmls5y3071ufytcckxb.jpg,True
cla820gmls5y7071u6sa46fd2,./out/images/cla820gmls5y7071u6sa46fd2.jpg,True
cla820gmls5yb071ugt229jm2,./out/images/cla820gmls5yb071ugt229jm2.jpg,True
cla820gmls5yf071u422gbrab,./out/images/cla820gmls5yf071u422gbrab.jpg,True
cla820gmls5yj071u9nci1ei6,./out/images/cla820gmls5yj071u9nci1ei6.jpg,True
cla820gmls5yn071uc9dfd6zr,./out/images/cla820gmls5yn071uc9dfd6zr.jpg,True
cla820gmms5yr071u23ef9pdb,./out/images/cla820gmms5yr071u23ef9pdb.jpg,True
cla820gmms5yv071udj0ngman,./out/images/cla820gmms5yv071udj0ngman.jpg,True
cla820gmms5yz071ud3hed2un,./out/images/cla820gmms5yz071ud3hed2un.jpg,True
cla820gmms5z3071ufc5u32iq,./out/images/cla820gmms5z3071ufc5u32iq.jpg,True
cla820gmms5z7071ub7pfau3k,./out/images/cla820gmms5z7071ub7pfau3k.jpg,True
cla820gmms5zb071u6g8k2fhy,./out/images/cla820gmms5zb071u6g8k2fhy.jpg,True
cla820gmms5zf071udvkw936t,./out/images/cla820gmms5zf071udvkw936t.jpg,True
cla820gmms5zj071u3igl0m5n,./out/images/cla820gmms5zj071u3igl0m5n.jpg,True
cla820gmms5zn071u9lqc9ywi,./out/images/cla820gmms5zn071u9lqc9ywi.jpg,True
cla820gmms5zr071ubsmqaxtm,./out/images/cla820gmms5zr071ubsmqaxtm.jpg,True
cla820gmms5zv071u5yw05he4,./out/images/cla820gmms5zv071u5yw05he4.jpg,True
cla820gmms5zz071uchi02ycl,./out/images/cla820gmms5zz071uchi02ycl.jpg,True
cla820gmms603071u3p4l07iv,./out/images/cla820gmms603071u3p4l07iv.jpg,True
cla820gmms607071udo435157,./out/images/cla820gmms607071udo435157.jpg,True
cla820gmms60b071uh0x1b2mr,./out/images/cla820gmms60b071uh0x1b2mr.jpg,True
cla820gmms60f071ug0ffbpq6,./out/images/cla820gmms60f071ug0ffbpq6.jpg,True
cla820gmms60j071uewclak33,./out/images/cla820gmms60j071uewclak33.jpg,True
cla820gmns60n071u3m568jt7,./out/images/cla820gmns60n071u3m568jt7.jpg,True
cla820gmns60r071u963pb90r,./out/images/cla820gmns60r071u963pb90r.jpg,True
cla820gmns60v071u3wm1gp4o,./out/images/cla820gmns60v071u3wm1gp4o.jpg,True
cla820gmns60z071uhu19bapy,./out/images/cla820gmns60z071uhu19bapy.jpg,True
cla820gmns613071uc7i097fu,./out/images/cla820gmns613071uc7i097fu.jpg,True
cla820gmns617071u4e4radys,./out/images/cla820gmns617071u4e4radys.jpg,True
cla820gmns61b071u1jrtajcx,./out/images/cla820gmns61b071u1jrtajcx.jpg,True
cla820gmns61f071u6gto6o0y,./out/images/cla820gmns61f071u6gto6o0y.jpg,True
cla820gmns61j071uf0ue9616,./out/images/cla820gmns61j071uf0ue9616.jpg,True
cla820gmns61n071u81lr2utd,./out/images/cla820gmns61n071u81lr2utd.jpg,True
cla820gmns61r071u1iky106v,./out/images/cla820gmns61r071u1iky106v.jpg,True
cla820gmos61v071ub165cjhh,./out/images/cla820gmos61v071ub165cjhh.jpg,True
cla820gmos61z071u6u00hzqk,./out/images/cla820gmos61z071u6u00hzqk.jpg,True
cla820gmos623071uafmvhxiw,./out/images/cla820gmos623071uafmvhxiw.jpg,True
cla820gmos627071uc11qby84,./out/images/cla820gmos627071uc11qby84.jpg,True
cla820gmos62b071ua36s3w9w,./out/images/cla820gmos62b071ua36s3w9w.jpg,True
cla820gmos62f071ubes021vi,./out/images/cla820gmos62f071ubes021vi.jpg,True
cla820gmos62j071ud19cak7f,./out/images/cla820gmos62j071ud19cak7f.jpg,True
cla820gmos62n071u7rw4fydn,./out/images/cla820gmos62n071u7rw4fydn.jpg,True
cla820gmos62r071u8s107rkp,./out/images/cla820gmos62r071u8s107rkp.jpg,True
cla820gmos62v071u8ya47y09,./out/images/cla820gmos62v071u8ya47y09.jpg,True
cla820gmos62z071uatxb81v4,./out/images/cla820gmos62z071uatxb81v4.jpg,True
cla820gmos633071u2s5l5lpm,./out/images/cla820gmos633071u2s5l5lpm.jpg,True
cla820gmos637071u7bd8b3ow,./out/images/cla820gmos637071u7bd8b3ow.jpg,True
cla820gmos63b071ucfr74ie6,./out/images/cla820gmos63b071ucfr74ie6.jpg,True
cla820gmps63f071u2cjfhr2b,./out/images/cla820gmps63f071u2cjfhr2b.jpg,True
cla820gmps63j071ucq3p6od4,./out/images/cla820gmps63j071ucq3p6od4.jpg,True
cla820gmps63n071ue5uwf4q5,./out/images/cla820gmps63n071ue5uwf4q5.jpg,True
cla820gmps63r071ubhdh4alg,./out/images/cla820gmps63r071ubhdh4alg.jpg,True
cla820gmps63v071u5ir39wzu,./out/images/cla820gmps63v071u5ir39wzu.jpg,True
cla820gmps63z071u9nfpaxel,./out/images/cla820gmps63z071u9nfpaxel.jpg,True
cla820gmps643071ucbbke1k5,./out/images/cla820gmps643071ucbbke1k5.jpg,True
cla820gmps647071u1ctnfhp0,./out/images/cla820gmps647071u1ctnfhp0.jpg,True
cla820gmps64b071u1y023dw7,./out/images/cla820gmps64b071u1y023dw7.jpg,True
cla820gmps64f071uanz7g9ta,./out/images/cla820gmps64f071uanz7g9ta.jpg,True
cla820gmps64j071u9z0mb1eb,./out/images/cla820gmps64j071u9z0mb1eb.jpg,True
cla820gmps64n071ughf3929p,./out/images/cla820gmps64n071ughf3929p.jpg,True
cla820gmps64r071ufnce9rvw,./out/images/cla820gmps64r071ufnce9rvw.jpg,True
cla820gmps64v071ufqru1pyy,./out/images/cla820gmps64v071ufqru1pyy.jpg,True
cla820gmqs64z071udouv858a,./out/images/cla820gmqs64z071udouv858a.jpg,True
cla820gmqs653071u19205h77,./out/images/cla820gmqs653071u19205h77.jpg,True
cla820gmqs657071ufz9n5xs7,./out/images/cla820gmqs657071ufz9n5xs7.jpg,True
cla820gmqs65b071u8uo82ra7,./out/images/cla820gmqs65b071u8uo82ra7.jpg,True
cla820gmqs65f071ubmlm8ia9,./out/images/cla820gmqs65f071ubmlm8ia9.jpg,True
cla820gmqs65j071u3fib56er,./out/images/cla820gmqs65j071u3fib56er.jpg,True
cla820gmqs65n071u0wmf7n3d,./out/images/cla820gmqs65n071u0wmf7n3d.jpg,True
cla820gmqs65r071uc9zodhx6,./out/images/cla820gmqs65r071uc9zodhx6.jpg,True
cla820gmqs65v071ubbawf0bx,./out/images/cla820gmqs65v071ubbawf0bx.jpg,True
cla820gmqs65z071uaj197630,./out/images/cla820gmqs65z071uaj197630.jpg,True
cla820gmrs663071uduamb53p,./out/images/cla820gmrs663071uduamb53p.jpg,True
cla820gmrs667071uab1of9e2,./out/images/cla820gmrs667071uab1of9e2.jpg,True
cla820gmrs66b071u9rag0g8i,./out/images/cla820gmrs66b071u9rag0g8i.jpg,True
cla820gmrs66f071u2e0m0unl,./out/images/cla820gmrs66f071u2e0m0unl.jpg,True
cla820gmrs66j071uaka934t9,./out/images/cla820gmrs66j071uaka934t9.jpg,True
cla820gmrs66n071u430dgpmx,./out/images/cla820gmrs66n071u430dgpmx.jpg,True
cla820gmrs66r071u8n7g1xdn,./out/images/cla820gmrs66r071u8n7g1xdn.jpg,True
cla820gmrs66v071ubwic2vyi,./out/images/cla820gmrs66v071ubwic2vyi.jpg,True
cla820gmrs66z071ubq3f9zbr,./out/images/cla820gmrs66z071ubq3f9zbr.jpg,True
cla820gmrs673071u7ssu6oad,./out/images/cla820gmrs673071u7ssu6oad.jpg,True
cla820gmss677071u0i2h5sav,./out/images/cla820gmss677071u0i2h5sav.jpg,True
cla820gmss67b071u3h7o5k3t,./out/images/cla820gmss67b071u3h7o5k3t.jpg,True
cla820gmss67f071ue4myftrq,./out/images/cla820gmss67f071ue4myftrq.jpg,True
cla820gmss67j071uaqp2dhsa,./out/images/cla820gmss67j071uaqp2dhsa.jpg,True
cla820gmss67n071u8izzakyk,./out/images/cla820gmss67n071u8izzakyk.jpg,True
cla820gmss67r071ubbdsb48i,./out/images/cla820gmss67r071ubbdsb48i.jpg,True
cla820gmss67v071u9gz1h8q9,./out/images/cla820gmss67v071u9gz1h8q9.jpg,True
cla820gmss67z071u5qbncwa3,./out/images/cla820gmss67z071u5qbncwa3.jpg,True
cla820gmss683071u621obu0s,./out/images/cla820gmss683071u621obu0s.jpg,True
cla820gmss687071u71az3czg,./out/images/cla820gmss687071u71az3czg.jpg,True
cla820gmss68b071u8m268bbr,./out/images/cla820gmss68b071u8m268bbr.jpg,True
cla820gmss68f071u24pp1gt4,./out/images/cla820gmss68f071u24pp1gt4.jpg,True
cla820gmss68j071u8cp9bv0v,./out/images/cla820gmss68j071u8cp9bv0v.jpg,True
cla820gmss68n071u4d8yd0cy,./out/images/cla820gmss68n071u4d8yd0cy.jpg,True
cla820gmts68r071u3rz09961,./out/images/cla820gmts68r071u3rz09961.jpg,True
cla820gmts68v071u6o2xebr1,./out/images/cla820gmts68v071u6o2xebr1.jpg,True
cla820gmts68z071u5vbz89tw,./out/images/cla820gmts68z071u5vbz89tw.jpg,True
cla820gmts693071u5i4j8mqk,./out/images/cla820gmts693071u5i4j8mqk.jpg,True
cla820gmts697071u39li2hv7,./out/images/cla820gmts697071u39li2hv7.jpg,True
cla820gmts69b071uhpl3dyhl,./out/images/cla820gmts69b071uhpl3dyhl.jpg,True
cla820gmts69f071u545hfdja,./out/images/cla820gmts69f071u545hfdja.jpg,True
cla820gmts69j071uczyi0fbb,./out/images/cla820gmts69j071uczyi0fbb.jpg,True
cla820gmts69n071ua58s7x39,./out/images/cla820gmts69n071ua58s7x39.jpg,True
cla820gmts69r071u43ysgnkv,./out/images/cla820gmts69r071u43ysgnkv.jpg,True
cla820gmts69v071u5vji03hy,./out/images/cla820gmts69v071u5vji03hy.jpg,True
cla820gmts69z071u86tsartr,./out/images/cla820gmts69z071u86tsartr.jpg,True
cla820gmus6a3071uezzm8dac,./out/images/cla820gmus6a3071uezzm8dac.jpg,True
cla820gmus6a7071u6c1g89eg,./out/images/cla820gmus6a7071u6c1g89eg.jpg,True
cla820gmus6ab071u8iua1wys,./out/images/cla820gmus6ab071u8iua1wys.jpg,True
cla820gmus6af071u9mfk6o3o,./out/images/cla820gmus6af071u9mfk6o3o.jpg,True
cla820gmus6aj071ued5vd2yg,./out/images/cla820gmus6aj071ued5vd2yg.jpg,True
cla820gmus6an071ugxsl64ea,./out/images/cla820gmus6an071ugxsl64ea.jpg,True
cla820gmus6ar071ug2p91uiy,./out/images/cla820gmus6ar071ug2p91uiy.jpg,True
cla820gmus6av071u3bfa71nu,./out/images/cla820gmus6av071u3bfa71nu.jpg,True
cla820gmus6az071u6d044g0a,./out/images/cla820gmus6az071u6d044g0a.jpg,True
cla820gmus6b3071u5w72dabp,./out/images/cla820gmus6b3071u5w72dabp.jpg,True
cla820gmvs6b7071u80pp5llt,./out/images/cla820gmvs6b7071u80pp5llt.jpg,True
cla820gmvs6bb071u63f8edyw,./out/images/cla820gmvs6bb071u63f8edyw.jpg,True
cla820gmvs6bf071uano0717m,./out/images/cla820gmvs6bf071uano0717m.jpg,True
cla820gmvs6bj071u6anxd2pj,./out/images/cla820gmvs6bj071u6anxd2pj.jpg,True
cla820gmvs6bn071u88vj64ou,./out/images/cla820gmvs6bn071u88vj64ou.jpg,True
cla820gmvs6br071u3o1vggjr,./out/images/cla820gmvs6br071u3o1vggjr.jpg,True
cla820gmvs6bv071u7llu5ik5,./out/images/cla820gmvs6bv071u7llu5ik5.jpg,True
cla820gmvs6bz071u3y7hcecb,./out/images/cla820gmvs6bz071u3y7hcecb.jpg,True
cla820gmvs6c3071ugjeig683,./out/images/cla820gmvs6c3071ugjeig683.jpg,True
cla820gmvs6c7071u67zzc336,./out/images/cla820gmvs6c7071u67zzc336.jpg,True
cla820gmvs6cb071ug7zn25qj,./out/images/cla820gmvs6cb071ug7zn25qj.jpg,True
cla820gmvs6cf071ufbgw0jqu,./out/images/cla820gmvs6cf071ufbgw0jqu.jpg,True
cla820gmws6cj071u56un6ke7,./out/images/cla820gmws6cj071u56un6ke7.jpg,True
cla820gmws6cn071u6esibke1,./out/images/cla820gmws6cn071u6esibke1.jpg,True
cla820gmws6cr071uhahobz60,./out/images/cla820gmws6cr071uhahobz60.jpg,True
cla820gmws6cv071uextx3dk4,./out/images/cla820gmws6cv071uextx3dk4.jpg,True
cla820gmws6cz071ugn88edv9,./out/images/cla820gmws6cz071ugn88edv9.jpg,True
cla820gmws6d3071u7f54d5go,./out/images/cla820gmws6d3071u7f54d5go.jpg,True
cla820gmws6d7071u107x0f3p,./out/images/cla820gmws6d7071u107x0f3p.jpg,True
cla820gmws6db071u02pd62n2,./out/images/cla820gmws6db071u02pd62n2.jpg,True
cla820gmws6df071uc7su0g06,./out/images/cla820gmws6df071uc7su0g06.jpg,True
cla820gmws6dj071uey0p2c5e,./out/images/cla820gmws6dj071uey0p2c5e.jpg,True
cla820gmws6dn071u3rb67z6t,./out/images/cla820gmws6dn071u3rb67z6t.jpg,True
cla820gmxs6dr071ud4avacp9,./out/images/cla820gmxs6dr071ud4avacp9.jpg,True
cla820gmxs6dv071ug3lxfswl,./out/images/cla820gmxs6dv071ug3lxfswl.jpg,True
cla820gmxs6dz071u89c518b7,./out/images/cla820gmxs6dz071u89c518b7.jpg,True
cla820gmxs6e3071u2ioi80b5,./out/images/cla820gmxs6e3071u2ioi80b5.jpg,True
cla820gmxs6e7071u6sysf7po,./out/images/cla820gmxs6e7071u6sysf7po.jpg,True
cla820gmxs6eb071u60l982sj,./out/images/cla820gmxs6eb071u60l982sj.jpg,True
cla820gmxs6ef071u04rl1l3a,./out/images/cla820gmxs6ef071u04rl1l3a.jpg,True
cla820gmxs6ej071u0wzqg505,./out/images/cla820gmxs6ej071u0wzqg505.jpg,True
cla820gmxs6en071uev1o2fzc,./out/images/cla820gmxs6en071uev1o2fzc.jpg,True
cla820gmxs6er071u0hwnc0u1,./out/images/cla820gmxs6er071u0hwnc0u1.jpg,True
cla820gmxs6ev071u983n8k9e,./out/images/cla820gmxs6ev071u983n8k9e.jpg,True
cla820gmxs6ez071ug5c7c9hd,./out/images/cla820gmxs6ez071ug5c7c9hd.jpg,True
cla820gmys6f3071u1oh36llx,./out/images/cla820gmys6f3071u1oh36llx.jpg,True
cla820gmys6f7071u4py0f9we,./out/images/cla820gmys6f7071u4py0f9we.jpg,True
cla820gmys6fb071u2ebz8kde,./out/images/cla820gmys6fb071u2ebz8kde.jpg,True
cla820gmys6ff071u838uem5s,./out/images/cla820gmys6ff071u838uem5s.jpg,True
cla820gmys6fj071ugumg685c,./out/images/cla820gmys6fj071ugumg685c.jpg,True
cla820gmys6fn071uf4cp0f8g,./out/images/cla820gmys6fn071uf4cp0f8g.jpg,True
cla820gmys6fr071u7gmn1lkl,./out/images/cla820gmys6fr071u7gmn1lkl.jpg,True
cla820gmys6fv071ue1mbagdk,./out/images/cla820gmys6fv071ue1mbagdk.jpg,True
cla820gmys6fz071u1djuam0d,./out/images/cla820gmys6fz071u1djuam0d.jpg,True
cla820gmys6g3071ubra6dfgr,./out/images/cla820gmys6g3071ubra6dfgr.jpg,True
cla820gmys6g7071u8l31egq9,./out/images/cla820gmys6g7071u8l31egq9.jpg,True
cla820gmys6gb071u28r049um,./out/images/cla820gmys6gb071u28r049um.jpg,True
cla820gmys6gf071u9oicd9z0,./out/images/cla820gmys6gf071u9oicd9z0.jpg,True
cla820gmys6gj071u6j7760jv,./out/images/cla820gmys6gj071u6j7760jv.jpg,True
cla820gmzs6gn071ua9ul7wji,./out/images/cla820gmzs6gn071ua9ul7wji.jpg,True
cla820gmzs6gr071u9ojuew52,./out/images/cla820gmzs6gr071u9ojuew52.jpg,True
cla820gmzs6gv071u5m461t7v,./out/images/cla820gmzs6gv071u5m461t7v.jpg,True
cla820gmzs6gz071ud05s3twl,./out/images/cla820gmzs6gz071ud05s3twl.jpg,True
cla820gmzs6h3071u6g38fbxc,./out/images/cla820gmzs6h3071u6g38fbxc.jpg,True
cla820gmzs6h7071u78aw3et5,./out/images/cla820gmzs6h7071u78aw3et5.jpg,True
cla820gn2s6hb071u8wnnh6cc,./out/images/cla820gn2s6hb071u8wnnh6cc.jpg,True
cla820gn2s6hf071ufso11lvs,./out/images/cla820gn2s6hf071ufso11lvs.jpg,True
cla820gn2s6hj071u6zj3em1t,./out/images/cla820gn2s6hj071u6zj3em1t.jpg,True
cla820gn2s6hn071ughyqhcy2,./out/images/cla820gn2s6hn071ughyqhcy2.jpg,True
cla820gn2s6hr071u48c9f4x3,./out/images/cla820gn2s6hr071u48c9f4x3.jpg,True
cla820gn2s6hv071u3e0j24qo,./out/images/cla820gn2s6hv071u3e0j24qo.jpg,True
cla820gn2s6hz071u8lie4sjt,./out/images/cla820gn2s6hz071u8lie4sjt.jpg,True
cla820gn3s6i3071u7ohg3qbj,./out/images/cla820gn3s6i3071u7ohg3qbj.jpg,True
cla820gn3s6i7071u09uj170e,./out/images/cla820gn3s6i7071u09uj170e.jpg,True
cla820gn3s6ib071ufzld88d1,./out/images/cla820gn3s6ib071ufzld88d1.jpg,True
cla820gn3s6if071u2efz098u,./out/images/cla820gn3s6if071u2efz098u.jpg,True
cla820gn3s6ij071uf1bv3jbu,./out/images/cla820gn3s6ij071uf1bv3jbu.jpg,True
cla820gn3s6in071u7joec7ds,./out/images/cla820gn3s6in071u7joec7ds.jpg,True
cla820gn3s6ir071u1ltt30bv,./out/images/cla820gn3s6ir071u1ltt30bv.jpg,True
cla820gn3s6iv071u8qs4b8eb,./out/images/cla820gn3s6iv071u8qs4b8eb.jpg,True
cla820gn4s6iz071ubcq6d2mi,./out/images/cla820gn4s6iz071ubcq6d2mi.jpg,True
cla820gn4s6j3071ub2uiei3q,./out/images/cla820gn4s6j3071ub2uiei3q.jpg,True
cla820gn4s6j7071u58if9aat,./out/images/cla820gn4s6j7071u58if9aat.jpg,True
cla820gn4s6jb071u969ba8m3,./out/images/cla820gn4s6jb071u969ba8m3.jpg,True
cla820gn4s6jf071u812y5qtt,./out/images/cla820gn4s6jf071u812y5qtt.jpg,True
cla820gn4s6jj071u8fhj9kq4,./out/images/cla820gn4s6jj071u8fhj9kq4.jpg,True
cla820gn4s6jn071uaxcb24w9,./out/images/cla820gn4s6jn071uaxcb24w9.jpg,True
cla820gn4s6jr071uco5u8wbg,./out/images/cla820gn4s6jr071uco5u8wbg.jpg,True
cla820gn4s6jv071u2uaj0y9r,./out/images/cla820gn4s6jv071u2uaj0y9r.jpg,True
cla820gn4s6jz071u5b6p4276,./out/images/cla820gn4s6jz071u5b6p4276.jpg,True
cla820gn4s6k3071u09h0775w,./out/images/cla820gn4s6k3071u09h0775w.jpg,True
cla820gn5s6k7071ua3bs0lo1,./out/images/cla820gn5s6k7071ua3bs0lo1.jpg,True
cla820gn5s6kb071u2tupfhco,./out/images/cla820gn5s6kb071u2tupfhco.jpg,True
cla820gn5s6kf071u3m1g4b7i,./out/images/cla820gn5s6kf071u3m1g4b7i.jpg,True
cla820gn5s6kj071uawhg5t93,./out/images/cla820gn5s6kj071uawhg5t93.jpg,True
cla820gn5s6kn071u8pacbjav,./out/images/cla820gn5s6kn071u8pacbjav.jpg,True
cla820gn5s6kr071ue6jighxj,./out/images/cla820gn5s6kr071ue6jighxj.jpg,True
cla820gn5s6kv071u3g621gv4,./out/images/cla820gn5s6kv071u3g621gv4.jpg,True
cla820gn5s6kz071u8vnjhh8o,./out/images/cla820gn5s6kz071u8vnjhh8o.jpg,True
cla820gn5s6l3071ugdoc9ujy,./out/images/cla820gn5s6l3071ugdoc9ujy.jpg,True
cla820gn5s6l7071u8vv754ln,./out/images/cla820gn5s6l7071u8vv754ln.jpg,True
cla820gn5s6lb071ugv6jabuo,./out/images/cla820gn5s6lb071ugv6jabuo.jpg,True
cla820gn5s6lf071ufahb4qov,./out/images/cla820gn5s6lf071ufahb4qov.jpg,True
cla820gn5s6lj071ughv62ynq,./out/images/cla820gn5s6lj071ughv62ynq.jpg,True
cla820gn5s6ln071u0vyk3pkt,./out/images/cla820gn5s6ln071u0vyk3pkt.jpg,True
cla820gn5s6lr071u6oieammx,./out/images/cla820gn5s6lr071u6oieammx.jpg,True
cla820gn6s6lv071u6ibw16sz,./out/images/cla820gn6s6lv071u6ibw16sz.jpg,True
cla820gn6s6lz071u7srk70v5,./out/images/cla820gn6s6lz071u7srk70v5.jpg,True
cla820gn6s6m3071uc9mp6sji,./out/images/cla820gn6s6m3071uc9mp6sji.jpg,True
cla820gn6s6m7071u55bo4ffs,./out/images/cla820gn6s6m7071u55bo4ffs.jpg,True
cla820gn6s6mb071u3iwgd8n2,./out/images/cla820gn6s6mb071u3iwgd8n2.jpg,True
cla820gn6s6mf071uftqbgg3l,./out/images/cla820gn6s6mf071uftqbgg3l.jpg,True
cla820gn6s6mj071ufu065dcx,./out/images/cla820gn6s6mj071ufu065dcx.jpg,True
cla820gn6s6mn071u60h6fss6,./out/images/cla820gn6s6mn071u60h6fss6.jpg,True
cla820gn6s6mr071u3jesgrht,./out/images/cla820gn6s6mr071u3jesgrht.jpg,True
cla820gn6s6mv071uewiqd3xo,./out/images/cla820gn6s6mv071uewiqd3xo.jpg,True
cla820gn7s6mz071u3ofuh8bs,./out/images/cla820gn7s6mz071u3ofuh8bs.jpg,True
cla820gn7s6n3071udc5324za,./out/images/cla820gn7s6n3071udc5324za.jpg,True
cla820gn7s6n7071ud7xg2k8v,./out/images/cla820gn7s6n7071ud7xg2k8v.jpg,True
cla820gn7s6nb071u382u7155,./out/images/cla820gn7s6nb071u382u7155.jpg,True
cla820gn7s6nf071u7txg9xwi,./out/images/cla820gn7s6nf071u7txg9xwi.jpg,True
cla820gn7s6nj071u6ox5563e,./out/images/cla820gn7s6nj071u6ox5563e.jpg,True
cla820gn7s6nn071u689g17m8,./out/images/cla820gn7s6nn071u689g17m8.jpg,True
cla820gn7s6nr071u0onh2amg,./out/images/cla820gn7s6nr071u0onh2amg.jpg,True
cla820gn7s6nv071udtpk00fo,./out/images/cla820gn7s6nv071udtpk00fo.jpg,True
cla820gn7s6nz071ucibt4ct0,./out/images/cla820gn7s6nz071ucibt4ct0.jpg,True
cla820gn7s6o3071u48ukegv2,./out/images/cla820gn7s6o3071u48ukegv2.jpg,True
cla820gn7s6o7071ucxfnd1dy,./out/images/cla820gn7s6o7071ucxfnd1dy.jpg,True
cla820gn8s6ob071u6v46ah6z,./out/images/cla820gn8s6ob071u6v46ah6z.jpg,True
cla820gn8s6of071u5bae3ift,./out/images/cla820gn8s6of071u5bae3ift.jpg,True
cla820gn8s6oj071u2rjydjgb,./out/images/cla820gn8s6oj071u2rjydjgb.jpg,True
cla820gn8s6on071u6qp05n45,./out/images/cla820gn8s6on071u6qp05n45.jpg,True
cla820gn8s6or071u786c9nd0,./out/images/cla820gn8s6or071u786c9nd0.jpg,True
cla820gn8s6ov071u3wbifj86,./out/images/cla820gn8s6ov071u3wbifj86.jpg,True
cla820gn8s6oz071u9rtd5ve1,./out/images/cla820gn8s6oz071u9rtd5ve1.jpg,True
cla820gn8s6p3071u4m5yajd3,./out/images/cla820gn8s6p3071u4m5yajd3.jpg,True
cla820gn8s6p7071u0a2bcv1n,./out/images/cla820gn8s6p7071u0a2bcv1n.jpg,True
cla820gn8s6pb071ubvughf2p,./out/images/cla820gn8s6pb071ubvughf2p.jpg,True
cla820gn8s6pf071u3k5p1n83,./out/images/cla820gn8s6pf071u3k5p1n83.jpg,True
cla820gn8s6pj071u62zg5j20,./out/images/cla820gn8s6pj071u62zg5j20.jpg,True
cla820gn8s6pn071u98pkb1ku,./out/images/cla820gn8s6pn071u98pkb1ku.jpg,True
cla820gn8s6pr071uaw0qdq4x,./out/images/cla820gn8s6pr071uaw0qdq4x.jpg,True
cla820gn9s6pv071u36npapxb,./out/images/cla820gn9s6pv071u36npapxb.jpg,True
cla820gn9s6pz071uhblk0r4p,./out/images/cla820gn9s6pz071uhblk0r4p.jpg,True
cla820gn9s6q3071u1ntnad6g,./out/images/cla820gn9s6q3071u1ntnad6g.jpg,True
cla820gn9s6q7071u0z5ifasv,./out/images/cla820gn9s6q7071u0z5ifasv.jpg,True
cla820gn9s6qb071u0fu8c077,./out/images/cla820gn9s6qb071u0fu8c077.jpg,True
cla820gn9s6qf071u7p31bq1g,./out/images/cla820gn9s6qf071u7p31bq1g.jpg,True
cla820gn9s6qj071u0dyq6axe,./out/images/cla820gn9s6qj071u0dyq6axe.jpg,True
cla820gn9s6qn071u6imo4s20,./out/images/cla820gn9s6qn071u6imo4s20.jpg,True
cla820gn9s6qr071u7jpp60l3,./out/images/cla820gn9s6qr071u7jpp60l3.jpg,True
cla820gn9s6qv071u23moamvc,./out/images/cla820gn9s6qv071u23moamvc.jpg,True
cl8k2u1pm1dw7083203g1b7yv,./out/images/cl8k2u1pm1dw7083203g1b7yv.jpg,True
cl8k2u1pm1dwb08325rls8okr,./out/images/cl8k2u1pm1dwb08325rls8okr.jpg,True
cl8k2u1pn1dwf08320ke7bzr0,./out/images/cl8k2u1pn1dwf08320ke7bzr0.jpg,True
cl8k2u1pn1dwj0832bf4714ye,./out/images/cl8k2u1pn1dwj0832bf4714ye.jpg,True
cl8k2u1pn1dwn083249fm9awa,./out/images/cl8k2u1pn1dwn083249fm9awa.jpg,True
cl8k2u1pn1dwr0832doqga81v,./out/images/cl8k2u1pn1dwr0832doqga81v.jpg,True
cl8k2u1pn1dwv0832fxargun1,./out/images/cl8k2u1pn1dwv0832fxargun1.jpg,True
cl8k2u1pn1dwz0832dxf2cxb5,./out/images/cl8k2u1pn1dwz0832dxf2cxb5.jpg,True
cl8k2u1pn1dx3083225dq7yx3,./out/images/cl8k2u1pn1dx3083225dq7yx3.jpg,True
cl8k2u1pn1dx708328o6h7alj,./out/images/cl8k2u1pn1dx708328o6h7alj.jpg,True
cl8k2u1pn1dxb0832dcxd14tf,./out/images/cl8k2u1pn1dxb0832dcxd14tf.jpg,True
cl8k2u1pn1dxf083248iz2qqy,./out/images/cl8k2u1pn1dxf083248iz2qqy.jpg,True
cl8k2u1po1dxj0832cfis0nt5,./out/images/cl8k2u1po1dxj0832cfis0nt5.jpg,True
cl8k2u1po1dxn08328vz50fyd,./out/images/cl8k2u1po1dxn08328vz50fyd.jpg,True
cl8k2u1po1dxr0832134h89bv,./out/images/cl8k2u1po1dxr0832134h89bv.jpg,True
cl8k2u1po1dxv0832hfbd4akk,./out/images/cl8k2u1po1dxv0832hfbd4akk.jpg,True
cl8k2u1po1dxz0832h21a6yz1,./out/images/cl8k2u1po1dxz0832h21a6yz1.jpg,True
cl8k2u1po1dy308326selej7w,./out/images/cl8k2u1po1dy308326selej7w.jpg,True
cl8k2u1po1dy70832egig31sq,./out/images/cl8k2u1po1dy70832egig31sq.jpg,True
cl8k2u1po1dyb0832f8wtf3lt,./out/images/cl8k2u1po1dyb0832f8wtf3lt.jpg,True
cl8k2u1po1dyf08328p936k73,./out/images/cl8k2u1po1dyf08328p936k73.jpg,True
cl8k2u1po1dyj08325qvkfpfy,./out/images/cl8k2u1po1dyj08325qvkfpfy.jpg,True
cl8k2u1po1dyn0832byx3bwvg,./out/images/cl8k2u1po1dyn0832byx3bwvg.jpg,True
cl8k2u1pr1dyr08321l8h66jv,./out/images/cl8k2u1pr1dyr08321l8h66jv.jpg,True
cl8k2u1pr1dyv08325mgz8gxa,./out/images/cl8k2u1pr1dyv08325mgz8gxa.jpg,True
cl8k2u1pr1dyz08326xv82liv,./out/images/cl8k2u1pr1dyz08326xv82liv.jpg,True
cl8k2u1pr1dz3083207epgrr5,./out/images/cl8k2u1pr1dz3083207epgrr5.jpg,True
cl8k2u1pr1dz708324vqggbpb,./out/images/cl8k2u1pr1dz708324vqggbpb.jpg,True
cl8k2u1pr1dzf08320rla73o6,./out/images/cl8k2u1pr1dzf08320rla73o6.jpg,True
cl8k2u1pr1dzj0832a0plcwg6,./out/images/cl8k2u1pr1dzj0832a0plcwg6.jpg,True
cl8k2u1pr1dzn0832dry8fwxi,./out/images/cl8k2u1pr1dzn0832dry8fwxi.jpg,True
cl8k2u1pr1dzr0832c1qycjxl,./out/images/cl8k2u1pr1dzr0832c1qycjxl.jpg,True
cl8k2u1ps1dzv08329o692tku,./out/images/cl8k2u1ps1dzv08329o692tku.jpg,True
cl8k2u1ps1dzz083243a1aigt,./out/images/cl8k2u1ps1dzz083243a1aigt.jpg,True
cl8k2u1ps1e0308323868bh89,./out/images/cl8k2u1ps1e0308323868bh89.jpg,True
cl8k2u1ps1e070832fslughdh,./out/images/cl8k2u1ps1e070832fslughdh.jpg,True
cl8k2u1ps1e0b08329arp8xig,./out/images/cl8k2u1ps1e0b08329arp8xig.jpg,True
cl8k2u1ps1e0f0832c8tj1flj,./out/images/cl8k2u1ps1e0f0832c8tj1flj.jpg,True
cl8k2u1ps1e0j08323pcy2z2o,./out/images/cl8k2u1ps1e0j08323pcy2z2o.jpg,True
cl8k2u1ps1e0n08326piz4irf,./out/images/cl8k2u1ps1e0n08326piz4irf.jpg,True
cl8k2u1ps1e0r08324assa60v,./out/images/cl8k2u1ps1e0r08324assa60v.jpg,True
cl8k2u1ps1e0v08324ytcbxrm,./out/images/cl8k2u1ps1e0v08324ytcbxrm.jpg,True
cl8k2u1ps1e0z0832ex969caq,./out/images/cl8k2u1ps1e0z0832ex969caq.jpg,True
cl8k2u1ps1e130832e6zr6ypo,./out/images/cl8k2u1ps1e130832e6zr6ypo.jpg,True
cl8k2u1pt1e170832g25vgahp,./out/images/cl8k2u1pt1e170832g25vgahp.jpg,True
cl8k2u1pt1e1b0832cbbuemcc,./out/images/cl8k2u1pt1e1b0832cbbuemcc.jpg,True
cl8k2u1pt1e1f08326fbobch9,./out/images/cl8k2u1pt1e1f08326fbobch9.jpg,True
cl8k2u1pt1e1j08323lfq47ic,./out/images/cl8k2u1pt1e1j08323lfq47ic.jpg,True
cl8k2u1pt1e1n0832b17wgk0n,./out/images/cl8k2u1pt1e1n0832b17wgk0n.jpg,True
cl8k2u1pt1e1r083272oqahsv,./out/images/cl8k2u1pt1e1r083272oqahsv.jpg,True
cl8k2u1pt1e1v08321o7yh9h7,./out/images/cl8k2u1pt1e1v08321o7yh9h7.jpg,True
cl8k2u1pt1e1z0832f9g543sa,./out/images/cl8k2u1pt1e1z0832f9g543sa.jpg,True
cl8k2u1pt1e230832e7xl2t9h,./out/images/cl8k2u1pt1e230832e7xl2t9h.jpg,True
cl8k2u1pt1e270832g6ztan9m,./out/images/cl8k2u1pt1e270832g6ztan9m.jpg,True
cl8k2u1pt1e2b08328z8k7797,./out/images/cl8k2u1pt1e2b08328z8k7797.jpg,True
cl8k2u1pt1e2f0832e4gz80vq,./out/images/cl8k2u1pt1e2f0832e4gz80vq.jpg,True
cl8k2u1pt1e2j08323sseb87a,./out/images/cl8k2u1pt1e2j08323sseb87a.jpg,True
cl8k2u1pt1e2n08325qrnc6j4,./out/images/cl8k2u1pt1e2n08325qrnc6j4.jpg,True
cl8k2u1pu1e2r0832cj7y2zv9,./out/images/cl8k2u1pu1e2r0832cj7y2zv9.jpg,True
cl8k2u1pu1e2v083219l797nz,./out/images/cl8k2u1pu1e2v083219l797nz.jpg,True
cl8k2u1pu1e2z0832adw0h64p,./out/images/cl8k2u1pu1e2z0832adw0h64p.jpg,True
cl8k2u1pu1e330832d2263hab,./out/images/cl8k2u1pu1e330832d2263hab.jpg,True
cl8k2u1pu1e37083257oa5xt6,./out/images/cl8k2u1pu1e37083257oa5xt6.jpg,True
cl8k2u1pu1e3b0832blgn4zyw,./out/images/cl8k2u1pu1e3b0832blgn4zyw.jpg,True
cl8k2u1pu1e3f0832bvfz308g,./out/images/cl8k2u1pu1e3f0832bvfz308g.jpg,True
cl8k2u1pu1e3j083227mqg1v1,./out/images/cl8k2u1pu1e3j083227mqg1v1.jpg,True
cl8k2u1pu1e3n08320i6j9v05,./out/images/cl8k2u1pu1e3n08320i6j9v05.jpg,True
cl8k2u1pu1e3r0832dzrhb5vl,./out/images/cl8k2u1pu1e3r0832dzrhb5vl.jpg,True
cl8k2u1pu1e3v083257f95du5,./out/images/cl8k2u1pu1e3v083257f95du5.jpg,True
cl8k2u1pu1e3z0832boad4onn,./out/images/cl8k2u1pu1e3z0832boad4onn.jpg,True
cl8k2u1pu1e430832btgn5x3n,./out/images/cl8k2u1pu1e430832btgn5x3n.jpg,True
cl8k2u1pv1e470832evgoggt2,./out/images/cl8k2u1pv1e470832evgoggt2.jpg,True
cl8k2u1pv1e4b08329veufzqc,./out/images/cl8k2u1pv1e4b08329veufzqc.jpg,True
cl8k2u1pv1e4f083272uw5omo,./out/images/cl8k2u1pv1e4f083272uw5omo.jpg,True
cl8k2u1pv1e4j08320fao8oka,./out/images/cl8k2u1pv1e4j08320fao8oka.jpg,True
cl8k2u1pv1e4n08323tzb6xhv,./out/images/cl8k2u1pv1e4n08323tzb6xhv.jpg,True
cl8k2u1pv1e4r0832azyteua7,./out/images/cl8k2u1pv1e4r0832azyteua7.jpg,True
cl8k2u1pv1e4v0832ap412ikk,./out/images/cl8k2u1pv1e4v0832ap412ikk.jpg,True
cl8k2u1pv1e4z08320vbv6jzb,./out/images/cl8k2u1pv1e4z08320vbv6jzb.jpg,True
cl8k2u1pv1e5308321o5varwu,./out/images/cl8k2u1pv1e5308321o5varwu.jpg,True
cl8k2u1pv1e57083200ct6zwx,./out/images/cl8k2u1pv1e57083200ct6zwx.jpg,True
cl8k2u1pv1e5b083222q89vg0,./out/images/cl8k2u1pv1e5b083222q89vg0.jpg,True
cl8k2u1pv1e5f08322hgfdcr8,./out/images/cl8k2u1pv1e5f08322hgfdcr8.jpg,True
cl8k2u1pv1e5j08325pk11s24,./out/images/cl8k2u1pv1e5j08325pk11s24.jpg,True
cl8k2u1pv1e5n0832aleaed6k,./out/images/cl8k2u1pv1e5n0832aleaed6k.jpg,True
cl8k2u1pw1e5r08322cg698b1,./out/images/cl8k2u1pw1e5r08322cg698b1.jpg,True
cl8k2u1pw1e5v083266q9ffow,./out/images/cl8k2u1pw1e5v083266q9ffow.jpg,True
cl8k2u1pw1e5z0832fnx6fk8m,./out/images/cl8k2u1pw1e5z0832fnx6fk8m.jpg,True
cl8k2u1pw1e630832gpep1vjw,./out/images/cl8k2u1pw1e630832gpep1vjw.jpg,True
cl8k2u1pw1e6708323y1papdi,./out/images/cl8k2u1pw1e6708323y1papdi.jpg,True
cl8k2u1pw1e6b0832543j3n92,./out/images/cl8k2u1pw1e6b0832543j3n92.jpg,True
cl8k2u1pw1e6f0832g26obqdx,./out/images/cl8k2u1pw1e6f0832g26obqdx.jpg,True
cl8k2u1pw1e6j0832cvtlam9l,./out/images/cl8k2u1pw1e6j0832cvtlam9l.jpg,True
cl8k2u1pw1e6n0832bvpu2oxu,./out/images/cl8k2u1pw1e6n0832bvpu2oxu.jpg,True
cl8k2u1pw1e6r08328n433bxp,./out/images/cl8k2u1pw1e6r08328n433bxp.jpg,True
cl8k2u1pw1e6v08328gso103e,./out/images/cl8k2u1pw1e6v08328gso103e.jpg,True
cl8k2u1pw1e6z0832bfu79zmh,./out/images/cl8k2u1pw1e6z0832bfu79zmh.jpg,True
cl8k2u1pw1e730832dyus11py,./out/images/cl8k2u1pw1e730832dyus11py.jpg,True
cl8k2u1px1e770832dlnb3mpn,./out/images/cl8k2u1px1e770832dlnb3mpn.jpg,True
cl8k2u1px1e7b08320si56wb4,./out/images/cl8k2u1px1e7b08320si56wb4.jpg,True
cl8k2u1px1e7f0832f48wf38s,./out/images/cl8k2u1px1e7f0832f48wf38s.jpg,True
cl8k2u1px1e7j08325gb95stn,./out/images/cl8k2u1px1e7j08325gb95stn.jpg,True
cl8k2u1px1e7n0832e7p6db2g,./out/images/cl8k2u1px1e7n0832e7p6db2g.jpg,True
cl8k2u1px1e7r083210068epn,./out/images/cl8k2u1px1e7r083210068epn.jpg,True
cl8k2u1px1e7v0832316abodr,./out/images/cl8k2u1px1e7v0832316abodr.jpg,True
cl8k2u1px1e7z08326ebdarzx,./out/images/cl8k2u1px1e7z08326ebdarzx.jpg,True
cl8k2u1px1e8308329t0wbs66,./out/images/cl8k2u1px1e8308329t0wbs66.jpg,True
cl8k2u1px1e8708320vdq1kuv,./out/images/cl8k2u1px1e8708320vdq1kuv.jpg,True
cl8k2u1px1e8b083244g2dy4d,./out/images/cl8k2u1px1e8b083244g2dy4d.jpg,True
cl8k2u1py1e8f08325uen9bfr,./out/images/cl8k2u1py1e8f08325uen9bfr.jpg,True
cl8k2u1py1e8j0832618n9noj,./out/images/cl8k2u1py1e8j0832618n9noj.jpg,True
cl8k2u1py1e8n08329e9y1aoy,./out/images/cl8k2u1py1e8n08329e9y1aoy.jpg,True
cl8k2u1py1e8r08323sf5264i,./out/images/cl8k2u1py1e8r08323sf5264i.jpg,True
cl8k2u1py1e8v0832668b8xf5,./out/images/cl8k2u1py1e8v0832668b8xf5.jpg,True
cl8k2u1py1e8z0832gv1t14hb,./out/images/cl8k2u1py1e8z0832gv1t14hb.jpg,True
cl8k2u1py1e9308326u24066y,./out/images/cl8k2u1py1e9308326u24066y.jpg,True
cl8k2u1py1e970832b2trgjim,./out/images/cl8k2u1py1e970832b2trgjim.jpg,True
cl8k2u1py1e9b0832a87laday,./out/images/cl8k2u1py1e9b0832a87laday.jpg,True
cl8k2u1py1e9f0832huuagy4t,./out/images/cl8k2u1py1e9f0832huuagy4t.jpg,True
cl8k2u1py1e9j0832eo7z5beh,./out/images/cl8k2u1py1e9j0832eo7z5beh.jpg,True
cl8k2u1py1e9n08323ib9897h,./out/images/cl8k2u1py1e9n08323ib9897h.jpg,True
cl8k2u1py1e9r08323mc42jhg,./out/images/cl8k2u1py1e9r08323mc42jhg.jpg,True
cl8k2u1pz1e9v0832ejsrguso,./out/images/cl8k2u1pz1e9v0832ejsrguso.jpg,True
cl8k2u1pz1e9z083290wz8o35,./out/images/cl8k2u1pz1e9z083290wz8o35.jpg,True
cl8k2u1pz1ea308323j5wb41g,./out/images/cl8k2u1pz1ea308323j5wb41g.jpg,True
cl8k2u1pz1ea708329z6gb5qy,./out/images/cl8k2u1pz1ea708329z6gb5qy.jpg,True
cl8k2u1pz1eab08320whn998o,./out/images/cl8k2u1pz1eab08320whn998o.jpg,True
cl8k2u1pz1eaf083297p0e991,./out/images/cl8k2u1pz1eaf083297p0e991.jpg,True
cl8k2u1pz1eaj0832hhgb1la2,./out/images/cl8k2u1pz1eaj0832hhgb1la2.jpg,True
cl8k2u1pz1ean083282b5as79,./out/images/cl8k2u1pz1ean083282b5as79.jpg,True
cl8k2u1pz1ear08321pgl9r9q,./out/images/cl8k2u1pz1ear08321pgl9r9q.jpg,True
cl8k2u1pz1eav0832c1f9dw06,./out/images/cl8k2u1pz1eav0832c1f9dw06.jpg,True
cl8k2u1pz1eaz0832c6w8a7jf,./out/images/cl8k2u1pz1eaz0832c6w8a7jf.jpg,True
cl8k2u1q01eb308328dan22ew,./out/images/cl8k2u1q01eb308328dan22ew.jpg,True
cl8k2u1q01eb70832b47m8x2x,./out/images/cl8k2u1q01eb70832b47m8x2x.jpg,True
cl8k2u1q01ebb083259ia67bc,./out/images/cl8k2u1q01ebb083259ia67bc.jpg,True
cl8k2u1q01ebf08326bac5728,./out/images/cl8k2u1q01ebf08326bac5728.jpg,True
cl8k2u1q01ebj08325e231z0b,./out/images/cl8k2u1q01ebj08325e231z0b.jpg,True
cl8k2u1q01ebn0832688k4271,./out/images/cl8k2u1q01ebn0832688k4271.jpg,True
cl8k2u1q01ebr0832fd3u76ro,./out/images/cl8k2u1q01ebr0832fd3u76ro.jpg,True
cl8k2u1q01ebv08327ebv2khq,./out/images/cl8k2u1q01ebv08327ebv2khq.jpg,True
cl8k2u1q01ebz0832d9l9d8ue,./out/images/cl8k2u1q01ebz0832d9l9d8ue.jpg,True
cl8k2u1q01ec30832areqcwz9,./out/images/cl8k2u1q01ec30832areqcwz9.jpg,True
cl8k2u1q01ec708323dlie4yp,./out/images/cl8k2u1q01ec708323dlie4yp.jpg,True
cl8k2u1q01ecb08326p3166dn,./out/images/cl8k2u1q01ecb08326p3166dn.jpg,True
cl8k2u1q01ecf0832eqal9442,./out/images/cl8k2u1q01ecf0832eqal9442.jpg,True
cl8k2u1q11ecj08323ulwg7tb,./out/images/cl8k2u1q11ecj08323ulwg7tb.jpg,True
cl8k2u1q11ecn0832hsff9pki,./out/images/cl8k2u1q11ecn0832hsff9pki.jpg,True
cl8k2u1q11ecr08329zda1wqw,./out/images/cl8k2u1q11ecr08329zda1wqw.jpg,True
cl8k2u1q11ecv0832cxfu6h2s,./out/images/cl8k2u1q11ecv0832cxfu6h2s.jpg,True
cl8k2u1q11ecz0832aiabe6s4,./out/images/cl8k2u1q11ecz0832aiabe6s4.jpg,True
cl8k2u1q11ed308325s9fhkyp,./out/images/cl8k2u1q11ed308325s9fhkyp.jpg,True
cl8k2u1q11ed70832c6r9g98q,./out/images/cl8k2u1q11ed70832c6r9g98q.jpg,True
cl8k2u1q11edb08321lvz4fee,./out/images/cl8k2u1q11edb08321lvz4fee.jpg,True
cl8k2u1q11edf0832ec1i559j,./out/images/cl8k2u1q11edf0832ec1i559j.jpg,True
cl8k2u1q11edj0832h6co9gqj,./out/images/cl8k2u1q11edj0832h6co9gqj.jpg,True
cl8k2u1q11edn0832arm43l15,./out/images/cl8k2u1q11edn0832arm43l15.jpg,True
cl8k2u1q21edr08324dla53fn,./out/images/cl8k2u1q21edr08324dla53fn.jpg,True
cl8k2u1q21edv08329nobdqci,./out/images/cl8k2u1q21edv08329nobdqci.jpg,True
cl8k2u1q21edz08324ekn60rh,./out/images/cl8k2u1q21edz08324ekn60rh.jpg,True
cl8k2u1q21ee30832fg9m145n,./out/images/cl8k2u1q21ee30832fg9m145n.jpg,True
cl8k2u1q21ee708328b027gae,./out/images/cl8k2u1q21ee708328b027gae.jpg,True
cl8k2u1q21eeb08327lxn345o,./out/images/cl8k2u1q21eeb08327lxn345o.jpg,True
cl8k2u1q21eef083211d64tnv,./out/images/cl8k2u1q21eef083211d64tnv.jpg,True
cl8k2u1q21eej0832af3i84sx,./out/images/cl8k2u1q21eej0832af3i84sx.jpg,True
cl8k2u1q21een0832hbnr9356,./out/images/cl8k2u1q21een0832hbnr9356.jpg,True
cl8k2u1q21eer0832g5da47u4,./out/images/cl8k2u1q21eer0832g5da47u4.jpg,True
cl8k2u1q21eev0832gm2j64j6,./out/images/cl8k2u1q21eev0832gm2j64j6.jpg,True
cl8k2u1q21eez08326g2d1scs,./out/images/cl8k2u1q21eez08326g2d1scs.jpg,True
cl8k2u1q21ef3083281hg99ik,./out/images/cl8k2u1q21ef3083281hg99ik.jpg,True
cl8k2u1q21ef7083260rzdp9o,./out/images/cl8k2u1q21ef7083260rzdp9o.jpg,True
cl8k2u1q31efb0832apn9909p,./out/images/cl8k2u1q31efb0832apn9909p.jpg,True
cl8k2u1q31eff08320kg50b9m,./out/images/cl8k2u1q31eff08320kg50b9m.jpg,True
cl8k2u1q31efj0832a7efdbm1,./out/images/cl8k2u1q31efj0832a7efdbm1.jpg,True
cl8k2u1q31efn08327zz3hzqc,./out/images/cl8k2u1q31efn08327zz3hzqc.jpg,True
cl8k2u1q31efr0832hki0d592,./out/images/cl8k2u1q31efr0832hki0d592.jpg,True
cl8k2u1q31efv08328avgbbq2,./out/images/cl8k2u1q31efv08328avgbbq2.jpg,True
cl8k2u1q31efz08328g8s2dq9,./out/images/cl8k2u1q31efz08328g8s2dq9.jpg,True
cl8k2u1q31eg308325gaabrwa,./out/images/cl8k2u1q31eg308325gaabrwa.jpg,True
cl8k2u1q31eg708329lf9hkmv,./out/images/cl8k2u1q31eg708329lf9hkmv.jpg,True
cl8k2u1q31egb0832avcx7vzs,./out/images/cl8k2u1q31egb0832avcx7vzs.jpg,True
cl8k2u1q31egf0832a34z2u29,./out/images/cl8k2u1q31egf0832a34z2u29.jpg,True
cl8k2u1q31egj08320u98dp6e,./out/images/cl8k2u1q31egj08320u98dp6e.jpg,True
cl8k2u1q31egn08328zhldsq9,./out/images/cl8k2u1q31egn08328zhldsq9.jpg,True
cl8k2u1q31egr0832cjtpdq9u,./out/images/cl8k2u1q31egr0832cjtpdq9u.jpg,True
cl8k2u1q41egv08327l2wfa9u,./out/images/cl8k2u1q41egv08327l2wfa9u.jpg,True
cl8k2u1q41egz08329yg05iml,./out/images/cl8k2u1q41egz08329yg05iml.jpg,True
cl8k2u1q41eh3083264l5ejih,./out/images/cl8k2u1q41eh3083264l5ejih.jpg,True
cl8k2u1q41eh70832e59jh9e0,./out/images/cl8k2u1q41eh70832e59jh9e0.jpg,True
cl8k2u1q41ehb0832et2v2p9t,./out/images/cl8k2u1q41ehb0832et2v2p9t.jpg,True
cl8k2u1q41ehf08327dkn0wfx,./out/images/cl8k2u1q41ehf08327dkn0wfx.jpg,True
cl8k2u1q41ehj0832d31f9acd,./out/images/cl8k2u1q41ehj0832d31f9acd.jpg,True
cl8k2u1q41ehn08323yd3a1gq,./out/images/cl8k2u1q41ehn08323yd3a1gq.jpg,True
cl8k2u1q41ehr0832aze8a3c5,./out/images/cl8k2u1q41ehr0832aze8a3c5.jpg,True
cl8k2u1q41ehv0832hvlce83a,./out/images/cl8k2u1q41ehv0832hvlce83a.jpg,True
cl8k2u1q41ehz0832af7j79hp,./out/images/cl8k2u1q41ehz0832af7j79hp.jpg,True
cl8k2u1q41ei308324h7dbir8,./out/images/cl8k2u1q41ei308324h7dbir8.jpg,True
cl8k2u1q41ei70832g763g0hx,./out/images/cl8k2u1q41ei70832g763g0hx.jpg,True
cl8k2u1q41eib0832151yg688,./out/images/cl8k2u1q41eib0832151yg688.jpg,True
cl8k2u1q51eif08321wv3dfaa,./out/images/cl8k2u1q51eif08321wv3dfaa.jpg,True
cl8k2u1q51eij08327gjec6ee,./out/images/cl8k2u1q51eij08327gjec6ee.jpg,True
cl8k2u1q51ein083295lrdgsf,./out/images/cl8k2u1q51ein083295lrdgsf.jpg,True
cl8k2u1q51eir08323kcz5adj,./out/images/cl8k2u1q51eir08323kcz5adj.jpg,True
cl8k2u1q51eiv08326j957i82,./out/images/cl8k2u1q51eiv08326j957i82.jpg,True
cl8k2u1q51eiz08322qkyaaye,./out/images/cl8k2u1q51eiz08322qkyaaye.jpg,True
cl8k2u1q51ej30832bag0auu1,./out/images/cl8k2u1q51ej30832bag0auu1.jpg,True
cl8k2u1q51ej7083275gsbyd7,./out/images/cl8k2u1q51ej7083275gsbyd7.jpg,True
cl8k2u1q51ejb0832cwyf32qe,./out/images/cl8k2u1q51ejb0832cwyf32qe.jpg,True
cl8k2u1q51ejf0832amo1f5vt,./out/images/cl8k2u1q51ejf0832amo1f5vt.jpg,True
cl8k2u1q51ejj083293wbaf9v,./out/images/cl8k2u1q51ejj083293wbaf9v.jpg,True
cl8k2u1q51ejn08323r71azl9,./out/images/cl8k2u1q51ejn08323r71azl9.jpg,True
cl8k2u1q51ejr0832bwoy8tiu,./out/images/cl8k2u1q51ejr0832bwoy8tiu.jpg,True
cl8k2u1q91ejv08320bcrcp3l,./out/images/cl8k2u1q91ejv08320bcrcp3l.jpg,True
cl8k2u1q91ejz0832654jgqwx,./out/images/cl8k2u1q91ejz0832654jgqwx.jpg,True
cl8k2u1q91ek308324thmchjj,./out/images/cl8k2u1q91ek308324thmchjj.jpg,True
cl8k2u1q91ek70832eg0e908v,./out/images/cl8k2u1q91ek70832eg0e908v.jpg,True
cl8k2u1q91ekb0832138447lf,./out/images/cl8k2u1q91ekb0832138447lf.jpg,True
cl8k2u1q91ekf0832bm4w8g2i,./out/images/cl8k2u1q91ekf0832bm4w8g2i.jpg,True
cl8k2u1qa1ekj08323mynb0zq,./out/images/cl8k2u1qa1ekj08323mynb0zq.jpg,True
cl8k2u1qa1ekn08326w0x5cor,./out/images/cl8k2u1qa1ekn08326w0x5cor.jpg,True
cl8k2u1qa1ekr08327d3n64ns,./out/images/cl8k2u1qa1ekr08327d3n64ns.jpg,True
cl8k2u1qa1ekv08327hblemmg,./out/images/cl8k2u1qa1ekv08327hblemmg.jpg,True
cl8k2u1qa1ekz08324rek2qcv,./out/images/cl8k2u1qa1ekz08324rek2qcv.jpg,True
cl8k2u1qa1el308322t464r8y,./out/images/cl8k2u1qa1el308322t464r8y.jpg,True
cl8k2u1qa1el70832g3l8d7iv,./out/images/cl8k2u1qa1el70832g3l8d7iv.jpg,True
cl8k2u1qa1elb0832f6z8a4lu,./out/images/cl8k2u1qa1elb0832f6z8a4lu.jpg,True
cl8k2u1qa1elf08321ksz430e,./out/images/cl8k2u1qa1elf08321ksz430e.jpg,True
cl8k2u1qa1elj08329yf8alew,./out/images/cl8k2u1qa1elj08329yf8alew.jpg,True
cl8k2u1qa1eln083230laf3p8,./out/images/cl8k2u1qa1eln083230laf3p8.jpg,True
cl8k2u1qa1elr08323qb89xff,./out/images/cl8k2u1qa1elr08323qb89xff.jpg,True
cl8k2u1qa1elv0832a7x7bgpy,./out/images/cl8k2u1qa1elv0832a7x7bgpy.jpg,True
cl8k2u1qa1elz0832cl9bf3sc,./out/images/cl8k2u1qa1elz0832cl9bf3sc.jpg,True
cl8k2u1qb1em30832htfmeuwi,./out/images/cl8k2u1qb1em30832htfmeuwi.jpg,True
cl8k2u1qb1em70832fvve5w18,./out/images/cl8k2u1qb1em70832fvve5w18.jpg,True
cl8k2u1qb1emb083220x33eof,./out/images/cl8k2u1qb1emb083220x33eof.jpg,True
cl8k2u1qb1emf0832hhnhdj47,./out/images/cl8k2u1qb1emf0832hhnhdj47.jpg,True
cl8k2u1qb1emj0832h81ia67l,./out/images/cl8k2u1qb1emj0832h81ia67l.jpg,True
cl8k2u1qb1emn08329of3h1wc,./out/images/cl8k2u1qb1emn08329of3h1wc.jpg,True
cl8k2u1qb1emr0832h6yy6zw4,./out/images/cl8k2u1qb1emr0832h6yy6zw4.jpg,True
cl8k2u1qb1emv08322aufgf0q,./out/images/cl8k2u1qb1emv08322aufgf0q.jpg,True
cl8k2u1qb1emz0832fpzl4hc7,./out/images/cl8k2u1qb1emz0832fpzl4hc7.jpg,True
cl8k2u1qb1en308327234ecbo,./out/images/cl8k2u1qb1en308327234ecbo.jpg,True
cl8k2u1qb1en708329324a35w,./out/images/cl8k2u1qb1en708329324a35w.jpg,True
cl8k2u1qb1enb0832bueg0a7a,./out/images/cl8k2u1qb1enb0832bueg0a7a.jpg,True
cl8k2u1qb1enf0832f23d01gh,./out/images/cl8k2u1qb1enf0832f23d01gh.jpg,True
cl8k2u1qb1enj0832bxe6b7mo,./out/images/cl8k2u1qb1enj0832bxe6b7mo.jpg,True
cl8k2u1qb1enn0832hhhfdpeu,./out/images/cl8k2u1qb1enn0832hhhfdpeu.jpg,True
cl8k2u1qc1enr083259wmdpv6,./out/images/cl8k2u1qc1enr083259wmdpv6.jpg,True
cl8k2u1qc1env0832db6e6bo9,./out/images/cl8k2u1qc1env0832db6e6bo9.jpg,True
cl8k2u1qc1enz08323ez56fwp,./out/images/cl8k2u1qc1enz08323ez56fwp.jpg,True
cl8k2u1qc1eo308322qx60nfq,./out/images/cl8k2u1qc1eo308322qx60nfq.jpg,True
cl8k2u1qc1eo70832h1jaduea,./out/images/cl8k2u1qc1eo70832h1jaduea.jpg,True
cl8k2u1qc1eob08325j4e3zf7,./out/images/cl8k2u1qc1eob08325j4e3zf7.jpg,True
cl8k2u1qc1eof08328fkx645x,./out/images/cl8k2u1qc1eof08328fkx645x.jpg,True
cl8k2u1qc1eoj08324sxtapjo,./out/images/cl8k2u1qc1eoj08324sxtapjo.jpg,True
cl8k2u1qc1eon0832a2x85h2w,./out/images/cl8k2u1qc1eon0832a2x85h2w.jpg,True
cl8k2u1qc1eor08325e6j9lq5,./out/images/cl8k2u1qc1eor08325e6j9lq5.jpg,True
cl8k2u1qc1eov083221k12fra,./out/images/cl8k2u1qc1eov083221k12fra.jpg,True
cl8k2u1qc1eoz0832a7zr2l3t,./out/images/cl8k2u1qc1eoz0832a7zr2l3t.jpg,True
cl8k2u1qc1ep30832ffu71dn0,./out/images/cl8k2u1qc1ep30832ffu71dn0.jpg,True
cl8k2u1qc1ep708329c7t7744,./out/images/cl8k2u1qc1ep708329c7t7744.jpg,True
cl8k2u1qd1epb08329q4w22ch,./out/images/cl8k2u1qd1epb08329q4w22ch.jpg,True
cl8k2u1qd1epf083290jn05a0,./out/images/cl8k2u1qd1epf083290jn05a0.jpg,True
cl8k2u1qd1epj08327rbr0nvb,./out/images/cl8k2u1qd1epj08327rbr0nvb.jpg,True
cl8k2u1qd1epn08327f3r09in,./out/images/cl8k2u1qd1epn08327f3r09in.jpg,True
cl8k2u1qd1epr08324y2de7o6,./out/images/cl8k2u1qd1epr08324y2de7o6.jpg,True
cl8k2u1qd1epv0832bvqu826o,./out/images/cl8k2u1qd1epv0832bvqu826o.jpg,True
cl8k2u1qd1epz08320r3i79i7,./out/images/cl8k2u1qd1epz08320r3i79i7.jpg,True
cl8k2u1qd1eq308325knc3z36,./out/images/cl8k2u1qd1eq308325knc3z36.jpg,True
cl8k2u1qd1eq7083273ek8l01,./out/images/cl8k2u1qd1eq7083273ek8l01.jpg,True
cl8k2u1qd1eqb08321n395ihh,./out/images/cl8k2u1qd1eqb08321n395ihh.jpg,True
cl8k2u1qd1eqf0832a1g004hb,./out/images/cl8k2u1qd1eqf0832a1g004hb.jpg,True
cl8k2u1qd1eqj0832arj00yw7,./out/images/cl8k2u1qd1eqj0832arj00yw7.jpg,True
cl8k2u1qd1eqn08328pyoalj9,./out/images/cl8k2u1qd1eqn08328pyoalj9.jpg,True
cl8k2u1qe1eqr0832ec9eaikw,./out/images/cl8k2u1qe1eqr0832ec9eaikw.jpg,True
cl8k2u1qe1eqv08321jx17e0i,./out/images/cl8k2u1qe1eqv08321jx17e0i.jpg,True
cl8k2u1qe1eqz083270vwe1zp,./out/images/cl8k2u1qe1eqz083270vwe1zp.jpg,True
cl8k2u1qe1er308322x38d4j5,./out/images/cl8k2u1qe1er308322x38d4j5.jpg,True
cl8k2u1qe1er708327ktw8dys,./out/images/cl8k2u1qe1er708327ktw8dys.jpg,True
cl8k2u1qe1erb08322xfmchof,./out/images/cl8k2u1qe1erb08322xfmchof.jpg,True
cl8k2u1qe1erf08322me4a5yv,./out/images/cl8k2u1qe1erf08322me4a5yv.jpg,True
cl8k2u1qe1erj08324s8i042l,./out/images/cl8k2u1qe1erj08324s8i042l.jpg,True
cl8k2u1qe1ern0832hpgj7kgo,./out/images/cl8k2u1qe1ern0832hpgj7kgo.jpg,True
cl8k2u1qe1err0832hp5137b1,./out/images/cl8k2u1qe1err0832hp5137b1.jpg,True
cl8k2u1qe1erv08322xfkdfxq,./out/images/cl8k2u1qe1erv08322xfkdfxq.jpg,True
cl8k2u1qe1erz083248dea2ra,./out/images/cl8k2u1qe1erz083248dea2ra.jpg,True
cl8k2u1qe1es308329s2wgerh,./out/images/cl8k2u1qe1es308329s2wgerh.jpg,True
cl8k2u1qf1es708329w7t4chl,./out/images/cl8k2u1qf1es708329w7t4chl.jpg,True
cl8k2u1qf1esb08327pnb2x68,./out/images/cl8k2u1qf1esb08327pnb2x68.jpg,True
cl8k2u1qf1esf08326xaq7f1x,./out/images/cl8k2u1qf1esf08326xaq7f1x.jpg,True
cl8k2u1qf1esj0832cmfldqj0,./out/images/cl8k2u1qf1esj0832cmfldqj0.jpg,True
cl8k2u1qf1esn08326ec518st,./out/images/cl8k2u1qf1esn08326ec518st.jpg,True
cl8k2u1qf1esr0832am3ha6f6,./out/images/cl8k2u1qf1esr0832am3ha6f6.jpg,True
cl8k2u1qf1esv0832f7w7821y,./out/images/cl8k2u1qf1esv0832f7w7821y.jpg,True
cl8k2u1qf1esz0832hnbt37da,./out/images/cl8k2u1qf1esz0832hnbt37da.jpg,True
cl8k2u1qf1et308327e7ddd3o,./out/images/cl8k2u1qf1et308327e7ddd3o.jpg,True
cl8k2u1qf1et708329xdk2qbb,./out/images/cl8k2u1qf1et708329xdk2qbb.jpg,True
cl8k2u1qf1etb0832g3dpeeyx,./out/images/cl8k2u1qf1etb0832g3dpeeyx.jpg,True
cl8k2u1qf1etf0832exgc96op,./out/images/cl8k2u1qf1etf0832exgc96op.jpg,True
cl8k2u1qf1etj0832chsq1c4g,./out/images/cl8k2u1qf1etj0832chsq1c4g.jpg,True
cl8k2u1qf1etn08323g2b7s2t,./out/images/cl8k2u1qf1etn08323g2b7s2t.jpg,True
cl8k2u1qf1etr0832g1k5358d,./out/images/cl8k2u1qf1etr0832g1k5358d.jpg,True
cl8k2u1qg1etv0832ent6hcrw,./out/images/cl8k2u1qg1etv0832ent6hcrw.jpg,True
cl8k2u1qg1etz08321pkyge50,./out/images/cl8k2u1qg1etz08321pkyge50.jpg,True
cl8k2u1qg1eu308322cm75zii,./out/images/cl8k2u1qg1eu308322cm75zii.jpg,True
cl8k2u1qg1eu70832bucwbqvd,./out/images/cl8k2u1qg1eu70832bucwbqvd.jpg,True
cl8k2u1qg1eub0832226yeboo,./out/images/cl8k2u1qg1eub0832226yeboo.jpg,True
cl8k2u1qg1euf0832gmua4rbq,./out/images/cl8k2u1qg1euf0832gmua4rbq.jpg,True
cl8k2u1qg1euj08322af7h2n5,./out/images/cl8k2u1qg1euj08322af7h2n5.jpg,True
cl8k2u1qg1eun08329w691tb2,./out/images/cl8k2u1qg1eun08329w691tb2.jpg,True
cl8k2u1qg1eur08327ump1pdv,./out/images/cl8k2u1qg1eur08327ump1pdv.jpg,True
cl8k2u1qg1euv0832aufx6yko,./out/images/cl8k2u1qg1euv0832aufx6yko.jpg,True
cl8k2u1qg1euz08321ddwf9bn,./out/images/cl8k2u1qg1euz08321ddwf9bn.jpg,True
cl8k2u1qg1ev30832c0f20yx7,./out/images/cl8k2u1qg1ev30832c0f20yx7.jpg,True
cl8k2u1qg1ev70832hg0k6fco,./out/images/cl8k2u1qg1ev70832hg0k6fco.jpg,True
cl8k2u1qg1evb0832h5cs4mcs,./out/images/cl8k2u1qg1evb0832h5cs4mcs.jpg,True
cl8k2u1qh1evf083295nk05e6,./out/images/cl8k2u1qh1evf083295nk05e6.jpg,True
cl8k2u1qh1evj08327fi0fe1r,./out/images/cl8k2u1qh1evj08327fi0fe1r.jpg,True
cl8k2u1qh1evn0832hvvuf1ba,./out/images/cl8k2u1qh1evn0832hvvuf1ba.jpg,True
cl8k2u1qh1evr08325op6gs1q,./out/images/cl8k2u1qh1evr08325op6gs1q.jpg,True
cl8k2u1qh1evv08327b7a9g92,./out/images/cl8k2u1qh1evv08327b7a9g92.jpg,True
cl8k2u1qh1evz08324f4h7mql,./out/images/cl8k2u1qh1evz08324f4h7mql.jpg,True
cl8k2u1qh1ew3083264oqgn69,./out/images/cl8k2u1qh1ew3083264oqgn69.jpg,True
cl8k2u1qh1ew708324e3xe7p9,./out/images/cl8k2u1qh1ew708324e3xe7p9.jpg,True
cl8k2u1qh1ewb08324ylpcipm,./out/images/cl8k2u1qh1ewb08324ylpcipm.jpg,True
cl8k2u1qh1ewf0832dv9t75fw,./out/images/cl8k2u1qh1ewf0832dv9t75fw.jpg,True
cl8k2u1qh1ewj0832ejytgvxf,./out/images/cl8k2u1qh1ewj0832ejytgvxf.jpg,True
cl8k2u1qh1ewn083268v3cizw,./out/images/cl8k2u1qh1ewn083268v3cizw.jpg,True
cl8k2u1qh1ewr08324259funk,./out/images/cl8k2u1qh1ewr08324259funk.jpg,True
cl8k2u1qh1ewv0832bcn75esl,./out/images/cl8k2u1qh1ewv0832bcn75esl.jpg,True
cl8k2u1qi1ewz083266xn5ymo,./out/images/cl8k2u1qi1ewz083266xn5ymo.jpg,True
cl8k2u1qi1ex308323tj593wx,./out/images/cl8k2u1qi1ex308323tj593wx.jpg,True
cl8k2u1qi1ex7083237wq3fnk,./out/images/cl8k2u1qi1ex7083237wq3fnk.jpg,True
cl8k2u1qi1exb0832b1h51dba,./out/images/cl8k2u1qi1exb0832b1h51dba.jpg,True
cl8k2u1qj1exf0832aav65cug,./out/images/cl8k2u1qj1exf0832aav65cug.jpg,True
cl8k2u1qj1exj08326vlp9nev,./out/images/cl8k2u1qj1exj08326vlp9nev.jpg,True
cl8k2u1qj1exn0832bklgfifk,./out/images/cl8k2u1qj1exn0832bklgfifk.jpg,True
cl8k2u1qj1exr08322dao5t99,./out/images/cl8k2u1qj1exr08322dao5t99.jpg,True
cl8k2u1qj1exv08321mndcpes,./out/images/cl8k2u1qj1exv08321mndcpes.jpg,True
cl8k2u1qj1exz083283vfacxk,./out/images/cl8k2u1qj1exz083283vfacxk.jpg,True
cl8k2u1qk1ey308326dxuddxn,./out/images/cl8k2u1qk1ey308326dxuddxn.jpg,True
cl8k2u1qk1ey70832cye0fh94,./out/images/cl8k2u1qk1ey70832cye0fh94.jpg,True
cl8k2u1qk1eyb0832btf8863x,./out/images/cl8k2u1qk1eyb0832btf8863x.jpg,True
cl8k2u1qk1eyf08320qyzdhhg,./out/images/cl8k2u1qk1eyf08320qyzdhhg.jpg,True
cl8k2u1qk1eyj0832ewk1e8xe,./out/images/cl8k2u1qk1eyj0832ewk1e8xe.jpg,True
cl8k2u1qk1eyn083275c38uo0,./out/images/cl8k2u1qk1eyn083275c38uo0.jpg,True
cl8k2u1qk1eyr0832f0il8my4,./out/images/cl8k2u1qk1eyr0832f0il8my4.jpg,True
cl8k2u1qk1eyv08321syl8v1t,./out/images/cl8k2u1qk1eyv08321syl8v1t.jpg,True
cl8k2u1qk1eyz0832ge6g9d3b,./out/images/cl8k2u1qk1eyz0832ge6g9d3b.jpg,True
cl8k2u1qk1ez308325vmz4em3,./out/images/cl8k2u1qk1ez308325vmz4em3.jpg,True
cl8k2u1qk1ez708323c39firp,./out/images/cl8k2u1qk1ez708323c39firp.jpg,True
cl8k2u1qk1ezb08320izv5egz,./out/images/cl8k2u1qk1ezb08320izv5egz.jpg,True
cl8k2u1qk1ezf0832hd1tci3f,./out/images/cl8k2u1qk1ezf0832hd1tci3f.jpg,True
cl8k2u1qk1ezj08327ys77tv5,./out/images/cl8k2u1qk1ezj08327ys77tv5.jpg,True
cl8k2u1qk1ezn0832fzc5hr77,./out/images/cl8k2u1qk1ezn0832fzc5hr77.jpg,True
cl8k2u1ql1ezr08325pyd56mc,./out/images/cl8k2u1ql1ezr08325pyd56mc.jpg,True
cl8k2u1ql1ezv0832g0tb4wo5,./out/images/cl8k2u1ql1ezv0832g0tb4wo5.jpg,True
cl8k2u1ql1ezz08323k5zgzzb,./out/images/cl8k2u1ql1ezz08323k5zgzzb.jpg,True
cl8k2u1ql1f0308326odv1v14,./out/images/cl8k2u1ql1f0308326odv1v14.jpg,True
cl8k2u1ql1f070832bhio897d,./out/images/cl8k2u1ql1f070832bhio897d.jpg,True
cl8k2u1ql1f0b08324k2b5m4q,./out/images/cl8k2u1ql1f0b08324k2b5m4q.jpg,True
cl8k2u1ql1f0f083228tz65ah,./out/images/cl8k2u1ql1f0f083228tz65ah.jpg,True
cl8k2u1qo1f0j08325r4d2lfp,./out/images/cl8k2u1qo1f0j08325r4d2lfp.jpg,True
cl8k2u1qo1f0n0832hdvldj36,./out/images/cl8k2u1qo1f0n0832hdvldj36.jpg,True
cl8k2u1qo1f0r08325f6l18rt,./out/images/cl8k2u1qo1f0r08325f6l18rt.jpg,True
cl8k2u1qo1f0v0832d3i764dd,./out/images/cl8k2u1qo1f0v0832d3i764dd.jpg,True
cl8k2u1qo1f0z083291h9hlq6,./out/images/cl8k2u1qo1f0z083291h9hlq6.jpg,True
cl8k2u1qp1f1308326g519rp3,./out/images/cl8k2u1qp1f1308326g519rp3.jpg,True
cl8k2u1qp1f170832czrq7tgu,./out/images/cl8k2u1qp1f170832czrq7tgu.jpg,True
cl8k2u1qp1f1b0832e5og40wl,./out/images/cl8k2u1qp1f1b0832e5og40wl.jpg,True
cl8k2u1qp1f1f0832g91z6tmp,./out/images/cl8k2u1qp1f1f0832g91z6tmp.jpg,True
cl8k2u1qp1f1j083208d6ar5i,./out/images/cl8k2u1qp1f1j083208d6ar5i.jpg,True
cl8k2u1qp1f1n0832ffon5q9i,./out/images/cl8k2u1qp1f1n0832ffon5q9i.jpg,True
cl8k2u1qp1f1r08322uy5gky4,./out/images/cl8k2u1qp1f1r08322uy5gky4.jpg,True
cl8k2u1qp1f1v0832ay26a3kl,./out/images/cl8k2u1qp1f1v0832ay26a3kl.jpg,True
cl8k2u1qp1f1z083237048hcc,./out/images/cl8k2u1qp1f1z083237048hcc.jpg,True
cl8k2u1qp1f2308328se14rpa,./out/images/cl8k2u1qp1f2308328se14rpa.jpg,True
cl8k2u1qp1f270832ae0546r5,./out/images/cl8k2u1qp1f270832ae0546r5.jpg,True
cl8k2u1qp1f2b0832fzdi827f,./out/images/cl8k2u1qp1f2b0832fzdi827f.jpg,True
cl8k2u1qp1f2f08323yc29v7y,./out/images/cl8k2u1qp1f2f08323yc29v7y.jpg,True
cl8k2u1qp1f2j083240px7ykd,./out/images/cl8k2u1qp1f2j083240px7ykd.jpg,True
cl8k2u1qq1f2n0832eo3v63aq,./out/images/cl8k2u1qq1f2n0832eo3v63aq.jpg,True
cl8k2u1qq1f2r0832chas6xus,./out/images/cl8k2u1qq1f2r0832chas6xus.jpg,True
cl8k2u1qq1f2v0832ecn3egfr,./out/images/cl8k2u1qq1f2v0832ecn3egfr.jpg,True
cl8k2u1qq1f2z08321wur88n7,./out/images/cl8k2u1qq1f2z08321wur88n7.jpg,True
cl8k2u1qq1f330832hwyu7xde,./out/images/cl8k2u1qq1f330832hwyu7xde.jpg,True
cl8k2u1qq1f37083281el3ozw,./out/images/cl8k2u1qq1f37083281el3ozw.jpg,True
cl8k2u1qq1f3b08326y0hh1pl,./out/images/cl8k2u1qq1f3b08326y0hh1pl.jpg,True
cl8k2u1qq1f3f0832gepcg3n4,./out/images/cl8k2u1qq1f3f0832gepcg3n4.jpg,True
cl8k2u1qq1f3j083237z6edgb,./out/images/cl8k2u1qq1f3j083237z6edgb.jpg,True
cl8k2u1qq1f3n08325d33cse7,./out/images/cl8k2u1qq1f3n08325d33cse7.jpg,True
cl8k2u1qq1f3r0832bhibea15,./out/images/cl8k2u1qq1f3r0832bhibea15.jpg,True
cl8k2u1qq1f3v08328tlx3cof,./out/images/cl8k2u1qq1f3v08328tlx3cof.jpg,True
cl8k2u1qq1f3z0832cckp504i,./out/images/cl8k2u1qq1f3z0832cckp504i.jpg,True
cl8k2u1qq1f430832679yejq4,./out/images/cl8k2u1qq1f430832679yejq4.jpg,True
cl8k2u1qq1f47083204hhglxt,./out/images/cl8k2u1qq1f47083204hhglxt.jpg,True
cl8k2u1qq1f4b08323ks0c6ob,./out/images/cl8k2u1qq1f4b08323ks0c6ob.jpg,True
cl8k2u1qr1f4f0832gm1oaw8q,./out/images/cl8k2u1qr1f4f0832gm1oaw8q.jpg,True
cl8k2u1qr1f4j0832dt8b6tzl,./out/images/cl8k2u1qr1f4j0832dt8b6tzl.jpg,True
cl8k2u1qr1f4n0832dism28mc,./out/images/cl8k2u1qr1f4n0832dism28mc.jpg,True
cl8k2u1qr1f4r08323y3d4mne,./out/images/cl8k2u1qr1f4r08323y3d4mne.jpg,True
cl8k2u1qr1f4v08324wmi61zd,./out/images/cl8k2u1qr1f4v08324wmi61zd.jpg,True
cl8k2u1qr1f4z083257luhycc,./out/images/cl8k2u1qr1f4z083257luhycc.jpg,True
cl8k2u1qr1f5308328z7m0aao,./out/images/cl8k2u1qr1f5308328z7m0aao.jpg,True
cl8k2u1qr1f570832hyj7h0oa,./out/images/cl8k2u1qr1f570832hyj7h0oa.jpg,True
cl8k2u1qr1f5b083206pj0825,./out/images/cl8k2u1qr1f5b083206pj0825.jpg,True
cl8k2u1qr1f5f0832e3dp3j1n,./out/images/cl8k2u1qr1f5f0832e3dp3j1n.jpg,True
cl8k2u1qr1f5j08325e5i8d1w,./out/images/cl8k2u1qr1f5j08325e5i8d1w.jpg,True
cl8k2u1qr1f5n0832ex1i1hql,./out/images/cl8k2u1qr1f5n0832ex1i1hql.jpg,True
cl8k2u1qr1f5r0832h09pejru,./out/images/cl8k2u1qr1f5r0832h09pejru.jpg,True
cl8k2u1qr1f5v0832443d3ywg,./out/images/cl8k2u1qr1f5v0832443d3ywg.jpg,True
cl8k2u1qs1f5z0832ebvpdca4,./out/images/cl8k2u1qs1f5z0832ebvpdca4.jpg,True
cl8k2u1qs1f63083240yndfq7,./out/images/cl8k2u1qs1f63083240yndfq7.jpg,True
cl8k2u1qs1f6708324m51fgi8,./out/images/cl8k2u1qs1f6708324m51fgi8.jpg,True
cl8k2u1qs1f6b0832by4sd9wa,./out/images/cl8k2u1qs1f6b0832by4sd9wa.jpg,True
cl8k2u1qs1f6f0832arqr8c3u,./out/images/cl8k2u1qs1f6f0832arqr8c3u.jpg,True
cl8k2u1qs1f6j0832da9g3eyh,./out/images/cl8k2u1qs1f6j0832da9g3eyh.jpg,True
cl8k2u1qs1f6n0832alp6dpz5,./out/images/cl8k2u1qs1f6n0832alp6dpz5.jpg,True
cl8k2u1qs1f6r0832f6pa42lz,./out/images/cl8k2u1qs1f6r0832f6pa42lz.jpg,True
cl8k2u1qs1f6v08325d88g61r,./out/images/cl8k2u1qs1f6v08325d88g61r.jpg,True
cl8k2u1qs1f6z083208yghik0,./out/images/cl8k2u1qs1f6z083208yghik0.jpg,True
cl8k2u1qs1f7308320i3rbxw7,./out/images/cl8k2u1qs1f7308320i3rbxw7.jpg,True
cl8k2u1qs1f770832396edmyu,./out/images/cl8k2u1qs1f770832396edmyu.jpg,True
cl8k2u1qs1f7b08323rvo6gmh,./out/images/cl8k2u1qs1f7b08323rvo6gmh.jpg,True
cl8k2u1qs1f7f083203lg2dsi,./out/images/cl8k2u1qs1f7f083203lg2dsi.jpg,True
cl8k2u1qt1f7j083255togb2f,./out/images/cl8k2u1qt1f7j083255togb2f.jpg,True
cl8k2u1qt1f7n08329epmbzpa,./out/images/cl8k2u1qt1f7n08329epmbzpa.jpg,True
cl8k2u1qt1f7r08323i9bfggi,./out/images/cl8k2u1qt1f7r08323i9bfggi.jpg,True
cl8k2u1qt1f7v08322bld3wb2,./out/images/cl8k2u1qt1f7v08322bld3wb2.jpg,True
cl8k2u1qt1f8308323y41bu5k,./out/images/cl8k2u1qt1f8308323y41bu5k.jpg,True
cl8k2u1qt1f8708329kw69p71,./out/images/cl8k2u1qt1f8708329kw69p71.jpg,True
cl8k2u1qt1f8b083297364u9l,./out/images/cl8k2u1qt1f8b083297364u9l.jpg,True
cl8k2u1qt1f8f08322ra0b2np,./out/images/cl8k2u1qt1f8f08322ra0b2np.jpg,True
cl8k2u1qt1f8j08321rqn55c8,./out/images/cl8k2u1qt1f8j08321rqn55c8.jpg,True
cl8k2u1qt1f8n0832biko4u14,./out/images/cl8k2u1qt1f8n0832biko4u14.jpg,True
cl8k2u1qt1f8r0832fqumfc28,./out/images/cl8k2u1qt1f8r0832fqumfc28.jpg,True
cl8k2u1qt1f8v0832dvt583xj,./out/images/cl8k2u1qt1f8v0832dvt583xj.jpg,True
cl8k2u1qt1f8z0832ce6gfqd8,./out/images/cl8k2u1qt1f8z0832ce6gfqd8.jpg,True
cl8k2u1qt1f930832hle1hk1w,./out/images/cl8k2u1qt1f930832hle1hk1w.jpg,True
cl8k2u1qu1f970832hbjzdxnm,./out/images/cl8k2u1qu1f970832hbjzdxnm.jpg,True
cl8k2u1qu1f9b0832cgkz910x,./out/images/cl8k2u1qu1f9b0832cgkz910x.jpg,True
cl8k2u1qu1f9f08328qiu964f,./out/images/cl8k2u1qu1f9f08328qiu964f.jpg,True
cl8k2u1qu1f9j0832b2iqcggo,./out/images/cl8k2u1qu1f9j0832b2iqcggo.jpg,True
cl8k2u1qu1f9n08329n830vkj,./out/images/cl8k2u1qu1f9n08329n830vkj.jpg,True
cl8k2u1qu1f9r08322xcue2pr,./out/images/cl8k2u1qu1f9r08322xcue2pr.jpg,True
cl8k2u1qu1f9v083253fq38kf,./out/images/cl8k2u1qu1f9v083253fq38kf.jpg,True
cl8k2u1qu1f9z083260hyd3dj,./out/images/cl8k2u1qu1f9z083260hyd3dj.jpg,True
cl8k2u1qu1fa308321htyc330,./out/images/cl8k2u1qu1fa308321htyc330.jpg,True
cl8k2u1qu1fa70832665tgrdw,./out/images/cl8k2u1qu1fa70832665tgrdw.jpg,True
cl8k2u1qu1fab0832d4ht9yee,./out/images/cl8k2u1qu1fab0832d4ht9yee.jpg,True
cl8k2u1qu1faf0832660f7z81,./out/images/cl8k2u1qu1faf0832660f7z81.jpg,True
cl8k2u1qu1faj08322npi90ep,./out/images/cl8k2u1qu1faj08322npi90ep.jpg,True
cl8k2u1qu1fan0832627323ys,./out/images/cl8k2u1qu1fan0832627323ys.jpg,True
cl8k2u1qu1far08329jnfax2r,./out/images/cl8k2u1qu1far08329jnfax2r.jpg,True
cl8k2u1qv1fav0832b5uxejaf,./out/images/cl8k2u1qv1fav0832b5uxejaf.jpg,True
cl8k2u1qv1faz08327rgch6xo,./out/images/cl8k2u1qv1faz08327rgch6xo.jpg,True
cl8k2u1qv1fb3083230udd83n,./out/images/cl8k2u1qv1fb3083230udd83n.jpg,True
cl8k2u1qv1fb70832en4n4ssc,./out/images/cl8k2u1qv1fb70832en4n4ssc.jpg,True
cl8k2u1qv1fbb0832amv22dio,./out/images/cl8k2u1qv1fbb0832amv22dio.jpg,True
cl8k2u1qv1fbf08324esc07fh,./out/images/cl8k2u1qv1fbf08324esc07fh.jpg,True
cl8k2u1qv1fbj08322yq17mq6,./out/images/cl8k2u1qv1fbj08322yq17mq6.jpg,True
cl8k2u1qv1fbn0832bkewh53g,./out/images/cl8k2u1qv1fbn0832bkewh53g.jpg,True
cl8k2u1qv1fbr08329d4afgs9,./out/images/cl8k2u1qv1fbr08329d4afgs9.jpg,True
cl8k2u1qv1fbv08327e4ybh7i,./out/images/cl8k2u1qv1fbv08327e4ybh7i.jpg,True
cl8k2u1qv1fbz083264eza1pi,./out/images/cl8k2u1qv1fbz083264eza1pi.jpg,True
cl8k2u1qv1fc30832gtnadhjt,./out/images/cl8k2u1qv1fc30832gtnadhjt.jpg,True
cl8k2u1qv1fc708322l3rbimi,./out/images/cl8k2u1qv1fc708322l3rbimi.jpg,True
cl8k2u1qv1fcb08322yevda3q,./out/images/cl8k2u1qv1fcb08322yevda3q.jpg,True
cl8k2u1qw1fcf08329idk4ga6,./out/images/cl8k2u1qw1fcf08329idk4ga6.jpg,True
cl8k2u1qw1fcj0832dn27bew0,./out/images/cl8k2u1qw1fcj0832dn27bew0.jpg,True
cl8k2u1qw1fcn0832cbaa59sb,./out/images/cl8k2u1qw1fcn0832cbaa59sb.jpg,True
cl8k2u1qw1fcr0832b2q41nt8,./out/images/cl8k2u1qw1fcr0832b2q41nt8.jpg,True
cl8k2u1qw1fcv08323jv2g9g0,./out/images/cl8k2u1qw1fcv08323jv2g9g0.jpg,True
cl8k2u1qw1fcz0832hehic7b5,./out/images/cl8k2u1qw1fcz0832hehic7b5.jpg,True
cl8k2u1qw1fd3083242j48a4g,./out/images/cl8k2u1qw1fd3083242j48a4g.jpg,True
cl8k2u1qw1fd70832ghlb8bfp,./out/images/cl8k2u1qw1fd70832ghlb8bfp.jpg,True
cl8k2u1qw1fdb083248to85y0,./out/images/cl8k2u1qw1fdb083248to85y0.jpg,True
cl8k2u1qw1fdf08323oe96gp8,./out/images/cl8k2u1qw1fdf08323oe96gp8.jpg,True
cl8k2u1qw1fdj08321tzt169d,./out/images/cl8k2u1qw1fdj08321tzt169d.jpg,True
cl8k2u1qw1fdn0832a7ilfvt4,./out/images/cl8k2u1qw1fdn0832a7ilfvt4.jpg,True
cl8k2u1qw1fdr0832h1ezdq2q,./out/images/cl8k2u1qw1fdr0832h1ezdq2q.jpg,True
cl8k2u1qw1fdv083211twc2fo,./out/images/cl8k2u1qw1fdv083211twc2fo.jpg,True
cl8k2u1qx1fdz08323yfd3rzb,./out/images/cl8k2u1qx1fdz08323yfd3rzb.jpg,True
cl8k2u1qx1fe3083228yl7o5o,./out/images/cl8k2u1qx1fe3083228yl7o5o.jpg,True
cl8k2u1qx1fe708325dwqg4j8,./out/images/cl8k2u1qx1fe708325dwqg4j8.jpg,True
cl8k2u1qx1feb0832ex93hgt4,./out/images/cl8k2u1qx1feb0832ex93hgt4.jpg,True
cl8k2u1qx1fef0832b8vzh7wv,./out/images/cl8k2u1qx1fef0832b8vzh7wv.jpg,True
cl8k2u1qx1fej0832167ihi2j,./out/images/cl8k2u1qx1fej0832167ihi2j.jpg,True
cl8k2u1qx1fen0832hh57hdca,./out/images/cl8k2u1qx1fen0832hh57hdca.jpg,True
cl8k2u1qx1fer08321oy2cvhm,./out/images/cl8k2u1qx1fer08321oy2cvhm.jpg,True
cl8k2u1qx1fev0832d3p00gys,./out/images/cl8k2u1qx1fev0832d3p00gys.jpg,True
cl8k2u1qx1fez0832frjo31n1,./out/images/cl8k2u1qx1fez0832frjo31n1.jpg,True
cl8k2u1qx1ff30832dt356jfq,./out/images/cl8k2u1qx1ff30832dt356jfq.jpg,True
cl8k2u1qx1ff708322qf95dpe,./out/images/cl8k2u1qx1ff708322qf95dpe.jpg,True
cl8k2u1qx1ffb0832gmev3dkn,./out/images/cl8k2u1qx1ffb0832gmev3dkn.jpg,True
cl8k2u1qx1fff0832dezz6pwk,./out/images/cl8k2u1qx1fff0832dezz6pwk.jpg,True
cl8k2u1qy1ffj0832756t2iky,./out/images/cl8k2u1qy1ffj0832756t2iky.jpg,True
cl8k2u1qy1ffn08328rh441qx,./out/images/cl8k2u1qy1ffn08328rh441qx.jpg,True
cl8k2u1qy1ffr08329fzpdui2,./out/images/cl8k2u1qy1ffr08329fzpdui2.jpg,True
cl8k2u1qy1ffv08325zl25biv,./out/images/cl8k2u1qy1ffv08325zl25biv.jpg,True
cl8k2u1qy1ffz08329ve758vm,./out/images/cl8k2u1qy1ffz08329ve758vm.jpg,True
cl8k2u1qy1fg30832960f4ubv,./out/images/cl8k2u1qy1fg30832960f4ubv.jpg,True
cl8k2u1qy1fg70832eiko394v,./out/images/cl8k2u1qy1fg70832eiko394v.jpg,True
cl8k2u1qy1fgb0832a9u2cabl,./out/images/cl8k2u1qy1fgb0832a9u2cabl.jpg,True
cl8k2u1qy1fgf0832e2f84l66,./out/images/cl8k2u1qy1fgf0832e2f84l66.jpg,True
cl8k2u1qy1fgj0832eitod41w,./out/images/cl8k2u1qy1fgj0832eitod41w.jpg,True
cl8k2u1qy1fgn08329umq90hu,./out/images/cl8k2u1qy1fgn08329umq90hu.jpg,True
cl8k2u1qy1fgr083284eb58j4,./out/images/cl8k2u1qy1fgr083284eb58j4.jpg,True
cl8k2u1qy1fgv0832c8ed5egn,./out/images/cl8k2u1qy1fgv0832c8ed5egn.jpg,True
cl8k2u1qy1fgz08326qknfgyo,./out/images/cl8k2u1qy1fgz08326qknfgyo.jpg,True
cl8k2u1qz1fh308323bw9eiir,./out/images/cl8k2u1qz1fh308323bw9eiir.jpg,True
cl8k2u1qz1fh70832c4r8chyp,./out/images/cl8k2u1qz1fh70832c4r8chyp.jpg,True
cl8k2u1qz1fhb0832a45y7ian,./out/images/cl8k2u1qz1fhb0832a45y7ian.jpg,True
cl8k2u1qz1fhf08328uoncvzd,./out/images/cl8k2u1qz1fhf08328uoncvzd.jpg,True
cl8k2u1qz1fhj08321zp86c20,./out/images/cl8k2u1qz1fhj08321zp86c20.jpg,True
cl8k2u1qz1fhn083244obgjoy,./out/images/cl8k2u1qz1fhn083244obgjoy.jpg,True
cl8k2u1qz1fhr0832ehhk25dr,./out/images/cl8k2u1qz1fhr0832ehhk25dr.jpg,True
cl8k2u1qz1fhv083272533pvb,./out/images/cl8k2u1qz1fhv083272533pvb.jpg,True
cl8k2u1qz1fhz08323xpnfqll,./out/images/cl8k2u1qz1fhz08323xpnfqll.jpg,True
cl8k2u1qz1fi3083208qp23mb,./out/images/cl8k2u1qz1fi3083208qp23mb.jpg,True
cl8k2u1qz1fi70832fsehh1fd,./out/images/cl8k2u1qz1fi70832fsehh1fd.jpg,True
cl8k2u1qz1fib0832cq440m59,./out/images/cl8k2u1qz1fib0832cq440m59.jpg,True
cl8k2u1qz1fif0832ffm1960i,./out/images/cl8k2u1qz1fif0832ffm1960i.jpg,True
cl8k2u1r31fij08325dxt2pnz,./out/images/cl8k2u1r31fij08325dxt2pnz.jpg,True
cl8k2u1r31fin08328drog55t,./out/images/cl8k2u1r31fin08328drog55t.jpg,True
cl8k2u1r31fir0832a72p1us8,./out/images/cl8k2u1r31fir0832a72p1us8.jpg,True
cl8k2u1r31fiv083297zwgujo,./out/images/cl8k2u1r31fiv083297zwgujo.jpg,True
cl8k2u1r31fiz0832duwaht8l,./out/images/cl8k2u1r31fiz0832duwaht8l.jpg,True
cl8k2u1r31fj308324b774nzw,./out/images/cl8k2u1r31fj308324b774nzw.jpg,True
cl8k2u1r31fj70832dpks1mmi,./out/images/cl8k2u1r31fj70832dpks1mmi.jpg,True
cl8k2u1r31fjb0832bw8d83oy,./out/images/cl8k2u1r31fjb0832bw8d83oy.jpg,True
cl8k2u1r31fjf08327ecm0xie,./out/images/cl8k2u1r31fjf08327ecm0xie.jpg,True
cl8k2u1r31fjj0832a4u6ce64,./out/images/cl8k2u1r31fjj0832a4u6ce64.jpg,True
cl8k2u1r41fjn0832gqxj6ltw,./out/images/cl8k2u1r41fjn0832gqxj6ltw.jpg,True
cl8k2u1r41fjr083231ze2t2g,./out/images/cl8k2u1r41fjr083231ze2t2g.jpg,True
cl8k2u1r41fjv0832gh5r9bdh,./out/images/cl8k2u1r41fjv0832gh5r9bdh.jpg,True
cl8k2u1r41fjz083273b77emz,./out/images/cl8k2u1r41fjz083273b77emz.jpg,True
cl8k2u1r41fk30832fwc9dcj3,./out/images/cl8k2u1r41fk30832fwc9dcj3.jpg,True
cl8k2u1r41fk708328xnt35ru,./out/images/cl8k2u1r41fk708328xnt35ru.jpg,True
cl8k2u1r41fkb08322bw84otp,./out/images/cl8k2u1r41fkb08322bw84otp.jpg,True
cl8k2u1r41fkf08322tz82tfy,./out/images/cl8k2u1r41fkf08322tz82tfy.jpg,True
cl8k2u1r41fkj08326h8dhpr8,./out/images/cl8k2u1r41fkj08326h8dhpr8.jpg,True
cl8k2u1r41fkn08325y2f80t4,./out/images/cl8k2u1r41fkn08325y2f80t4.jpg,True
cl8k2u1r41fkr08329dxqfkbp,./out/images/cl8k2u1r41fkr08329dxqfkbp.jpg,True
cl8k2u1r41fkv08320jpph3zk,./out/images/cl8k2u1r41fkv08320jpph3zk.jpg,True
cl8k2u1r41fkz08320hlh8u7t,./out/images/cl8k2u1r41fkz08320hlh8u7t.jpg,True
cl8k2u1r41fl308320op47ip3,./out/images/cl8k2u1r41fl308320op47ip3.jpg,True
cl8k2u1r41fl70832b54regb7,./out/images/cl8k2u1r41fl70832b54regb7.jpg,True
cl8k2u1r51flb0832eyz3a70a,./out/images/cl8k2u1r51flb0832eyz3a70a.jpg,True
cl8k2u1r51flf0832h8h560md,./out/images/cl8k2u1r51flf0832h8h560md.jpg,True
cl8k2u1r51flj0832fhenefrm,./out/images/cl8k2u1r51flj0832fhenefrm.jpg,True
cl8k2u1r51fln0832hlfl7xxo,./out/images/cl8k2u1r51fln0832hlfl7xxo.jpg,True
cl8k2u1r51flr0832b49lf19x,./out/images/cl8k2u1r51flr0832b49lf19x.jpg,True
cl8k2u1r51flv08322onma5qs,./out/images/cl8k2u1r51flv08322onma5qs.jpg,True
cl8k2u1r51flz0832hhctdxge,./out/images/cl8k2u1r51flz0832hhctdxge.jpg,True
cl8k2u1r51fm308322k1iay4t,./out/images/cl8k2u1r51fm308322k1iay4t.jpg,True
cl8k2u1r51fm70832b4d2dosb,./out/images/cl8k2u1r51fm70832b4d2dosb.jpg,True
cl8k2u1r51fmb08325blk0aqp,./out/images/cl8k2u1r51fmb08325blk0aqp.jpg,True
cl8k2u1r51fmf0832gyc022q6,./out/images/cl8k2u1r51fmf0832gyc022q6.jpg,True
cl8k2u1r51fmj08323olc6u0o,./out/images/cl8k2u1r51fmj08323olc6u0o.jpg,True
cl8k2u1r51fmn08327mnlh7p7,./out/images/cl8k2u1r51fmn08327mnlh7p7.jpg,True
cl8k2u1r51fmr08320lkwhxz1,./out/images/cl8k2u1r51fmr08320lkwhxz1.jpg,True
cl8k2u1r51fmv08320cwj4mcx,./out/images/cl8k2u1r51fmv08320cwj4mcx.jpg,True
cl8k2u1r61fmz0832863w3vmt,./out/images/cl8k2u1r61fmz0832863w3vmt.jpg,True
cl8k2u1r61fn308328j7x6toq,./out/images/cl8k2u1r61fn308328j7x6toq.jpg,True
cl8k2u1r61fn7083227omcdwh,./out/images/cl8k2u1r61fn7083227omcdwh.jpg,True
cl8k2u1r61fnb0832a9bqe7xd,./out/images/cl8k2u1r61fnb0832a9bqe7xd.jpg,True
cl8k2u1r61fnf08324uoa6t6w,./out/images/cl8k2u1r61fnf08324uoa6t6w.jpg,True
cl8k2u1r61fnj083288we6unh,./out/images/cl8k2u1r61fnj083288we6unh.jpg,True
cl8k2u1r61fnn08326g3e5rkl,./out/images/cl8k2u1r61fnn08326g3e5rkl.jpg,True
cl8k2u1r61fnr0832c3zm1d5x,./out/images/cl8k2u1r61fnr0832c3zm1d5x.jpg,True
cl8k2u1r61fnv0832346mdgw3,./out/images/cl8k2u1r61fnv0832346mdgw3.jpg,True
cl8k2u1r61fnz0832akoxafzt,./out/images/cl8k2u1r61fnz0832akoxafzt.jpg,True
cl8k2u1r61fo30832h6258vxs,./out/images/cl8k2u1r61fo30832h6258vxs.jpg,True
cl8k2u1r61fo70832f7tc9jmw,./out/images/cl8k2u1r61fo70832f7tc9jmw.jpg,True
cl8k2u1r61fob083282xpdnf5,./out/images/cl8k2u1r61fob083282xpdnf5.jpg,True
cl8k2u1r61fof0832fe7qg6lc,./out/images/cl8k2u1r61fof0832fe7qg6lc.jpg,True
cl8k2u1r71foj08320sbx3zqj,./out/images/cl8k2u1r71foj08320sbx3zqj.jpg,True
cl8k2u1r71fon0832ck0fghmu,./out/images/cl8k2u1r71fon0832ck0fghmu.jpg,True
cl8k2u1r71for0832hnt730m3,./out/images/cl8k2u1r71for0832hnt730m3.jpg,True
cl8k2u1r71fov0832cnke57tp,./out/images/cl8k2u1r71fov0832cnke57tp.jpg,True
cl8k2u1r71foz083278j63qnm,./out/images/cl8k2u1r71foz083278j63qnm.jpg,True
cl8k2u1r71fp30832eb7a6arf,./out/images/cl8k2u1r71fp30832eb7a6arf.jpg,True
cl8k2u1r71fp70832d4ux5yk7,./out/images/cl8k2u1r71fp70832d4ux5yk7.jpg,True
cl8k2u1r71fpb08322exsadrq,./out/images/cl8k2u1r71fpb08322exsadrq.jpg,True
cl8k2u1r71fpf0832b9of8q9y,./out/images/cl8k2u1r71fpf0832b9of8q9y.jpg,True
cl8k2u1r71fpj08321j462by1,./out/images/cl8k2u1r71fpj08321j462by1.jpg,True
cl8k2u1r71fpn08326u2a6sri,./out/images/cl8k2u1r71fpn08326u2a6sri.jpg,True
cl8k2u1r71fpr0832310bfric,./out/images/cl8k2u1r71fpr0832310bfric.jpg,True
cl8k2u1r71fpv08324y8t2e5r,./out/images/cl8k2u1r71fpv08324y8t2e5r.jpg,True
cl8k2u1r71fpz0832577ffviu,./out/images/cl8k2u1r71fpz0832577ffviu.jpg,True
cl8k2u1r81fq308324z3v7fcy,./out/images/cl8k2u1r81fq308324z3v7fcy.jpg,True
cl8k2u1r81fq708323nt32kw7,./out/images/cl8k2u1r81fq708323nt32kw7.jpg,True
cl8k2u1r81fqb08329oh34t3c,./out/images/cl8k2u1r81fqb08329oh34t3c.jpg,True
cl8k2u1r81fqf0832bpisg94f,./out/images/cl8k2u1r81fqf0832bpisg94f.jpg,True
cl8k2u1r81fqj08324i3z2eua,./out/images/cl8k2u1r81fqj08324i3z2eua.jpg,True
cl8k2u1r81fqn08321b8xdbvb,./out/images/cl8k2u1r81fqn08321b8xdbvb.jpg,True
cl8k2u1r81fqr0832eeadej89,./out/images/cl8k2u1r81fqr0832eeadej89.jpg,True
cl8k2u1r81fqv0832enxkap9o,./out/images/cl8k2u1r81fqv0832enxkap9o.jpg,True
cl8k2u1r81fqz083298d6h4cy,./out/images/cl8k2u1r81fqz083298d6h4cy.jpg,True
cl8k2u1r81fr3083290119sfn,./out/images/cl8k2u1r81fr3083290119sfn.jpg,True
cl8k2u1r81fr708326yj8d2cu,./out/images/cl8k2u1r81fr708326yj8d2cu.jpg,True
cl8k2u1r81frb0832dftw9m1z,./out/images/cl8k2u1r81frb0832dftw9m1z.jpg,True
cl8k2u1r81frf0832aavz1ivt,./out/images/cl8k2u1r81frf0832aavz1ivt.jpg,True
cl8k2u1r81frj08324xv53jew,./out/images/cl8k2u1r81frj08324xv53jew.jpg,True
cl8k2u1r91frn08328e95fqce,./out/images/cl8k2u1r91frn08328e95fqce.jpg,True
cl8k2u1r91frr08329gie2e4g,./out/images/cl8k2u1r91frr08329gie2e4g.jpg,True
cl8k2u1r91frv0832ac9y58c5,./out/images/cl8k2u1r91frv0832ac9y58c5.jpg,True
cl8k2u1r91frz08327avxe7s7,./out/images/cl8k2u1r91frz08327avxe7s7.jpg,True
cl8k2u1r91fs3083275wp54t4,./out/images/cl8k2u1r91fs3083275wp54t4.jpg,True
cl8k2u1r91fs70832aac57pkk,./out/images/cl8k2u1r91fs70832aac57pkk.jpg,True
cl8k2u1r91fsb08325g8y43wy,./out/images/cl8k2u1r91fsb08325g8y43wy.jpg,True
cl8k2u1r91fsf08326j9n4iwr,./out/images/cl8k2u1r91fsf08326j9n4iwr.jpg,True
cl8k2u1r91fsj08328qisgvnh,./out/images/cl8k2u1r91fsj08328qisgvnh.jpg,True
cl8k2u1r91fsn0832f9iybn7t,./out/images/cl8k2u1r91fsn0832f9iybn7t.jpg,True
cl8k2u1r91fsr0832779jexmy,./out/images/cl8k2u1r91fsr0832779jexmy.jpg,True
cl8k2u1r91fsv08322euf143y,./out/images/cl8k2u1r91fsv08322euf143y.jpg,True
cl8k2u1r91fsz083270b69bl5,./out/images/cl8k2u1r91fsz083270b69bl5.jpg,True
cl8k2u1r91ft308328thwcln0,./out/images/cl8k2u1r91ft308328thwcln0.jpg,True
cl8k2u1r91ft70832fw890a00,./out/images/cl8k2u1r91ft70832fw890a00.jpg,True
cl8k2u1ra1ftb08327dm9ccl5,./out/images/cl8k2u1ra1ftb08327dm9ccl5.jpg,True
cl8k2u1ra1ftf0832d3dbcb65,./out/images/cl8k2u1ra1ftf0832d3dbcb65.jpg,True
cl8k2u1ra1ftj0832buwyhmyc,./out/images/cl8k2u1ra1ftj0832buwyhmyc.jpg,True
cl8k2u1ra1ftn08327988gp37,./out/images/cl8k2u1ra1ftn08327988gp37.jpg,True
cl8k2u1ra1ftr0832f4wq58sr,./out/images/cl8k2u1ra1ftr0832f4wq58sr.jpg,True
cl8k2u1ra1ftv0832g01j6sp5,./out/images/cl8k2u1ra1ftv0832g01j6sp5.jpg,True
cl8k2u1ra1ftz0832fbdp7p3s,./out/images/cl8k2u1ra1ftz0832fbdp7p3s.jpg,True
cl8k2u1ra1fu30832b5ovaoz3,./out/images/cl8k2u1ra1fu30832b5ovaoz3.jpg,True
cl8k2u1ra1fu70832d1b6hud7,./out/images/cl8k2u1ra1fu70832d1b6hud7.jpg,True
cl8k2u1ra1fub08324ezz036u,./out/images/cl8k2u1ra1fub08324ezz036u.jpg,True
cl8k2u1ra1fuf08328y8n0y8y,./out/images/cl8k2u1ra1fuf08328y8n0y8y.jpg,True
cl8k2u1ra1fuj0832fk8adhny,./out/images/cl8k2u1ra1fuj0832fk8adhny.jpg,True
cl8k2u1ra1fun08327y67hqks,./out/images/cl8k2u1ra1fun08327y67hqks.jpg,True
cl8k2u1ra1fur0832fdp69ntz,./out/images/cl8k2u1ra1fur0832fdp69ntz.jpg,True
cl8k2u1ra1fuv0832gayb7h85,./out/images/cl8k2u1ra1fuv0832gayb7h85.jpg,True
cl8k2u1rb1fuz0832hak32g8m,./out/images/cl8k2u1rb1fuz0832hak32g8m.jpg,True
cl8k2u1rb1fv308322uvp5xxp,./out/images/cl8k2u1rb1fv308322uvp5xxp.jpg,True
cl8k2u1rb1fv7083217ozb1tt,./out/images/cl8k2u1rb1fv7083217ozb1tt.jpg,True
cl8k2u1rb1fvb08327br99zu7,./out/images/cl8k2u1rb1fvb08327br99zu7.jpg,True
cl8k2u1rb1fvf0832g32nco67,./out/images/cl8k2u1rb1fvf0832g32nco67.jpg,True
cl8k2u1rb1fvj08321qg834vk,./out/images/cl8k2u1rb1fvj08321qg834vk.jpg,True
cl8k2u1rb1fvn08323t0w4toj,./out/images/cl8k2u1rb1fvn08323t0w4toj.jpg,True
cl8k2u1rb1fvr083227vggwmk,./out/images/cl8k2u1rb1fvr083227vggwmk.jpg,True
cl8k2u1rb1fvv0832122m8vql,./out/images/cl8k2u1rb1fvv0832122m8vql.jpg,True
cl8k2u1rb1fvz0832auie3734,./out/images/cl8k2u1rb1fvz0832auie3734.jpg,True
cl8k2u1rb1fw30832b9yqeszy,./out/images/cl8k2u1rb1fw30832b9yqeszy.jpg,True
cl8k2u1rb1fw708321kwr213i,./out/images/cl8k2u1rb1fw708321kwr213i.jpg,True
cl8k2u1rb1fwb0832c9asfzkq,./out/images/cl8k2u1rb1fwb0832c9asfzkq.jpg,True
cl8k2u1rb1fwf08323hhphrt7,./out/images/cl8k2u1rb1fwf08323hhphrt7.jpg,True
cl8k2u1rb1fwj083297kcc6n9,./out/images/cl8k2u1rb1fwj083297kcc6n9.jpg,True
cl8k2u1rc1fwn08320bqwfb2b,./out/images/cl8k2u1rc1fwn08320bqwfb2b.jpg,True
cl8k2u1rc1fwr0832eur00bxy,./out/images/cl8k2u1rc1fwr0832eur00bxy.jpg,True
cl8k2u1rc1fwv0832dci26y6g,./out/images/cl8k2u1rc1fwv0832dci26y6g.jpg,True
cl8k2u1rc1fwz08322ztc5nk1,./out/images/cl8k2u1rc1fwz08322ztc5nk1.jpg,True
cl8k2u1rc1fx30832amc695py,./out/images/cl8k2u1rc1fx30832amc695py.jpg,True
cl8k2u1rc1fx7083295gpgxz0,./out/images/cl8k2u1rc1fx7083295gpgxz0.jpg,True
cl8k2u1rc1fxb08322xe8he8a,./out/images/cl8k2u1rc1fxb08322xe8he8a.jpg,True
cl8k2u1rc1fxf0832739le3t8,./out/images/cl8k2u1rc1fxf0832739le3t8.jpg,True
cl8k2u1rc1fxj08320z30bgrq,./out/images/cl8k2u1rc1fxj08320z30bgrq.jpg,True
cl8k2u1rc1fxn0832epb45ysp,./out/images/cl8k2u1rc1fxn0832epb45ysp.jpg,True
cl8k2u1rc1fxr0832czosdy8w,./out/images/cl8k2u1rc1fxr0832czosdy8w.jpg,True
cl8k2u1rc1fxv0832gibdgnxf,./out/images/cl8k2u1rc1fxv0832gibdgnxf.jpg,True
cl8k2u1rc1fxz0832bxjr4cvo,./out/images/cl8k2u1rc1fxz0832bxjr4cvo.jpg,True
cl8k2u1rc1fy30832atalgleg,./out/images/cl8k2u1rc1fy30832atalgleg.jpg,True
cl8k2u1rc1fy708323s0b9fz5,./out/images/cl8k2u1rc1fy708323s0b9fz5.jpg,True
cl8k2u1rc1fyb08329am522dp,./out/images/cl8k2u1rc1fyb08329am522dp.jpg,True
cl8k2u1rd1fyf083292t78n04,./out/images/cl8k2u1rd1fyf083292t78n04.jpg,True
cl8k2u1rd1fyj08328hn4avph,./out/images/cl8k2u1rd1fyj08328hn4avph.jpg,True
cl8k2u1rd1fyn08320lz31fk2,./out/images/cl8k2u1rd1fyn08320lz31fk2.jpg,True
cl8k2u1rd1fyr0832h741158n,./out/images/cl8k2u1rd1fyr0832h741158n.jpg,True
cl8k2u1rd1fyv08325o5y10f1,./out/images/cl8k2u1rd1fyv08325o5y10f1.jpg,True
cl8k2u1rd1fyz0832ht7da4zs,./out/images/cl8k2u1rd1fyz0832ht7da4zs.jpg,True
cl8k2u1rd1fz308322xkx52fa,./out/images/cl8k2u1rd1fz308322xkx52fa.jpg,True
cl8k2u1rd1fz70832ak6sejeo,./out/images/cl8k2u1rd1fz70832ak6sejeo.jpg,True
cl8k2u1rd1fzb08327gv560no,./out/images/cl8k2u1rd1fzb08327gv560no.jpg,True
cl8k2u1rd1fzf0832bq5kfwv9,./out/images/cl8k2u1rd1fzf0832bq5kfwv9.jpg,True
cl8k2u1rd1fzj0832cmizapyt,./out/images/cl8k2u1rd1fzj0832cmizapyt.jpg,True
cl8k2u1rd1fzn0832e4tkd8py,./out/images/cl8k2u1rd1fzn0832e4tkd8py.jpg,True
cl8k2u1rd1fzr08328659a1el,./out/images/cl8k2u1rd1fzr08328659a1el.jpg,True
cl8k2u1rd1fzv0832157r3sg0,./out/images/cl8k2u1rd1fzv0832157r3sg0.jpg,True
cl8k2u1rd1fzz08327uzf033k,./out/images/cl8k2u1rd1fzz08327uzf033k.jpg,True
cl8k2u1re1g0308323bo95y7k,./out/images/cl8k2u1re1g0308323bo95y7k.jpg,True
cl8k2u1re1g070832hb6a3y5u,./out/images/cl8k2u1re1g070832hb6a3y5u.jpg,True
cl8k2u1re1g0b08322cmtdswk,./out/images/cl8k2u1re1g0b08322cmtdswk.jpg,True
cl8k2u1re1g0f083216lt8w98,./out/images/cl8k2u1re1g0f083216lt8w98.jpg,True
cl8k2u1re1g0j0832dbga9orj,./out/images/cl8k2u1re1g0j0832dbga9orj.jpg,True
cl8k2u1re1g0n08327n254vkh,./out/images/cl8k2u1re1g0n08327n254vkh.jpg,True
cl8k2u1re1g0r0832hlb58kjw,./out/images/cl8k2u1re1g0r0832hlb58kjw.jpg,True
cl8k2u1re1g0v083282in619d,./out/images/cl8k2u1re1g0v083282in619d.jpg,True
cl8k2u1re1g0z0832aqzl3bqt,./out/images/cl8k2u1re1g0z0832aqzl3bqt.jpg,True
cl8k2u1re1g1308326m0c07gr,./out/images/cl8k2u1re1g1308326m0c07gr.jpg,True
cl8k2u1re1g170832cnspc1la,./out/images/cl8k2u1re1g170832cnspc1la.jpg,True
cl8k2u1re1g1b08326nmsba31,./out/images/cl8k2u1re1g1b08326nmsba31.jpg,True
cl8k2u1re1g1f0832gt2qe5pa,./out/images/cl8k2u1re1g1f0832gt2qe5pa.jpg,True
cl8k2u1re1g1j08325fyq98cc,./out/images/cl8k2u1re1g1j08325fyq98cc.jpg,True
cl8k2u1rf1g1n0832eso86zpp,./out/images/cl8k2u1rf1g1n0832eso86zpp.jpg,True
cl8k2u1rf1g1r0832bhjidg94,./out/images/cl8k2u1rf1g1r0832bhjidg94.jpg,True
cl8k2u1rf1g1v083253m7df35,./out/images/cl8k2u1rf1g1v083253m7df35.jpg,True
cl8k2u1rf1g1z08321z7h6j3y,./out/images/cl8k2u1rf1g1z08321z7h6j3y.jpg,True
cl8k2u1rf1g230832199i6sk5,./out/images/cl8k2u1rf1g230832199i6sk5.jpg,True
cl8k2u1rf1g27083243qrd0az,./out/images/cl8k2u1rf1g27083243qrd0az.jpg,True
cl8k2u1rf1g2b083297ljea2g,./out/images/cl8k2u1rf1g2b083297ljea2g.jpg,True
cl8k2u1rf1g2f08321jdl6yk1,./out/images/cl8k2u1rf1g2f08321jdl6yk1.jpg,True
cl8k2u1rf1g2j08329kz67g2a,./out/images/cl8k2u1rf1g2j08329kz67g2a.jpg,True
cl8k2u1rf1g2n08320hdhely7,./out/images/cl8k2u1rf1g2n08320hdhely7.jpg,True
cl8k2u1rf1g2r08325xkid8mu,./out/images/cl8k2u1rf1g2r08325xkid8mu.jpg,True
cl8k2u1rf1g2v0832dgx10kgi,./out/images/cl8k2u1rf1g2v0832dgx10kgi.jpg,True
cl8k2u1rf1g2z08320092gqr4,./out/images/cl8k2u1rf1g2z08320092gqr4.jpg,True
cl8k2u1rf1g330832grg23h4f,./out/images/cl8k2u1rf1g330832grg23h4f.jpg,True
cl8k2u1rf1g370832fs5b22rm,./out/images/cl8k2u1rf1g370832fs5b22rm.jpg,True
cl8k2u1rg1g3b0832eilib6ip,./out/images/cl8k2u1rg1g3b0832eilib6ip.jpg,True
cl8k2u1rg1g3f08327cni2pmo,./out/images/cl8k2u1rg1g3f08327cni2pmo.jpg,True
cl8k2u1rg1g3j0832heop8i63,./out/images/cl8k2u1rg1g3j0832heop8i63.jpg,True
cl8k2u1rg1g3n0832f61qdqi0,./out/images/cl8k2u1rg1g3n0832f61qdqi0.jpg,True
cl8k2u1rg1g3r0832amqhbi5j,./out/images/cl8k2u1rg1g3r0832amqhbi5j.jpg,True
cl8k2u1rg1g3v08325qs2h86r,./out/images/cl8k2u1rg1g3v08325qs2h86r.jpg,True
cl8k2u1rg1g3z0832b6o46gql,./out/images/cl8k2u1rg1g3z0832b6o46gql.jpg,True
cl8k2u1rg1g43083278ahfztb,./out/images/cl8k2u1rg1g43083278ahfztb.jpg,True
cl8k2u1rg1g470832ewjkhwrs,./out/images/cl8k2u1rg1g470832ewjkhwrs.jpg,True
cl8k2u1rg1g4b08328g80he9k,./out/images/cl8k2u1rg1g4b08328g80he9k.jpg,True
cl8k2u1rg1g4f083250drf5v0,./out/images/cl8k2u1rg1g4f083250drf5v0.jpg,True
cl8k2u1rg1g4j0832ew4yeer8,./out/images/cl8k2u1rg1g4j0832ew4yeer8.jpg,True
cl8k2u1rg1g4n083280f87jgw,./out/images/cl8k2u1rg1g4n083280f87jgw.jpg,True
cl8k2u1rg1g4r0832c07xflsw,./out/images/cl8k2u1rg1g4r0832c07xflsw.jpg,True
cl8k2u1rh1g4v08323vkcgd7k,./out/images/cl8k2u1rh1g4v08323vkcgd7k.jpg,True
cl8k2u1rh1g4z0832ho0q1xxb,./out/images/cl8k2u1rh1g4z0832ho0q1xxb.jpg,True
cl8k2u1rh1g530832bv6ddmnn,./out/images/cl8k2u1rh1g530832bv6ddmnn.jpg,True
cl8k2u1rh1g57083294xncaia,./out/images/cl8k2u1rh1g57083294xncaia.jpg,True
cl8k2u1rh1g5b08322vkufwj7,./out/images/cl8k2u1rh1g5b08322vkufwj7.jpg,True
cl8k2u1rh1g5f08321y9q2hy4,./out/images/cl8k2u1rh1g5f08321y9q2hy4.jpg,True
cl8k2u1rh1g5j0832ceqfhh0h,./out/images/cl8k2u1rh1g5j0832ceqfhh0h.jpg,True
cl8k2u1rh1g5n08324cojh7az,./out/images/cl8k2u1rh1g5n08324cojh7az.jpg,True
cl8k2u1rh1g5r08320n5ue28n,./out/images/cl8k2u1rh1g5r08320n5ue28n.jpg,True
cl8k2u1rh1g5v08321cms6k2t,./out/images/cl8k2u1rh1g5v08321cms6k2t.jpg,True
cl8k2u1rh1g5z083229eb3r24,./out/images/cl8k2u1rh1g5z083229eb3r24.jpg,True
cl8k2u1rh1g6308327m241078,./out/images/cl8k2u1rh1g6308327m241078.jpg,True
cl8k2u1rh1g670832gidk80u4,./out/images/cl8k2u1rh1g670832gidk80u4.jpg,True
cl8k2u1rh1g6b08328cxf9cz6,./out/images/cl8k2u1rh1g6b08328cxf9cz6.jpg,True
cl8k2u1rh1g6f0832dohu7p97,./out/images/cl8k2u1rh1g6f0832dohu7p97.jpg,True
cl8k2u1ri1g6j083272hkd18g,./out/images/cl8k2u1ri1g6j083272hkd18g.jpg,True
cl8k2u1ri1g6n08329ow02ckf,./out/images/cl8k2u1ri1g6n08329ow02ckf.jpg,True
cl8k2u1ri1g6r08324a8v8zyh,./out/images/cl8k2u1ri1g6r08324a8v8zyh.jpg,True
cl8k2u1ri1g6v0832fg4pcsne,./out/images/cl8k2u1ri1g6v0832fg4pcsne.jpg,True
cl8k2u1ri1g6z0832bhcvbzco,./out/images/cl8k2u1ri1g6z0832bhcvbzco.jpg,True
cl8k2u1ri1g730832d8mlaw29,./out/images/cl8k2u1ri1g730832d8mlaw29.jpg,True
cl8k2u1ri1g7708323s3553qj,./out/images/cl8k2u1ri1g7708323s3553qj.jpg,True
cl8k2u1ri1g7b083229qj5eje,./out/images/cl8k2u1ri1g7b083229qj5eje.jpg,True
cl8k2u1ri1g7f083253xaeqpw,./out/images/cl8k2u1ri1g7f083253xaeqpw.jpg,True
cl8k2u1ri1g7j0832h5d770bm,./out/images/cl8k2u1ri1g7j0832h5d770bm.jpg,True
cl8k2u1ri1g7n0832cy6nehhi,./out/images/cl8k2u1ri1g7n0832cy6nehhi.jpg,True
cl8k2u1ri1g7r0832hhhs1lb2,./out/images/cl8k2u1ri1g7r0832hhhs1lb2.jpg,True
cl8k2u1ri1g7v08328alv4a61,./out/images/cl8k2u1ri1g7v08328alv4a61.jpg,True
cl8k2u1ri1g7z0832hvy516el,./out/images/cl8k2u1ri1g7z0832hvy516el.jpg,True
cl8k2u1ri1g830832e6x32623,./out/images/cl8k2u1ri1g830832e6x32623.jpg,True
cl8k2u1rj1g8708322oxrdk9n,./out/images/cl8k2u1rj1g8708322oxrdk9n.jpg,True
cl8k2u1rj1g8b0832hknb4g4q,./out/images/cl8k2u1rj1g8b0832hknb4g4q.jpg,True
cl8k2u1rj1g8f08323ax3e1ta,./out/images/cl8k2u1rj1g8f08323ax3e1ta.jpg,True
cl8k2u1rj1g8j08322gin7fke,./out/images/cl8k2u1rj1g8j08322gin7fke.jpg,True
cl8k2u1rj1g8n08328jlghm3j,./out/images/cl8k2u1rj1g8n08328jlghm3j.jpg,True
cl8k2u1rj1g8r08323o2hfv43,./out/images/cl8k2u1rj1g8r08323o2hfv43.jpg,True
cl8k2u1rj1g8v08320acef3gl,./out/images/cl8k2u1rj1g8v08320acef3gl.jpg,True
cl8k2u1rj1g8z0832bqte1znp,./out/images/cl8k2u1rj1g8z0832bqte1znp.jpg,True
cl8k2u1rj1g9308320emhcs0n,./out/images/cl8k2u1rj1g9308320emhcs0n.jpg,True
cl8k2u1rj1g970832ggw5aryx,./out/images/cl8k2u1rj1g970832ggw5aryx.jpg,True
cl8k2u1rj1g9b08325eju8fwy,./out/images/cl8k2u1rj1g9b08325eju8fwy.jpg,True
cl8k2u1rj1g9f08326mzh5pva,./out/images/cl8k2u1rj1g9f08326mzh5pva.jpg,True
cl8k2u1rj1g9j0832e58efeze,./out/images/cl8k2u1rj1g9j0832e58efeze.jpg,True
cl8k2u1rj1g9n08326w2q2o28,./out/images/cl8k2u1rj1g9n08326w2q2o28.jpg,True
cl8k2u1rj1g9r08328yq7hwns,./out/images/cl8k2u1rj1g9r08328yq7hwns.jpg,True
cl8k2u1rk1g9v0832457z47i3,./out/images/cl8k2u1rk1g9v0832457z47i3.jpg,True
cl8k2u1rk1g9z0832fx49am18,./out/images/cl8k2u1rk1g9z0832fx49am18.jpg,True
cl8k2u1rk1ga308320xeactu0,./out/images/cl8k2u1rk1ga308320xeactu0.jpg,True
cl8k2u1rk1ga708329g28ay99,./out/images/cl8k2u1rk1ga708329g28ay99.jpg,True
cl8k2u1rk1gab08320ffv6yqf,./out/images/cl8k2u1rk1gab08320ffv6yqf.jpg,True
cl8k2u1rk1gaf08325nurd9xz,./out/images/cl8k2u1rk1gaf08325nurd9xz.jpg,True
cl8k2u1rk1gaj0832eoqw0njl,./out/images/cl8k2u1rk1gaj0832eoqw0njl.jpg,True
cl8k2u1rk1gan08322ok384ec,./out/images/cl8k2u1rk1gan08322ok384ec.jpg,True
cl8k2u1rk1gar08323nqo09en,./out/images/cl8k2u1rk1gar08323nqo09en.jpg,True
cl8k2u1rk1gav08324ldi57rm,./out/images/cl8k2u1rk1gav08324ldi57rm.jpg,True
cl8k2u1rk1gaz08321cy426p6,./out/images/cl8k2u1rk1gaz08321cy426p6.jpg,True
cl8k2u1rk1gb308324jpwaku7,./out/images/cl8k2u1rk1gb308324jpwaku7.jpg,True
cl8k2u1rk1gb70832ftqpa6hv,./out/images/cl8k2u1rk1gb70832ftqpa6hv.jpg,True
cl8k2u1rk1gbb083228nsfsor,./out/images/cl8k2u1rk1gbb083228nsfsor.jpg,True
cl8k2u1rl1gbf08325roe4wmf,./out/images/cl8k2u1rl1gbf08325roe4wmf.jpg,True
cl8k2u1rl1gbj0832f74n0p40,./out/images/cl8k2u1rl1gbj0832f74n0p40.jpg,True
cl8k2u1rl1gbn08329inbhpde,./out/images/cl8k2u1rl1gbn08329inbhpde.jpg,True
cl8k2u1rl1gbr08324xw49hdq,./out/images/cl8k2u1rl1gbr08324xw49hdq.jpg,True
cl8k2u1rl1gbv08329a8n8h9i,./out/images/cl8k2u1rl1gbv08329a8n8h9i.jpg,True
cl8k2u1rl1gbz0832dnr037qs,./out/images/cl8k2u1rl1gbz0832dnr037qs.jpg,True
cl8k2u1rl1gc30832hzw32av2,./out/images/cl8k2u1rl1gc30832hzw32av2.jpg,True
cl8k2u1rl1gc708321vp3fdu2,./out/images/cl8k2u1rl1gc708321vp3fdu2.jpg,True
cl8k2u1rl1gcb0832attrfc8r,./out/images/cl8k2u1rl1gcb0832attrfc8r.jpg,True
cl8k2u1rl1gcf0832gud17465,./out/images/cl8k2u1rl1gcf0832gud17465.jpg,True
cl8k2u1rl1gcj0832a17vbwwq,./out/images/cl8k2u1rl1gcj0832a17vbwwq.jpg,True
cl8k2u1rl1gcn083212c79f73,./out/images/cl8k2u1rl1gcn083212c79f73.jpg,True
cl8k2u1rl1gcr08327ons59cp,./out/images/cl8k2u1rl1gcr08327ons59cp.jpg,True
cl8k2u1rm1gcv08326w6yf4uy,./out/images/cl8k2u1rm1gcv08326w6yf4uy.jpg,True
cl8k2u1rm1gd308323591fmx1,./out/images/cl8k2u1rm1gd308323591fmx1.jpg,True
cl8k2u1rm1gd7083271p20shk,./out/images/cl8k2u1rm1gd7083271p20shk.jpg,True
cl8k2u1rm1gdb0832hw3h2f65,./out/images/cl8k2u1rm1gdb0832hw3h2f65.jpg,True
cl8k2u1rm1gdf08322c548w2q,./out/images/cl8k2u1rm1gdf08322c548w2q.jpg,True
cl8k2u1rm1gdj0832gqf51zw2,./out/images/cl8k2u1rm1gdj0832gqf51zw2.jpg,True
cl8k2u1rm1gdn08326xz34jhv,./out/images/cl8k2u1rm1gdn08326xz34jhv.jpg,True
cl8k2u1rm1gdr083210w146mr,./out/images/cl8k2u1rm1gdr083210w146mr.jpg,True
cl8k2u1rm1gdv08320jly80f1,./out/images/cl8k2u1rm1gdv08320jly80f1.jpg,True
cl8k2u1rm1gdz08320ch8eymz,./out/images/cl8k2u1rm1gdz08320ch8eymz.jpg,True
cl8k2u1rm1ge308327e69ccxj,./out/images/cl8k2u1rm1ge308327e69ccxj.jpg,True
cl8k2u1rm1ge708329c926y3m,./out/images/cl8k2u1rm1ge708329c926y3m.jpg,True
cl8k2u1rm1geb0832g6x6c4bp,./out/images/cl8k2u1rm1geb0832g6x6c4bp.jpg,True
cl8k2u1rn1gef08322xl94mvd,./out/images/cl8k2u1rn1gef08322xl94mvd.jpg,True
cl8k2u1rn1gej08320xzk78yo,./out/images/cl8k2u1rn1gej08320xzk78yo.jpg,True
cl8k2u1rn1gen08324wbm7h5p,./out/images/cl8k2u1rn1gen08324wbm7h5p.jpg,True
cl8k2u1rn1ger08323iixamem,./out/images/cl8k2u1rn1ger08323iixamem.jpg,True
cl8k2u1rn1gev08324sqmblxu,./out/images/cl8k2u1rn1gev08324sqmblxu.jpg,True
cl8k2u1rn1gez0832ag6sf9jc,./out/images/cl8k2u1rn1gez0832ag6sf9jc.jpg,True
cl8k2u1rn1gf3083279pd1353,./out/images/cl8k2u1rn1gf3083279pd1353.jpg,True
cl8k2u1rn1gf708326j5r4wu2,./out/images/cl8k2u1rn1gf708326j5r4wu2.jpg,True
cl8k2u1rn1gfb0832c3k4bt07,./out/images/cl8k2u1rn1gfb0832c3k4bt07.jpg,True
cl8k2u1rn1gff08326wqk8amg,./out/images/cl8k2u1rn1gff08326wqk8amg.jpg,True
cl8k2u1rn1gfj08327v8hhy68,./out/images/cl8k2u1rn1gfj08327v8hhy68.jpg,True
cl8k2u1rn1gfn0832hz096gbh,./out/images/cl8k2u1rn1gfn0832hz096gbh.jpg,True
cl8k2u1rn1gfr08324iew53gj,./out/images/cl8k2u1rn1gfr08324iew53gj.jpg,True
cl8k2u1rn1gfv08329igrhf83,./out/images/cl8k2u1rn1gfv08329igrhf83.jpg,True
cl8k2u1rn1gfz08329dco29e5,./out/images/cl8k2u1rn1gfz08329dco29e5.jpg,True
cl8k2u1ro1gg3083255y03sir,./out/images/cl8k2u1ro1gg3083255y03sir.jpg,True
cl8k2u1ro1gg708322bk70uab,./out/images/cl8k2u1ro1gg708322bk70uab.jpg,True
cl8k2u1ro1ggb0832hxrw4iqb,./out/images/cl8k2u1ro1ggb0832hxrw4iqb.jpg,True
cl8k2u1ro1ggf083240no0x8p,./out/images/cl8k2u1ro1ggf083240no0x8p.jpg,True
cl8k2u1ro1ggj0832332weon6,./out/images/cl8k2u1ro1ggj0832332weon6.jpg,True
cl8k2u1ro1ggn0832hm9y8scs,./out/images/cl8k2u1ro1ggn0832hm9y8scs.jpg,True
cl8k2u1ro1ggr083243ex3ksv,./out/images/cl8k2u1ro1ggr083243ex3ksv.jpg,True
cl8k2u1ro1ggv0832a9zc5yd4,./out/images/cl8k2u1ro1ggv0832a9zc5yd4.jpg,True
cl8k2u1ro1ggz0832egsj6ny7,./out/images/cl8k2u1ro1ggz0832egsj6ny7.jpg,True
cl8k2u1ro1gh30832dg2v42zs,./out/images/cl8k2u1ro1gh30832dg2v42zs.jpg,True
cl8k2u1ro1gh708327o7x4w30,./out/images/cl8k2u1ro1gh708327o7x4w30.jpg,True
cl8k2u1ro1ghb0832fsslggd7,./out/images/cl8k2u1ro1ghb0832fsslggd7.jpg,True
cl8k2u1ro1ghf0832fd9b288a,./out/images/cl8k2u1ro1ghf0832fd9b288a.jpg,True
cl8k2u1ro1ghj08326vb709of,./out/images/cl8k2u1ro1ghj08326vb709of.jpg,True
cl8k2u1rp1ghn0832hi704dfd,./out/images/cl8k2u1rp1ghn0832hi704dfd.jpg,True
cl8k2u1rp1ghr0832c3ml8xu1,./out/images/cl8k2u1rp1ghr0832c3ml8xu1.jpg,True
cl8k2u1rp1ghv08322jnd3g88,./out/images/cl8k2u1rp1ghv08322jnd3g88.jpg,True
cl8k2u1rp1ghz0832hpfh4js8,./out/images/cl8k2u1rp1ghz0832hpfh4js8.jpg,True
cl8k2u1rp1gi308329wn57uxt,./out/images/cl8k2u1rp1gi308329wn57uxt.jpg,True
cl8k2u1rp1gi70832csdda8p7,./out/images/cl8k2u1rp1gi70832csdda8p7.jpg,True
cl8k2u1rp1gib083257oo6nw3,./out/images/cl8k2u1rp1gib083257oo6nw3.jpg,True
cl8k2u1rp1gif08327ilxhoxs,./out/images/cl8k2u1rp1gif08327ilxhoxs.jpg,True
cl8k2u1rp1gij0832c2kw4nw3,./out/images/cl8k2u1rp1gij0832c2kw4nw3.jpg,True
cl8k2u1rp1gin083272cmew8x,./out/images/cl8k2u1rp1gin083272cmew8x.jpg,True
cl8k2u1rp1gir0832fmcn4rtf,./out/images/cl8k2u1rp1gir0832fmcn4rtf.jpg,True
cl8k2u1rp1giv0832eo3o2ax1,./out/images/cl8k2u1rp1giv0832eo3o2ax1.jpg,True
cl8k2u1rp1giz0832h7bme2sl,./out/images/cl8k2u1rp1giz0832h7bme2sl.jpg,True
cl8k2u1rp1gj308321tyw3ttm,./out/images/cl8k2u1rp1gj308321tyw3ttm.jpg,True
cl8k2u1rp1gj70832c9h3h0kj,./out/images/cl8k2u1rp1gj70832c9h3h0kj.jpg,True
cl8k2u1rq1gjb0832431tbo5r,./out/images/cl8k2u1rq1gjb0832431tbo5r.jpg,True
cl8k2u1rq1gjf0832efhx63x4,./out/images/cl8k2u1rq1gjf0832efhx63x4.jpg,True
cl8k2u1rq1gjj0832gpei6auf,./out/images/cl8k2u1rq1gjj0832gpei6auf.jpg,True
cl8k2u1rq1gjn0832duoj7ifs,./out/images/cl8k2u1rq1gjn0832duoj7ifs.jpg,True
cl8k2u1rq1gjr0832hmbbfkjv,./out/images/cl8k2u1rq1gjr0832hmbbfkjv.jpg,True
cl8k2u1rq1gjv083244ylb5bx,./out/images/cl8k2u1rq1gjv083244ylb5bx.jpg,True
cl8k2u1rq1gjz0832cpmb1w6x,./out/images/cl8k2u1rq1gjz0832cpmb1w6x.jpg,True
cl8k2u1rq1gk30832fytidoga,./out/images/cl8k2u1rq1gk30832fytidoga.jpg,True
cl8k2u1rq1gk70832cz1qay0c,./out/images/cl8k2u1rq1gk70832cz1qay0c.jpg,True
cl8k2u1rq1gkb08324gmm648m,./out/images/cl8k2u1rq1gkb08324gmm648m.jpg,True
cl8k2u1rq1gkf08326t9358ls,./out/images/cl8k2u1rq1gkf08326t9358ls.jpg,True
cl8k2u1rq1gkj08326tj60rq6,./out/images/cl8k2u1rq1gkj08326tj60rq6.jpg,True
cl8k2u1rq1gkn0832679vgc5u,./out/images/cl8k2u1rq1gkn0832679vgc5u.jpg,True
cl8k2u1rr1gkr08327rwf4hxs,./out/images/cl8k2u1rr1gkr08327rwf4hxs.jpg,True
cl8k2u1rr1gkv0832bcxl4zot,./out/images/cl8k2u1rr1gkv0832bcxl4zot.jpg,True
cl8k2u1rr1gkz08328k7q01on,./out/images/cl8k2u1rr1gkz08328k7q01on.jpg,True
cl8k2u1rr1gl30832apep1dr0,./out/images/cl8k2u1rr1gl30832apep1dr0.jpg,True
cl8k2u1rr1gl70832gfj88o34,./out/images/cl8k2u1rr1gl70832gfj88o34.jpg,True
cl8k2u1rr1glb0832245d8pr0,./out/images/cl8k2u1rr1glb0832245d8pr0.jpg,True
cl8k2u1rr1glf0832455i6mvm,./out/images/cl8k2u1rr1glf0832455i6mvm.jpg,True
cl8k2u1rr1glj083295ao9677,./out/images/cl8k2u1rr1glj083295ao9677.jpg,True
cl8k2u1rr1gln0832bu88bcnh,./out/images/cl8k2u1rr1gln0832bu88bcnh.jpg,True
cl8k2u1rr1glr0832goy800j0,./out/images/cl8k2u1rr1glr0832goy800j0.jpg,True
cl8k2u1rr1glv08326zeq035r,./out/images/cl8k2u1rr1glv08326zeq035r.jpg,True
cl8k2u1rr1glz0832045nbysa,./out/images/cl8k2u1rr1glz0832045nbysa.jpg,True
cl8k2u1rr1gm30832fz9x3vru,./out/images/cl8k2u1rr1gm30832fz9x3vru.jpg,True
cl8k2u1rr1gm70832eftd9qkv,./out/images/cl8k2u1rr1gm70832eftd9qkv.jpg,True
cl8k2u1rs1gmb0832108m8jio,./out/images/cl8k2u1rs1gmb0832108m8jio.jpg,True
cl8k2u1rs1gmj0832ho3k49gm,./out/images/cl8k2u1rs1gmj0832ho3k49gm.jpg,True
cl8k2u1rs1gmn0832cwqb4w10,./out/images/cl8k2u1rs1gmn0832cwqb4w10.jpg,True
cl8k2u1rs1gmr08320y3tgv16,./out/images/cl8k2u1rs1gmr08320y3tgv16.jpg,True
cl8k2u1rs1gmz0832gbam70cr,./out/images/cl8k2u1rs1gmz0832gbam70cr.jpg,True
cl8k2u1rs1gn308321i0neke3,./out/images/cl8k2u1rs1gn308321i0neke3.jpg,True
cl8k2u1rs1gn70832g75k4fpo,./out/images/cl8k2u1rs1gn70832g75k4fpo.jpg,True
cl8k2u1rs1gnb0832255x1dyf,./out/images/cl8k2u1rs1gnb0832255x1dyf.jpg,True
cl8k2u1rs1gnf08329s0wbn6q,./out/images/cl8k2u1rs1gnf08329s0wbn6q.jpg,True
cl8k2u1rs1gnj0832hn6neik1,./out/images/cl8k2u1rs1gnj0832hn6neik1.jpg,True
cl8k2u1rs1gnn0832gspp2xwq,./out/images/cl8k2u1rs1gnn0832gspp2xwq.jpg,True
cl8k2u1rs1gnr0832gpix89zk,./out/images/cl8k2u1rs1gnr0832gpix89zk.jpg,True
cl8k2u1rx1gnv08321vsv9iev,./out/images/cl8k2u1rx1gnv08321vsv9iev.jpg,True
cl8k2u1ry1gnz0832fuhlgfk8,./out/images/cl8k2u1ry1gnz0832fuhlgfk8.jpg,True
cl8k2u1ry1go30832govl8ebs,./out/images/cl8k2u1ry1go30832govl8ebs.jpg,True
cl8k2u1ry1go70832aji7ebjq,./out/images/cl8k2u1ry1go70832aji7ebjq.jpg,True
cl8k2u1ry1gob0832f8bw0zni,./out/images/cl8k2u1ry1gob0832f8bw0zni.jpg,True
cl8k2u1ry1gof0832brgmhcz9,./out/images/cl8k2u1ry1gof0832brgmhcz9.jpg,True
cl8k2u1s01goj08322x5f5418,./out/images/cl8k2u1s01goj08322x5f5418.jpg,True
cl8k2u1s01gon0832e58lc6uz,./out/images/cl8k2u1s01gon0832e58lc6uz.jpg,True
cl8k2u1s11gor08320n3q649e,./out/images/cl8k2u1s11gor08320n3q649e.jpg,True
cl8k2u1s11gov0832d3iqg2tz,./out/images/cl8k2u1s11gov0832d3iqg2tz.jpg,True
cl8k2u1s11goz08327y988ba2,./out/images/cl8k2u1s11goz08327y988ba2.jpg,True
cl8k2u1s11gp308322fqsfoxb,./out/images/cl8k2u1s11gp308322fqsfoxb.jpg,True
cl8k2u1s11gp70832efmz08h1,./out/images/cl8k2u1s11gp70832efmz08h1.jpg,True
cl8k2u1s11gpb08328gvcgqx2,./out/images/cl8k2u1s11gpb08328gvcgqx2.jpg,True
cl8k2u1s11gpf0832hipmbz0n,./out/images/cl8k2u1s11gpf0832hipmbz0n.jpg,True
cl8k2u1s11gpj0832hhpl6wru,./out/images/cl8k2u1s11gpj0832hhpl6wru.jpg,True
cl8k2u1s11gpn08321fxb796l,./out/images/cl8k2u1s11gpn08321fxb796l.jpg,True
cl8k2u1s11gpr0832f2ib72xw,./out/images/cl8k2u1s11gpr0832f2ib72xw.jpg,True
cl8k2u1s11gpv08321jjf8usi,./out/images/cl8k2u1s11gpv08321jjf8usi.jpg,True
cl8k2u1s11gpz0832b20403nt,./out/images/cl8k2u1s11gpz0832b20403nt.jpg,True
cl8k2u1s21gq3083256pu9z1v,./out/images/cl8k2u1s21gq3083256pu9z1v.jpg,True
cl8k2u1s21gq70832f84jga8t,./out/images/cl8k2u1s21gq70832f84jga8t.jpg,True
cl8k2u1s21gqb0832f016h3sz,./out/images/cl8k2u1s21gqb0832f016h3sz.jpg,True
cl8k2u1s21gqf08326be08lw5,./out/images/cl8k2u1s21gqf08326be08lw5.jpg,True
cl8k2u1s21gqj08320iqi6pe0,./out/images/cl8k2u1s21gqj08320iqi6pe0.jpg,True
cl8k2u1s21gqn08324ii64lnj,./out/images/cl8k2u1s21gqn08324ii64lnj.jpg,True
cl8k2u1s21gqr0832gpsvh3h1,./out/images/cl8k2u1s21gqr0832gpsvh3h1.jpg,True
cl8k2u1s21gqv08323uk4cg8b,./out/images/cl8k2u1s21gqv08323uk4cg8b.jpg,True
cl8k2u1s21gqz083267x3a37z,./out/images/cl8k2u1s21gqz083267x3a37z.jpg,True
cl8k2u1s21gr308321rt55242,./out/images/cl8k2u1s21gr308321rt55242.jpg,True
cl8k2u1s31gr70832bg6f1pbx,./out/images/cl8k2u1s31gr70832bg6f1pbx.jpg,True
cl8k2u1s31grb08322hx09n53,./out/images/cl8k2u1s31grb08322hx09n53.jpg,True
cl8k2u1s31grf08328cwu6q9m,./out/images/cl8k2u1s31grf08328cwu6q9m.jpg,True
cl8k2u1s31grj08329mr9409l,./out/images/cl8k2u1s31grj08329mr9409l.jpg,True
cl8k2u1s31grn0832fkmibz0e,./out/images/cl8k2u1s31grn0832fkmibz0e.jpg,True
cl8k2u1s31grr083245d4fu03,./out/images/cl8k2u1s31grr083245d4fu03.jpg,True
cl8k2u1s31grv0832ea238q57,./out/images/cl8k2u1s31grv0832ea238q57.jpg,True
cl8k2u1s31grz0832fbss60qz,./out/images/cl8k2u1s31grz0832fbss60qz.jpg,True
cl8k2u1s31gs3083269j097f2,./out/images/cl8k2u1s31gs3083269j097f2.jpg,True
cl8k2u1s31gs708321quz9wcf,./out/images/cl8k2u1s31gs708321quz9wcf.jpg,True
cl8k2u1s31gsb0832cuna6sfu,./out/images/cl8k2u1s31gsb0832cuna6sfu.jpg,True
cl8k2u1s31gsf08324un1e87w,./out/images/cl8k2u1s31gsf08324un1e87w.jpg,True
cl8k2u1s31gsj083269hx1tjd,./out/images/cl8k2u1s31gsj083269hx1tjd.jpg,True
cl8k2u1s41gsn0832cre579wm,./out/images/cl8k2u1s41gsn0832cre579wm.jpg,True
cl8k2u1s41gsr08320rwj0d47,./out/images/cl8k2u1s41gsr08320rwj0d47.jpg,True
cl8k2u1s41gsv0832gp096j7w,./out/images/cl8k2u1s41gsv0832gp096j7w.jpg,True
cl8k2u1s41gsz083292kq3hf4,./out/images/cl8k2u1s41gsz083292kq3hf4.jpg,True
cl8k2u1s41gt308323ps7ffy7,./out/images/cl8k2u1s41gt308323ps7ffy7.jpg,True
cl8k2u1s41gt708329jpt5lhz,./out/images/cl8k2u1s41gt708329jpt5lhz.jpg,True
cl8k2u1s41gtb0832btw8fycn,./out/images/cl8k2u1s41gtb0832btw8fycn.jpg,True
cl8k2u1s41gtf0832fx0fe4jl,./out/images/cl8k2u1s41gtf0832fx0fe4jl.jpg,True
cl8k2u1s41gtj08320sb27jjp,./out/images/cl8k2u1s41gtj08320sb27jjp.jpg,True
cl8k2u1s41gtn08325pdjfprj,./out/images/cl8k2u1s41gtn08325pdjfprj.jpg,True
cl8k2u1s41gtr08328nj66ft3,./out/images/cl8k2u1s41gtr08328nj66ft3.jpg,True
cl8k2u1s41gtv08320ad64qcd,./out/images/cl8k2u1s41gtv08320ad64qcd.jpg,True
cl8k2u1s41gtz0832a0w6gcya,./out/images/cl8k2u1s41gtz0832a0w6gcya.jpg,True
cl8k2u1s51gu308324cplhtm9,./out/images/cl8k2u1s51gu308324cplhtm9.jpg,True
cl8k2u1s51gu708320h7regdq,./out/images/cl8k2u1s51gu708320h7regdq.jpg,True
cl8k2u1s51gub0832bwqobw7f,./out/images/cl8k2u1s51gub0832bwqobw7f.jpg,True
cl8k2u1s51guj08321ehe89tv,./out/images/cl8k2u1s51guj08321ehe89tv.jpg,True
cl8k2u1s51gun083229kw44x5,./out/images/cl8k2u1s51gun083229kw44x5.jpg,True
cl8k2u1s51guv0832gfz4grtu,./out/images/cl8k2u1s51guv0832gfz4grtu.jpg,True
cl8k2u1s51guz083251zies9c,./out/images/cl8k2u1s51guz083251zies9c.jpg,True
cl8k2u1s51gv30832dg8fac9a,./out/images/cl8k2u1s51gv30832dg8fac9a.jpg,True
cl8k2u1s61gv7083246ql99yw,./out/images/cl8k2u1s61gv7083246ql99yw.jpg,True
cl8k2u1s61gvb08320kjpdxos,./out/images/cl8k2u1s61gvb08320kjpdxos.jpg,True
cl8k2u1s61gvf083299kqa517,./out/images/cl8k2u1s61gvf083299kqa517.jpg,True
cl8k2u1s61gvj0832a90324qb,./out/images/cl8k2u1s61gvj0832a90324qb.jpg,True
cl8k2u1s61gvn0832h2kob34e,./out/images/cl8k2u1s61gvn0832h2kob34e.jpg,True
cl8k2u1s61gvr08328ze46qo6,./out/images/cl8k2u1s61gvr08328ze46qo6.jpg,True
cl8k2u1s61gvv0832gn9t4azo,./out/images/cl8k2u1s61gvv0832gn9t4azo.jpg,True
cl8k2u1s61gvz0832ci7q14ts,./out/images/cl8k2u1s61gvz0832ci7q14ts.jpg,True
cl8k2u1s61gw308324ef60r2t,./out/images/cl8k2u1s61gw308324ef60r2t.jpg,True
cl8k2u1s61gw708328v401xnc,./out/images/cl8k2u1s61gw708328v401xnc.jpg,True
cl8k2u1s61gwb0832cv7r4a6x,./out/images/cl8k2u1s61gwb0832cv7r4a6x.jpg,True
cl8k2u1s71gwf08322vzy3rpc,./out/images/cl8k2u1s71gwf08322vzy3rpc.jpg,True
cl8k2u1s71gwj08324y7sh405,./out/images/cl8k2u1s71gwj08324y7sh405.jpg,True
cl8k2u1s71gwn08322ec18t4z,./out/images/cl8k2u1s71gwn08322ec18t4z.jpg,True
cl8k2u1s71gwr0832hj58avtu,./out/images/cl8k2u1s71gwr0832hj58avtu.jpg,True
cl8k2u1s71gwv08321e39ec5z,./out/images/cl8k2u1s71gwv08321e39ec5z.jpg,True
cl8k2u1s71gwz083231kff5yp,./out/images/cl8k2u1s71gwz083231kff5yp.jpg,True
cl8k2u1s71gx30832hzj38n7w,./out/images/cl8k2u1s71gx30832hzj38n7w.jpg,True
cl8k2u1s71gx7083240gwfvv0,./out/images/cl8k2u1s71gx7083240gwfvv0.jpg,True
cl8k2u1s71gxb0832800p5yxz,./out/images/cl8k2u1s71gxb0832800p5yxz.jpg,True
cl8k2u1s81gxf0832duib3h74,./out/images/cl8k2u1s81gxf0832duib3h74.jpg,True
cl8k2u1s81gxj0832bokx1tpc,./out/images/cl8k2u1s81gxj0832bokx1tpc.jpg,True
cl8k2u1s81gxn083221e0gjdl,./out/images/cl8k2u1s81gxn083221e0gjdl.jpg,True
cl8k2u1s81gxr083293jrf6fb,./out/images/cl8k2u1s81gxr083293jrf6fb.jpg,True
cl8k2u1s81gxv08323pf64w5e,./out/images/cl8k2u1s81gxv08323pf64w5e.jpg,True
cl8k2u1s81gxz0832fmgd2t3q,./out/images/cl8k2u1s81gxz0832fmgd2t3q.jpg,True
cl8k2u1ss1gy30832hxgle204,./out/images/cl8k2u1ss1gy30832hxgle204.jpg,True
cl8k2u1ss1gy708328o08gjbh,./out/images/cl8k2u1ss1gy708328o08gjbh.jpg,True
cl8k2u1st1gyb08328ooken3l,./out/images/cl8k2u1st1gyb08328ooken3l.jpg,True
cl8k2u1st1gyf08329a7b6r37,./out/images/cl8k2u1st1gyf08329a7b6r37.jpg,True
cl8k2u1st1gyj083285aq0ksj,./out/images/cl8k2u1st1gyj083285aq0ksj.jpg,True
cl8k2u1st1gyn0832b9uk9uf8,./out/images/cl8k2u1st1gyn0832b9uk9uf8.jpg,True
cl8k2u1st1gyr08321x6xczkx,./out/images/cl8k2u1st1gyr08321x6xczkx.jpg,True
cl8k2u1st1gyv08322bojh2xe,./out/images/cl8k2u1st1gyv08322bojh2xe.jpg,True
cl8k2u1st1gz30832f052d49f,./out/images/cl8k2u1st1gz30832f052d49f.jpg,True
cl8k2u1st1gz7083234gnazd9,./out/images/cl8k2u1st1gz7083234gnazd9.jpg,True
clb0kvxun8zkk074y1d4o168y,./out/images/clb0kvxun8zkk074y1d4o168y.jpg,True
clb0kvxun8zko074y606k6otj,./out/images/clb0kvxun8zko074y606k6otj.jpg,True
clb0kvxun8zlw074y9mo234n7,./out/images/clb0kvxun8zlw074y9mo234n7.jpg,True
clb0kvxun8zm0074y06ew34vx,./out/images/clb0kvxun8zm0074y06ew34vx.jpg,True
clb0kvxuo8zm4074ye32eai3t,./out/images/clb0kvxuo8zm4074ye32eai3t.jpg,True
clb0kvxuo8zm8074ycugdbvq1,./out/images/clb0kvxuo8zm8074ycugdbvq1.jpg,True
clb0kvxuq8zmc074ydwk1ec2r,./out/images/clb0kvxuq8zmc074ydwk1ec2r.jpg,True
clb0kvxuq8zmg074y7owh9m4b,./out/images/clb0kvxuq8zmg074y7owh9m4b.jpg,True
clb0kvxuq8zmk074y0xdh7xr7,./out/images/clb0kvxuq8zmk074y0xdh7xr7.jpg,True
clb0kvxuq8zmo074y24qmhbgp,./out/images/clb0kvxuq8zmo074y24qmhbgp.jpg,True
clb0kvxuq8zms074y8j8u68vg,./out/images/clb0kvxuq8zms074y8j8u68vg.jpg,True
clb0kvxuq8zmw074ya45k4874,./out/images/clb0kvxuq8zmw074ya45k4874.jpg,True
clb0kvxuq8zn0074y3dkr920e,./out/images/clb0kvxuq8zn0074y3dkr920e.jpg,True
clb0kvxuq8zn4074y6ud0erxj,./out/images/clb0kvxuq8zn4074y6ud0erxj.jpg,True
clb0kvxuq8zn8074ygka8954g,./out/images/clb0kvxuq8zn8074ygka8954g.jpg,True
clb0kvxur8znc074yg5ny5gy1,./out/images/clb0kvxur8znc074yg5ny5gy1.jpg,True
clb0kvxur8zng074yhcpp2sx8,./out/images/clb0kvxur8zng074yhcpp2sx8.jpg,True
clb0kvxur8znk074y132ne8r9,./out/images/clb0kvxur8znk074y132ne8r9.jpg,True
clb0kvxur8zno074y200b0bfa,./out/images/clb0kvxur8zno074y200b0bfa.jpg,True
clb0kvxur8zns074y1yimhhvd,./out/images/clb0kvxur8zns074y1yimhhvd.jpg,True
clb0kvxur8znw074y43k48d9y,./out/images/clb0kvxur8znw074y43k48d9y.jpg,True
clb0kvxur8zo0074yds4ebqyd,./out/images/clb0kvxur8zo0074yds4ebqyd.jpg,True
clb0kvxus8zo4074y68hg66sq,./out/images/clb0kvxus8zo4074y68hg66sq.jpg,True
clb0kvxus8zo8074y6pz410z6,./out/images/clb0kvxus8zo8074y6pz410z6.jpg,True
clb0kvxus8zoc074y4dplc6wi,./out/images/clb0kvxus8zoc074y4dplc6wi.jpg,True
clb0kvxus8zog074ygep338cc,./out/images/clb0kvxus8zog074ygep338cc.jpg,True
clb0kvxus8zok074ydwoc8kun,./out/images/clb0kvxus8zok074ydwoc8kun.jpg,True
clb0kvxus8zoo074yad840gix,./out/images/clb0kvxus8zoo074yad840gix.jpg,True
clb0kvxus8zos074y4e4t28qd,./out/images/clb0kvxus8zos074y4e4t28qd.jpg,True
clb0kvxus8zow074y5djsdlru,./out/images/clb0kvxus8zow074y5djsdlru.jpg,True
clb0kvxus8zp0074y12o5brpj,./out/images/clb0kvxus8zp0074y12o5brpj.jpg,True
clb0kvxus8zp4074yhyue52t1,./out/images/clb0kvxus8zp4074yhyue52t1.jpg,True
clb0kvxut8zp8074y37byce47,./out/images/clb0kvxut8zp8074y37byce47.jpg,True
clb0kvxut8zpc074y4azq5clw,./out/images/clb0kvxut8zpc074y4azq5clw.jpg,True
clb0kvxut8zpg074yfkm05y0b,./out/images/clb0kvxut8zpg074yfkm05y0b.jpg,True
clb0kvxut8zpk074ycwmgdckd,./out/images/clb0kvxut8zpk074ycwmgdckd.jpg,True
clb0kvxut8zpo074ye1qnfi8m,./out/images/clb0kvxut8zpo074ye1qnfi8m.jpg,True
clb0kvxut8zps074y9wwocn7t,./out/images/clb0kvxut8zps074y9wwocn7t.jpg,True
clb0kvxut8zpw074ydmnr8f6l,./out/images/clb0kvxut8zpw074ydmnr8f6l.jpg,True
clb0kvxut8zq0074ydf7n8q4n,./out/images/clb0kvxut8zq0074ydf7n8q4n.jpg,True
clb0kvxut8zq4074y468oehmf,./out/images/clb0kvxut8zq4074y468oehmf.jpg,True
clb0kvxut8zq8074y0qrw786f,./out/images/clb0kvxut8zq8074y0qrw786f.jpg,True
clb0kvxuu8zqc074y0rlqdc2l,./out/images/clb0kvxuu8zqc074y0rlqdc2l.jpg,True
clb0kvxuu8zqg074y82szgznp,./out/images/clb0kvxuu8zqg074y82szgznp.jpg,True
clb0kvxuu8zqk074y2agi34ee,./out/images/clb0kvxuu8zqk074y2agi34ee.jpg,True
clb0kvxuu8zqo074y61oi4qf9,./out/images/clb0kvxuu8zqo074y61oi4qf9.jpg,True
clb0kvxuu8zqs074y324g4z9f,./out/images/clb0kvxuu8zqs074y324g4z9f.jpg,True
clb0kvxuu8zqw074y6owx4apm,./out/images/clb0kvxuu8zqw074y6owx4apm.jpg,True
clb0kvxuu8zr0074y1vdvg8p8,./out/images/clb0kvxuu8zr0074y1vdvg8p8.jpg,True
clb0kvxuu8zr4074y8e5m9m80,./out/images/clb0kvxuu8zr4074y8e5m9m80.jpg,True
clb0kvxuu8zr8074y7ha63pmn,./out/images/clb0kvxuu8zr8074y7ha63pmn.jpg,True
clb0kvxuu8zrc074y2e22de0g,./out/images/clb0kvxuu8zrc074y2e22de0g.jpg,True
clb0kvxuv8zrg074ydj8qeahm,./out/images/clb0kvxuv8zrg074ydj8qeahm.jpg,True
clb0kvxuv8zrk074ye0xpeup4,./out/images/clb0kvxuv8zrk074ye0xpeup4.jpg,True
clb0kvxuv8zro074y5oeu8qe2,./out/images/clb0kvxuv8zro074y5oeu8qe2.jpg,True
clb0kvxuv8zrs074y9k0ebd3e,./out/images/clb0kvxuv8zrs074y9k0ebd3e.jpg,True
clb0kvxuv8zrw074y9iwrgb8n,./out/images/clb0kvxuv8zrw074y9iwrgb8n.jpg,True
clb0kvxuv8zs0074yc3da22oc,./out/images/clb0kvxuv8zs0074yc3da22oc.jpg,True
clb0kvxuv8zs4074y63kcdkqh,./out/images/clb0kvxuv8zs4074y63kcdkqh.jpg,True
clb0kvxuv8zs8074yhkrwa81m,./out/images/clb0kvxuv8zs8074yhkrwa81m.jpg,True
clb0kvxuv8zsc074yf2j43it4,./out/images/clb0kvxuv8zsc074yf2j43it4.jpg,True
clb0kvxuw8zsg074y4y8wdvn0,./out/images/clb0kvxuw8zsg074y4y8wdvn0.jpg,True
clb0kvxuw8zsk074ygc1iadn2,./out/images/clb0kvxuw8zsk074ygc1iadn2.jpg,True
clb0kvxuw8zso074y5o6v9jyk,./out/images/clb0kvxuw8zso074y5o6v9jyk.jpg,True
clb0kvxuw8zss074ye8pcfvyc,./out/images/clb0kvxuw8zss074ye8pcfvyc.jpg,True
clb0kvxuw8zsw074yc0dmf2ar,./out/images/clb0kvxuw8zsw074yc0dmf2ar.jpg,True
clb0kvxuw8zt0074yfc365i0w,./out/images/clb0kvxuw8zt0074yfc365i0w.jpg,True
clb0kvxuw8zt4074y0m7g3tl5,./out/images/clb0kvxuw8zt4074y0m7g3tl5.jpg,True
clb0kvxuw8zt8074ydgee41wh,./out/images/clb0kvxuw8zt8074ydgee41wh.jpg,True
clb0kvxuw8ztc074yhs3egadt,./out/images/clb0kvxuw8ztc074yhs3egadt.jpg,True
clb0kvxuw8ztg074y3tg1govn,./out/images/clb0kvxuw8ztg074y3tg1govn.jpg,True
clb0kvxux8ztk074ydrosfmn4,./out/images/clb0kvxux8ztk074ydrosfmn4.jpg,True
clb0kvxux8zto074y1qjm4o9w,./out/images/clb0kvxux8zto074y1qjm4o9w.jpg,True
clb0kvxux8zts074ya6wce3e9,./out/images/clb0kvxux8zts074ya6wce3e9.jpg,True
clb0kvxux8ztw074y467g3ap6,./out/images/clb0kvxux8ztw074y467g3ap6.jpg,True
clb0kvxux8zu0074y1lu0c11r,./out/images/clb0kvxux8zu0074y1lu0c11r.jpg,True
clb0kvxux8zu4074yc3afaavx,./out/images/clb0kvxux8zu4074yc3afaavx.jpg,True
clb0kvxux8zu8074y7bl93ebh,./out/images/clb0kvxux8zu8074y7bl93ebh.jpg,True
clb0kvxux8zuc074y6iy42oft,./out/images/clb0kvxux8zuc074y6iy42oft.jpg,True
clb0kvxux8zug074yaoiehas5,./out/images/clb0kvxux8zug074yaoiehas5.jpg,True
clb0kvxux8zuk074y2ecr98hy,./out/images/clb0kvxux8zuk074y2ecr98hy.jpg,True
clb0kvxux8zuo074y2r20bzu8,./out/images/clb0kvxux8zuo074y2r20bzu8.jpg,True
clb0kvxuy8zus074ycfgp22fs,./out/images/clb0kvxuy8zus074ycfgp22fs.jpg,True
clb0kvxuy8zuw074y92tngxrf,./out/images/clb0kvxuy8zuw074y92tngxrf.jpg,True
clb0kvxuy8zv0074y7ofpeene,./out/images/clb0kvxuy8zv0074y7ofpeene.jpg,True
clb0kvxuy8zv4074y4ko73ya3,./out/images/clb0kvxuy8zv4074y4ko73ya3.jpg,True
clb0kvxuy8zv8074ya010fwou,./out/images/clb0kvxuy8zv8074ya010fwou.jpg,True
clb0kvxuy8zvc074ybq8dggsu,./out/images/clb0kvxuy8zvc074ybq8dggsu.jpg,True
clb0kvxuy8zvg074y7le6ebsr,./out/images/clb0kvxuy8zvg074y7le6ebsr.jpg,True
clb0kvxuy8zvk074y8v9e9m25,./out/images/clb0kvxuy8zvk074y8v9e9m25.jpg,True
clb0kvxuy8zvo074ydu6kfsty,./out/images/clb0kvxuy8zvo074ydu6kfsty.jpg,True
clb0kvxuz8zvs074yejtv71m1,./out/images/clb0kvxuz8zvs074yejtv71m1.jpg,True
clb0kvxuz8zvw074y8jmz3ibu,./out/images/clb0kvxuz8zvw074y8jmz3ibu.jpg,True
clb0kvxuz8zw0074y99tt59jn,./out/images/clb0kvxuz8zw0074y99tt59jn.jpg,True
clb0kvxuz8zw4074yheicg35d,./out/images/clb0kvxuz8zw4074yheicg35d.jpg,True
clb0kvxuz8zw8074y1egf4l72,./out/images/clb0kvxuz8zw8074y1egf4l72.jpg,True
clb0kvxuz8zwc074yhd8ohemi,./out/images/clb0kvxuz8zwc074yhd8ohemi.jpg,True
clb0kvxuz8zwg074ygrl5b01q,./out/images/clb0kvxuz8zwg074ygrl5b01q.jpg,True
clb0kvxuz8zwk074y5wsmesj0,./out/images/clb0kvxuz8zwk074y5wsmesj0.jpg,True
clb0kvxuz8zwo074y69px8gvj,./out/images/clb0kvxuz8zwo074y69px8gvj.jpg,True
clb0kvxv08zws074ye2mb9yh8,./out/images/clb0kvxv08zws074ye2mb9yh8.jpg,True
clb0kvxv08zww074y0ue738i4,./out/images/clb0kvxv08zww074y0ue738i4.jpg,True
clb0kvxv08zx0074ya8f13n87,./out/images/clb0kvxv08zx0074ya8f13n87.jpg,True
clb0kvxv08zx4074yhidlh8k8,./out/images/clb0kvxv08zx4074yhidlh8k8.jpg,True
clb0kvxv08zx8074y29453owk,./out/images/clb0kvxv08zx8074y29453owk.jpg,True
clb0kvxv08zxc074y6ywk59zo,./out/images/clb0kvxv08zxc074y6ywk59zo.jpg,True
clb0kvxv08zxg074y2w4lbms9,./out/images/clb0kvxv08zxg074y2w4lbms9.jpg,True
clb0kvxv08zxk074y44mo664c,./out/images/clb0kvxv08zxk074y44mo664c.jpg,True
clb0kvxv08zxo074y796bdumg,./out/images/clb0kvxv08zxo074y796bdumg.jpg,True
clb0kvxv08zxs074y6zlfge3d,./out/images/clb0kvxv08zxs074y6zlfge3d.jpg,True
clb0kvxv08zxw074y66p98vyy,./out/images/clb0kvxv08zxw074y66p98vyy.jpg,True
clb0kvxv18zy0074yd3bcc08u,./out/images/clb0kvxv18zy0074yd3bcc08u.jpg,True
clb0kvxv18zy4074y8e4ec357,./out/images/clb0kvxv18zy4074y8e4ec357.jpg,True
clb0kvxv18zy8074yeuspa5jy,./out/images/clb0kvxv18zy8074yeuspa5jy.jpg,True
clb0kvxv18zyc074yb18q8sj7,./out/images/clb0kvxv18zyc074yb18q8sj7.jpg,True
clb0kvxv18zyg074yg38eg76m,./out/images/clb0kvxv18zyg074yg38eg76m.jpg,True
clb0kvxv18zyk074y1xa29o15,./out/images/clb0kvxv18zyk074y1xa29o15.jpg,True
clb0kvxv18zyo074yfnohc00m,./out/images/clb0kvxv18zyo074yfnohc00m.jpg,True
clb0kvxv18zys074yg4eu21lc,./out/images/clb0kvxv18zys074yg4eu21lc.jpg,True
clb0kvxv18zyw074yczp6gxp2,./out/images/clb0kvxv18zyw074yczp6gxp2.jpg,True
clb0kvxv18zz0074y4120hdg9,./out/images/clb0kvxv18zz0074y4120hdg9.jpg,True
clb0kvxv28zz4074ydaumfq5d,./out/images/clb0kvxv28zz4074ydaumfq5d.jpg,True
clb0kvxv28zz8074y464gfdth,./out/images/clb0kvxv28zz8074y464gfdth.jpg,True
clb0kvxv28zzc074y2d1j73oz,./out/images/clb0kvxv28zzc074y2d1j73oz.jpg,True
clb0kvxv28zzg074y1d2xeu17,./out/images/clb0kvxv28zzg074y1d2xeu17.jpg,True
clb0kvxv28zzk074yf0c2fic2,./out/images/clb0kvxv28zzk074yf0c2fic2.jpg,True
clb0kvxv28zzo074yd55s2okj,./out/images/clb0kvxv28zzo074yd55s2okj.jpg,True
clb0kvxv28zzs074y1xxyfl32,./out/images/clb0kvxv28zzs074y1xxyfl32.jpg,True
clb0kvxv28zzw074y62u9gdv9,./out/images/clb0kvxv28zzw074y62u9gdv9.jpg,True
clb0kvxv39000074yfvklf0as,./out/images/clb0kvxv39000074yfvklf0as.jpg,True
clb0kvxv39004074ya5mi9dpw,./out/images/clb0kvxv39004074ya5mi9dpw.jpg,True
clb0kvxv39008074y8lkba3te,./out/images/clb0kvxv39008074y8lkba3te.jpg,True
clb0kvxv3900c074yg891fizz,./out/images/clb0kvxv3900c074yg891fizz.jpg,True
clb0kvxv3900g074yfvvybpwn,./out/images/clb0kvxv3900g074yfvvybpwn.jpg,True
clb0kvxv3900k074yer95b9pz,./out/images/clb0kvxv3900k074yer95b9pz.jpg,True
clb0kvxv3900o074y4a2067yv,./out/images/clb0kvxv3900o074y4a2067yv.jpg,True
clb0kvxv3900s074y30z72u38,./out/images/clb0kvxv3900s074y30z72u38.jpg,True
clb0kvxv3900w074yhr0x3ja6,./out/images/clb0kvxv3900w074yhr0x3ja6.jpg,True
clb0kvxv39010074yfu2l1qnl,./out/images/clb0kvxv39010074yfu2l1qnl.jpg,True
clb0kvxv39014074yhxoihk8b,./out/images/clb0kvxv39014074yhxoihk8b.jpg,True
clb0kvxv39018074y9x5ae6gp,./out/images/clb0kvxv39018074y9x5ae6gp.jpg,True
clb0kvxv3901c074yffz00p7z,./out/images/clb0kvxv3901c074yffz00p7z.jpg,True
clb0kvxv4901g074y1b0i72e3,./out/images/clb0kvxv4901g074y1b0i72e3.jpg,True
clb0kvxv4901k074yfo5x99qy,./out/images/clb0kvxv4901k074yfo5x99qy.jpg,True
clb0kvxv4901o074y8ygaf737,./out/images/clb0kvxv4901o074y8ygaf737.jpg,True
clb0kvxv4901s074y357gapnn,./out/images/clb0kvxv4901s074y357gapnn.jpg,True
clb0kvxv4901w074y2k8w9dfo,./out/images/clb0kvxv4901w074y2k8w9dfo.jpg,True
clb0kvxv49020074y7aa578j1,./out/images/clb0kvxv49020074y7aa578j1.jpg,True
clb0kvxv49024074ybnq9fuft,./out/images/clb0kvxv49024074ybnq9fuft.jpg,True
clb0kvxv49028074y5zvrg8yo,./out/images/clb0kvxv49028074y5zvrg8yo.jpg,True
clb0kvxv4902c074y4kum48zx,./out/images/clb0kvxv4902c074y4kum48zx.jpg,True
clb0kvxv4902g074y9ugv9pi0,./out/images/clb0kvxv4902g074y9ugv9pi0.jpg,True
clb0kvxv4902k074ye3k8aqnb,./out/images/clb0kvxv4902k074ye3k8aqnb.jpg,True
clb0kvxv4902o074y62vw9pkp,./out/images/clb0kvxv4902o074y62vw9pkp.jpg,True
clb0kvxv4902s074y5s0542oe,./out/images/clb0kvxv4902s074y5s0542oe.jpg,True
clb0kvxv4902w074y35cc50x6,./out/images/clb0kvxv4902w074y35cc50x6.jpg,True
clb0kvxv49030074y4dir095j,./out/images/clb0kvxv49030074y4dir095j.jpg,True
clb0kvxv59034074y3mvo42nw,./out/images/clb0kvxv59034074y3mvo42nw.jpg,True
clb0kvxv59038074y0hol2h45,./out/images/clb0kvxv59038074y0hol2h45.jpg,True
clb0kvxv5903c074ydb2afxqh,./out/images/clb0kvxv5903c074ydb2afxqh.jpg,True
clb0kvxv5903g074y4wlm681g,./out/images/clb0kvxv5903g074y4wlm681g.jpg,True
clb0kvxv5903k074y22v4as0s,./out/images/clb0kvxv5903k074y22v4as0s.jpg,True
clb0kvxv5903o074y08vf0cvg,./out/images/clb0kvxv5903o074y08vf0cvg.jpg,True
clb0kvxv5903s074y5iad8ltl,./out/images/clb0kvxv5903s074y5iad8ltl.jpg,True
clb0kvxv5903w074y7k9dawqu,./out/images/clb0kvxv5903w074y7k9dawqu.jpg,True
clb0kvxv59040074y5n4pbbi4,./out/images/clb0kvxv59040074y5n4pbbi4.jpg,True
clb0kvxv59044074y99as44qx,./out/images/clb0kvxv59044074y99as44qx.jpg,True
clb0kvxv59048074yc5km1cks,./out/images/clb0kvxv59048074yc5km1cks.jpg,True
clb0kvxv5904c074yhaq90gjr,./out/images/clb0kvxv5904c074yhaq90gjr.jpg,True
clb0kvxv5904g074yf9so0s07,./out/images/clb0kvxv5904g074yf9so0s07.jpg,True
clb0kvxv5904k074y5k91dwfq,./out/images/clb0kvxv5904k074y5k91dwfq.jpg,True
clb0kvxv5904o074yh0my1eow,./out/images/clb0kvxv5904o074yh0my1eow.jpg,True
clb0kvxv5904s074y97qacm3l,./out/images/clb0kvxv5904s074y97qacm3l.jpg,True
clb0kvxv6904w074ydqun38bi,./out/images/clb0kvxv6904w074ydqun38bi.jpg,True
clb0kvxv69050074y4dtl6zbt,./out/images/clb0kvxv69050074y4dtl6zbt.jpg,True
clb0kvxv69054074y90nk69f4,./out/images/clb0kvxv69054074y90nk69f4.jpg,True
clb0kvxv69058074yei9pfqki,./out/images/clb0kvxv69058074yei9pfqki.jpg,True
clb0kvxv6905c074y8v087jm4,./out/images/clb0kvxv6905c074y8v087jm4.jpg,True
clb0kvxv6905g074yc1yh9xje,./out/images/clb0kvxv6905g074yc1yh9xje.jpg,True
clb0kvxv6905k074ydl6b0v75,./out/images/clb0kvxv6905k074ydl6b0v75.jpg,True
clb0kvxv6905o074y93pdfoc4,./out/images/clb0kvxv6905o074y93pdfoc4.jpg,True
clb0kvxv6905s074yfyywhtuu,./out/images/clb0kvxv6905s074yfyywhtuu.jpg,True
clb0kvxv6905w074y2k5pbv73,./out/images/clb0kvxv6905w074y2k5pbv73.jpg,True
clb0kvxv69060074y2isr622s,./out/images/clb0kvxv69060074y2isr622s.jpg,True
clb0kvxv69064074ydvrycsa1,./out/images/clb0kvxv69064074ydvrycsa1.jpg,True
clb0kvxv69068074y6rapat1d,./out/images/clb0kvxv69068074y6rapat1d.jpg,True
clb0kvxv6906c074y5ii1dxsi,./out/images/clb0kvxv6906c074y5ii1dxsi.jpg,True
clb0kvxv6906g074y19bxf1ei,./out/images/clb0kvxv6906g074y19bxf1ei.jpg,True
clb0kvxv6906k074y56xz8cyc,./out/images/clb0kvxv6906k074y56xz8cyc.jpg,True
clb0kvxv7906o074y82j11tg4,./out/images/clb0kvxv7906o074y82j11tg4.jpg,True
clb0kvxv7906s074yfbj0gei6,./out/images/clb0kvxv7906s074yfbj0gei6.jpg,True
clb0kvxv7906w074y679nfpeg,./out/images/clb0kvxv7906w074y679nfpeg.jpg,True
clb0kvxv79070074y9aan49ou,./out/images/clb0kvxv79070074y9aan49ou.jpg,True
clb0kvxv79074074y19cdf7ne,./out/images/clb0kvxv79074074y19cdf7ne.jpg,True
clb0kvxv79078074y9nnrg7vr,./out/images/clb0kvxv79078074y9nnrg7vr.jpg,True
clb0kvxv7907c074y8xvo3g7g,./out/images/clb0kvxv7907c074y8xvo3g7g.jpg,True
clb0kvxv7907g074yh40pcwlh,./out/images/clb0kvxv7907g074yh40pcwlh.jpg,True
clb0kvxv7907k074yhv4610cd,./out/images/clb0kvxv7907k074yhv4610cd.jpg,True
clb0kvxv7907o074y51ergcqi,./out/images/clb0kvxv7907o074y51ergcqi.jpg,True
clb0kvxv7907s074yg2h1a1qj,./out/images/clb0kvxv7907s074yg2h1a1qj.jpg,True
clb0kvxv7907w074ycrcvh6to,./out/images/clb0kvxv7907w074ycrcvh6to.jpg,True
clb0kvxv79080074yek4w3fx9,./out/images/clb0kvxv79080074yek4w3fx9.jpg,True
clb0kvxv79084074yd3sagock,./out/images/clb0kvxv79084074yd3sagock.jpg,True
clb0kvxv79088074ycq5xhswt,./out/images/clb0kvxv79088074ycq5xhswt.jpg,True
clb0kvxv8908c074y4axv51cb,./out/images/clb0kvxv8908c074y4axv51cb.jpg,True
clb0kvxv8908g074y6744eg66,./out/images/clb0kvxv8908g074y6744eg66.jpg,True
clb0kvxv8908k074y6z8zc2oy,./out/images/clb0kvxv8908k074y6z8zc2oy.jpg,True
clb0kvxv8908o074y457lcm6w,./out/images/clb0kvxv8908o074y457lcm6w.jpg,True
clb0kvxv8908s074yf1acgvry,./out/images/clb0kvxv8908s074yf1acgvry.jpg,True
clb0kvxv8908w074y12lcdpnx,./out/images/clb0kvxv8908w074y12lcdpnx.jpg,True
clb0kvxv89090074ybpe91eco,./out/images/clb0kvxv89090074ybpe91eco.jpg,True
clb0kvxv89094074yhbcqdpu6,./out/images/clb0kvxv89094074yhbcqdpu6.jpg,True
clb0kvxv89098074yc3m3gu6v,./out/images/clb0kvxv89098074yc3m3gu6v.jpg,True
clb0kvxv8909c074y0i1x320e,./out/images/clb0kvxv8909c074y0i1x320e.jpg,True
clb0kvxv8909g074ygqvjem5q,./out/images/clb0kvxv8909g074ygqvjem5q.jpg,True
clb0kvxv8909k074yg9zq6h2y,./out/images/clb0kvxv8909k074yg9zq6h2y.jpg,True
clb0kvxv8909o074y7uds7raq,./out/images/clb0kvxv8909o074y7uds7raq.jpg,True
clb0kvxv8909s074y3mqmbwxn,./out/images/clb0kvxv8909s074y3mqmbwxn.jpg,True
clb0kvxv8909w074ydp6g3ktm,./out/images/clb0kvxv8909w074ydp6g3ktm.jpg,True
clb0kvxv990a0074y0w7a0rzf,./out/images/clb0kvxv990a0074y0w7a0rzf.jpg,True
clb0kvxv990a4074y8g29djvu,./out/images/clb0kvxv990a4074y8g29djvu.jpg,True
clb0kvxv990a8074ycugbdmut,./out/images/clb0kvxv990a8074ycugbdmut.jpg,True
clb0kvxv990ac074yd27687my,./out/images/clb0kvxv990ac074yd27687my.jpg,True
clb0kvxv990ag074ybfd581a5,./out/images/clb0kvxv990ag074ybfd581a5.jpg,True
clb0kvxv990ak074yel11h7bn,./out/images/clb0kvxv990ak074yel11h7bn.jpg,True
clb0kvxv990ao074y0sxr4p42,./out/images/clb0kvxv990ao074y0sxr4p42.jpg,True
clb0kvxv990as074y6lv8euza,./out/images/clb0kvxv990as074y6lv8euza.jpg,True
clb0kvxv990aw074ye4wn382y,./out/images/clb0kvxv990aw074ye4wn382y.jpg,True
clb0kvxv990b0074y53ha350u,./out/images/clb0kvxv990b0074y53ha350u.jpg,True
clb0kvxv990b4074y4ot3gmi8,./out/images/clb0kvxv990b4074y4ot3gmi8.jpg,True
clb0kvxv990b8074yct0y4znb,./out/images/clb0kvxv990b8074yct0y4znb.jpg,True
clb0kvxv990bc074ybba3aows,./out/images/clb0kvxv990bc074ybba3aows.jpg,True
clb0kvxv990bg074y533g3dou,./out/images/clb0kvxv990bg074y533g3dou.jpg,True
clb0kvxv990bk074y3d9g2t6m,./out/images/clb0kvxv990bk074y3d9g2t6m.jpg,True
clb0kvxv990bo074y3b8wb3wt,./out/images/clb0kvxv990bo074y3b8wb3wt.jpg,True
clb0kvxva90bs074ya2pahyom,./out/images/clb0kvxva90bs074ya2pahyom.jpg,True
clb0kvxva90bw074y8zg6gj3i,./out/images/clb0kvxva90bw074y8zg6gj3i.jpg,True
clb0kvxva90c0074y2utk2y1y,./out/images/clb0kvxva90c0074y2utk2y1y.jpg,True
clb0kvxva90c4074y1p0q5ffu,./out/images/clb0kvxva90c4074y1p0q5ffu.jpg,True
clb0kvxva90c8074y5ztn19ek,./out/images/clb0kvxva90c8074y5ztn19ek.jpg,True
clb0kvxva90cc074y4mc5gnex,./out/images/clb0kvxva90cc074y4mc5gnex.jpg,True
clb0kvxva90cg074yg8qw2fsa,./out/images/clb0kvxva90cg074yg8qw2fsa.jpg,True
clb0kvxva90ck074ycuib3gx0,./out/images/clb0kvxva90ck074ycuib3gx0.jpg,True
clb0kvxva90co074y41clguhf,./out/images/clb0kvxva90co074y41clguhf.jpg,True
clb0kvxva90cs074yc4414wlw,./out/images/clb0kvxva90cs074yc4414wlw.jpg,True
clb0kvxva90cw074y3iofcmwm,./out/images/clb0kvxva90cw074y3iofcmwm.jpg,True
clb0kvxva90d0074yctoe143i,./out/images/clb0kvxva90d0074yctoe143i.jpg,True
clb0kvxva90d4074y014i8jpw,./out/images/clb0kvxva90d4074y014i8jpw.jpg,True
clb0kvxva90d8074y17qv6r2y,./out/images/clb0kvxva90d8074y17qv6r2y.jpg,True
clb0kvxva90dc074y7z3zarjw,./out/images/clb0kvxva90dc074y7z3zarjw.jpg,True
clb0kvxva90dg074yareh1db9,./out/images/clb0kvxva90dg074yareh1db9.jpg,True
clb0kvxva90dk074ya2u53i5o,./out/images/clb0kvxva90dk074ya2u53i5o.jpg,True
clb0kvxvb90do074y3cc64vqt,./out/images/clb0kvxvb90do074y3cc64vqt.jpg,True
clb0kvxvb90ds074yb3by4m9y,./out/images/clb0kvxvb90ds074yb3by4m9y.jpg,True
clb0kvxvb90dw074ya1gjbhtj,./out/images/clb0kvxvb90dw074ya1gjbhtj.jpg,True
clb0kvxvb90e0074y9eoq4729,./out/images/clb0kvxvb90e0074y9eoq4729.jpg,True
clb0kvxvb90e4074y3ro53u7x,./out/images/clb0kvxvb90e4074y3ro53u7x.jpg,True
clb0kvxvb90e8074ybc2q6saa,./out/images/clb0kvxvb90e8074ybc2q6saa.jpg,True
clb0kvxvb90ec074y8tni6st3,./out/images/clb0kvxvb90ec074y8tni6st3.jpg,True
clb0kvxvb90eg074ybfrec9ua,./out/images/clb0kvxvb90eg074ybfrec9ua.jpg,True
clb0kvxvb90ek074y8kpm7948,./out/images/clb0kvxvb90ek074y8kpm7948.jpg,True
clb0kvxvb90eo074y5ehc1t07,./out/images/clb0kvxvb90eo074y5ehc1t07.jpg,True
clb0kvxvb90es074yeitt0sfx,./out/images/clb0kvxvb90es074yeitt0sfx.jpg,True
clb0kvxvb90ew074y2i8j8at5,./out/images/clb0kvxvb90ew074y2i8j8at5.jpg,True
clb0kvxvb90f0074y9hbvalid,./out/images/clb0kvxvb90f0074y9hbvalid.jpg,True
clb0kvxvb90f4074ye7j9g6n5,./out/images/clb0kvxvb90f4074ye7j9g6n5.jpg,True
clb0kvxvb90f8074y90dw7q5g,./out/images/clb0kvxvb90f8074y90dw7q5g.jpg,True
clb0kvxvb90fc074y862k88z9,./out/images/clb0kvxvb90fc074y862k88z9.jpg,True
clb0kvxvb90fg074ydzpdbwmn,./out/images/clb0kvxvb90fg074ydzpdbwmn.jpg,True
clb0kvxvc90fk074ya7hv0ab1,./out/images/clb0kvxvc90fk074ya7hv0ab1.jpg,True
clb0kvxvc90fo074yhqtidcpt,./out/images/clb0kvxvc90fo074yhqtidcpt.jpg,True
clb0kvxvc90fs074ydx6x5gf2,./out/images/clb0kvxvc90fs074ydx6x5gf2.jpg,True
clb0kvxvc90fw074yettxbhe6,./out/images/clb0kvxvc90fw074yettxbhe6.jpg,True
clb0kvxvc90g0074y2xvf9cmq,./out/images/clb0kvxvc90g0074y2xvf9cmq.jpg,True
clb0kvxvc90g4074yhcv0de09,./out/images/clb0kvxvc90g4074yhcv0de09.jpg,True
clb0kvxvc90g8074yft724moc,./out/images/clb0kvxvc90g8074yft724moc.jpg,True
clb0kvxvc90gc074yd6aq25qk,./out/images/clb0kvxvc90gc074yd6aq25qk.jpg,True
clb0kvxvc90gg074ybumufky2,./out/images/clb0kvxvc90gg074ybumufky2.jpg,True
clb0kvxvc90gk074yetau6yvy,./out/images/clb0kvxvc90gk074yetau6yvy.jpg,True
clb0kvxvc90go074y4erzha8j,./out/images/clb0kvxvc90go074y4erzha8j.jpg,True
clb0kvxvc90gs074y8ob781xw,./out/images/clb0kvxvc90gs074y8ob781xw.jpg,True
clb0kvxvc90gw074y0gyk96cd,./out/images/clb0kvxvc90gw074y0gyk96cd.jpg,True
clb0kvxvc90h0074y7tyt02wf,./out/images/clb0kvxvc90h0074y7tyt02wf.jpg,True
clb0kvxvc90h4074y2ljl5p2a,./out/images/clb0kvxvc90h4074y2ljl5p2a.jpg,True
clb0kvxvc90h8074ydrhndkkk,./out/images/clb0kvxvc90h8074ydrhndkkk.jpg,True
clb0kvxvd90hc074ydx8sfgk9,./out/images/clb0kvxvd90hc074ydx8sfgk9.jpg,True
clb0kvxvd90hg074yfxq8a2ub,./out/images/clb0kvxvd90hg074yfxq8a2ub.jpg,True
clb0kvxvd90hk074y8yr9hoqr,./out/images/clb0kvxvd90hk074y8yr9hoqr.jpg,True
clb0kvxvd90ho074y9u7seky9,./out/images/clb0kvxvd90ho074y9u7seky9.jpg,True
clb0kvxvd90hs074y5lz2hy80,./out/images/clb0kvxvd90hs074y5lz2hy80.jpg,True
clb0kvxvd90hw074y78wpb0yn,./out/images/clb0kvxvd90hw074y78wpb0yn.jpg,True
clb0kvxvd90i0074yayywbnv0,./out/images/clb0kvxvd90i0074yayywbnv0.jpg,True
clb0kvxvd90i4074y978yddaw,./out/images/clb0kvxvd90i4074y978yddaw.jpg,True
clb0kvxvd90i8074ygksw7hfy,./out/images/clb0kvxvd90i8074ygksw7hfy.jpg,True
clb0kvxvd90ic074yecw26xzw,./out/images/clb0kvxvd90ic074yecw26xzw.jpg,True
clb0kvxvd90ig074yb6in8d04,./out/images/clb0kvxvd90ig074yb6in8d04.jpg,True
clb0kvxvd90ik074ygxuw4k0e,./out/images/clb0kvxvd90ik074ygxuw4k0e.jpg,True
clb0kvxvd90io074y2o7785y9,./out/images/clb0kvxvd90io074y2o7785y9.jpg,True
clb0kvxvd90is074ycennh40o,./out/images/clb0kvxvd90is074ycennh40o.jpg,True
clb0kvxvd90iw074yhzgr3dfl,./out/images/clb0kvxvd90iw074yhzgr3dfl.jpg,True
clb0kvxvd90j0074y0zo13d3u,./out/images/clb0kvxvd90j0074y0zo13d3u.jpg,True
clb0kvxvd90j4074ybrht5v5a,./out/images/clb0kvxvd90j4074ybrht5v5a.jpg,True
clb0kvxve90j8074y80pqalev,./out/images/clb0kvxve90j8074y80pqalev.jpg,True
clb0kvxve90jc074y46vm6rwb,./out/images/clb0kvxve90jc074y46vm6rwb.jpg,True
clb0kvxve90jg074y814sckjn,./out/images/clb0kvxve90jg074y814sckjn.jpg,True
clb0kvxve90jk074yecnxbybc,./out/images/clb0kvxve90jk074yecnxbybc.jpg,True
clb0kvxve90jo074yhidc1v7m,./out/images/clb0kvxve90jo074yhidc1v7m.jpg,True
clb0kvxve90js074yfcft04k6,./out/images/clb0kvxve90js074yfcft04k6.jpg,True
clb0kvxve90jw074y05yad028,./out/images/clb0kvxve90jw074y05yad028.jpg,True
clb0kvxve90k0074y15po5cmu,./out/images/clb0kvxve90k0074y15po5cmu.jpg,True
clb0kvxve90k4074yeawvbbt7,./out/images/clb0kvxve90k4074yeawvbbt7.jpg,True
clb0kvxve90k8074yhcd65p2a,./out/images/clb0kvxve90k8074yhcd65p2a.jpg,True
clb0kvxve90kc074y6yaecqgy,./out/images/clb0kvxve90kc074y6yaecqgy.jpg,True
clb0kvxve90kg074y3rm8dqbf,./out/images/clb0kvxve90kg074y3rm8dqbf.jpg,True
clb0kvxve90kk074yhyhi0w5o,./out/images/clb0kvxve90kk074yhyhi0w5o.jpg,True
clb0kvxve90ko074ydzxk5n0h,./out/images/clb0kvxve90ko074ydzxk5n0h.jpg,True
clb0kvxve90ks074y28d9gp8o,./out/images/clb0kvxve90ks074y28d9gp8o.jpg,True
clb0kvxve90kw074y3tymbify,./out/images/clb0kvxve90kw074y3tymbify.jpg,True
clb0kvxve90l0074y2s336tdz,./out/images/clb0kvxve90l0074y2s336tdz.jpg,True
clb0kvxvf90l4074y85pi02pq,./out/images/clb0kvxvf90l4074y85pi02pq.jpg,True
clb0kvxvf90l8074y8reqhehu,./out/images/clb0kvxvf90l8074y8reqhehu.jpg,True
clb0kvxvf90lc074yef2f0ua1,./out/images/clb0kvxvf90lc074yef2f0ua1.jpg,True
clb0kvxvf90lg074y3t1ccksv,./out/images/clb0kvxvf90lg074y3t1ccksv.jpg,True
clb0kvxvf90lk074y71pk02pe,./out/images/clb0kvxvf90lk074y71pk02pe.jpg,True
clb0kvxvf90lo074y5ckl4aji,./out/images/clb0kvxvf90lo074y5ckl4aji.jpg,True
clb0kvxvf90ls074y982vbdvi,./out/images/clb0kvxvf90ls074y982vbdvi.jpg,True
clb0kvxvf90lw074y2dav4gy7,./out/images/clb0kvxvf90lw074y2dav4gy7.jpg,True
clb0kvxvf90m0074y2jgrem7x,./out/images/clb0kvxvf90m0074y2jgrem7x.jpg,True
clb0kvxvf90m4074y4weshkpp,./out/images/clb0kvxvf90m4074y4weshkpp.jpg,True
clb0kvxvf90m8074y3tq186qw,./out/images/clb0kvxvf90m8074y3tq186qw.jpg,True
clb0kvxvf90mc074yetbu4dvf,./out/images/clb0kvxvf90mc074yetbu4dvf.jpg,True
clb0kvxvf90mg074y8yk1ghzr,./out/images/clb0kvxvf90mg074y8yk1ghzr.jpg,True
clb0kvxvf90mk074y966fegn0,./out/images/clb0kvxvf90mk074y966fegn0.jpg,True
clb0kvxvf90mo074y0dkjhos6,./out/images/clb0kvxvf90mo074y0dkjhos6.jpg,True
clb0kvxvg90ms074y1bylasgv,./out/images/clb0kvxvg90ms074y1bylasgv.jpg,True
clb0kvxvg90mw074y4dlng1pr,./out/images/clb0kvxvg90mw074y4dlng1pr.jpg,True
clb0kvxvg90n0074y5n8wdtdo,./out/images/clb0kvxvg90n0074y5n8wdtdo.jpg,True
clb0kvxvg90n4074y168dg66y,./out/images/clb0kvxvg90n4074y168dg66y.jpg,True
clb0kvxvg90n8074ygiyj7f84,./out/images/clb0kvxvg90n8074ygiyj7f84.jpg,True
clb0kvxvg90nc074ycgqb10ti,./out/images/clb0kvxvg90nc074ycgqb10ti.jpg,True
clb0kvxvg90ng074yfynhdfbd,./out/images/clb0kvxvg90ng074yfynhdfbd.jpg,True
clb0kvxvg90nk074y6qnzas41,./out/images/clb0kvxvg90nk074y6qnzas41.jpg,True
clb0kvxvg90no074yhcyb0sj6,./out/images/clb0kvxvg90no074yhcyb0sj6.jpg,True
clb0kvxvg90ns074y938udwjj,./out/images/clb0kvxvg90ns074y938udwjj.jpg,True
clb0kvxvg90nw074yhkft6sf7,./out/images/clb0kvxvg90nw074yhkft6sf7.jpg,True
clb0kvxvg90o0074y9qz4131e,./out/images/clb0kvxvg90o0074y9qz4131e.jpg,True
clb0kvxvg90o4074ygwfk2khl,./out/images/clb0kvxvg90o4074ygwfk2khl.jpg,True
clb0kvxvg90o8074y9jii7q81,./out/images/clb0kvxvg90o8074y9jii7q81.jpg,True
clb0kvxvg90oc074y0qcoeo02,./out/images/clb0kvxvg90oc074y0qcoeo02.jpg,True
clb0kvxvg90og074y4cenh7ho,./out/images/clb0kvxvg90og074y4cenh7ho.jpg,True
clb0kvxvg90ok074y8ls5aciq,./out/images/clb0kvxvg90ok074y8ls5aciq.jpg,True
clb0kvxvg90oo074yavgs47u0,./out/images/clb0kvxvg90oo074yavgs47u0.jpg,True
clb0kvxvh90os074y59af22zs,./out/images/clb0kvxvh90os074y59af22zs.jpg,True
clb0kvxvh90ow074y1aqo1cvx,./out/images/clb0kvxvh90ow074y1aqo1cvx.jpg,True
clb0kvxvh90p0074ygq365yzg,./out/images/clb0kvxvh90p0074ygq365yzg.jpg,True
clb0kvxvh90p4074yevsudbj8,./out/images/clb0kvxvh90p4074yevsudbj8.jpg,True
clb0kvxvh90p8074ye3avanmn,./out/images/clb0kvxvh90p8074ye3avanmn.jpg,True
clb0kvxvh90pc074yf2uta27t,./out/images/clb0kvxvh90pc074yf2uta27t.jpg,True
clb0kvxvh90pg074yglg00ct4,./out/images/clb0kvxvh90pg074yglg00ct4.jpg,True
clb0kvxvh90pk074ybg7y8ohv,./out/images/clb0kvxvh90pk074ybg7y8ohv.jpg,True
clb0kvxvh90po074ydty2c5wc,./out/images/clb0kvxvh90po074ydty2c5wc.jpg,True
clb0kvxvh90ps074y43z6g5pm,./out/images/clb0kvxvh90ps074y43z6g5pm.jpg,True
clb0kvxvh90pw074yftqi4j83,./out/images/clb0kvxvh90pw074yftqi4j83.jpg,True
clb0kvxvh90q0074ygar19fkz,./out/images/clb0kvxvh90q0074ygar19fkz.jpg,True
clb0kvxvh90q4074y1gxmb64k,./out/images/clb0kvxvh90q4074y1gxmb64k.jpg,True
clb0kvxvh90q8074yg828hcl0,./out/images/clb0kvxvh90q8074yg828hcl0.jpg,True
clb0kvxvh90qc074ydmobc11a,./out/images/clb0kvxvh90qc074ydmobc11a.jpg,True
clb0kvxvh90qg074y2eozat9d,./out/images/clb0kvxvh90qg074y2eozat9d.jpg,True
clb0kvxvi90qk074y0jc813fp,./out/images/clb0kvxvi90qk074y0jc813fp.jpg,True
clb0kvxvi90qo074y7gm90dfq,./out/images/clb0kvxvi90qo074y7gm90dfq.jpg,True
clb0kvxvi90qs074y7agh8ilw,./out/images/clb0kvxvi90qs074y7agh8ilw.jpg,True
clb0kvxvi90qw074y9f6e88ql,./out/images/clb0kvxvi90qw074y9f6e88ql.jpg,True
clb0kvxvi90r0074y3dip401r,./out/images/clb0kvxvi90r0074y3dip401r.jpg,True
clb0kvxvi90r4074yavx6d87z,./out/images/clb0kvxvi90r4074yavx6d87z.jpg,True
clb0kvxvi90r8074yhji7hvc5,./out/images/clb0kvxvi90r8074yhji7hvc5.jpg,True
clb0kvxvi90rc074y0s2m56os,./out/images/clb0kvxvi90rc074y0s2m56os.jpg,True
clb0kvxvi90rg074y4m986v58,./out/images/clb0kvxvi90rg074y4m986v58.jpg,True
clb0kvxvi90rk074y33d3eh97,./out/images/clb0kvxvi90rk074y33d3eh97.jpg,True
clb0kvxvi90ro074y5mg540by,./out/images/clb0kvxvi90ro074y5mg540by.jpg,True
clb0kvxvi90rs074yekmx3ssh,./out/images/clb0kvxvi90rs074yekmx3ssh.jpg,True
clb0kvxvi90rw074ygc5eg92f,./out/images/clb0kvxvi90rw074ygc5eg92f.jpg,True
clb0kvxvi90s0074y62ibhh04,./out/images/clb0kvxvi90s0074y62ibhh04.jpg,True
clb0kvxvi90s4074y4hwf4o6t,./out/images/clb0kvxvi90s4074y4hwf4o6t.jpg,True
clb0kvxvi90s8074y867p5cbg,./out/images/clb0kvxvi90s8074y867p5cbg.jpg,True
clb0kvxvj90sc074yclj17zdz,./out/images/clb0kvxvj90sc074yclj17zdz.jpg,True
clb0kvxvj90sg074y9nnwdtkm,./out/images/clb0kvxvj90sg074y9nnwdtkm.jpg,True
clb0kvxvj90sk074y7s8cg5g1,./out/images/clb0kvxvj90sk074y7s8cg5g1.jpg,True
clb0kvxvj90so074yb5zic15r,./out/images/clb0kvxvj90so074yb5zic15r.jpg,True
clb0kvxvj90ss074y44n0f097,./out/images/clb0kvxvj90ss074y44n0f097.jpg,True
clb0kvxvj90sw074y65neasey,./out/images/clb0kvxvj90sw074y65neasey.jpg,True
clb0kvxvj90t0074yfh6rgt5e,./out/images/clb0kvxvj90t0074yfh6rgt5e.jpg,True
clb0kvxvj90t4074yfobabyxj,./out/images/clb0kvxvj90t4074yfobabyxj.jpg,True
clb0kvxvj90t8074y9y4z6tp3,./out/images/clb0kvxvj90t8074y9y4z6tp3.jpg,True
clb0kvxvj90tc074y7awod6ya,./out/images/clb0kvxvj90tc074y7awod6ya.jpg,True
clb0kvxvj90tg074ydoqz4l1r,./out/images/clb0kvxvj90tg074ydoqz4l1r.jpg,True
clb0kvxvj90tk074y2njo1q8n,./out/images/clb0kvxvj90tk074y2njo1q8n.jpg,True
clb0kvxvj90to074y2c1r47br,./out/images/clb0kvxvj90to074y2c1r47br.jpg,True
clb0kvxvj90ts074y2fcfdd89,./out/images/clb0kvxvj90ts074y2fcfdd89.jpg,True
clb0kvxvj90tw074y4ap48h2a,./out/images/clb0kvxvj90tw074y4ap48h2a.jpg,True
clb0kvxvj90u0074y1euvclot,./out/images/clb0kvxvj90u0074y1euvclot.jpg,True
clb0kvxvj90u4074ygr51ddwe,./out/images/clb0kvxvj90u4074ygr51ddwe.jpg,True
clb0kvxvk90u8074y10496pr9,./out/images/clb0kvxvk90u8074y10496pr9.jpg,True
clb0kvxvk90uc074y5tpm0apw,./out/images/clb0kvxvk90uc074y5tpm0apw.jpg,True
clb0kvxvk90ug074y8qag5uen,./out/images/clb0kvxvk90ug074y8qag5uen.jpg,True
clb0kvxvk90uk074y088zgy2s,./out/images/clb0kvxvk90uk074y088zgy2s.jpg,True
clb0kvxvk90uo074ygz695cl4,./out/images/clb0kvxvk90uo074ygz695cl4.jpg,True
clb0kvxvk90us074ygg10hyj3,./out/images/clb0kvxvk90us074ygg10hyj3.jpg,True
clb0kvxvk90uw074y3ot81bzn,./out/images/clb0kvxvk90uw074y3ot81bzn.jpg,True
clb0kvxvk90v0074yb8zoee7n,./out/images/clb0kvxvk90v0074yb8zoee7n.jpg,True
clb0kvxvk90v4074y5fhwe7kg,./out/images/clb0kvxvk90v4074y5fhwe7kg.jpg,True
clb0kvxvk90v8074y2mal1cph,./out/images/clb0kvxvk90v8074y2mal1cph.jpg,True
clb0kvxvk90vc074y037obpbz,./out/images/clb0kvxvk90vc074y037obpbz.jpg,True
clb0kvxvk90vg074y0dhtdpmt,./out/images/clb0kvxvk90vg074y0dhtdpmt.jpg,True
clb0kvxvk90vk074yebavg90e,./out/images/clb0kvxvk90vk074yebavg90e.jpg,True
clb0kvxvk90vo074y5w9gaxbf,./out/images/clb0kvxvk90vo074y5w9gaxbf.jpg,True
clb0kvxvk90vs074yd420gt2w,./out/images/clb0kvxvk90vs074yd420gt2w.jpg,True
clb0kvxvk90vw074yfilg4f1o,./out/images/clb0kvxvk90vw074yfilg4f1o.jpg,True
clb0kvxvl90w0074y3v8t9ej7,./out/images/clb0kvxvl90w0074y3v8t9ej7.jpg,True
clb0kvxvl90w4074ye7oia0wy,./out/images/clb0kvxvl90w4074ye7oia0wy.jpg,True
clb0kvxvl90w8074y800katqf,./out/images/clb0kvxvl90w8074y800katqf.jpg,True
clb0kvxvl90wc074y52039r1y,./out/images/clb0kvxvl90wc074y52039r1y.jpg,True
clb0kvxvl90wg074y8dnf1glw,./out/images/clb0kvxvl90wg074y8dnf1glw.jpg,True
clb0kvxvl90wk074yevu50hef,./out/images/clb0kvxvl90wk074yevu50hef.jpg,True
clb0kvxvl90wo074yffkc7fup,./out/images/clb0kvxvl90wo074yffkc7fup.jpg,True
clb0kvxvl90ws074y5yzn8ewu,./out/images/clb0kvxvl90ws074y5yzn8ewu.jpg,True
clb0kvxvl90ww074y1p1410bj,./out/images/clb0kvxvl90ww074y1p1410bj.jpg,True
clb0kvxvl90x0074y4giy7jmk,./out/images/clb0kvxvl90x0074y4giy7jmk.jpg,True
clb0kvxvl90x4074yd3joclty,./out/images/clb0kvxvl90x4074yd3joclty.jpg,True
clb0kvxvl90x8074y29undetw,./out/images/clb0kvxvl90x8074y29undetw.jpg,True
clb0kvxvm90xc074y5yp9azlb,./out/images/clb0kvxvm90xc074y5yp9azlb.jpg,True
clb0kvxvm90xg074y3wzw25nc,./out/images/clb0kvxvm90xg074y3wzw25nc.jpg,True
clb0kvxvm90xk074ygct18hj3,./out/images/clb0kvxvm90xk074ygct18hj3.jpg,True
clb0kvxvm90xo074yb8ktd0oz,./out/images/clb0kvxvm90xo074yb8ktd0oz.jpg,True
clb0kvxvm90xs074yc035axof,./out/images/clb0kvxvm90xs074yc035axof.jpg,True
clb0kvxvm90xw074ydc33evay,./out/images/clb0kvxvm90xw074ydc33evay.jpg,True
clb0kvxvm90y0074y69ut67mi,./out/images/clb0kvxvm90y0074y69ut67mi.jpg,True
clb0kvxvm90y4074yf50vf5nq,./out/images/clb0kvxvm90y4074yf50vf5nq.jpg,True
clb0kvxvm90y8074y3x6wco5a,./out/images/clb0kvxvm90y8074y3x6wco5a.jpg,True
clb0kvxvm90yc074yhss31nka,./out/images/clb0kvxvm90yc074yhss31nka.jpg,True
clb0kvxvn90yg074y14e10rex,./out/images/clb0kvxvn90yg074y14e10rex.jpg,True
clb0kvxvn90yk074ygz9h8gen,./out/images/clb0kvxvn90yk074ygz9h8gen.jpg,True
clb0kvxvn90yo074yatjl43ll,./out/images/clb0kvxvn90yo074yatjl43ll.jpg,True
clb0kvxvn90ys074y3vzt2e8r,./out/images/clb0kvxvn90ys074y3vzt2e8r.jpg,True
clb0kvxvn90yw074y7k9t23hf,./out/images/clb0kvxvn90yw074y7k9t23hf.jpg,True
clb0kvxvn90z0074y8axh9wu4,./out/images/clb0kvxvn90z0074y8axh9wu4.jpg,True
clb0kvxvn90z4074yc80tadv6,./out/images/clb0kvxvn90z4074yc80tadv6.jpg,True
clb0kvxvn90z8074y0314944r,./out/images/clb0kvxvn90z8074y0314944r.jpg,True
clb0kvxvn90zc074yblda8tyx,./out/images/clb0kvxvn90zc074yblda8tyx.jpg,True
clb0kvxvn90zg074y4d0admpx,./out/images/clb0kvxvn90zg074y4d0admpx.jpg,True
clb0kvxvn90zk074ybe8retii,./out/images/clb0kvxvn90zk074ybe8retii.jpg,True
clb0kvxvn90zo074yawkj5e2l,./out/images/clb0kvxvn90zo074yawkj5e2l.jpg,True
clb0kvxvn90zs074yfulm3h7o,./out/images/clb0kvxvn90zs074yfulm3h7o.jpg,True
clb0kvxvo90zw074y7gk7byiz,./out/images/clb0kvxvo90zw074y7gk7byiz.jpg,True
clb0kvxvo9100074yfqt61zy9,./out/images/clb0kvxvo9100074yfqt61zy9.jpg,True
clb0kvxvo9104074y30j4b8du,./out/images/clb0kvxvo9104074y30j4b8du.jpg,True
clb0kvxvo9108074y0rbe3lm7,./out/images/clb0kvxvo9108074y0rbe3lm7.jpg,True
clb0kvxvo910c074y0zvf93s0,./out/images/clb0kvxvo910c074y0zvf93s0.jpg,True
clb0kvxvo910g074y9da4amr7,./out/images/clb0kvxvo910g074y9da4amr7.jpg,True
clb0kvxvo910k074y2jz12pby,./out/images/clb0kvxvo910k074y2jz12pby.jpg,True
clb0kvxvo910o074yfffq9uxz,./out/images/clb0kvxvo910o074yfffq9uxz.jpg,True
clb0kvxvo910s074y158ph2xe,./out/images/clb0kvxvo910s074y158ph2xe.jpg,True
clb0kvxvo910w074ygbwl12ww,./out/images/clb0kvxvo910w074ygbwl12ww.jpg,True
clb0kvxvo9110074y5epsd5os,./out/images/clb0kvxvo9110074y5epsd5os.jpg,True
clb0kvxvo9114074y2bph73w9,./out/images/clb0kvxvo9114074y2bph73w9.jpg,True
clb0kvxvo9118074ygmpxhuu0,./out/images/clb0kvxvo9118074ygmpxhuu0.jpg,True
clb0kvxvo911c074y33a11sxf,./out/images/clb0kvxvo911c074y33a11sxf.jpg,True
clb0kvxvo911g074y0wykfbeg,./out/images/clb0kvxvo911g074y0wykfbeg.jpg,True
clb0kvxvp911k074y4c951b7m,./out/images/clb0kvxvp911k074y4c951b7m.jpg,True
clb0kvxvp911o074y4vuzbfbr,./out/images/clb0kvxvp911o074y4vuzbfbr.jpg,True
clb0kvxvp911s074y728ofk8t,./out/images/clb0kvxvp911s074y728ofk8t.jpg,True
clb0kvxvp911w074yg2mdg20e,./out/images/clb0kvxvp911w074yg2mdg20e.jpg,True
clb0kvxvp9120074y92tbhasg,./out/images/clb0kvxvp9120074y92tbhasg.jpg,True
clb0kvxvp9124074y31136vls,./out/images/clb0kvxvp9124074y31136vls.jpg,True
clb0kvxvp9128074y5n8u9mz5,./out/images/clb0kvxvp9128074y5n8u9mz5.jpg,True
clb0kvxvp912c074yayjq5b8a,./out/images/clb0kvxvp912c074yayjq5b8a.jpg,True
clb0kvxvp912g074yhwh975dr,./out/images/clb0kvxvp912g074yhwh975dr.jpg,True
clb0kvxvp912k074y1exo79ka,./out/images/clb0kvxvp912k074y1exo79ka.jpg,True
clb0kvxvp912o074y4cwp1kiu,./out/images/clb0kvxvp912o074y4cwp1kiu.jpg,True
clb0kvxvq912s074yewom2e6b,./out/images/clb0kvxvq912s074yewom2e6b.jpg,True
clb0kvxvq912w074y22af1sjs,./out/images/clb0kvxvq912w074y22af1sjs.jpg,True
clb0kvxvq9130074yfsf2bl7p,./out/images/clb0kvxvq9130074yfsf2bl7p.jpg,True
clb0kvxvq9134074y41anax4e,./out/images/clb0kvxvq9134074y41anax4e.jpg,True
clb0kvxvq9138074yc8b220oa,./out/images/clb0kvxvq9138074yc8b220oa.jpg,True
clb0kvxvq913c074ydhcq65x2,./out/images/clb0kvxvq913c074ydhcq65x2.jpg,True
clb0kvxvq913g074y9aq0aw5d,./out/images/clb0kvxvq913g074y9aq0aw5d.jpg,True
clb0kvxvq913k074yf1zbakze,./out/images/clb0kvxvq913k074yf1zbakze.jpg,True
clb0kvxvq913o074y7lnz0fhw,./out/images/clb0kvxvq913o074y7lnz0fhw.jpg,True
clb0kvxvq913s074yddz272dj,./out/images/clb0kvxvq913s074yddz272dj.jpg,True
clb0kvxvq913w074y48zz85st,./out/images/clb0kvxvq913w074y48zz85st.jpg,True
clb0kvxvr9140074yerqg51ox,./out/images/clb0kvxvr9140074yerqg51ox.jpg,True
clb0kvxvr9144074y20fog9p7,./out/images/clb0kvxvr9144074y20fog9p7.jpg,True
clb0kvxvr9148074ye0zncga5,./out/images/clb0kvxvr9148074ye0zncga5.jpg,True
clb0kvxvr914c074y6x1p6j5z,./out/images/clb0kvxvr914c074y6x1p6j5z.jpg,True
clb0kvxvr914g074yc9ud1o38,./out/images/clb0kvxvr914g074yc9ud1o38.jpg,True
clb0kvxvr914k074yadv9fnj6,./out/images/clb0kvxvr914k074yadv9fnj6.jpg,True
clb0kvxvr914o074yfcup58zp,./out/images/clb0kvxvr914o074yfcup58zp.jpg,True
clb0kvxvr914s074y8hoqbrny,./out/images/clb0kvxvr914s074y8hoqbrny.jpg,True
clb0kvxvr914w074ygvhf8wwu,./out/images/clb0kvxvr914w074ygvhf8wwu.jpg,True
clb0kvxvr9150074y1gfae1xg,./out/images/clb0kvxvr9150074y1gfae1xg.jpg,True
clb0kvxvs9154074y56ri0885,./out/images/clb0kvxvs9154074y56ri0885.jpg,True
clb0kvxvs9158074y7xp278o9,./out/images/clb0kvxvs9158074y7xp278o9.jpg,True
clb0kvxvs915c074y85la04so,./out/images/clb0kvxvs915c074y85la04so.jpg,True
clb0kvxvs915g074y988w0xsx,./out/images/clb0kvxvs915g074y988w0xsx.jpg,True
clb0kvxvs915k074y1ezpa3xh,./out/images/clb0kvxvs915k074y1ezpa3xh.jpg,True
clb0kvxvs915o074yaixt43zj,./out/images/clb0kvxvs915o074yaixt43zj.jpg,True
clb0kvxvs915s074ygw8u1akp,./out/images/clb0kvxvs915s074ygw8u1akp.jpg,True
clb0kvxvs915w074y3ywaa0md,./out/images/clb0kvxvs915w074y3ywaa0md.jpg,True
clb0kvxvs9160074y7pmr1x8m,./out/images/clb0kvxvs9160074y7pmr1x8m.jpg,True
clb0kvxvs9164074y6rvy04zw,./out/images/clb0kvxvs9164074y6rvy04zw.jpg,True
clb0kvxvs9168074y7npx7ful,./out/images/clb0kvxvs9168074y7npx7ful.jpg,True
clb0kvxvt916c074ygv7n4qe7,./out/images/clb0kvxvt916c074ygv7n4qe7.jpg,True
clb0kvxvt916g074ygh3q368i,./out/images/clb0kvxvt916g074ygh3q368i.jpg,True
clb0kvxvt916k074y37lb4qqx,./out/images/clb0kvxvt916k074y37lb4qqx.jpg,True
clb0kvxvt916o074yf7wlgcz9,./out/images/clb0kvxvt916o074yf7wlgcz9.jpg,True
clb0kvxvt916s074y8lwl3jt4,./out/images/clb0kvxvt916s074y8lwl3jt4.jpg,True
clb0kvxvt916w074y2qc14fsg,./out/images/clb0kvxvt916w074y2qc14fsg.jpg,True
clb0kvxvt9170074yg4ieeb2v,./out/images/clb0kvxvt9170074yg4ieeb2v.jpg,True
clb0kvxvt9174074yegm89l1z,./out/images/clb0kvxvt9174074yegm89l1z.jpg,True
clb0kvxvt9178074y2uycfnk9,./out/images/clb0kvxvt9178074y2uycfnk9.jpg,True
clb0kvxvt917c074yci4lbmp9,./out/images/clb0kvxvt917c074yci4lbmp9.jpg,True
clb0kvxvu917g074y7h00661i,./out/images/clb0kvxvu917g074y7h00661i.jpg,True
clb0kvxvu917k074y6am31j31,./out/images/clb0kvxvu917k074y6am31j31.jpg,True
clb0kvxvu917o074y3ejb1sxw,./out/images/clb0kvxvu917o074y3ejb1sxw.jpg,True
clb0kvxvu917s074y09ti352w,./out/images/clb0kvxvu917s074y09ti352w.jpg,True
clb0kvxvu917w074y7kfn0iga,./out/images/clb0kvxvu917w074y7kfn0iga.jpg,True
clb0kvxvu9180074y2mv36kdz,./out/images/clb0kvxvu9180074y2mv36kdz.jpg,True
clb0kvxvu9184074y4oh7asq9,./out/images/clb0kvxvu9184074y4oh7asq9.jpg,True
clb0kvxvu9188074yan09d9gk,./out/images/clb0kvxvu9188074yan09d9gk.jpg,True
clb0kvxvu918c074ybus9cr35,./out/images/clb0kvxvu918c074ybus9cr35.jpg,True
clb0kvxvu918g074yemzufukr,./out/images/clb0kvxvu918g074yemzufukr.jpg,True
clb0kvxvu918k074y5lxcd4yu,./out/images/clb0kvxvu918k074y5lxcd4yu.jpg,True
clb0kvxvu918o074yfxlv0p7p,./out/images/clb0kvxvu918o074yfxlv0p7p.jpg,True
clb0kvxvu918s074yflg52x8r,./out/images/clb0kvxvu918s074yflg52x8r.jpg,True
clb0kvxvu918w074ye4j37k3k,./out/images/clb0kvxvu918w074ye4j37k3k.jpg,True
clb0kvxvv9190074ybvpybnwf,./out/images/clb0kvxvv9190074ybvpybnwf.jpg,True
clb0kvxvv9194074yc8snefi4,./out/images/clb0kvxvv9194074yc8snefi4.jpg,True
clb0kvxvv9198074yb7oga1xz,./out/images/clb0kvxvv9198074yb7oga1xz.jpg,True
clb0kvxvv919c074ybtev80vm,./out/images/clb0kvxvv919c074ybtev80vm.jpg,True
clb0kvxvv919g074y347787wd,./out/images/clb0kvxvv919g074y347787wd.jpg,True
clb0kvxvv919k074yakrv2etn,./out/images/clb0kvxvv919k074yakrv2etn.jpg,True
clb0kvxvv919o074ygefrey2p,./out/images/clb0kvxvv919o074ygefrey2p.jpg,True
clb0kvxvv919s074y27ik4rh0,./out/images/clb0kvxvv919s074y27ik4rh0.jpg,True
clb0kvxvv919w074yfggu7prs,./out/images/clb0kvxvv919w074yfggu7prs.jpg,True
clb0kvxvw91a0074y0qkme0e6,./out/images/clb0kvxvw91a0074y0qkme0e6.jpg,True
clb0kvxvw91a4074ye6pzeo7k,./out/images/clb0kvxvw91a4074ye6pzeo7k.jpg,True
clb0kvxvw91a8074y20qp7kdd,./out/images/clb0kvxvw91a8074y20qp7kdd.jpg,True
clb0kvxvw91ac074y2gcz2woe,./out/images/clb0kvxvw91ac074y2gcz2woe.jpg,True
clb0kvxvw91ag074yfzk96lcq,./out/images/clb0kvxvw91ag074yfzk96lcq.jpg,True
clb0kvxvw91ak074y9hww4hvc,./out/images/clb0kvxvw91ak074y9hww4hvc.jpg,True
clb0kvxvw91ao074ydcyk95w7,./out/images/clb0kvxvw91ao074ydcyk95w7.jpg,True
clb0kvxvw91as074y5r7w5f3d,./out/images/clb0kvxvw91as074y5r7w5f3d.jpg,True
clb0kvxvw91aw074y9qace5q5,./out/images/clb0kvxvw91aw074y9qace5q5.jpg,True
clb0kvxvw91b0074y1pynhgj9,./out/images/clb0kvxvw91b0074y1pynhgj9.jpg,True
clb0kvxvw91b4074yevpk430g,./out/images/clb0kvxvw91b4074yevpk430g.jpg,True
clb0kvxvw91b8074y66zddfp3,./out/images/clb0kvxvw91b8074y66zddfp3.jpg,True
clb0kvxvw91bc074yhkkq9kjn,./out/images/clb0kvxvw91bc074yhkkq9kjn.jpg,True
clb0kvxvw91bg074y5bidc0zv,./out/images/clb0kvxvw91bg074y5bidc0zv.jpg,True
clb0kvxvx91bk074y1md098y8,./out/images/clb0kvxvx91bk074y1md098y8.jpg,True
clb0kvxvx91bo074y14c8a7im,./out/images/clb0kvxvx91bo074y14c8a7im.jpg,True
clb0kvxvx91bs074y76hp3pkp,./out/images/clb0kvxvx91bs074y76hp3pkp.jpg,True
clb0kvxvx91bw074y5pq166he,./out/images/clb0kvxvx91bw074y5pq166he.jpg,True
clb0kvxvx91c0074y2byl9arg,./out/images/clb0kvxvx91c0074y2byl9arg.jpg,True
clb0kvxvx91c4074y2e107c5l,./out/images/clb0kvxvx91c4074y2e107c5l.jpg,True
clb0kvxvx91c8074yf6iac1vt,./out/images/clb0kvxvx91c8074yf6iac1vt.jpg,True
clb0kvxvx91cc074y8w7za3nu,./out/images/clb0kvxvx91cc074y8w7za3nu.jpg,True
clb0kvxvx91cg074ydroca3tw,./out/images/clb0kvxvx91cg074ydroca3tw.jpg,True
clb0kvxvx91ck074y9lluhup5,./out/images/clb0kvxvx91ck074y9lluhup5.jpg,True
clb0kvxvy91co074y159qf776,./out/images/clb0kvxvy91co074y159qf776.jpg,True
clb0kvxvy91cs074y01n2d3kw,./out/images/clb0kvxvy91cs074y01n2d3kw.jpg,True
clb0kvxvy91cw074y0j1w010l,./out/images/clb0kvxvy91cw074y0j1w010l.jpg,True
clb0kvxvy91d0074y71ah0iox,./out/images/clb0kvxvy91d0074y71ah0iox.jpg,True
clb0kvxvy91d4074ycbhp00cf,./out/images/clb0kvxvy91d4074ycbhp00cf.jpg,True
clb0kvxvy91d8074y7blwflc8,./out/images/clb0kvxvy91d8074y7blwflc8.jpg,True
clb0kvxvy91dc074y3ycq9ete,./out/images/clb0kvxvy91dc074y3ycq9ete.jpg,True
clb0kvxvy91dg074yhcjq5j78,./out/images/clb0kvxvy91dg074yhcjq5j78.jpg,True
clb0kvxvy91dk074y51fvg9ld,./out/images/clb0kvxvy91dk074y51fvg9ld.jpg,True
clb0kvxvy91do074ycn9kbmqg,./out/images/clb0kvxvy91do074ycn9kbmqg.jpg,True
clb0kvxvy91ds074y7nc24z45,./out/images/clb0kvxvy91ds074y7nc24z45.jpg,True
clb0kvxvy91dw074y8z78cuta,./out/images/clb0kvxvy91dw074y8z78cuta.jpg,True
clb0kvxvy91e0074ya1rrfq1b,./out/images/clb0kvxvy91e0074ya1rrfq1b.jpg,True
clb0kvxvy91e4074y9qrufwsq,./out/images/clb0kvxvy91e4074y9qrufwsq.jpg,True
clb0kvxvy91e8074y8f9nhxl2,./out/images/clb0kvxvy91e8074y8f9nhxl2.jpg,True
clb0kvxvz91ec074y2utnddy4,./out/images/clb0kvxvz91ec074y2utnddy4.jpg,True
clb0kvxvz91eg074yec9uflmj,./out/images/clb0kvxvz91eg074yec9uflmj.jpg,True
clb0kvxvz91ek074ycxuq03rg,./out/images/clb0kvxvz91ek074ycxuq03rg.jpg,True
clb0kvxvz91eo074y90b2gp6k,./out/images/clb0kvxvz91eo074y90b2gp6k.jpg,True
clb0kvxvz91es074yggpw06m9,./out/images/clb0kvxvz91es074yggpw06m9.jpg,True
clb0kvxvz91ew074yf9d37i2x,./out/images/clb0kvxvz91ew074yf9d37i2x.jpg,True
clb0kvxvz91f0074y2wy74ns7,./out/images/clb0kvxvz91f0074y2wy74ns7.jpg,True
clb0kvxvz91f4074yagmwfz1c,./out/images/clb0kvxvz91f4074yagmwfz1c.jpg,True
clb0kvxvz91f8074y4zyob5tc,./out/images/clb0kvxvz91f8074y4zyob5tc.jpg,True
clb0kvxvz91fc074y6cii2iyi,./out/images/clb0kvxvz91fc074y6cii2iyi.jpg,True
clb0kvxvz91fg074ygzazevyx,./out/images/clb0kvxvz91fg074ygzazevyx.jpg,True
clb0kvxvz91fk074y62qz61nh,./out/images/clb0kvxvz91fk074y62qz61nh.jpg,True
clb0kvxvz91fo074y60w48iy2,./out/images/clb0kvxvz91fo074y60w48iy2.jpg,True
clb0kvxvz91fs074y4la9exqj,./out/images/clb0kvxvz91fs074y4la9exqj.jpg,True
clb0kvxw091fw074ydks3eoa8,./out/images/clb0kvxw091fw074ydks3eoa8.jpg,True
clb0kvxw091g0074y3qhmfi9e,./out/images/clb0kvxw091g0074y3qhmfi9e.jpg,True
clb0kvxw091g4074yhobl5pba,./out/images/clb0kvxw091g4074yhobl5pba.jpg,True
clb0kvxw091g8074ygpuph089,./out/images/clb0kvxw091g8074ygpuph089.jpg,True
clb0kvxw091gc074yci790j7a,./out/images/clb0kvxw091gc074yci790j7a.jpg,True
clb0kvxw091gg074yg0wa1k1w,./out/images/clb0kvxw091gg074yg0wa1k1w.jpg,True
clb0kvxw091gk074y2eda89jg,./out/images/clb0kvxw091gk074y2eda89jg.jpg,True
clb0kvxw091go074y5i9lbxea,./out/images/clb0kvxw091go074y5i9lbxea.jpg,True
clb0kvxw091gs074y351ibv1u,./out/images/clb0kvxw091gs074y351ibv1u.jpg,True
clb0kvxw091gw074y0eag9a5s,./out/images/clb0kvxw091gw074y0eag9a5s.jpg,True
clb0kvxw091h0074y2ehjaioh,./out/images/clb0kvxw091h0074y2ehjaioh.jpg,True
clb0kvxw091h4074yduxfh7gu,./out/images/clb0kvxw091h4074yduxfh7gu.jpg,True
clb0kvxw091h8074ycl7pc8cp,./out/images/clb0kvxw091h8074ycl7pc8cp.jpg,True
clb0kvxw091hc074yfa99aw4m,./out/images/clb0kvxw091hc074yfa99aw4m.jpg,True
clb0kvxw191hg074y4ggvb5pn,./out/images/clb0kvxw191hg074y4ggvb5pn.jpg,True
clb0kvxw191hk074ygyj69433,./out/images/clb0kvxw191hk074ygyj69433.jpg,True
clb0kvxw191ho074y2dn98yu8,./out/images/clb0kvxw191ho074y2dn98yu8.jpg,True
clb0kvxw191hs074y067vfhfj,./out/images/clb0kvxw191hs074y067vfhfj.jpg,True
clb0kvxw191hw074ya91hab8o,./out/images/clb0kvxw191hw074ya91hab8o.jpg,True
clb0kvxw191i0074ygbzn4eny,./out/images/clb0kvxw191i0074ygbzn4eny.jpg,True
clb0kvxw191i4074ydbkffqcc,./out/images/clb0kvxw191i4074ydbkffqcc.jpg,True
clb0kvxw191i8074ye8qh8r7y,./out/images/clb0kvxw191i8074ye8qh8r7y.jpg,True
clb0kvxw191ic074ybiac1wn8,./out/images/clb0kvxw191ic074ybiac1wn8.jpg,True
clb0kvxw191ig074ygwyyfb1y,./out/images/clb0kvxw191ig074ygwyyfb1y.jpg,True
clb0kvxw191ik074y92y57d5h,./out/images/clb0kvxw191ik074y92y57d5h.jpg,True
clb0kvxw191io074y13iv4auv,./out/images/clb0kvxw191io074y13iv4auv.jpg,True
clb0kvxw191is074y79aj53ub,./out/images/clb0kvxw191is074y79aj53ub.jpg,True
clb0kvxw291iw074yfhw7dnw0,./out/images/clb0kvxw291iw074yfhw7dnw0.jpg,True
clb0kvxw291j0074yeg5mevh5,./out/images/clb0kvxw291j0074yeg5mevh5.jpg,True
clb0kvxw291j4074yff7m9fc3,./out/images/clb0kvxw291j4074yff7m9fc3.jpg,True
clb0kvxw291j8074yd9x81f6z,./out/images/clb0kvxw291j8074yd9x81f6z.jpg,True
clb0kvxw291jc074ybr3a8eds,./out/images/clb0kvxw291jc074ybr3a8eds.jpg,True
clb0kvxw291jg074ydbdrhdtv,./out/images/clb0kvxw291jg074ydbdrhdtv.jpg,True
clb0kvxw291jk074yhn5vdyz9,./out/images/clb0kvxw291jk074yhn5vdyz9.jpg,True
clb0kvxw291jo074y2gyo8adu,./out/images/clb0kvxw291jo074y2gyo8adu.jpg,True
clb0kvxw291js074yc8207qlz,./out/images/clb0kvxw291js074yc8207qlz.jpg,True
clb0kvxw291jw074yhz7mh2f0,./out/images/clb0kvxw291jw074yhz7mh2f0.jpg,True
clb0kvxw291k0074y5v8gewyr,./out/images/clb0kvxw291k0074y5v8gewyr.jpg,True
clb0kvxw291k4074y8267hchw,./out/images/clb0kvxw291k4074y8267hchw.jpg,True
clb0kvxw391k8074y2o7iepif,./out/images/clb0kvxw391k8074y2o7iepif.jpg,True
clb0kvxw391kc074y5qjefpdz,./out/images/clb0kvxw391kc074y5qjefpdz.jpg,True
clb0kvxw391kg074y4cwu8rlq,./out/images/clb0kvxw391kg074y4cwu8rlq.jpg,True
clb0kvxw391kk074y3lp6gr46,./out/images/clb0kvxw391kk074y3lp6gr46.jpg,True
clb0kvxw391ko074y0hivegpd,./out/images/clb0kvxw391ko074y0hivegpd.jpg,True
clb0kvxw391ks074y7cn169rr,./out/images/clb0kvxw391ks074y7cn169rr.jpg,True
clb0kvxw391kw074ycl08cjf2,./out/images/clb0kvxw391kw074ycl08cjf2.jpg,True
clb0kvxw391l0074yhcswfun8,./out/images/clb0kvxw391l0074yhcswfun8.jpg,True
clb0kvxw391l4074y75b343au,./out/images/clb0kvxw391l4074y75b343au.jpg,True
clb0kvxw391l8074ybfca9fug,./out/images/clb0kvxw391l8074ybfca9fug.jpg,True
clb0kvxw391lc074yce527724,./out/images/clb0kvxw391lc074yce527724.jpg,True
clb0kvxw391lg074yfo2c26o0,./out/images/clb0kvxw391lg074yfo2c26o0.jpg,True
clb0kvxw491lk074y8kki0ut2,./out/images/clb0kvxw491lk074y8kki0ut2.jpg,True
clb0kvxw491lo074y512b5xdy,./out/images/clb0kvxw491lo074y512b5xdy.jpg,True
clb0kvxw491ls074ybank4qyq,./out/images/clb0kvxw491ls074ybank4qyq.jpg,True
clb0kvxw491lw074y2l3u6d31,./out/images/clb0kvxw491lw074y2l3u6d31.jpg,True
clb0kvxw491m0074y3698f6pn,./out/images/clb0kvxw491m0074y3698f6pn.jpg,True
clb0kvxw491m4074y1fz24rdk,./out/images/clb0kvxw491m4074y1fz24rdk.jpg,True
clb0kvxw491m8074ydujjbfv2,./out/images/clb0kvxw491m8074ydujjbfv2.jpg,True
clb0kvxw491mc074y5oc59auw,./out/images/clb0kvxw491mc074y5oc59auw.jpg,True
clb0kvxw491mg074yhrcv9tvx,./out/images/clb0kvxw491mg074yhrcv9tvx.jpg,True
clb0kvxw491mk074yc7d40b4s,./out/images/clb0kvxw491mk074yc7d40b4s.jpg,True
clb0kvxw491mo074ya8mv48gi,./out/images/clb0kvxw491mo074ya8mv48gi.jpg,True
clb0kvxw491ms074y68uj8fsz,./out/images/clb0kvxw491ms074y68uj8fsz.jpg,True
clb0kvxw491mw074ydtuf6e1n,./out/images/clb0kvxw491mw074ydtuf6e1n.jpg,True
clb0kvxw491n0074yfqgf17to,./out/images/clb0kvxw491n0074yfqgf17to.jpg,True
clb0kvxw591n4074ybe7f8woy,./out/images/clb0kvxw591n4074ybe7f8woy.jpg,True
clb0kvxw591n8074y5nwz4e1a,./out/images/clb0kvxw591n8074y5nwz4e1a.jpg,True
clb0kvxw591nc074ycgw2fmz8,./out/images/clb0kvxw591nc074ycgw2fmz8.jpg,True
clb0kvxw591ng074yhymd3d2f,./out/images/clb0kvxw591ng074yhymd3d2f.jpg,True
clb0kvxw591nk074ya5dcfrhw,./out/images/clb0kvxw591nk074ya5dcfrhw.jpg,True
clb0kvxw591no074y7jng91j2,./out/images/clb0kvxw591no074y7jng91j2.jpg,True
clb0kvxw591ns074y2quy0ae0,./out/images/clb0kvxw591ns074y2quy0ae0.jpg,True
clb0kvxw591nw074y8is785xq,./out/images/clb0kvxw591nw074y8is785xq.jpg,True
clb0kvxw591o0074y8t6f68g9,./out/images/clb0kvxw591o0074y8t6f68g9.jpg,True
clb0kvxw591o4074ycdn23de7,./out/images/clb0kvxw591o4074ycdn23de7.jpg,True
clb0kvxw691o8074y39hb8dy5,./out/images/clb0kvxw691o8074y39hb8dy5.jpg,True
clb0kvxw691oc074y1fjpfgec,./out/images/clb0kvxw691oc074y1fjpfgec.jpg,True
clb0kvxw691og074ydpj6f1tu,./out/images/clb0kvxw691og074ydpj6f1tu.jpg,True
clb0kvxw691ok074y4dqk6b7j,./out/images/clb0kvxw691ok074y4dqk6b7j.jpg,True
clb0kvxw691oo074y2z6q9ojx,./out/images/clb0kvxw691oo074y2z6q9ojx.jpg,True
clb0kvxw691os074y26zb2lz4,./out/images/clb0kvxw691os074y26zb2lz4.jpg,True
clb0kvxw691ow074yfcq1auo4,./out/images/clb0kvxw691ow074yfcq1auo4.jpg,True
clb0kvxw691p0074yhi2q8l6h,./out/images/clb0kvxw691p0074yhi2q8l6h.jpg,True
clb0kvxw691p4074yf6ole1e6,./out/images/clb0kvxw691p4074yf6ole1e6.jpg,True
clb0kvxw691p8074y9ot05ae9,./out/images/clb0kvxw691p8074y9ot05ae9.jpg,True
clb0kvxw691pc074y9phlbw41,./out/images/clb0kvxw691pc074y9phlbw41.jpg,True
clb0kvxw691pg074y52be8g3a,./out/images/clb0kvxw691pg074y52be8g3a.jpg,True
clb0kvxw691pk074y76ldfqpg,./out/images/clb0kvxw691pk074y76ldfqpg.jpg,True
clb0kvxw791po074ydlw25q08,./out/images/clb0kvxw791po074ydlw25q08.jpg,True
clb0kvxw791ps074ydpns0ido,./out/images/clb0kvxw791ps074ydpns0ido.jpg,True
clb0kvxw791pw074y41s0a5cb,./out/images/clb0kvxw791pw074y41s0a5cb.jpg,True
clb0kvxw791q0074y3p0bha7k,./out/images/clb0kvxw791q0074y3p0bha7k.jpg,True
clb0kvxw791q8074y8jh00bvs,./out/images/clb0kvxw791q8074y8jh00bvs.jpg,True
clb0kvxw791qc074yh5xkc5jq,./out/images/clb0kvxw791qc074yh5xkc5jq.jpg,True
clb0kvxw791qg074y1znsavm7,./out/images/clb0kvxw791qg074y1znsavm7.jpg,True
clb0kvxw791qk074y7797bgit,./out/images/clb0kvxw791qk074y7797bgit.jpg,True
clb0kvxw791qo074yc65j4s4d,./out/images/clb0kvxw791qo074yc65j4s4d.jpg,True
clb0kvxw791qs074yda1r0lmw,./out/images/clb0kvxw791qs074yda1r0lmw.jpg,True
clb0kvxw791qw074yaptv2bgb,./out/images/clb0kvxw791qw074yaptv2bgb.jpg,True
clb0kvxw791r0074y28e02h01,./out/images/clb0kvxw791r0074y28e02h01.jpg,True
clb0kvxw791r4074y0e4067az,./out/images/clb0kvxw791r4074y0e4067az.jpg,True
clb0kvxw791r8074yf9x5a9d8,./out/images/clb0kvxw791r8074yf9x5a9d8.jpg,True
clb0kvxw791rc074y036h8u8s,./out/images/clb0kvxw791rc074y036h8u8s.jpg,True
clb0kvxw891rg074y4ygr1z7n,./out/images/clb0kvxw891rg074y4ygr1z7n.jpg,True
clb0kvxw891rk074yh9zf0mvw,./out/images/clb0kvxw891rk074yh9zf0mvw.jpg,True
clb0kvxw891ro074y0t7e3n9z,./out/images/clb0kvxw891ro074y0t7e3n9z.jpg,True
clb0kvxw891rs074ygk5209y7,./out/images/clb0kvxw891rs074ygk5209y7.jpg,True
clb0kvxw891rw074y77ah3n45,./out/images/clb0kvxw891rw074y77ah3n45.jpg,True
clb0kvxw891s0074y52u3c3i9,./out/images/clb0kvxw891s0074y52u3c3i9.jpg,True
clb0kvxw891s4074yde4pakyv,./out/images/clb0kvxw891s4074yde4pakyv.jpg,True
clb0kvxw891s8074yhr7x1wns,./out/images/clb0kvxw891s8074yhr7x1wns.jpg,True
clb0kvxw891sc074ydh4a8bxa,./out/images/clb0kvxw891sc074ydh4a8bxa.jpg,True
clb0kvxw891sg074y513kgz6d,./out/images/clb0kvxw891sg074y513kgz6d.jpg,True
clb0kvxw891sk074y9c0r2tec,./out/images/clb0kvxw891sk074y9c0r2tec.jpg,True
clb0kvxw891so074yefo5b9gx,./out/images/clb0kvxw891so074yefo5b9gx.jpg,True
clb0kvxw891ss074y7oetfpnl,./out/images/clb0kvxw891ss074y7oetfpnl.jpg,True
clb0kvxw891sw074y7zk9etes,./out/images/clb0kvxw891sw074y7zk9etes.jpg,True
clb0kvxw891t0074y1vtz6d0r,./out/images/clb0kvxw891t0074y1vtz6d0r.jpg,True
clb0kvxw891t4074y298eb8am,./out/images/clb0kvxw891t4074y298eb8am.jpg,True
clb0kvxw891t8074yfa5s8jyq,./out/images/clb0kvxw891t8074yfa5s8jyq.jpg,True
clb0kvxw991tc074yditv7d53,./out/images/clb0kvxw991tc074yditv7d53.jpg,True
clb0kvxw991tg074y840m4gjy,./out/images/clb0kvxw991tg074y840m4gjy.jpg,True
clb0kvxw991tk074ybvmn9axs,./out/images/clb0kvxw991tk074ybvmn9axs.jpg,True
clb0kvxw991to074y8x8xb4kw,./out/images/clb0kvxw991to074y8x8xb4kw.jpg,True
clb0kvxw991ts074y1s2yeddq,./out/images/clb0kvxw991ts074y1s2yeddq.jpg,True
clb0kvxw991tw074y21rb2x20,./out/images/clb0kvxw991tw074y21rb2x20.jpg,True
clb0kvxw991u0074yb6546her,./out/images/clb0kvxw991u0074yb6546her.jpg,True
clb0kvxw991u4074yafxhchc0,./out/images/clb0kvxw991u4074yafxhchc0.jpg,True
clb0kvxw991u8074y510pg3i3,./out/images/clb0kvxw991u8074y510pg3i3.jpg,True
clb0kvxw991uc074ygi4tbu54,./out/images/clb0kvxw991uc074ygi4tbu54.jpg,True
clb0kvxw991ug074y75v1dt4w,./out/images/clb0kvxw991ug074y75v1dt4w.jpg,True
clb0kvxw991uk074yd35d1i3g,./out/images/clb0kvxw991uk074yd35d1i3g.jpg,True
clb0kvxw991uo074y50gz2uck,./out/images/clb0kvxw991uo074y50gz2uck.jpg,True
clb0kvxw991us074yf73d80ry,./out/images/clb0kvxw991us074yf73d80ry.jpg,True
clb0kvxw991uw074ydryz7t72,./out/images/clb0kvxw991uw074ydryz7t72.jpg,True
clb0kvxw991v0074yf71jbdeo,./out/images/clb0kvxw991v0074yf71jbdeo.jpg,True
clb0kvxwa91v4074y3al70eaf,./out/images/clb0kvxwa91v4074y3al70eaf.jpg,True
clb0kvxwa91v8074yhgoaaeej,./out/images/clb0kvxwa91v8074yhgoaaeej.jpg,True
clb0kvxwa91vc074y96vrhd4x,./out/images/clb0kvxwa91vc074y96vrhd4x.jpg,True
clb0kvxwa91vg074yd6s88loy,./out/images/clb0kvxwa91vg074yd6s88loy.jpg,True
clb0kvxwa91vk074y9orohnyw,./out/images/clb0kvxwa91vk074y9orohnyw.jpg,True
clb0kvxwa91vo074y664ha667,./out/images/clb0kvxwa91vo074y664ha667.jpg,True
clb0kvxwa91vs074y6zt6hrp8,./out/images/clb0kvxwa91vs074y6zt6hrp8.jpg,True
clb0kvxwa91vw074ygv4c6gnb,./out/images/clb0kvxwa91vw074ygv4c6gnb.jpg,True
clb0kvxwa91w0074y05qr4rlb,./out/images/clb0kvxwa91w0074y05qr4rlb.jpg,True
clb0kvxwa91w4074y6ii6fm6u,./out/images/clb0kvxwa91w4074y6ii6fm6u.jpg,True
clb0kvxwa91w8074yh83ghkvk,./out/images/clb0kvxwa91w8074yh83ghkvk.jpg,True
clb0kvxwa91wc074yfxqkb2jo,./out/images/clb0kvxwa91wc074yfxqkb2jo.jpg,True
clb0kvxwa91wg074y4k5v6ixk,./out/images/clb0kvxwa91wg074y4k5v6ixk.jpg,True
clb0kvxwa91wk074y1giv8p4f,./out/images/clb0kvxwa91wk074y1giv8p4f.jpg,True
clb0kvxwa91wo074yfxzk9k3o,./out/images/clb0kvxwa91wo074yfxzk9k3o.jpg,True
clb0kvxwa91ws074y8flu4t9c,./out/images/clb0kvxwa91ws074y8flu4t9c.jpg,True
clb0kvxwa91ww074y4xngdpbs,./out/images/clb0kvxwa91ww074y4xngdpbs.jpg,True
clb0kvxwa91x0074ygen2frlc,./out/images/clb0kvxwa91x0074ygen2frlc.jpg,True
clb0kvxwb91x4074y8i6ab6s3,./out/images/clb0kvxwb91x4074y8i6ab6s3.jpg,True
clb0kvxwb91x8074y739s7pkg,./out/images/clb0kvxwb91x8074y739s7pkg.jpg,True
clb0kvxwb91xc074y9olk7rt1,./out/images/clb0kvxwb91xc074y9olk7rt1.jpg,True
clb0kvxwb91xg074y0c2bejt7,./out/images/clb0kvxwb91xg074y0c2bejt7.jpg,True
clb0kvxwb91xk074ydr93azjz,./out/images/clb0kvxwb91xk074ydr93azjz.jpg,True
clb0kvxwb91xo074yeiz50p0a,./out/images/clb0kvxwb91xo074yeiz50p0a.jpg,True
clb0kvxwb91xs074y4wa523k1,./out/images/clb0kvxwb91xs074y4wa523k1.jpg,True
clb0kvxwb91xw074y2qpxbs44,./out/images/clb0kvxwb91xw074y2qpxbs44.jpg,True
clb0kvxwb91y0074y0gsiezaa,./out/images/clb0kvxwb91y0074y0gsiezaa.jpg,True
clb0kvxwb91y4074ycw53h6mq,./out/images/clb0kvxwb91y4074ycw53h6mq.jpg,True
clb0kvxwb91y8074y19xrgfm8,./out/images/clb0kvxwb91y8074y19xrgfm8.jpg,True
clb0kvxwb91yc074y88bwc9r8,./out/images/clb0kvxwb91yc074y88bwc9r8.jpg,True
clb0kvxwb91yg074y0do5cjzr,./out/images/clb0kvxwb91yg074y0do5cjzr.jpg,True
clb0kvxwb91yk074yf7m97ste,./out/images/clb0kvxwb91yk074yf7m97ste.jpg,True
clb0kvxwb91yo074y425w97zl,./out/images/clb0kvxwb91yo074y425w97zl.jpg,True
clb0kvxwb91ys074y3bpu70yo,./out/images/clb0kvxwb91ys074y3bpu70yo.jpg,True
clb0kvxwc91yw074y36nhd5qz,./out/images/clb0kvxwc91yw074y36nhd5qz.jpg,True
clb0kvxwc91z0074y8eyd6x79,./out/images/clb0kvxwc91z0074y8eyd6x79.jpg,True
clb0kvxwc91z4074yb60q46uj,./out/images/clb0kvxwc91z4074yb60q46uj.jpg,True
clb0kvxwc91z8074y7h9vget9,./out/images/clb0kvxwc91z8074y7h9vget9.jpg,True
clb0kvxwc91zc074y0q7i61jf,./out/images/clb0kvxwc91zc074y0q7i61jf.jpg,True
clb0kvxwc91zg074yh18u1rkb,./out/images/clb0kvxwc91zg074yh18u1rkb.jpg,True
clb0kvxwc91zk074y4356balc,./out/images/clb0kvxwc91zk074y4356balc.jpg,True
clb0kvxwc91zo074yhmm3ah91,./out/images/clb0kvxwc91zo074yhmm3ah91.jpg,True
clb0kvxwc91zs074ydrgf1t54,./out/images/clb0kvxwc91zs074ydrgf1t54.jpg,True
clb0kvxwc91zw074y68zqfa9c,./out/images/clb0kvxwc91zw074y68zqfa9c.jpg,True
clb0kvxwc9200074y5f6netux,./out/images/clb0kvxwc9200074y5f6netux.jpg,True
clb0kvxwc9204074y3neidpjj,./out/images/clb0kvxwc9204074y3neidpjj.jpg,True
clb0kvxwc9208074yhpwkh7w1,./out/images/clb0kvxwc9208074yhpwkh7w1.jpg,True
clb0kvxwc920c074y5irb76if,./out/images/clb0kvxwc920c074y5irb76if.jpg,True
clb0kvxwc920g074y18a2d1jn,./out/images/clb0kvxwc920g074y18a2d1jn.jpg,True
clb0kvxwc920k074yfgibcove,./out/images/clb0kvxwc920k074yfgibcove.jpg,True
clb0kvxwd920o074yb2r9d0kk,./out/images/clb0kvxwd920o074yb2r9d0kk.jpg,True
clb0kvxwd920s074y6tng5w6t,./out/images/clb0kvxwd920s074y6tng5w6t.jpg,True
clb0kvxwd920w074y4kaah05o,./out/images/clb0kvxwd920w074y4kaah05o.jpg,True
clb0kvxwd9210074y17k692ii,./out/images/clb0kvxwd9210074y17k692ii.jpg,True
clb0kvxwd9214074yeqs568a5,./out/images/clb0kvxwd9214074yeqs568a5.jpg,True
clb0kvxwd9218074y4li59fz7,./out/images/clb0kvxwd9218074y4li59fz7.jpg,True
clb0kvxwd921c074yb9fj5kk7,./out/images/clb0kvxwd921c074yb9fj5kk7.jpg,True
clb0kvxwd921g074yb1cu1ga4,./out/images/clb0kvxwd921g074yb1cu1ga4.jpg,True
clb0kvxwd921k074y77y33hny,./out/images/clb0kvxwd921k074y77y33hny.jpg,True
clb0kvxwd921o074ybgjm917p,./out/images/clb0kvxwd921o074ybgjm917p.jpg,True
clb0kvxwd921s074ye3a7964h,./out/images/clb0kvxwd921s074ye3a7964h.jpg,True
clb0kvxwd921w074yaetabffd,./out/images/clb0kvxwd921w074yaetabffd.jpg,True
clb0kvxwd9220074y06z9hyzi,./out/images/clb0kvxwd9220074y06z9hyzi.jpg,True
clb0kvxwd9224074y96su5b7k,./out/images/clb0kvxwd9224074y96su5b7k.jpg,True
clb0kvxwd9228074y30wf0sqj,./out/images/clb0kvxwd9228074y30wf0sqj.jpg,True
clb0kvxwe922c074y1dxebm41,./out/images/clb0kvxwe922c074y1dxebm41.jpg,True
clb0kvxwe922g074y9nle6mc0,./out/images/clb0kvxwe922g074y9nle6mc0.jpg,True
clb0kvxwe922k074y692f95ip,./out/images/clb0kvxwe922k074y692f95ip.jpg,True
clb0kvxwe922o074ygw0sebkl,./out/images/clb0kvxwe922o074ygw0sebkl.jpg,True
clb0kvxwe922s074ye8h6d2e8,./out/images/clb0kvxwe922s074ye8h6d2e8.jpg,True
clb0kvxwe922w074y13z68o7m,./out/images/clb0kvxwe922w074y13z68o7m.jpg,True
clb0kvxwe9230074y6ikp8d8c,./out/images/clb0kvxwe9230074y6ikp8d8c.jpg,True
clb0kvxwe9234074y95lvhrow,./out/images/clb0kvxwe9234074y95lvhrow.jpg,True
clb0kvxwe9238074yb8mhabjq,./out/images/clb0kvxwe9238074yb8mhabjq.jpg,True
clb0kvxwe923c074y20ip5n0t,./out/images/clb0kvxwe923c074y20ip5n0t.jpg,True
clb0kvxwf923g074ygfyp8gw4,./out/images/clb0kvxwf923g074ygfyp8gw4.jpg,True
clb0kvxwf923k074yharv7ao5,./out/images/clb0kvxwf923k074yharv7ao5.jpg,True
clb0kvxwf923o074ybccw0pgg,./out/images/clb0kvxwf923o074ybccw0pgg.jpg,True
clb0kvxwf923s074yfpch1k5u,./out/images/clb0kvxwf923s074yfpch1k5u.jpg,True
clb0kvxwf923w074y8kxhd4yh,./out/images/clb0kvxwf923w074y8kxhd4yh.jpg,True
clb0kvxwf9240074ygahn9npc,./out/images/clb0kvxwf9240074ygahn9npc.jpg,True
clb0kvxwf9244074y11t01gjs,./out/images/clb0kvxwf9244074y11t01gjs.jpg,True
clb0kvxwf9248074y2gg6hnvg,./out/images/clb0kvxwf9248074y2gg6hnvg.jpg,True
clb0kvxwf924c074y4jpp16xb,./out/images/clb0kvxwf924c074y4jpp16xb.jpg,True
clb0kvxwf924g074yes2fbldm,./out/images/clb0kvxwf924g074yes2fbldm.jpg,True
clb0kvxwf924k074y775tdmxw,./out/images/clb0kvxwf924k074y775tdmxw.jpg,True
clb0kvxwf924o074y2x5qaz1u,./out/images/clb0kvxwf924o074y2x5qaz1u.jpg,True
clb0kvxwf924s074y379c48am,./out/images/clb0kvxwf924s074y379c48am.jpg,True
clb0kvxwf924w074yg7327g9c,./out/images/clb0kvxwf924w074yg7327g9c.jpg,True
clb0kvxwg9250074yem455skg,./out/images/clb0kvxwg9250074yem455skg.jpg,True
clb0kvxwg9254074y7roo6u1p,./out/images/clb0kvxwg9254074y7roo6u1p.jpg,True
clb0kvxwg9258074ybdlocui2,./out/images/clb0kvxwg9258074ybdlocui2.jpg,True
clb0kvxwg925c074y86wefqdj,./out/images/clb0kvxwg925c074y86wefqdj.jpg,True
clb0kvxwg925g074y2hyfgbel,./out/images/clb0kvxwg925g074y2hyfgbel.jpg,True
clb0kvxwg925k074yaxxy071h,./out/images/clb0kvxwg925k074yaxxy071h.jpg,True
clb0kvxwg925o074y3qmhh504,./out/images/clb0kvxwg925o074y3qmhh504.jpg,True
clb0kvxwg925s074yb1u83tpj,./out/images/clb0kvxwg925s074yb1u83tpj.jpg,True
clb0kvxwg925w074yb85g1d7e,./out/images/clb0kvxwg925w074yb85g1d7e.jpg,True
clb0kvxwg9260074yex77d8z9,./out/images/clb0kvxwg9260074yex77d8z9.jpg,True
clb0kvxwh9264074y4rf46wx5,./out/images/clb0kvxwh9264074y4rf46wx5.jpg,True
clb0kvxwh9268074y5teb0hym,./out/images/clb0kvxwh9268074y5teb0hym.jpg,True
clb0kvxwh926c074y5bj70ura,./out/images/clb0kvxwh926c074y5bj70ura.jpg,True
clb0kvxwh926g074yg80o52lq,./out/images/clb0kvxwh926g074yg80o52lq.jpg,True
clb0kvxwh926k074y50bhfous,./out/images/clb0kvxwh926k074y50bhfous.jpg,True
clb0kvxwh926o074ygo262iif,./out/images/clb0kvxwh926o074ygo262iif.jpg,True
clb0kvxwh926s074y8cz1g64s,./out/images/clb0kvxwh926s074y8cz1g64s.jpg,True
clb0kvxwh926w074y7jxpgwrj,./out/images/clb0kvxwh926w074y7jxpgwrj.jpg,True
clb0kvxwh9270074ybgl533ae,./out/images/clb0kvxwh9270074ybgl533ae.jpg,True
clb0kvxwh9274074y4duh7185,./out/images/clb0kvxwh9274074y4duh7185.jpg,True
clb0kvxwh9278074y9188311t,./out/images/clb0kvxwh9278074y9188311t.jpg,True
clb0kvxwh927c074y1i493en7,./out/images/clb0kvxwh927c074y1i493en7.jpg,True
clb0kvxwh927g074ydnysgf8a,./out/images/clb0kvxwh927g074ydnysgf8a.jpg,True
clb0kvxwh927k074y50oqft3a,./out/images/clb0kvxwh927k074y50oqft3a.jpg,True
clb0kvxwi927o074y6612c4c5,./out/images/clb0kvxwi927o074y6612c4c5.jpg,True
clb0kvxwi927s074y8wzdgsw2,./out/images/clb0kvxwi927s074y8wzdgsw2.jpg,True
clb0kvxwi927w074y17xf8hvt,./out/images/clb0kvxwi927w074y17xf8hvt.jpg,True
clb0kvxwi9280074y436rdwlm,./out/images/clb0kvxwi9280074y436rdwlm.jpg,True
clb0kvxwi9284074y3t0u0fn1,./out/images/clb0kvxwi9284074y3t0u0fn1.jpg,True
clb0kvxwi9288074y1263851h,./out/images/clb0kvxwi9288074y1263851h.jpg,True
clb0kvxwi928c074y9zd1giek,./out/images/clb0kvxwi928c074y9zd1giek.jpg,True
clb0kvxwi928g074y2efxd0vq,./out/images/clb0kvxwi928g074y2efxd0vq.jpg,True
clb0kvxwi928k074y6xxl3qf0,./out/images/clb0kvxwi928k074y6xxl3qf0.jpg,True
clb0kvxwi928o074yavqd632p,./out/images/clb0kvxwi928o074yavqd632p.jpg,True
clb0kvxwi928s074yaghf65ee,./out/images/clb0kvxwi928s074yaghf65ee.jpg,True
clb0kvxwi928w074y6qg9hmsd,./out/images/clb0kvxwi928w074y6qg9hmsd.jpg,True
clb0kvxwj9290074ydfjhgnco,./out/images/clb0kvxwj9290074ydfjhgnco.jpg,True
clb0kvxwj9294074ybstheh4d,./out/images/clb0kvxwj9294074ybstheh4d.jpg,True
clb0kvxwj9298074yfowacyka,./out/images/clb0kvxwj9298074yfowacyka.jpg,True
clb0kvxwj929c074yhbmvg5fy,./out/images/clb0kvxwj929c074yhbmvg5fy.jpg,True
clb0kvxwj929g074yhca23pss,./out/images/clb0kvxwj929g074yhca23pss.jpg,True
clb0kvxwj929k074ybypb87uf,./out/images/clb0kvxwj929k074ybypb87uf.jpg,True
clb0kvxwj929o074y53xuf62r,./out/images/clb0kvxwj929o074y53xuf62r.jpg,True
clb0kvxwj929s074yf2366tlk,./out/images/clb0kvxwj929s074yf2366tlk.jpg,True
clb0kvxwj929w074yeej148kb,./out/images/clb0kvxwj929w074yeej148kb.jpg,True
clb0kvxwj92a0074ygt8udnql,./out/images/clb0kvxwj92a0074ygt8udnql.jpg,True
clb0kvxwj92a4074yfj2deq0u,./out/images/clb0kvxwj92a4074yfj2deq0u.jpg,True
clb0kvxwj92a8074yg5y1hxf4,./out/images/clb0kvxwj92a8074yg5y1hxf4.jpg,True
clb0kvxwj92ac074y0tzrcqxl,./out/images/clb0kvxwj92ac074y0tzrcqxl.jpg,True
clb0kvxwj92ag074yeh9u6r4w,./out/images/clb0kvxwj92ag074yeh9u6r4w.jpg,True
clb0kvxwj92ak074y0n94ahj0,./out/images/clb0kvxwj92ak074y0n94ahj0.jpg,True
clb0kvxwj92ao074y7bztd6er,./out/images/clb0kvxwj92ao074y7bztd6er.jpg,True
clb0kvxwk92as074y918n8yx5,./out/images/clb0kvxwk92as074y918n8yx5.jpg,True
clb0kvxwk92aw074yhvxzhecx,./out/images/clb0kvxwk92aw074yhvxzhecx.jpg,True
clb0kvxwk92b0074yb5rsfzze,./out/images/clb0kvxwk92b0074yb5rsfzze.jpg,True
clb0kvxwk92b4074y5ob759i3,./out/images/clb0kvxwk92b4074y5ob759i3.jpg,True
clb0kvxwk92b8074ybz7x31eg,./out/images/clb0kvxwk92b8074ybz7x31eg.jpg,True
clb0kvxwk92bc074y5ch97ua9,./out/images/clb0kvxwk92bc074y5ch97ua9.jpg,True
clb0kvxwk92bg074ybmj2ex6d,./out/images/clb0kvxwk92bg074ybmj2ex6d.jpg,True
clb0kvxwk92bk074yebcsfrqg,./out/images/clb0kvxwk92bk074yebcsfrqg.jpg,True
clb0kvxwk92bo074yftfd0pno,./out/images/clb0kvxwk92bo074yftfd0pno.jpg,True
clb0kvxwk92bs074y6u0c5qh3,./out/images/clb0kvxwk92bs074y6u0c5qh3.jpg,True
clb0kvxwk92bw074ydvgv9bnm,./out/images/clb0kvxwk92bw074ydvgv9bnm.jpg,True
clb0kvxwk92c0074ygtktalp3,./out/images/clb0kvxwk92c0074ygtktalp3.jpg,True
clb0kvxwk92c4074yd1ef5mc3,./out/images/clb0kvxwk92c4074yd1ef5mc3.jpg,True
clb0kvxwk92c8074yhamh45js,./out/images/clb0kvxwk92c8074yhamh45js.jpg,True
clb0kvxwk92cc074yfa051m7o,./out/images/clb0kvxwk92cc074yfa051m7o.jpg,True
clb0kvxwk92cg074yhhy92j5p,./out/images/clb0kvxwk92cg074yhhy92j5p.jpg,True
clb0kvxwl92ck074y3qyc954b,./out/images/clb0kvxwl92ck074y3qyc954b.jpg,True
clb0kvxwl92co074yen9odmy7,./out/images/clb0kvxwl92co074yen9odmy7.jpg,True
clb0kvxwl92cs074y19oz3vr0,./out/images/clb0kvxwl92cs074y19oz3vr0.jpg,True
clb0kvxwl92cw074yby5b5raj,./out/images/clb0kvxwl92cw074yby5b5raj.jpg,True
clb0kvxwl92d0074y2lll93pi,./out/images/clb0kvxwl92d0074y2lll93pi.jpg,True
clb0kvxwl92d4074ycv1e51d4,./out/images/clb0kvxwl92d4074ycv1e51d4.jpg,True
clb0kvxwl92d8074y19ufdpol,./out/images/clb0kvxwl92d8074y19ufdpol.jpg,True
clb0kvxwl92dc074ybmezf2dn,./out/images/clb0kvxwl92dc074ybmezf2dn.jpg,True
clb0kvxwl92dg074y1snfdfab,./out/images/clb0kvxwl92dg074y1snfdfab.jpg,True
clb0kvxwl92dk074y3b0u69na,./out/images/clb0kvxwl92dk074y3b0u69na.jpg,True
clb0kvxwl92do074ya56yf6gm,./out/images/clb0kvxwl92do074ya56yf6gm.jpg,True
clb0kvxwl92ds074y42121siv,./out/images/clb0kvxwl92ds074y42121siv.jpg,True
clb0kvxwl92dw074yd5cy63kw,./out/images/clb0kvxwl92dw074yd5cy63kw.jpg,True
clb0kvxwl92e0074ydrve14u4,./out/images/clb0kvxwl92e0074ydrve14u4.jpg,True
clb0kvxwl92e4074yc1igcvmw,./out/images/clb0kvxwl92e4074yc1igcvmw.jpg,True
clb0kvxwm92e8074y8kxlai4n,./out/images/clb0kvxwm92e8074y8kxlai4n.jpg,True
clb0kvxwm92ec074yetya6a4k,./out/images/clb0kvxwm92ec074yetya6a4k.jpg,True
clb0kvxwm92eg074y30y39wtz,./out/images/clb0kvxwm92eg074y30y39wtz.jpg,True
clb0kvxwm92ek074y7xn5buol,./out/images/clb0kvxwm92ek074y7xn5buol.jpg,True
clb0kvxwm92eo074y8zkzbkqk,./out/images/clb0kvxwm92eo074y8zkzbkqk.jpg,True
clb0kvxwm92es074ycvin79mc,./out/images/clb0kvxwm92es074ycvin79mc.jpg,True
clb0kvxwm92ew074yhil27cw5,./out/images/clb0kvxwm92ew074yhil27cw5.jpg,True
clb0kvxwm92f0074yg52f5i0q,./out/images/clb0kvxwm92f0074yg52f5i0q.jpg,True
clb0kvxwm92f4074ye5l82903,./out/images/clb0kvxwm92f4074ye5l82903.jpg,True
clb0kvxwm92f8074yf9rkgni7,./out/images/clb0kvxwm92f8074yf9rkgni7.jpg,True
clb0kvxwm92fc074y4u05b0rf,./out/images/clb0kvxwm92fc074y4u05b0rf.jpg,True
clb0kvxwm92fg074ycn3j2xjt,./out/images/clb0kvxwm92fg074ycn3j2xjt.jpg,True
clb0kvxwm92fk074yh5vrcfyh,./out/images/clb0kvxwm92fk074yh5vrcfyh.jpg,True
clb0kvxwm92fo074y4fe212h5,./out/images/clb0kvxwm92fo074y4fe212h5.jpg,True
clb0kvxwm92fs074ybmcyffs2,./out/images/clb0kvxwm92fs074ybmcyffs2.jpg,True
clb0kvxwn92fw074yg1ou05ok,./out/images/clb0kvxwn92fw074yg1ou05ok.jpg,True
clb0kvxwn92g0074y65w688ar,./out/images/clb0kvxwn92g0074y65w688ar.jpg,True
clb0kvxwn92g4074y0xid94en,./out/images/clb0kvxwn92g4074y0xid94en.jpg,True
clb0kvxwn92g8074y7um7cao8,./out/images/clb0kvxwn92g8074y7um7cao8.jpg,True
clb0kvxwn92gc074y6yho2akf,./out/images/clb0kvxwn92gc074y6yho2akf.jpg,True
clb0kvxwn92gg074y1p6u1g6u,./out/images/clb0kvxwn92gg074y1p6u1g6u.jpg,True
clb0kvxwn92gk074ydqv25xw1,./out/images/clb0kvxwn92gk074ydqv25xw1.jpg,True
clb0kvxwn92go074y4rwc60ew,./out/images/clb0kvxwn92go074y4rwc60ew.jpg,True
clb0kvxwn92gs074yg75oawpw,./out/images/clb0kvxwn92gs074yg75oawpw.jpg,True
clb0kvxwn92gw074y94g3g0lk,./out/images/clb0kvxwn92gw074y94g3g0lk.jpg,True
clb0kvxwn92h0074y97la3qfv,./out/images/clb0kvxwn92h0074y97la3qfv.jpg,True
clb0kvxwn92h4074y4mwe25wx,./out/images/clb0kvxwn92h4074y4mwe25wx.jpg,True
clb0kvxwn92h8074y8ue57vf4,./out/images/clb0kvxwn92h8074y8ue57vf4.jpg,True
clb0kvxwn92hc074y0g1i2dzr,./out/images/clb0kvxwn92hc074y0g1i2dzr.jpg,True
clb0kvxwo92hg074y3tsu8e5y,./out/images/clb0kvxwo92hg074y3tsu8e5y.jpg,True
clb0kvxwo92hk074y455uaxuh,./out/images/clb0kvxwo92hk074y455uaxuh.jpg,True
clb0kvxwo92ho074y3eh3h9xq,./out/images/clb0kvxwo92ho074y3eh3h9xq.jpg,True
clb0kvxwo92hs074y8p8h4lm3,./out/images/clb0kvxwo92hs074y8p8h4lm3.jpg,True
clb0kvxwo92hw074ydw5x7iok,./out/images/clb0kvxwo92hw074ydw5x7iok.jpg,True
clb0kvxwo92i0074yhfsa01hg,./out/images/clb0kvxwo92i0074yhfsa01hg.jpg,True
clb0kvxwo92i4074y4wsh5ive,./out/images/clb0kvxwo92i4074y4wsh5ive.jpg,True
clb0kvxwo92i8074ydu20eb9z,./out/images/clb0kvxwo92i8074ydu20eb9z.jpg,True
clb0kvxwo92ic074yc2sh4kkq,./out/images/clb0kvxwo92ic074yc2sh4kkq.jpg,True
clb0kvxwo92ig074yh1p1gtta,./out/images/clb0kvxwo92ig074yh1p1gtta.jpg,True
clb0kvxwo92ik074y2g4365ru,./out/images/clb0kvxwo92ik074y2g4365ru.jpg,True
clb0kvxwo92io074ydu7x9umt,./out/images/clb0kvxwo92io074ydu7x9umt.jpg,True
clb0kvxwo92is074y1fchd71y,./out/images/clb0kvxwo92is074y1fchd71y.jpg,True
clb0kvxwo92iw074y7wqt4ybk,./out/images/clb0kvxwo92iw074y7wqt4ybk.jpg,True
clb0kvxwo92j0074yb38bgke3,./out/images/clb0kvxwo92j0074yb38bgke3.jpg,True
clb0kvxwp92j4074y73c2awy8,./out/images/clb0kvxwp92j4074y73c2awy8.jpg,True
clb0kvxwp92j8074yawcga1gn,./out/images/clb0kvxwp92j8074yawcga1gn.jpg,True
clb0kvxwp92jc074ygz0h61kq,./out/images/clb0kvxwp92jc074ygz0h61kq.jpg,True
clb0kvxwp92jg074yetpddo0y,./out/images/clb0kvxwp92jg074yetpddo0y.jpg,True
clb0kvxwp92jk074y3a577n4o,./out/images/clb0kvxwp92jk074y3a577n4o.jpg,True
clb0kvxwp92jo074yezfl3lmh,./out/images/clb0kvxwp92jo074yezfl3lmh.jpg,True
clb0kvxwp92js074y1qy8d1uk,./out/images/clb0kvxwp92js074y1qy8d1uk.jpg,True
clb0kvxwp92jw074y97i96bmu,./out/images/clb0kvxwp92jw074y97i96bmu.jpg,True
clb0kvxwp92k0074y7pgzff84,./out/images/clb0kvxwp92k0074y7pgzff84.jpg,True
clb0kvxwp92k4074y1njah4bz,./out/images/clb0kvxwp92k4074y1njah4bz.jpg,True
clb0kvxwp92k8074ybz5l790g,./out/images/clb0kvxwp92k8074ybz5l790g.jpg,True
clb0kvxwp92kc074ygw4s8adu,./out/images/clb0kvxwp92kc074ygw4s8adu.jpg,True
clb0kvxwp92kg074y3odi6fqo,./out/images/clb0kvxwp92kg074y3odi6fqo.jpg,True
clb0kvxwp92kk074ygwqnhq4u,./out/images/clb0kvxwp92kk074ygwqnhq4u.jpg,True
clb0kvxwq92ko074y51kf8bu9,./out/images/clb0kvxwq92ko074y51kf8bu9.jpg,True
clb0kvxwq92ks074y4nj7gnfr,./out/images/clb0kvxwq92ks074y4nj7gnfr.jpg,True
clb0kvxwq92kw074yavfwf8x1,./out/images/clb0kvxwq92kw074yavfwf8x1.jpg,True
clb0kvxwq92l0074ybfzza3i7,./out/images/clb0kvxwq92l0074ybfzza3i7.jpg,True
clb0kvxwq92l4074y6gtocdux,./out/images/clb0kvxwq92l4074y6gtocdux.jpg,True
clb0kvxwq92l8074y75pl9j4s,./out/images/clb0kvxwq92l8074y75pl9j4s.jpg,True
clb0kvxwq92lc074y3b2qf5m8,./out/images/clb0kvxwq92lc074y3b2qf5m8.jpg,True
clb0kvxwq92lg074yhzx807og,./out/images/clb0kvxwq92lg074yhzx807og.jpg,True
clb0kvxwq92lk074yepfmerxu,./out/images/clb0kvxwq92lk074yepfmerxu.jpg,True
clb0kvxwq92lo074y0oxy68g9,./out/images/clb0kvxwq92lo074y0oxy68g9.jpg,True
clb0kvxwq92ls074yh9mffhdt,./out/images/clb0kvxwq92ls074yh9mffhdt.jpg,True
clb0kvxwq92lw074yehu3bofl,./out/images/clb0kvxwq92lw074yehu3bofl.jpg,True
clb0kvxwq92m0074ye2ii2wbs,./out/images/clb0kvxwq92m0074ye2ii2wbs.jpg,True
clb0kvxwq92m4074y5br05c27,./out/images/clb0kvxwq92m4074y5br05c27.jpg,True
clb0kvxwq92m8074ycv561xge,./out/images/clb0kvxwq92m8074ycv561xge.jpg,True
clb0kvxwq92mc074ybql22sqk,./out/images/clb0kvxwq92mc074ybql22sqk.jpg,True
clb0kvxwr92mg074ygi4o54sv,./out/images/clb0kvxwr92mg074ygi4o54sv.jpg,True
clb0kvxwr92mk074y2fr1bfrc,./out/images/clb0kvxwr92mk074y2fr1bfrc.jpg,True
clb0kvxwr92mo074ybdsj41sw,./out/images/clb0kvxwr92mo074ybdsj41sw.jpg,True
clb0kvxwr92ms074y4pij3jyv,./out/images/clb0kvxwr92ms074y4pij3jyv.jpg,True
clb0kvxwr92mw074y06hp7pxn,./out/images/clb0kvxwr92mw074y06hp7pxn.jpg,True
clb0kvxwr92n0074ybqml14kc,./out/images/clb0kvxwr92n0074ybqml14kc.jpg,True
clb0kvxwr92n4074y74gz4rfe,./out/images/clb0kvxwr92n4074y74gz4rfe.jpg,True
clb0kvxwr92n8074y45lt2m50,./out/images/clb0kvxwr92n8074y45lt2m50.jpg,True
clb0kvxwr92nc074y05xrb03z,./out/images/clb0kvxwr92nc074y05xrb03z.jpg,True
clb0kvxwr92ng074yc6jndr8l,./out/images/clb0kvxwr92ng074yc6jndr8l.jpg,True
clb0kvxwr92nk074y63kef14q,./out/images/clb0kvxwr92nk074y63kef14q.jpg,True
clbnxtoeobklu074cc2a57g2e,./out/images/clbnxtoeobklu074cc2a57g2e.jpg,True
clbnxtoeobkly074ce1cf0sxc,./out/images/clbnxtoeobkly074ce1cf0sxc.jpg,True
clbnxtoeobkm2074caf3nc0uq,./out/images/clbnxtoeobkm2074caf3nc0uq.jpg,True
clbnxtoeobkm6074c817rbs9w,./out/images/clbnxtoeobkm6074c817rbs9w.jpg,True
clbnxtoeobkma074c79khdi97,./out/images/clbnxtoeobkma074c79khdi97.jpg,True
clbnxtoeobkme074c1vv1d03y,./out/images/clbnxtoeobkme074c1vv1d03y.jpg,True
clbnxtoeobkmi074chp947hvc,./out/images/clbnxtoeobkmi074chp947hvc.jpg,True
clbnxtoeobkmm074c61444qgd,./out/images/clbnxtoeobkmm074c61444qgd.jpg,True
clbnxtoeobkmq074c2g4xb5c8,./out/images/clbnxtoeobkmq074c2g4xb5c8.jpg,True
clbnxtoeobkmu074c83za9v7h,./out/images/clbnxtoeobkmu074c83za9v7h.jpg,True
clbnxtoeobkmy074c1q3geok5,./out/images/clbnxtoeobkmy074c1q3geok5.jpg,True
clbnxtoeobkn2074cerp40tw2,./out/images/clbnxtoeobkn2074cerp40tw2.jpg,True
clbnxtoeobkn6074c4tw51wtk,./out/images/clbnxtoeobkn6074c4tw51wtk.jpg,True
clbnxtoepbkna074c8qzw3ni6,./out/images/clbnxtoepbkna074c8qzw3ni6.jpg,True
clbnxtoepbkne074chqucey6q,./out/images/clbnxtoepbkne074chqucey6q.jpg,True
clbnxtoepbkni074c659i2rmh,./out/images/clbnxtoepbkni074c659i2rmh.jpg,True
clbnxtoepbknm074cacgbcqb1,./out/images/clbnxtoepbknm074cacgbcqb1.jpg,True
clbnxtoepbknq074c3liac9a6,./out/images/clbnxtoepbknq074c3liac9a6.jpg,True
clbnxtoepbknu074cbg0245pi,./out/images/clbnxtoepbknu074cbg0245pi.jpg,True
clbnxtoepbkny074cb6saca05,./out/images/clbnxtoepbkny074cb6saca05.jpg,True
clbnxtoepbko2074c7fb5e3ye,./out/images/clbnxtoepbko2074c7fb5e3ye.jpg,True
clbnxtoepbko6074c1xxncxje,./out/images/clbnxtoepbko6074c1xxncxje.jpg,True
clbnxtoepbkoa074cbdko4hwo,./out/images/clbnxtoepbkoa074cbdko4hwo.jpg,True
clbnxtoepbkoe074c2ztc6mvx,./out/images/clbnxtoepbkoe074c2ztc6mvx.jpg,True
clbnxtoepbkoi074cdjfh2zke,./out/images/clbnxtoepbkoi074cdjfh2zke.jpg,True
clbnxtoepbkom074ca2uz8mqh,./out/images/clbnxtoepbkom074ca2uz8mqh.jpg,True
clbnxtoepbkoq074c1gg1cv1q,./out/images/clbnxtoepbkoq074c1gg1cv1q.jpg,True
clbnxtoepbkou074chl8g9j80,./out/images/clbnxtoepbkou074chl8g9j80.jpg,True
clbnxtoepbkoy074c7bpg4xgx,./out/images/clbnxtoepbkoy074c7bpg4xgx.jpg,True
clbnxtoepbkp2074cccx4eisi,./out/images/clbnxtoepbkp2074cccx4eisi.jpg,True
clbnxtoeqbkp6074cdcpca65v,./out/images/clbnxtoeqbkp6074cdcpca65v.jpg,True
clbnxtoeqbkpa074c0k6u6wkk,./out/images/clbnxtoeqbkpa074c0k6u6wkk.jpg,True
clbnxtoeqbkpe074c7ag0f5x8,./out/images/clbnxtoeqbkpe074c7ag0f5x8.jpg,True
clbnxtoeqbkpi074c06okd81q,./out/images/clbnxtoeqbkpi074c06okd81q.jpg,True
clbnxtoeqbkpm074c7qb6fzso,./out/images/clbnxtoeqbkpm074c7qb6fzso.jpg,True
clbnxtoeqbkpq074c7um156on,./out/images/clbnxtoeqbkpq074c7um156on.jpg,True
clbnxtoeqbkpu074cbndhf2yz,./out/images/clbnxtoeqbkpu074cbndhf2yz.jpg,True
clbnxtoeqbkpy074c5es4a3bj,./out/images/clbnxtoeqbkpy074c5es4a3bj.jpg,True
clbnxtoeqbkq2074cff6tdu6z,./out/images/clbnxtoeqbkq2074cff6tdu6z.jpg,True
clbnxtoeqbkq6074c0yxx7m7o,./out/images/clbnxtoeqbkq6074c0yxx7m7o.jpg,True
clbnxtoeqbkqa074c48yfccvr,./out/images/clbnxtoeqbkqa074c48yfccvr.jpg,True
clbnxtoeqbkqe074c2yj5ey2j,./out/images/clbnxtoeqbkqe074c2yj5ey2j.jpg,True
clbnxtoeqbkqi074c6r4k5rxr,./out/images/clbnxtoeqbkqi074c6r4k5rxr.jpg,True
clbnxtoeqbkqm074c9z7fa5jc,./out/images/clbnxtoeqbkqm074c9z7fa5jc.jpg,True
clbnxtoeqbkqq074ca9ov0zga,./out/images/clbnxtoeqbkqq074ca9ov0zga.jpg,True
clbnxtoeqbkqu074chbl5c0nt,./out/images/clbnxtoeqbkqu074chbl5c0nt.jpg,True
clbnxtoeqbkqy074c0de73v7a,./out/images/clbnxtoeqbkqy074c0de73v7a.jpg,True
clbnxtoerbkr2074ccezrgs7g,./out/images/clbnxtoerbkr2074ccezrgs7g.jpg,True
clbnxtoerbkr6074ccpmsht9y,./out/images/clbnxtoerbkr6074ccpmsht9y.jpg,True
clbnxtoerbkra074c4gpgfh1u,./out/images/clbnxtoerbkra074c4gpgfh1u.jpg,True
clbnxtoerbkre074cgavucv5m,./out/images/clbnxtoerbkre074cgavucv5m.jpg,True
clbnxtoerbkri074cd86r23dp,./out/images/clbnxtoerbkri074cd86r23dp.jpg,True
clbnxtoerbkrm074c3ape3u47,./out/images/clbnxtoerbkrm074c3ape3u47.jpg,True
clbnxtoerbkrq074c9umrfe3k,./out/images/clbnxtoerbkrq074c9umrfe3k.jpg,True
clbnxtoerbkru074cbcpd8hrj,./out/images/clbnxtoerbkru074cbcpd8hrj.jpg,True
clbnxtoerbkry074chmeoa00i,./out/images/clbnxtoerbkry074chmeoa00i.jpg,True
clbnxtoerbks2074cgyq21ajs,./out/images/clbnxtoerbks2074cgyq21ajs.jpg,True
clbnxtoerbks6074cedexg32m,./out/images/clbnxtoerbks6074cedexg32m.jpg,True
clbnxtoerbksa074c1m3i22l3,./out/images/clbnxtoerbksa074c1m3i22l3.jpg,True
clbnxtoerbkse074c9be5h81x,./out/images/clbnxtoerbkse074c9be5h81x.jpg,True
clbnxtoerbksi074c3m4q8enf,./out/images/clbnxtoerbksi074c3m4q8enf.jpg,True
clbnxtoerbksm074c0j4t7h2i,./out/images/clbnxtoerbksm074c0j4t7h2i.jpg,True
clbnxtoerbksq074cbfpqhsxb,./out/images/clbnxtoerbksq074cbfpqhsxb.jpg,True
clbnxtoerbksu074ch0vgf2wv,./out/images/clbnxtoerbksu074ch0vgf2wv.jpg,True
clbnxtoerbksy074c1d5ac5qj,./out/images/clbnxtoerbksy074c1d5ac5qj.jpg,True
clbnxtoerbkt2074cgyoj6lxl,./out/images/clbnxtoerbkt2074cgyoj6lxl.jpg,True
clbnxtoesbkt6074cfnurgvaj,./out/images/clbnxtoesbkt6074cfnurgvaj.jpg,True
clbnxtoesbkta074cf02hakj3,./out/images/clbnxtoesbkta074cf02hakj3.jpg,True
clbnxtoesbkte074canf5e1lu,./out/images/clbnxtoesbkte074canf5e1lu.jpg,True
clbnxtoesbkti074cfoa2hife,./out/images/clbnxtoesbkti074cfoa2hife.jpg,True
clbnxtoesbktm074cdij59csf,./out/images/clbnxtoesbktm074cdij59csf.jpg,True
clbnxtoesbktq074c6vc22bv9,./out/images/clbnxtoesbktq074c6vc22bv9.jpg,True
clbnxtoesbktu074c4tkt6d5e,./out/images/clbnxtoesbktu074c4tkt6d5e.jpg,True
clbnxtoesbkty074cg2z944nx,./out/images/clbnxtoesbkty074cg2z944nx.jpg,True
clbnxtoesbku2074ceaiygl3x,./out/images/clbnxtoesbku2074ceaiygl3x.jpg,True
clbnxtoesbku6074cdvwz4q6w,./out/images/clbnxtoesbku6074cdvwz4q6w.jpg,True
clbnxtoesbkua074ch15sepb2,./out/images/clbnxtoesbkua074ch15sepb2.jpg,True
clbnxtoesbkue074c8pqxckix,./out/images/clbnxtoesbkue074c8pqxckix.jpg,True
clbnxtoesbkui074c4ub47uia,./out/images/clbnxtoesbkui074c4ub47uia.jpg,True
clbnxtoesbkum074ccf5d5ubm,./out/images/clbnxtoesbkum074ccf5d5ubm.jpg,True
clbnxtoesbkuq074c8yjq4l80,./out/images/clbnxtoesbkuq074c8yjq4l80.jpg,True
clbnxtoesbkuu074c5tyrdmpc,./out/images/clbnxtoesbkuu074c5tyrdmpc.jpg,True
clbnxtoesbkuy074c67ndaucn,./out/images/clbnxtoesbkuy074c67ndaucn.jpg,True
clbnxtoesbkv2074cemth3sz8,./out/images/clbnxtoesbkv2074cemth3sz8.jpg,True
clbnxtoetbkv6074c16rfaxtu,./out/images/clbnxtoetbkv6074c16rfaxtu.jpg,True
clbnxtoetbkva074c07t8cd70,./out/images/clbnxtoetbkva074c07t8cd70.jpg,True
clbnxtoetbkve074c100f0y8s,./out/images/clbnxtoetbkve074c100f0y8s.jpg,True
clbnxtoetbkvi074cbec02l2o,./out/images/clbnxtoetbkvi074cbec02l2o.jpg,True
clbnxtoetbkvm074cahfx8vnm,./out/images/clbnxtoetbkvm074cahfx8vnm.jpg,True
clbnxtoetbkvq074c3o7t59nl,./out/images/clbnxtoetbkvq074c3o7t59nl.jpg,True
clbnxtoetbkvu074che0qavuw,./out/images/clbnxtoetbkvu074che0qavuw.jpg,True
clbnxtoetbkvy074cf1blcppj,./out/images/clbnxtoetbkvy074cf1blcppj.jpg,True
clbnxtoetbkw2074c5l5q6nf6,./out/images/clbnxtoetbkw2074c5l5q6nf6.jpg,True
clbnxtoetbkw6074c6xhohqam,./out/images/clbnxtoetbkw6074c6xhohqam.jpg,True
clbnxtoetbkwa074cal1fbrtr,./out/images/clbnxtoetbkwa074cal1fbrtr.jpg,True
clbnxtoetbkwe074cf5oqb72n,./out/images/clbnxtoetbkwe074cf5oqb72n.jpg,True
clbnxtoetbkwi074cgi6oe4xl,./out/images/clbnxtoetbkwi074cgi6oe4xl.jpg,True
clbnxtoetbkwm074c8eo3c3q4,./out/images/clbnxtoetbkwm074c8eo3c3q4.jpg,True
clbnxtoetbkwq074cdmcdcw2q,./out/images/clbnxtoetbkwq074cdmcdcw2q.jpg,True
clbnxtoetbkwu074carm05qhc,./out/images/clbnxtoetbkwu074carm05qhc.jpg,True
clbnxtoetbkwy074caxzcc0z8,./out/images/clbnxtoetbkwy074caxzcc0z8.jpg,True
clbnxtoetbkx2074cflmf2n8d,./out/images/clbnxtoetbkx2074cflmf2n8d.jpg,True
clbnxtoeubkx6074c16j9fm8l,./out/images/clbnxtoeubkx6074c16j9fm8l.jpg,True
clbnxtoeubkxa074c0otia3ue,./out/images/clbnxtoeubkxa074c0otia3ue.jpg,True
clbnxtoeubkxe074c3tiw2cab,./out/images/clbnxtoeubkxe074c3tiw2cab.jpg,True
clbnxtoeubkxi074c64xa7xyr,./out/images/clbnxtoeubkxi074c64xa7xyr.jpg,True
clbnxtoeubkxm074cd6qvd8k2,./out/images/clbnxtoeubkxm074cd6qvd8k2.jpg,True
clbnxtoeubkxq074c60ks6hmj,./out/images/clbnxtoeubkxq074c60ks6hmj.jpg,True
clbnxtoeubkxu074c7yudf7r0,./out/images/clbnxtoeubkxu074c7yudf7r0.jpg,True
clbnxtoeubkxy074c8u31c8ev,./out/images/clbnxtoeubkxy074c8u31c8ev.jpg,True
clbnxtoeubky2074c8n5h4ejm,./out/images/clbnxtoeubky2074c8n5h4ejm.jpg,True
clbnxtoeubky6074c04a7dc4k,./out/images/clbnxtoeubky6074c04a7dc4k.jpg,True
clbnxtoeubkya074ce4xhe4sq,./out/images/clbnxtoeubkya074ce4xhe4sq.jpg,True
clbnxtoeubkye074ch6ch9326,./out/images/clbnxtoeubkye074ch6ch9326.jpg,True
clbnxtoeubkyi074c4wgadq88,./out/images/clbnxtoeubkyi074c4wgadq88.jpg,True
clbnxtoeubkym074c53hz94mc,./out/images/clbnxtoeubkym074c53hz94mc.jpg,True
clbnxtoeubkyq074cesbocvr7,./out/images/clbnxtoeubkyq074cesbocvr7.jpg,True
clbnxtoeubkyu074ccl7w6qt7,./out/images/clbnxtoeubkyu074ccl7w6qt7.jpg,True
clbnxtoeubkyy074c2t8q1y5k,./out/images/clbnxtoeubkyy074c2t8q1y5k.jpg,True
clbnxtoeubkz2074c5s7jbsw1,./out/images/clbnxtoeubkz2074c5s7jbsw1.jpg,True
clbnxtoeubkz6074c0vwa68km,./out/images/clbnxtoeubkz6074c0vwa68km.jpg,True
clbnxtoevbkza074c49c96r3m,./out/images/clbnxtoevbkza074c49c96r3m.jpg,True
clbnxtoevbkze074c0lu3c1zb,./out/images/clbnxtoevbkze074c0lu3c1zb.jpg,True
clbnxtoevbkzi074cb9nw59xg,./out/images/clbnxtoevbkzi074cb9nw59xg.jpg,True
clbnxtoevbkzm074c0t9ubs1k,./out/images/clbnxtoevbkzm074c0t9ubs1k.jpg,True
clbnxtoevbkzq074chniw5ut5,./out/images/clbnxtoevbkzq074chniw5ut5.jpg,True
clbnxtoevbkzu074cc16i9tda,./out/images/clbnxtoevbkzu074cc16i9tda.jpg,True
clbnxtoevbkzy074c6qkxfg6v,./out/images/clbnxtoevbkzy074c6qkxfg6v.jpg,True
clbnxtoevbl02074c0ij12n2h,./out/images/clbnxtoevbl02074c0ij12n2h.jpg,True
clbnxtoevbl06074c8uda4cgs,./out/images/clbnxtoevbl06074c8uda4cgs.jpg,True
clbnxtoevbl0a074c8ro011er,./out/images/clbnxtoevbl0a074c8ro011er.jpg,True
clbnxtoevbl0e074chb301cm1,./out/images/clbnxtoevbl0e074chb301cm1.jpg,True
clbnxtoevbl0i074c6ql9ewyb,./out/images/clbnxtoevbl0i074c6ql9ewyb.jpg,True
clbnxtoevbl0m074c2qot9msn,./out/images/clbnxtoevbl0m074c2qot9msn.jpg,True
clbnxtoevbl0q074cfdrygtkr,./out/images/clbnxtoevbl0q074cfdrygtkr.jpg,True
clbnxtoevbl0u074chxu5crgv,./out/images/clbnxtoevbl0u074chxu5crgv.jpg,True
clbnxtoevbl0y074cehag0syd,./out/images/clbnxtoevbl0y074cehag0syd.jpg,True
clbnxtoevbl12074c1a4zafqj,./out/images/clbnxtoevbl12074c1a4zafqj.jpg,True
clbnxtoevbl16074cesk7bfoe,./out/images/clbnxtoevbl16074cesk7bfoe.jpg,True
clbnxtoewbl1a074c3e23h2g1,./out/images/clbnxtoewbl1a074c3e23h2g1.jpg,True
clbnxtoewbl1e074c40kvas0e,./out/images/clbnxtoewbl1e074c40kvas0e.jpg,True
clbnxtoewbl1i074c3dt6fo43,./out/images/clbnxtoewbl1i074c3dt6fo43.jpg,True
clbnxtoewbl1m074c1tx1529u,./out/images/clbnxtoewbl1m074c1tx1529u.jpg,True
clbnxtoewbl1q074cgimv6a03,./out/images/clbnxtoewbl1q074cgimv6a03.jpg,True
clbnxtoewbl1u074cgclc11ot,./out/images/clbnxtoewbl1u074cgclc11ot.jpg,True
clbnxtoewbl1y074cht7r24tf,./out/images/clbnxtoewbl1y074cht7r24tf.jpg,True
clbnxtoewbl22074c94n88izc,./out/images/clbnxtoewbl22074c94n88izc.jpg,True
clbnxtoewbl26074c1ymk6am1,./out/images/clbnxtoewbl26074c1ymk6am1.jpg,True
clbnxtoewbl2a074c9mf59pws,./out/images/clbnxtoewbl2a074c9mf59pws.jpg,True
clbnxtoewbl2e074cdvlf8xh2,./out/images/clbnxtoewbl2e074cdvlf8xh2.jpg,True
clbnxtoewbl2i074c85add4vu,./out/images/clbnxtoewbl2i074c85add4vu.jpg,True
clbnxtoewbl2m074c4kyjfana,./out/images/clbnxtoewbl2m074c4kyjfana.jpg,True
clbnxtoewbl2q074c7s1lgcw7,./out/images/clbnxtoewbl2q074c7s1lgcw7.jpg,True
clbnxtoewbl2u074c9eux5gum,./out/images/clbnxtoewbl2u074c9eux5gum.jpg,True
clbnxtoewbl2y074c476a8d5t,./out/images/clbnxtoewbl2y074c476a8d5t.jpg,True
clbnxtoewbl32074c1wydgrg5,./out/images/clbnxtoewbl32074c1wydgrg5.jpg,True
clbnxtoewbl36074c94ledq5z,./out/images/clbnxtoewbl36074c94ledq5z.jpg,True
clbnxtoewbl3a074cb4mw071s,./out/images/clbnxtoewbl3a074cb4mw071s.jpg,True
clbnxtoexbl3e074cfjs1ejp7,./out/images/clbnxtoexbl3e074cfjs1ejp7.jpg,True
clbnxtoexbl3i074c1v680c0u,./out/images/clbnxtoexbl3i074c1v680c0u.jpg,True
clbnxtoexbl3m074c1cxuf1ao,./out/images/clbnxtoexbl3m074c1cxuf1ao.jpg,True
clbnxtoexbl3q074c51hg1hu4,./out/images/clbnxtoexbl3q074c51hg1hu4.jpg,True
clbnxtoexbl3u074c64s7h7rp,./out/images/clbnxtoexbl3u074c64s7h7rp.jpg,True
clbnxtoexbl3y074cdvrd05v9,./out/images/clbnxtoexbl3y074cdvrd05v9.jpg,True
clbnxtoexbl42074c4vl5ei40,./out/images/clbnxtoexbl42074c4vl5ei40.jpg,True
clbnxtoexbl46074ccmnldhnc,./out/images/clbnxtoexbl46074ccmnldhnc.jpg,True
clbnxtoexbl4a074cgorr42lg,./out/images/clbnxtoexbl4a074cgorr42lg.jpg,True
clbnxtoexbl4e074c22cue5j9,./out/images/clbnxtoexbl4e074c22cue5j9.jpg,True
clbnxtoexbl4i074c533l6x1l,./out/images/clbnxtoexbl4i074c533l6x1l.jpg,True
clbnxtoexbl4m074cfybzenb1,./out/images/clbnxtoexbl4m074cfybzenb1.jpg,True
clbnxtoexbl4q074cecbp5v31,./out/images/clbnxtoexbl4q074cecbp5v31.jpg,True
clbnxtoexbl4u074c0j1h5x3a,./out/images/clbnxtoexbl4u074c0j1h5x3a.jpg,True
clbnxtoexbl4y074c3v3t4wmi,./out/images/clbnxtoexbl4y074c3v3t4wmi.jpg,True
clbnxtoexbl52074c3dyafnp7,./out/images/clbnxtoexbl52074c3dyafnp7.jpg,True
clbnxtoexbl56074cb7ao8lx8,./out/images/clbnxtoexbl56074cb7ao8lx8.jpg,True
clbnxtoexbl5a074cgl9g3lfa,./out/images/clbnxtoexbl5a074cgl9g3lfa.jpg,True
clbnxtoeybl5e074c4stdbz0n,./out/images/clbnxtoeybl5e074c4stdbz0n.jpg,True
clbnxtoeybl5i074cfr8t9b5n,./out/images/clbnxtoeybl5i074cfr8t9b5n.jpg,True
clbnxtoeybl5m074c0q73dzor,./out/images/clbnxtoeybl5m074c0q73dzor.jpg,True
clbnxtoeybl5q074c3fsghsqw,./out/images/clbnxtoeybl5q074c3fsghsqw.jpg,True
clbnxtoeybl5u074c0mxcc9fp,./out/images/clbnxtoeybl5u074c0mxcc9fp.jpg,True
clbnxtoeybl5y074c4zun9k2c,./out/images/clbnxtoeybl5y074c4zun9k2c.jpg,True
clbnxtoeybl62074c0cjp05do,./out/images/clbnxtoeybl62074c0cjp05do.jpg,True
clbnxtoeybl66074c5fw14i4d,./out/images/clbnxtoeybl66074c5fw14i4d.jpg,True
clbnxtoeybl6a074c68p11jx0,./out/images/clbnxtoeybl6a074c68p11jx0.jpg,True
clbnxtoeybl6e074c18r777ii,./out/images/clbnxtoeybl6e074c18r777ii.jpg,True
clbnxtoeybl6i074c9xue8kzk,./out/images/clbnxtoeybl6i074c9xue8kzk.jpg,True
clbnxtoeybl6m074c8m3f5cad,./out/images/clbnxtoeybl6m074c8m3f5cad.jpg,True
clbnxtoeybl6q074ccf0z5utu,./out/images/clbnxtoeybl6q074ccf0z5utu.jpg,True
clbnxtoeybl6u074c731o0uxs,./out/images/clbnxtoeybl6u074c731o0uxs.jpg,True
clbnxtoeybl6y074ca25b7lyc,./out/images/clbnxtoeybl6y074ca25b7lyc.jpg,True
clbnxtoeybl72074c1ovlak0y,./out/images/clbnxtoeybl72074c1ovlak0y.jpg,True
clbnxtoeybl76074c1183ap8f,./out/images/clbnxtoeybl76074c1183ap8f.jpg,True
clbnxtoeybl7a074c393k182w,./out/images/clbnxtoeybl7a074c393k182w.jpg,True
clbnxtoezbl7e074cah94azrb,./out/images/clbnxtoezbl7e074cah94azrb.jpg,True
clbnxtoezbl7i074c0spvcozw,./out/images/clbnxtoezbl7i074c0spvcozw.jpg,True
clbnxtoezbl7m074cc3633sax,./out/images/clbnxtoezbl7m074cc3633sax.jpg,True
clbnxtoezbl7q074chli313nu,./out/images/clbnxtoezbl7q074chli313nu.jpg,True
clbnxtoezbl7u074c6q4ue6ut,./out/images/clbnxtoezbl7u074c6q4ue6ut.jpg,True
clbnxtoezbl7y074c3ut6caha,./out/images/clbnxtoezbl7y074c3ut6caha.jpg,True
clbnxtoezbl82074c57qp7401,./out/images/clbnxtoezbl82074c57qp7401.jpg,True
clbnxtoezbl86074c1wh56h4m,./out/images/clbnxtoezbl86074c1wh56h4m.jpg,True
clbnxtoezbl8a074c2u7ued3y,./out/images/clbnxtoezbl8a074c2u7ued3y.jpg,True
clbnxtoezbl8e074c5jekf49k,./out/images/clbnxtoezbl8e074c5jekf49k.jpg,True
clbnxtoezbl8i074cejfad1jw,./out/images/clbnxtoezbl8i074cejfad1jw.jpg,True
clbnxtoezbl8m074cegtwe1y8,./out/images/clbnxtoezbl8m074cegtwe1y8.jpg,True
clbnxtoezbl8q074c7z4q2y9g,./out/images/clbnxtoezbl8q074c7z4q2y9g.jpg,True
clbnxtoezbl8u074c99ii58to,./out/images/clbnxtoezbl8u074c99ii58to.jpg,True
clbnxtoezbl8y074cdh1ib7g8,./out/images/clbnxtoezbl8y074cdh1ib7g8.jpg,True
clbnxtoezbl92074cf1940jdy,./out/images/clbnxtoezbl92074cf1940jdy.jpg,True
clbnxtoezbl96074c2dy34gv9,./out/images/clbnxtoezbl96074c2dy34gv9.jpg,True
clbnxtof0bl9a074c5mlve8t1,./out/images/clbnxtof0bl9a074c5mlve8t1.jpg,True
clbnxtof0bl9e074cep9lbkxr,./out/images/clbnxtof0bl9e074cep9lbkxr.jpg,True
clbnxtof0bl9i074ceztr4d9s,./out/images/clbnxtof0bl9i074ceztr4d9s.jpg,True
clbnxtof0bl9m074cbtb57q28,./out/images/clbnxtof0bl9m074cbtb57q28.jpg,True
clbnxtof0bl9q074c726s41w3,./out/images/clbnxtof0bl9q074c726s41w3.jpg,True
clbnxtof0bl9u074casedamjx,./out/images/clbnxtof0bl9u074casedamjx.jpg,True
clbnxtof0bl9y074cfqsg7u0v,./out/images/clbnxtof0bl9y074cfqsg7u0v.jpg,True
clbnxtof0bla2074c40bw4sfo,./out/images/clbnxtof0bla2074c40bw4sfo.jpg,True
clbnxtof0bla6074ch55laqu1,./out/images/clbnxtof0bla6074ch55laqu1.jpg,True
clbnxtof0blaa074c33q7gfrr,./out/images/clbnxtof0blaa074c33q7gfrr.jpg,True
clbnxtof0blae074c6ruu24z1,./out/images/clbnxtof0blae074c6ruu24z1.jpg,True
clbnxtof0blai074cap3fbpe8,./out/images/clbnxtof0blai074cap3fbpe8.jpg,True
clbnxtof0blam074c07qvgu3t,./out/images/clbnxtof0blam074c07qvgu3t.jpg,True
clbnxtof1blaq074ceipn378m,./out/images/clbnxtof1blaq074ceipn378m.jpg,True
clbnxtof1blau074c7syq3jj5,./out/images/clbnxtof1blau074c7syq3jj5.jpg,True
clbnxtof1blay074c5dh43vjr,./out/images/clbnxtof1blay074c5dh43vjr.jpg,True
clbnxtof1blb2074c6edoe29g,./out/images/clbnxtof1blb2074c6edoe29g.jpg,True
clbnxtof1blb6074cfkb5gcp5,./out/images/clbnxtof1blb6074cfkb5gcp5.jpg,True
clbnxtof1blba074c1etk2wve,./out/images/clbnxtof1blba074c1etk2wve.jpg,True
clbnxtof1blbe074cf2af34zm,./out/images/clbnxtof1blbe074cf2af34zm.jpg,True
clbnxtof1blbi074c3pvyc7v2,./out/images/clbnxtof1blbi074c3pvyc7v2.jpg,True
clbnxtof1blbm074c5lw66o72,./out/images/clbnxtof1blbm074c5lw66o72.jpg,True
clbnxtof1blbq074c5kme68u1,./out/images/clbnxtof1blbq074c5kme68u1.jpg,True
clbnxtof1blbu074c59ayhysc,./out/images/clbnxtof1blbu074c59ayhysc.jpg,True
clbnxtof1blby074c1n6w9372,./out/images/clbnxtof1blby074c1n6w9372.jpg,True
clbnxtof1blc2074cc0qkdzte,./out/images/clbnxtof1blc2074cc0qkdzte.jpg,True
clbnxtof2blc6074c1p6k7u0s,./out/images/clbnxtof2blc6074c1p6k7u0s.jpg,True
clbnxtof2blca074c04rudh2h,./out/images/clbnxtof2blca074c04rudh2h.jpg,True
clbnxtof2blce074cg5so55wo,./out/images/clbnxtof2blce074cg5so55wo.jpg,True
clbnxtof2blci074c0g4ahpyb,./out/images/clbnxtof2blci074c0g4ahpyb.jpg,True
clbnxtof2blcm074c2nsh59wj,./out/images/clbnxtof2blcm074c2nsh59wj.jpg,True
clbnxtof2blcq074cakfv7e85,./out/images/clbnxtof2blcq074cakfv7e85.jpg,True
clbnxtof2blcu074cd6k42bpm,./out/images/clbnxtof2blcu074cd6k42bpm.jpg,True
clbnxtof2blcy074cexf7ceql,./out/images/clbnxtof2blcy074cexf7ceql.jpg,True
clbnxtof2bld2074c66ocfzlx,./out/images/clbnxtof2bld2074c66ocfzlx.jpg,True
clbnxtof2bld6074cge7uf5ih,./out/images/clbnxtof2bld6074cge7uf5ih.jpg,True
clbnxtof2blda074c5l9c7a2j,./out/images/clbnxtof2blda074c5l9c7a2j.jpg,True
clbnxtof2blde074ca5fn9zmy,./out/images/clbnxtof2blde074ca5fn9zmy.jpg,True
clbnxtof2bldi074c2xg7gbhh,./out/images/clbnxtof2bldi074c2xg7gbhh.jpg,True
clbnxtof2bldm074c2gi0azd4,./out/images/clbnxtof2bldm074c2gi0azd4.jpg,True
clbnxtof2bldq074c1n0i7oqz,./out/images/clbnxtof2bldq074c1n0i7oqz.jpg,True
clbnxtof2bldu074ccn4yeb5m,./out/images/clbnxtof2bldu074ccn4yeb5m.jpg,True
clbnxtof2bldy074carbq2ljw,./out/images/clbnxtof2bldy074carbq2ljw.jpg,True
clbnxtof2ble2074c9pcce871,./out/images/clbnxtof2ble2074c9pcce871.jpg,True
clbnxtof3ble6074c4yambtt7,./out/images/clbnxtof3ble6074c4yambtt7.jpg,True
clbnxtof3blea074c7shy69rr,./out/images/clbnxtof3blea074c7shy69rr.jpg,True
clbnxtof3blee074c8mrv9fl3,./out/images/clbnxtof3blee074c8mrv9fl3.jpg,True
clbnxtof3blei074ce2li4hzh,./out/images/clbnxtof3blei074ce2li4hzh.jpg,True
clbnxtof3blem074cavva4vfd,./out/images/clbnxtof3blem074cavva4vfd.jpg,True
clbnxtof3bleq074cawn88mcf,./out/images/clbnxtof3bleq074cawn88mcf.jpg,True
clbnxtof3bleu074cbms22qwv,./out/images/clbnxtof3bleu074cbms22qwv.jpg,True
clbnxtof3bley074ce4vdcp5v,./out/images/clbnxtof3bley074ce4vdcp5v.jpg,True
clbnxtof3blf2074chg300ioz,./out/images/clbnxtof3blf2074chg300ioz.jpg,True
clbnxtof3blf6074c6uhi5aav,./out/images/clbnxtof3blf6074c6uhi5aav.jpg,True
clbnxtof3blfa074c9mo4fc89,./out/images/clbnxtof3blfa074c9mo4fc89.jpg,True
clbnxtof3blfe074c1bn799mi,./out/images/clbnxtof3blfe074c1bn799mi.jpg,True
clbnxtof3blfi074c12ede53k,./out/images/clbnxtof3blfi074c12ede53k.jpg,True
clbnxtof3blfm074c4q1dcep4,./out/images/clbnxtof3blfm074c4q1dcep4.jpg,True
clbnxtof3blfq074cg13q9sy0,./out/images/clbnxtof3blfq074cg13q9sy0.jpg,True
clbnxtof3blfu074c6b9i0qib,./out/images/clbnxtof3blfu074c6b9i0qib.jpg,True
clbnxtof3blfy074c8kpfhdkj,./out/images/clbnxtof3blfy074c8kpfhdkj.jpg,True
clbnxtof4blg2074cdqxzexka,./out/images/clbnxtof4blg2074cdqxzexka.jpg,True
clbnxtof4blg6074c5wkw8drp,./out/images/clbnxtof4blg6074c5wkw8drp.jpg,True
clbnxtof4blga074c5yklht8b,./out/images/clbnxtof4blga074c5yklht8b.jpg,True
clbnxtof4blge074c39sf9b0s,./out/images/clbnxtof4blge074c39sf9b0s.jpg,True
clbnxtof4blgi074c3dcebryn,./out/images/clbnxtof4blgi074c3dcebryn.jpg,True
clbnxtof4blgm074ceyru5avb,./out/images/clbnxtof4blgm074ceyru5avb.jpg,True
clbnxtof4blgq074chaar181a,./out/images/clbnxtof4blgq074chaar181a.jpg,True
clbnxtof4blgu074c0jqn7pdv,./out/images/clbnxtof4blgu074c0jqn7pdv.jpg,True
clbnxtof4blgy074cgv350ye0,./out/images/clbnxtof4blgy074cgv350ye0.jpg,True
clbnxtof4blh2074cgydubudh,./out/images/clbnxtof4blh2074cgydubudh.jpg,True
clbnxtof4blh6074cfynwca1l,./out/images/clbnxtof4blh6074cfynwca1l.jpg,True
clbnxtof4blha074c19o9h6wf,./out/images/clbnxtof4blha074c19o9h6wf.jpg,True
clbnxtof4blhe074caqv443k2,./out/images/clbnxtof4blhe074caqv443k2.jpg,True
clbnxtof4blhi074c3at21ma3,./out/images/clbnxtof4blhi074c3at21ma3.jpg,True
clbnxtof4blhm074cbonaf7or,./out/images/clbnxtof4blhm074cbonaf7or.jpg,True
clbnxtof4blhq074c1z6l9oe1,./out/images/clbnxtof4blhq074c1z6l9oe1.jpg,True
clbnxtof4blhu074c1hh46y0y,./out/images/clbnxtof4blhu074c1hh46y0y.jpg,True
clbnxtof4blhy074c2tq19p8l,./out/images/clbnxtof4blhy074c2tq19p8l.jpg,True
clbnxtof4bli2074c4h6s7sxg,./out/images/clbnxtof4bli2074c4h6s7sxg.jpg,True
clbnxtof5bli6074cba8rf7iy,./out/images/clbnxtof5bli6074cba8rf7iy.jpg,True
clbnxtof5blia074c5zv2ejld,./out/images/clbnxtof5blia074c5zv2ejld.jpg,True
clbnxtof5blie074c6d6xdale,./out/images/clbnxtof5blie074c6d6xdale.jpg,True
clbnxtof5blii074caom90x1l,./out/images/clbnxtof5blii074caom90x1l.jpg,True
clbnxtof5blim074c5kmk0ry4,./out/images/clbnxtof5blim074c5kmk0ry4.jpg,True
clbnxtof5bliq074ch9pvgye9,./out/images/clbnxtof5bliq074ch9pvgye9.jpg,True
clbnxtof5bliu074c9vr6hdqx,./out/images/clbnxtof5bliu074c9vr6hdqx.jpg,True
clbnxtof5bliy074cgcq5ftal,./out/images/clbnxtof5bliy074cgcq5ftal.jpg,True
clbnxtof5blj2074chdjyhl1f,./out/images/clbnxtof5blj2074chdjyhl1f.jpg,True
clbnxtof5blj6074cdpos1rdo,./out/images/clbnxtof5blj6074cdpos1rdo.jpg,True
clbnxtof5blja074cb26yep0c,./out/images/clbnxtof5blja074cb26yep0c.jpg,True
clbnxtof5blje074c87zr701y,./out/images/clbnxtof5blje074c87zr701y.jpg,True
clbnxtof5blji074c7rjygajq,./out/images/clbnxtof5blji074c7rjygajq.jpg,True
clbnxtof5bljm074cdel90fjt,./out/images/clbnxtof5bljm074cdel90fjt.jpg,True
clbnxtof5bljq074c2wc90znb,./out/images/clbnxtof5bljq074c2wc90znb.jpg,True
clbnxtof5blju074cd4mocs6y,./out/images/clbnxtof5blju074cd4mocs6y.jpg,True
clbnxtof5bljy074c9plceya5,./out/images/clbnxtof5bljy074c9plceya5.jpg,True
clbnxtof5blk2074c4hqz2d2s,./out/images/clbnxtof5blk2074c4hqz2d2s.jpg,True
clbnxtof5blk6074c2t7i0n1a,./out/images/clbnxtof5blk6074c2t7i0n1a.jpg,True
clbnxtof6blka074c4tkv5r6q,./out/images/clbnxtof6blka074c4tkv5r6q.jpg,True
clbnxtof6blke074c950z4xz9,./out/images/clbnxtof6blke074c950z4xz9.jpg,True
clbnxtof6blki074c1w8ubi7v,./out/images/clbnxtof6blki074c1w8ubi7v.jpg,True
clbnxtof6blkm074chx8ahvcq,./out/images/clbnxtof6blkm074chx8ahvcq.jpg,True
clbnxtof6blkq074c2rx2frda,./out/images/clbnxtof6blkq074c2rx2frda.jpg,True
clbnxtof6blku074c7ymyava5,./out/images/clbnxtof6blku074c7ymyava5.jpg,True
clbnxtof6blky074cd6d1hrxg,./out/images/clbnxtof6blky074cd6d1hrxg.jpg,True
clbnxtof6bll2074c449e6nnm,./out/images/clbnxtof6bll2074c449e6nnm.jpg,True
clbnxtof6bll6074ccghjb3pi,./out/images/clbnxtof6bll6074ccghjb3pi.jpg,True
clbnxtof6blla074cce6xf33w,./out/images/clbnxtof6blla074cce6xf33w.jpg,True
clbnxtof6blle074cg7yr23lw,./out/images/clbnxtof6blle074cg7yr23lw.jpg,True
clbnxtof6blli074c01142we8,./out/images/clbnxtof6blli074c01142we8.jpg,True
clbnxtof6bllm074cdfs02d8b,./out/images/clbnxtof6bllm074cdfs02d8b.jpg,True
clbnxtof6bllq074cdt86f1jx,./out/images/clbnxtof6bllq074cdt86f1jx.jpg,True
clbnxtof6bllu074c8z51absk,./out/images/clbnxtof6bllu074c8z51absk.jpg,True
clbnxtof6blly074c9zc3ftks,./out/images/clbnxtof6blly074c9zc3ftks.jpg,True
clbnxtof6blm2074cf0r0h13a,./out/images/clbnxtof6blm2074cf0r0h13a.jpg,True
clbnxtof7blm6074cepslc92g,./out/images/clbnxtof7blm6074cepslc92g.jpg,True
clbnxtof7blma074cbb9rcizv,./out/images/clbnxtof7blma074cbb9rcizv.jpg,True
clbnxtof7blme074c9vnn0kin,./out/images/clbnxtof7blme074c9vnn0kin.jpg,True
clbnxtof7blmi074cd3xq15ne,./out/images/clbnxtof7blmi074cd3xq15ne.jpg,True
clbnxtof7blmm074cflnhh99b,./out/images/clbnxtof7blmm074cflnhh99b.jpg,True
clbnxtof7blmq074c2zam4fp2,./out/images/clbnxtof7blmq074c2zam4fp2.jpg,True
clbnxtof7blmu074c9bsj9efn,./out/images/clbnxtof7blmu074c9bsj9efn.jpg,True
clbnxtof7blmy074c6nqr1scl,./out/images/clbnxtof7blmy074c6nqr1scl.jpg,True
clbnxtof7bln2074catj74cd8,./out/images/clbnxtof7bln2074catj74cd8.jpg,True
clbnxtof7bln6074c4wi6b1ik,./out/images/clbnxtof7bln6074c4wi6b1ik.jpg,True
clbnxtof7blna074cgu4hhtf3,./out/images/clbnxtof7blna074cgu4hhtf3.jpg,True
clbnxtof7blne074c4ulthc5n,./out/images/clbnxtof7blne074c4ulthc5n.jpg,True
clbnxtof7blni074ccqly3b8r,./out/images/clbnxtof7blni074ccqly3b8r.jpg,True
clbnxtof7blnm074c0jey3grc,./out/images/clbnxtof7blnm074c0jey3grc.jpg,True
clbnxtof7blnq074c5b33b77m,./out/images/clbnxtof7blnq074c5b33b77m.jpg,True
clbnxtof7blnu074c3voe6mqa,./out/images/clbnxtof7blnu074c3voe6mqa.jpg,True
clbnxtof7blny074c84xybk7f,./out/images/clbnxtof7blny074c84xybk7f.jpg,True
clbnxtof7blo2074c9grf38s9,./out/images/clbnxtof7blo2074c9grf38s9.jpg,True
clbnxtof7blo6074cctljhxtp,./out/images/clbnxtof7blo6074cctljhxtp.jpg,True
clbnxtof8bloa074cewui44hk,./out/images/clbnxtof8bloa074cewui44hk.jpg,True
clbnxtof8bloe074c0j583q7n,./out/images/clbnxtof8bloe074c0j583q7n.jpg,True
clbnxtof8bloi074c4h02ey33,./out/images/clbnxtof8bloi074c4h02ey33.jpg,True
clbnxtof8blom074c9rih9ptk,./out/images/clbnxtof8blom074c9rih9ptk.jpg,True
clbnxtof8bloq074ceytp7lc2,./out/images/clbnxtof8bloq074ceytp7lc2.jpg,True
clbnxtof8blou074cf1ym2f17,./out/images/clbnxtof8blou074cf1ym2f17.jpg,True
clbnxtof8bloy074c1txl0p8f,./out/images/clbnxtof8bloy074c1txl0p8f.jpg,True
clbnxtof8blp2074cabj9ahyf,./out/images/clbnxtof8blp2074cabj9ahyf.jpg,True
clbnxtof8blp6074c2e2a9e26,./out/images/clbnxtof8blp6074c2e2a9e26.jpg,True
clbnxtof8blpa074c4atsfpwi,./out/images/clbnxtof8blpa074c4atsfpwi.jpg,True
clbnxtof8blpe074c5lnch2d0,./out/images/clbnxtof8blpe074c5lnch2d0.jpg,True
clbnxtof8blpi074c68kr5yfl,./out/images/clbnxtof8blpi074c68kr5yfl.jpg,True
clbnxtof8blpm074chqmb724c,./out/images/clbnxtof8blpm074chqmb724c.jpg,True
clbnxtof8blpq074cfgwr5q61,./out/images/clbnxtof8blpq074cfgwr5q61.jpg,True
clbnxtof8blpu074chmb8hxpa,./out/images/clbnxtof8blpu074chmb8hxpa.jpg,True
clbnxtof8blpy074c2fgg7px3,./out/images/clbnxtof8blpy074c2fgg7px3.jpg,True
clbnxtof8blq2074chu5v0taz,./out/images/clbnxtof8blq2074chu5v0taz.jpg,True
clbnxtof8blq6074cd274fz9a,./out/images/clbnxtof8blq6074cd274fz9a.jpg,True
clbnxtof8blqa074cab9ocjx5,./out/images/clbnxtof8blqa074cab9ocjx5.jpg,True
clbnxtof9blqe074cfy6b7obd,./out/images/clbnxtof9blqe074cfy6b7obd.jpg,True
clbnxtof9blqi074c81qrfm6z,./out/images/clbnxtof9blqi074c81qrfm6z.jpg,True
clbnxtof9blqm074chyzqhzpz,./out/images/clbnxtof9blqm074chyzqhzpz.jpg,True
clbnxtof9blqq074c47612dhv,./out/images/clbnxtof9blqq074c47612dhv.jpg,True
clbnxtof9blqu074chqrf78pc,./out/images/clbnxtof9blqu074chqrf78pc.jpg,True
clbnxtof9blqy074ccwsqgsk2,./out/images/clbnxtof9blqy074ccwsqgsk2.jpg,True
clbnxtof9blr2074c3lqabf3y,./out/images/clbnxtof9blr2074c3lqabf3y.jpg,True
clbnxtof9blr6074ce6lb4ubc,./out/images/clbnxtof9blr6074ce6lb4ubc.jpg,True
clbnxtof9blra074cfhh1b81f,./out/images/clbnxtof9blra074cfhh1b81f.jpg,True
clbnxtof9blre074c69mo1ml3,./out/images/clbnxtof9blre074c69mo1ml3.jpg,True
clbnxtof9blri074chy604i0q,./out/images/clbnxtof9blri074chy604i0q.jpg,True
clbnxtof9blrm074cbq7j2bna,./out/images/clbnxtof9blrm074cbq7j2bna.jpg,True
clbnxtof9blrq074ccmueg7bi,./out/images/clbnxtof9blrq074ccmueg7bi.jpg,True
clbnxtof9blru074c22png23p,./out/images/clbnxtof9blru074c22png23p.jpg,True
clbnxtof9blry074cf6b72zua,./out/images/clbnxtof9blry074cf6b72zua.jpg,True
clbnxtof9bls2074c5mjz533i,./out/images/clbnxtof9bls2074c5mjz533i.jpg,True
clbnxtof9bls6074cg1glf7mf,./out/images/clbnxtof9bls6074cg1glf7mf.jpg,True
clbnxtof9blsa074ccppe6v9a,./out/images/clbnxtof9blsa074ccppe6v9a.jpg,True
clbnxtofablse074c0jfp8do1,./out/images/clbnxtofablse074c0jfp8do1.jpg,True
clbnxtofablsi074c86s5fund,./out/images/clbnxtofablsi074c86s5fund.jpg,True
clbnxtofablsm074c6frc56oa,./out/images/clbnxtofablsm074c6frc56oa.jpg,True
clbnxtofablsq074c3m9de0po,./out/images/clbnxtofablsq074c3m9de0po.jpg,True
clbnxtofablsu074ce22qdg38,./out/images/clbnxtofablsu074ce22qdg38.jpg,True
clbnxtofablsy074c2msv0gvu,./out/images/clbnxtofablsy074c2msv0gvu.jpg,True
clbnxtofablt2074c63t7gxg9,./out/images/clbnxtofablt2074c63t7gxg9.jpg,True
clbnxtofablt6074c04roffb5,./out/images/clbnxtofablt6074c04roffb5.jpg,True
clbnxtofablta074cchxk8rvm,./out/images/clbnxtofablta074cchxk8rvm.jpg,True
clbnxtofablte074c28m93tp0,./out/images/clbnxtofablte074c28m93tp0.jpg,True
clbnxtofablti074cb0752jrr,./out/images/clbnxtofablti074cb0752jrr.jpg,True
clbnxtofabltm074c9xj3b6pg,./out/images/clbnxtofabltm074c9xj3b6pg.jpg,True
clbnxtofabltq074c378e5tmy,./out/images/clbnxtofabltq074c378e5tmy.jpg,True
clbnxtofabltu074c4zv7fciz,./out/images/clbnxtofabltu074c4zv7fciz.jpg,True
clbnxtofablty074ch5gs9zpt,./out/images/clbnxtofablty074ch5gs9zpt.jpg,True
clbnxtofablu2074c0nvygv1p,./out/images/clbnxtofablu2074c0nvygv1p.jpg,True
clbnxtofablu6074c0oh3fv4f,./out/images/clbnxtofablu6074c0oh3fv4f.jpg,True
clbnxtofablua074cgy11d2dn,./out/images/clbnxtofablua074cgy11d2dn.jpg,True
clbnxtofablue074c3zcmgt9o,./out/images/clbnxtofablue074c3zcmgt9o.jpg,True
clbnxtofbblui074c2rny121o,./out/images/clbnxtofbblui074c2rny121o.jpg,True
clbnxtofbblum074c2s8t28tp,./out/images/clbnxtofbblum074c2s8t28tp.jpg,True
clbnxtofbbluq074c1enn65up,./out/images/clbnxtofbbluq074c1enn65up.jpg,True
clbnxtofbbluu074c41lgccta,./out/images/clbnxtofbbluu074c41lgccta.jpg,True
clbnxtofbbluy074c4rrd66zm,./out/images/clbnxtofbbluy074c4rrd66zm.jpg,True
clbnxtofbblv2074chkza1lim,./out/images/clbnxtofbblv2074chkza1lim.jpg,True
clbnxtofbblv6074cecmh4qsa,./out/images/clbnxtofbblv6074cecmh4qsa.jpg,True
clbnxtofbblva074ccqtl0ove,./out/images/clbnxtofbblva074ccqtl0ove.jpg,True
clbnxtofbblve074c3tns5b9k,./out/images/clbnxtofbblve074c3tns5b9k.jpg,True
clbnxtofbblvi074c6ckm0tlv,./out/images/clbnxtofbblvi074c6ckm0tlv.jpg,True
clbnxtofbblvm074c2r8md4wg,./out/images/clbnxtofbblvm074c2r8md4wg.jpg,True
clbnxtofbblvq074cg99u79v6,./out/images/clbnxtofbblvq074cg99u79v6.jpg,True
clbnxtofbblvu074chemv25z4,./out/images/clbnxtofbblvu074chemv25z4.jpg,True
clbnxtofbblvy074cbcm47gzp,./out/images/clbnxtofbblvy074cbcm47gzp.jpg,True
clbnxtofbblw2074c06dnd0l5,./out/images/clbnxtofbblw2074c06dnd0l5.jpg,True
clbnxtofbblw6074c0ubndgkk,./out/images/clbnxtofbblw6074c0ubndgkk.jpg,True
clbnxtofbblwa074c66ofgazg,./out/images/clbnxtofbblwa074c66ofgazg.jpg,True
clbnxtofbblwe074cerxih97m,./out/images/clbnxtofbblwe074cerxih97m.jpg,True
clbnxtofbblwi074cdvw20gul,./out/images/clbnxtofbblwi074cdvw20gul.jpg,True
clbnxtofcblwm074c68259n5w,./out/images/clbnxtofcblwm074c68259n5w.jpg,True
clbnxtofcblwq074chohaatxj,./out/images/clbnxtofcblwq074chohaatxj.jpg,True
clbnxtofcblwu074c5iky0azt,./out/images/clbnxtofcblwu074c5iky0azt.jpg,True
clbnxtofcblwy074cems54ecg,./out/images/clbnxtofcblwy074cems54ecg.jpg,True
clbnxtofcblx2074c4he1ei7t,./out/images/clbnxtofcblx2074c4he1ei7t.jpg,True
clbnxtofcblx6074ccj6gbpz9,./out/images/clbnxtofcblx6074ccj6gbpz9.jpg,True
clbnxtofcblxa074c98le2mte,./out/images/clbnxtofcblxa074c98le2mte.jpg,True
clbnxtofcblxe074c9vq7fz7m,./out/images/clbnxtofcblxe074c9vq7fz7m.jpg,True
clbnxtofcblxi074cf8g39xmx,./out/images/clbnxtofcblxi074cf8g39xmx.jpg,True
clbnxtofcblxm074c94cfdz0p,./out/images/clbnxtofcblxm074c94cfdz0p.jpg,True
clbnxtofcblxq074c9ibm327t,./out/images/clbnxtofcblxq074c9ibm327t.jpg,True
clbnxtofcblxu074cg6clbzge,./out/images/clbnxtofcblxu074cg6clbzge.jpg,True
clbnxtofcblxy074cb9d90s1l,./out/images/clbnxtofcblxy074cb9d90s1l.jpg,True
clbnxtofcbly2074cgi3o3y3u,./out/images/clbnxtofcbly2074cgi3o3y3u.jpg,True
clbnxtofcbly6074c4heg8nc6,./out/images/clbnxtofcbly6074c4heg8nc6.jpg,True
clbnxtofcblya074ch1dpaiq6,./out/images/clbnxtofcblya074ch1dpaiq6.jpg,True
clbnxtofcblye074c23a1gl71,./out/images/clbnxtofcblye074c23a1gl71.jpg,True
clbnxtofcblyi074c4nzo5393,./out/images/clbnxtofcblyi074c4nzo5393.jpg,True
clbnxtofdblym074cc0j51hil,./out/images/clbnxtofdblym074cc0j51hil.jpg,True
clbnxtofdblyq074cdhw0h24z,./out/images/clbnxtofdblyq074cdhw0h24z.jpg,True
clbnxtofdblyu074c8a803os9,./out/images/clbnxtofdblyu074c8a803os9.jpg,True
clbnxtofdblyy074cbiclgghs,./out/images/clbnxtofdblyy074cbiclgghs.jpg,True
clbnxtofdblz2074cfi1kh7jr,./out/images/clbnxtofdblz2074cfi1kh7jr.jpg,True
clbnxtofdblz6074c2ftqgca3,./out/images/clbnxtofdblz6074c2ftqgca3.jpg,True
clbnxtofdblza074c14g5humh,./out/images/clbnxtofdblza074c14g5humh.jpg,True
clbnxtofdblze074c3lh84bda,./out/images/clbnxtofdblze074c3lh84bda.jpg,True
clbnxtofdblzi074c5af83kh6,./out/images/clbnxtofdblzi074c5af83kh6.jpg,True
clbnxtofdblzm074ca7ltavet,./out/images/clbnxtofdblzm074ca7ltavet.jpg,True
clbnxtofdblzq074ccpn32p4f,./out/images/clbnxtofdblzq074ccpn32p4f.jpg,True
clbnxtofdblzu074c8ba38215,./out/images/clbnxtofdblzu074c8ba38215.jpg,True
clbnxtofdblzy074cfrt4gd6o,./out/images/clbnxtofdblzy074cfrt4gd6o.jpg,True
clbnxtofdbm02074chvvd1qt3,./out/images/clbnxtofdbm02074chvvd1qt3.jpg,True
clbnxtofdbm06074c4887fpbl,./out/images/clbnxtofdbm06074c4887fpbl.jpg,True
clbnxtofdbm0a074c33kl1cdf,./out/images/clbnxtofdbm0a074c33kl1cdf.jpg,True
clbnxtofdbm0e074cbcw62svy,./out/images/clbnxtofdbm0e074cbcw62svy.jpg,True
clbnxtofdbm0i074c3q8ja88e,./out/images/clbnxtofdbm0i074c3q8ja88e.jpg,True
clbnxtofdbm0m074c1ojwhoyb,./out/images/clbnxtofdbm0m074c1ojwhoyb.jpg,True
clbnxtofebm0q074c1nbufgbe,./out/images/clbnxtofebm0q074c1nbufgbe.jpg,True
clbnxtofebm0u074cbte7gxh8,./out/images/clbnxtofebm0u074cbte7gxh8.jpg,True
clbnxtofebm0y074cbmft062j,./out/images/clbnxtofebm0y074cbmft062j.jpg,True
clbnxtofebm12074c5jeufn3f,./out/images/clbnxtofebm12074c5jeufn3f.jpg,True
clbnxtofebm16074c4ou50imr,./out/images/clbnxtofebm16074c4ou50imr.jpg,True
clbnxtofebm1a074cfxt26aba,./out/images/clbnxtofebm1a074cfxt26aba.jpg,True
clbnxtofebm1e074c4fwsaou3,./out/images/clbnxtofebm1e074c4fwsaou3.jpg,True
clbnxtofebm1i074ccsna9qtm,./out/images/clbnxtofebm1i074ccsna9qtm.jpg,True
clbnxtofebm1m074ccdfo0pig,./out/images/clbnxtofebm1m074ccdfo0pig.jpg,True
clbnxtofebm1q074c4vq4hjua,./out/images/clbnxtofebm1q074c4vq4hjua.jpg,True
clbnxtofebm1u074c327hhimb,./out/images/clbnxtofebm1u074c327hhimb.jpg,True
clbnxtofebm1y074c6l7a6qml,./out/images/clbnxtofebm1y074c6l7a6qml.jpg,True
clbnxtofebm22074c0xrv79k6,./out/images/clbnxtofebm22074c0xrv79k6.jpg,True
clbnxtofebm26074c52aybne4,./out/images/clbnxtofebm26074c52aybne4.jpg,True
clbnxtofebm2a074ceodz7pre,./out/images/clbnxtofebm2a074ceodz7pre.jpg,True
clbnxtofebm2e074c5qzud3jq,./out/images/clbnxtofebm2e074c5qzud3jq.jpg,True
clbnxtofebm2i074c0xg5a5ei,./out/images/clbnxtofebm2i074c0xg5a5ei.jpg,True
clbnxtofebm2m074ceauz8nrp,./out/images/clbnxtofebm2m074ceauz8nrp.jpg,True
clbnxtoffbm2q074c19uv9afc,./out/images/clbnxtoffbm2q074c19uv9afc.jpg,True
clbnxtoffbm2u074c84pahcf7,./out/images/clbnxtoffbm2u074c84pahcf7.jpg,True
clbnxtoffbm2y074cby72eo3o,./out/images/clbnxtoffbm2y074cby72eo3o.jpg,True
clbnxtoffbm32074cdqjjhrl0,./out/images/clbnxtoffbm32074cdqjjhrl0.jpg,True
clbnxtoffbm36074cerd9247f,./out/images/clbnxtoffbm36074cerd9247f.jpg,True
clbnxtoffbm3a074c11b37tl1,./out/images/clbnxtoffbm3a074c11b37tl1.jpg,True
clbnxtoffbm3e074c80q655o6,./out/images/clbnxtoffbm3e074c80q655o6.jpg,True
clbnxtoffbm3i074c0abh3otg,./out/images/clbnxtoffbm3i074c0abh3otg.jpg,True
clbnxtoffbm3m074cai1p0cnq,./out/images/clbnxtoffbm3m074cai1p0cnq.jpg,True
clbnxtoffbm3q074c1b5ne2d2,./out/images/clbnxtoffbm3q074c1b5ne2d2.jpg,True
clbnxtoffbm3u074c7b22gsvq,./out/images/clbnxtoffbm3u074c7b22gsvq.jpg,True
clbnxtoffbm3y074cg4r49w3e,./out/images/clbnxtoffbm3y074cg4r49w3e.jpg,True
clbnxtoffbm42074chsb0dm34,./out/images/clbnxtoffbm42074chsb0dm34.jpg,True
clbnxtoffbm46074cbgys3kbt,./out/images/clbnxtoffbm46074cbgys3kbt.jpg,True
clbnxtoffbm4a074cdxt8a1ox,./out/images/clbnxtoffbm4a074cdxt8a1ox.jpg,True
clbnxtoffbm4e074cc5b9hhpo,./out/images/clbnxtoffbm4e074cc5b9hhpo.jpg,True
clbnxtoffbm4i074cgbzpd13i,./out/images/clbnxtoffbm4i074cgbzpd13i.jpg,True
clbnxtoffbm4m074c6qfj8ki4,./out/images/clbnxtoffbm4m074c6qfj8ki4.jpg,True
clbnxtofgbm4q074c7mlddv95,./out/images/clbnxtofgbm4q074c7mlddv95.jpg,True
clbnxtofgbm4u074c4zj3hw2a,./out/images/clbnxtofgbm4u074c4zj3hw2a.jpg,True
clbnxtofgbm4y074cem0ddqco,./out/images/clbnxtofgbm4y074cem0ddqco.jpg,True
clbnxtofgbm52074c6g7uat48,./out/images/clbnxtofgbm52074c6g7uat48.jpg,True
clbnxtofgbm56074ca7fthu0b,./out/images/clbnxtofgbm56074ca7fthu0b.jpg,True
clbnxtofgbm5a074c614udya2,./out/images/clbnxtofgbm5a074c614udya2.jpg,True
clbnxtofgbm5e074cf5m8ayrs,./out/images/clbnxtofgbm5e074cf5m8ayrs.jpg,True
clbnxtofgbm5i074c1vtk64iv,./out/images/clbnxtofgbm5i074c1vtk64iv.jpg,True
clbnxtofgbm5m074chd0t5xbq,./out/images/clbnxtofgbm5m074chd0t5xbq.jpg,True
clbnxtofgbm5q074cgqj2aouj,./out/images/clbnxtofgbm5q074cgqj2aouj.jpg,True
clbnxtofgbm5u074chqaw2ley,./out/images/clbnxtofgbm5u074chqaw2ley.jpg,True
clbnxtofgbm5y074c1qxxe90d,./out/images/clbnxtofgbm5y074c1qxxe90d.jpg,True
clbnxtofgbm62074c28vm87gk,./out/images/clbnxtofgbm62074c28vm87gk.jpg,True
clbnxtofgbm66074ccn3f22my,./out/images/clbnxtofgbm66074ccn3f22my.jpg,True
clbnxtofgbm6a074c491ieke1,./out/images/clbnxtofgbm6a074c491ieke1.jpg,True
clbnxtofgbm6e074cbsx69bam,./out/images/clbnxtofgbm6e074cbsx69bam.jpg,True
clbnxtofgbm6i074cggz5e0fw,./out/images/clbnxtofgbm6i074cggz5e0fw.jpg,True
clbnxtofgbm6m074c6ikjdayj,./out/images/clbnxtofgbm6m074c6ikjdayj.jpg,True
clbnxtofhbm6q074c0tsp14n7,./out/images/clbnxtofhbm6q074c0tsp14n7.jpg,True
clbnxtofhbm6u074c9nxwfv5t,./out/images/clbnxtofhbm6u074c9nxwfv5t.jpg,True
clbnxtofhbm6y074c165q98xz,./out/images/clbnxtofhbm6y074c165q98xz.jpg,True
clbnxtofhbm72074cgv4hfaq2,./out/images/clbnxtofhbm72074cgv4hfaq2.jpg,True
clbnxtofhbm76074cdiv32zes,./out/images/clbnxtofhbm76074cdiv32zes.jpg,True
clbnxtofhbm7a074c8ymd4p74,./out/images/clbnxtofhbm7a074c8ymd4p74.jpg,True
clbnxtofhbm7e074cfcjr8xmc,./out/images/clbnxtofhbm7e074cfcjr8xmc.jpg,True
clbnxtofhbm7i074c53741e9e,./out/images/clbnxtofhbm7i074c53741e9e.jpg,True
clbnxtofhbm7m074cb7bm9sw0,./out/images/clbnxtofhbm7m074cb7bm9sw0.jpg,True
clbnxtofhbm7q074c1hl7hmnu,./out/images/clbnxtofhbm7q074c1hl7hmnu.jpg,True
clbnxtofhbm7u074c03xngjsu,./out/images/clbnxtofhbm7u074c03xngjsu.jpg,True
clbnxtofhbm7y074cas845c5r,./out/images/clbnxtofhbm7y074cas845c5r.jpg,True
clbnxtofhbm82074c8yk46au8,./out/images/clbnxtofhbm82074c8yk46au8.jpg,True
clbnxtofhbm86074c7v4ifeis,./out/images/clbnxtofhbm86074c7v4ifeis.jpg,True
clbnxtofhbm8a074c86nnc4wn,./out/images/clbnxtofhbm8a074c86nnc4wn.jpg,True
clbnxtofhbm8e074cfd795vkn,./out/images/clbnxtofhbm8e074cfd795vkn.jpg,True
clbnxtofhbm8i074c6exi04le,./out/images/clbnxtofhbm8i074c6exi04le.jpg,True
clbnxtofhbm8m074cffxe6yg2,./out/images/clbnxtofhbm8m074cffxe6yg2.jpg,True
clbnxtofibm8q074cevwj5u13,./out/images/clbnxtofibm8q074cevwj5u13.jpg,True
clbnxtofibm8u074c9vfp6uf2,./out/images/clbnxtofibm8u074c9vfp6uf2.jpg,True
clbnxtofibm8y074cbpsq5kly,./out/images/clbnxtofibm8y074cbpsq5kly.jpg,True
clbnxtofibm92074c5hke3eqb,./out/images/clbnxtofibm92074c5hke3eqb.jpg,True
clbnxtofibm96074cgngshx2a,./out/images/clbnxtofibm96074cgngshx2a.jpg,True
clbnxtofibm9a074cccf10k1m,./out/images/clbnxtofibm9a074cccf10k1m.jpg,True
clbnxtofibm9e074cfzxge91z,./out/images/clbnxtofibm9e074cfzxge91z.jpg,True
clbnxtofibm9i074c57d44fky,./out/images/clbnxtofibm9i074c57d44fky.jpg,True
clbnxtofibm9m074cca0zgeyj,./out/images/clbnxtofibm9m074cca0zgeyj.jpg,True
clbnxtofibm9q074c6r2b6zsa,./out/images/clbnxtofibm9q074c6r2b6zsa.jpg,True
clbnxtofibm9u074ca1vx2q7f,./out/images/clbnxtofibm9u074ca1vx2q7f.jpg,True
clbnxtofibm9y074c2t3q07av,./out/images/clbnxtofibm9y074c2t3q07av.jpg,True
clbnxtofibma2074c4qpn74kp,./out/images/clbnxtofibma2074c4qpn74kp.jpg,True
clbnxtofibma6074c1o4l9jx8,./out/images/clbnxtofibma6074c1o4l9jx8.jpg,True
clbnxtofibmaa074c3pjq35o9,./out/images/clbnxtofibmaa074c3pjq35o9.jpg,True
clbnxtofibmae074c3zal9dt5,./out/images/clbnxtofibmae074c3zal9dt5.jpg,True
clbnxtofibmai074chax7d66v,./out/images/clbnxtofibmai074chax7d66v.jpg,True
clbnxtofibmam074c115j5y39,./out/images/clbnxtofibmam074c115j5y39.jpg,True
clbnxtofubmaq074c4eo6367c,./out/images/clbnxtofubmaq074c4eo6367c.jpg,True
clbnxtofubmau074c8mp61gnu,./out/images/clbnxtofubmau074c8mp61gnu.jpg,True
clbnxtofubmay074cfjyw0pzp,./out/images/clbnxtofubmay074cfjyw0pzp.jpg,True
clbnxtofubmb2074c82r80zbg,./out/images/clbnxtofubmb2074c82r80zbg.jpg,True
clbnxtofubmb6074cd2iy7la2,./out/images/clbnxtofubmb6074cd2iy7la2.jpg,True
clbnxtofvbmba074cdw6o917q,./out/images/clbnxtofvbmba074cdw6o917q.jpg,True
clbnxtofvbmbe074cc56570qv,./out/images/clbnxtofvbmbe074cc56570qv.jpg,True
clbnxtofvbmbi074cdfw77zf1,./out/images/clbnxtofvbmbi074cdfw77zf1.jpg,True
clbnxtofvbmbm074c89g0b58h,./out/images/clbnxtofvbmbm074c89g0b58h.jpg,True
clbnxtofvbmbq074ccwahfb2n,./out/images/clbnxtofvbmbq074ccwahfb2n.jpg,True
clbnxtofvbmbu074c9u2k4o5e,./out/images/clbnxtofvbmbu074c9u2k4o5e.jpg,True
clbnxtofvbmby074c245vebxt,./out/images/clbnxtofvbmby074c245vebxt.jpg,True
clbnxtofvbmc2074c24os7zqo,./out/images/clbnxtofvbmc2074c24os7zqo.jpg,True
clbnxtofvbmc6074c3m4f0ipb,./out/images/clbnxtofvbmc6074c3m4f0ipb.jpg,True
clbnxtofvbmca074c4tkvgmos,./out/images/clbnxtofvbmca074c4tkvgmos.jpg,True
clbnxtofvbmce074cbiy2g0jt,./out/images/clbnxtofvbmce074cbiy2g0jt.jpg,True
clbnxtofvbmci074c3p0ya0oo,./out/images/clbnxtofvbmci074c3p0ya0oo.jpg,True
clbnxtofvbmcm074c019r1su8,./out/images/clbnxtofvbmcm074c019r1su8.jpg,True
clbnxtofvbmcq074ccyo52if4,./out/images/clbnxtofvbmcq074ccyo52if4.jpg,True
clbnxtofvbmcu074c8sz3dlir,./out/images/clbnxtofvbmcu074c8sz3dlir.jpg,True
clbnxtofvbmcy074c9uada012,./out/images/clbnxtofvbmcy074c9uada012.jpg,True
clbnxtofvbmd2074cba2z8ndz,./out/images/clbnxtofvbmd2074cba2z8ndz.jpg,True
clbnxtofvbmd6074ceht2h2wv,./out/images/clbnxtofvbmd6074ceht2h2wv.jpg,True
clbnxtofwbmda074c26tga6e7,./out/images/clbnxtofwbmda074c26tga6e7.jpg,True
clbnxtofwbmde074c93do5h48,./out/images/clbnxtofwbmde074c93do5h48.jpg,True
clbnxtofwbmdi074c0i9n12so,./out/images/clbnxtofwbmdi074c0i9n12so.jpg,True
clbnxtofwbmdm074c0pwnegj6,./out/images/clbnxtofwbmdm074c0pwnegj6.jpg,True
clbnxtofwbmdq074cf54ccx2p,./out/images/clbnxtofwbmdq074cf54ccx2p.jpg,True
clbnxtofwbmdu074cfb43e6qy,./out/images/clbnxtofwbmdu074cfb43e6qy.jpg,True
clbnxtofwbmdy074cbywibafl,./out/images/clbnxtofwbmdy074cbywibafl.jpg,True
clbnxtofwbme2074c53kbbg92,./out/images/clbnxtofwbme2074c53kbbg92.jpg,True
clbnxtofwbme6074c6dyt8d54,./out/images/clbnxtofwbme6074c6dyt8d54.jpg,True
clbnxtofwbmea074cauo67dvl,./out/images/clbnxtofwbmea074cauo67dvl.jpg,True
clbnxtofwbmee074cg2xqcd4w,./out/images/clbnxtofwbmee074cg2xqcd4w.jpg,True
clbnxtofwbmei074c7y0848no,./out/images/clbnxtofwbmei074c7y0848no.jpg,True
clbnxtofwbmem074c86k0byup,./out/images/clbnxtofwbmem074c86k0byup.jpg,True
clbnxtofwbmeq074cgby11qrn,./out/images/clbnxtofwbmeq074cgby11qrn.jpg,True
clbnxtofwbmeu074cbo4k0ecu,./out/images/clbnxtofwbmeu074cbo4k0ecu.jpg,True
clbnxtofwbmey074cgxhu7j9k,./out/images/clbnxtofwbmey074cgxhu7j9k.jpg,True
clbnxtofwbmf2074c2ad39ivt,./out/images/clbnxtofwbmf2074c2ad39ivt.jpg,True
clbnxtofwbmf6074cbu256vry,./out/images/clbnxtofwbmf6074cbu256vry.jpg,True
clbnxtofwbmfa074cb8lwa754,./out/images/clbnxtofwbmfa074cb8lwa754.jpg,True
clbnxtofxbmfe074ccm15admy,./out/images/clbnxtofxbmfe074ccm15admy.jpg,True
clbnxtofxbmfi074c9uzh7vos,./out/images/clbnxtofxbmfi074c9uzh7vos.jpg,True
clbnxtofxbmfm074cf2bg4wou,./out/images/clbnxtofxbmfm074cf2bg4wou.jpg,True
clbnxtofxbmfq074c7xx1fq88,./out/images/clbnxtofxbmfq074c7xx1fq88.jpg,True
clbnxtofxbmfu074cd4k1h8q6,./out/images/clbnxtofxbmfu074cd4k1h8q6.jpg,True
clbnxtofxbmfy074caa60355q,./out/images/clbnxtofxbmfy074caa60355q.jpg,True
clbnxtofxbmg2074c5qb2dzfs,./out/images/clbnxtofxbmg2074c5qb2dzfs.jpg,True
clbnxtofxbmg6074chnphhrus,./out/images/clbnxtofxbmg6074chnphhrus.jpg,True
clbnxtofxbmga074c6edw01g7,./out/images/clbnxtofxbmga074c6edw01g7.jpg,True
clbnxtofxbmge074cdbzzf5rt,./out/images/clbnxtofxbmge074cdbzzf5rt.jpg,True
clbnxtofxbmgi074c66bo7xej,./out/images/clbnxtofxbmgi074c66bo7xej.jpg,True
clbnxtofxbmgm074c1cb589rv,./out/images/clbnxtofxbmgm074c1cb589rv.jpg,True
clbnxtofxbmgq074cg9hrde3j,./out/images/clbnxtofxbmgq074cg9hrde3j.jpg,True
clbnxtofxbmgu074c52wtfh2c,./out/images/clbnxtofxbmgu074c52wtfh2c.jpg,True
clbnxtofxbmgy074c24nefykt,./out/images/clbnxtofxbmgy074c24nefykt.jpg,True
clbnxtofxbmh2074c04nc33e8,./out/images/clbnxtofxbmh2074c04nc33e8.jpg,True
clbnxtofxbmh6074cd9fyhtk0,./out/images/clbnxtofxbmh6074cd9fyhtk0.jpg,True
clbnxtofybmha074c92cad3fc,./out/images/clbnxtofybmha074c92cad3fc.jpg,True
clbnxtofybmhe074c2o5cdqp0,./out/images/clbnxtofybmhe074c2o5cdqp0.jpg,True
clbnxtofybmhi074ca5grb7o9,./out/images/clbnxtofybmhi074ca5grb7o9.jpg,True
clbnxtofybmhm074c5v8ogp45,./out/images/clbnxtofybmhm074c5v8ogp45.jpg,True
clbnxtofybmhq074c6i4sgfkt,./out/images/clbnxtofybmhq074c6i4sgfkt.jpg,True
clbnxtofybmhu074c02redk4c,./out/images/clbnxtofybmhu074c02redk4c.jpg,True
clbnxtofybmhy074cd8cecjuc,./out/images/clbnxtofybmhy074cd8cecjuc.jpg,True
clbnxtofybmi2074c1m1p0tto,./out/images/clbnxtofybmi2074c1m1p0tto.jpg,True
clbnxtofybmi6074c67b8c6ew,./out/images/clbnxtofybmi6074c67b8c6ew.jpg,True
clbnxtofybmia074cfyxngapi,./out/images/clbnxtofybmia074cfyxngapi.jpg,True
clbnxtofybmie074c74y9c2ue,./out/images/clbnxtofybmie074c74y9c2ue.jpg,True
clbnxtofybmii074c2teag91s,./out/images/clbnxtofybmii074c2teag91s.jpg,True
clbnxtofybmim074c570uahcc,./out/images/clbnxtofybmim074c570uahcc.jpg,True
clbnxtofybmiq074c204ydmi0,./out/images/clbnxtofybmiq074c204ydmi0.jpg,True
clbnxtofybmiu074c2lql256h,./out/images/clbnxtofybmiu074c2lql256h.jpg,True
clbnxtofybmiy074c85yp7l1o,./out/images/clbnxtofybmiy074c85yp7l1o.jpg,True
clbnxtofybmj2074c7x2t8tzb,./out/images/clbnxtofybmj2074c7x2t8tzb.jpg,True
clbnxtofybmj6074c8x7yad3s,./out/images/clbnxtofybmj6074c8x7yad3s.jpg,True
clbnxtofybmja074cdnsj5d0y,./out/images/clbnxtofybmja074cdnsj5d0y.jpg,True
clbnxtofzbmje074c55lwagy7,./out/images/clbnxtofzbmje074c55lwagy7.jpg,True
clbnxtofzbmji074c07gk93th,./out/images/clbnxtofzbmji074c07gk93th.jpg,True
clbnxtofzbmjm074c8ohmgwdc,./out/images/clbnxtofzbmjm074c8ohmgwdc.jpg,True
clbnxtofzbmjq074c7vd25hg2,./out/images/clbnxtofzbmjq074c7vd25hg2.jpg,True
clbnxtofzbmju074cf20v0zoo,./out/images/clbnxtofzbmju074cf20v0zoo.jpg,True
clbnxtofzbmjy074c4fa364hx,./out/images/clbnxtofzbmjy074c4fa364hx.jpg,True
clbnxtofzbmk2074cazvh9r9n,./out/images/clbnxtofzbmk2074cazvh9r9n.jpg,True
clbnxtofzbmk6074chpbdf8kq,./out/images/clbnxtofzbmk6074chpbdf8kq.jpg,True
clbnxtofzbmka074c6zjla9zl,./out/images/clbnxtofzbmka074c6zjla9zl.jpg,True
clbnxtofzbmke074cb5qu0reb,./out/images/clbnxtofzbmke074cb5qu0reb.jpg,True
clbnxtofzbmki074ccru6hbxm,./out/images/clbnxtofzbmki074ccru6hbxm.jpg,True
clbnxtofzbmkm074cdchd3l4l,./out/images/clbnxtofzbmkm074cdchd3l4l.jpg,True
clbnxtofzbmkq074c8fisa0h4,./out/images/clbnxtofzbmkq074c8fisa0h4.jpg,True
clbnxtofzbmku074c11za3tz0,./out/images/clbnxtofzbmku074c11za3tz0.jpg,True
clbnxtofzbmky074calz0ennp,./out/images/clbnxtofzbmky074calz0ennp.jpg,True
clbnxtofzbml2074cgnzxbwqc,./out/images/clbnxtofzbml2074cgnzxbwqc.jpg,True
clbnxtofzbml6074c9etgbaww,./out/images/clbnxtofzbml6074c9etgbaww.jpg,True
clbnxtofzbmla074cgrlp5nq5,./out/images/clbnxtofzbmla074cgrlp5nq5.jpg,True
clbnxtog0bmle074c4irm426j,./out/images/clbnxtog0bmle074c4irm426j.jpg,True
clbnxtog0bmli074chu1lhol5,./out/images/clbnxtog0bmli074chu1lhol5.jpg,True
clbnxtog0bmlm074c8t216x7r,./out/images/clbnxtog0bmlm074c8t216x7r.jpg,True
clbnxtog0bmlq074cblis60mh,./out/images/clbnxtog0bmlq074cblis60mh.jpg,True
clbnxtog0bmlu074ch8mrgw4y,./out/images/clbnxtog0bmlu074ch8mrgw4y.jpg,True
clbnxtog0bmly074c5emtgjiv,./out/images/clbnxtog0bmly074c5emtgjiv.jpg,True
clbnxtog0bmm2074cg9za3men,./out/images/clbnxtog0bmm2074cg9za3men.jpg,True
clbnxtog0bmm6074cfebz7874,./out/images/clbnxtog0bmm6074cfebz7874.jpg,True
clbnxtog0bmma074c8dhmfykr,./out/images/clbnxtog0bmma074c8dhmfykr.jpg,True
clbnxtog0bmme074ccgh14gtz,./out/images/clbnxtog0bmme074ccgh14gtz.jpg,True
clbnxtog0bmmi074c4t1x8efs,./out/images/clbnxtog0bmmi074c4t1x8efs.jpg,True
clbnxtog0bmmm074c0e9hdlp3,./out/images/clbnxtog0bmmm074c0e9hdlp3.jpg,True
clbnxtog0bmmq074c9rndatnq,./out/images/clbnxtog0bmmq074c9rndatnq.jpg,True
clbnxtog0bmmu074cgbg5fjbb,./out/images/clbnxtog0bmmu074cgbg5fjbb.jpg,True
clbnxtog0bmmy074c8rou163o,./out/images/clbnxtog0bmmy074c8rou163o.jpg,True
clbnxtog0bmn2074c9oy31el0,./out/images/clbnxtog0bmn2074c9oy31el0.jpg,True
clbnxtog0bmn6074chs6xbivp,./out/images/clbnxtog0bmn6074chs6xbivp.jpg,True
clbnxtog0bmna074c95yx4bk7,./out/images/clbnxtog0bmna074c95yx4bk7.jpg,True
clbnxtog0bmne074c4x71ggvf,./out/images/clbnxtog0bmne074c4x71ggvf.jpg,True
clbnxtog1bmni074cec14h7oe,./out/images/clbnxtog1bmni074cec14h7oe.jpg,True
clbnxtog1bmnm074c50o3gvyj,./out/images/clbnxtog1bmnm074c50o3gvyj.jpg,True
clbnxtog1bmnq074ca0vic39c,./out/images/clbnxtog1bmnq074ca0vic39c.jpg,True
clbnxtog1bmnu074cc6wi0g1x,./out/images/clbnxtog1bmnu074cc6wi0g1x.jpg,True
clbnxtog1bmny074c9s6mf1j9,./out/images/clbnxtog1bmny074c9s6mf1j9.jpg,True
clbnxtog1bmo2074cdg4r02tg,./out/images/clbnxtog1bmo2074cdg4r02tg.jpg,True
clbnxtog1bmo6074c814qh7b1,./out/images/clbnxtog1bmo6074c814qh7b1.jpg,True
clbnxtog1bmoa074caeo76ajh,./out/images/clbnxtog1bmoa074caeo76ajh.jpg,True
clbnxtog1bmoe074cbbio62fy,./out/images/clbnxtog1bmoe074cbbio62fy.jpg,True
clbnxtog1bmoi074c0q59f8dx,./out/images/clbnxtog1bmoi074c0q59f8dx.jpg,True
clbnxtog1bmom074c857e9sjy,./out/images/clbnxtog1bmom074c857e9sjy.jpg,True
clbnxtog1bmoq074c23hrgn1h,./out/images/clbnxtog1bmoq074c23hrgn1h.jpg,True
clbnxtog1bmou074cdii792y1,./out/images/clbnxtog1bmou074cdii792y1.jpg,True
clbnxtog1bmoy074c1iwk4d9r,./out/images/clbnxtog1bmoy074c1iwk4d9r.jpg,True
clbnxtog1bmp2074cdzg23mi8,./out/images/clbnxtog1bmp2074cdzg23mi8.jpg,True
clbnxtog1bmp6074c3goa507h,./out/images/clbnxtog1bmp6074c3goa507h.jpg,True
clbnxtog1bmpa074chby3f67z,./out/images/clbnxtog1bmpa074chby3f67z.jpg,True
clbnxtog1bmpe074ccjib7k6m,./out/images/clbnxtog1bmpe074ccjib7k6m.jpg,True
clbnxtog1bmpi074c2utnepxx,./out/images/clbnxtog1bmpi074c2utnepxx.jpg,True
clbnxtog2bmpm074c8sb590xs,./out/images/clbnxtog2bmpm074c8sb590xs.jpg,True
clbnxtog2bmpq074c92591q43,./out/images/clbnxtog2bmpq074c92591q43.jpg,True
clbnxtog2bmpu074c6k5942nr,./out/images/clbnxtog2bmpu074c6k5942nr.jpg,True
clbnxtog2bmpy074c17b6ey3g,./out/images/clbnxtog2bmpy074c17b6ey3g.jpg,True
clbnxtog2bmq2074c7hf785i9,./out/images/clbnxtog2bmq2074c7hf785i9.jpg,True
clbnxtog2bmq6074c4rxy7cd8,./out/images/clbnxtog2bmq6074c4rxy7cd8.jpg,True
clbnxtog2bmqa074cdz7t8712,./out/images/clbnxtog2bmqa074cdz7t8712.jpg,True
clbnxtog2bmqe074ch11140td,./out/images/clbnxtog2bmqe074ch11140td.jpg,True
clbnxtog2bmqi074c4ot3huz8,./out/images/clbnxtog2bmqi074c4ot3huz8.jpg,True
clbnxtog2bmqm074c16z265va,./out/images/clbnxtog2bmqm074c16z265va.jpg,True
clbnxtog2bmqq074c6td8ct2l,./out/images/clbnxtog2bmqq074c6td8ct2l.jpg,True
clbnxtog2bmqu074c974r8ymj,./out/images/clbnxtog2bmqu074c974r8ymj.jpg,True
clbnxtog2bmqy074c94551bzo,./out/images/clbnxtog2bmqy074c94551bzo.jpg,True
clbnxtog2bmr2074cf2llbrey,./out/images/clbnxtog2bmr2074cf2llbrey.jpg,True
clbnxtog2bmr6074c60mx6z9v,./out/images/clbnxtog2bmr6074c60mx6z9v.jpg,True
clbnxtog2bmra074c4uotaw7g,./out/images/clbnxtog2bmra074c4uotaw7g.jpg,True
clbnxtog2bmre074c13n80140,./out/images/clbnxtog2bmre074c13n80140.jpg,True
clbnxtog2bmri074cazms2am5,./out/images/clbnxtog2bmri074cazms2am5.jpg,True
clbnxtog2bmrm074c018ke5j5,./out/images/clbnxtog2bmrm074c018ke5j5.jpg,True
clbnxtog3bmrq074c1mgl9bur,./out/images/clbnxtog3bmrq074c1mgl9bur.jpg,True
clbnxtog3bmru074c5795g0ty,./out/images/clbnxtog3bmru074c5795g0ty.jpg,True
clbnxtog3bmry074cdatefc0x,./out/images/clbnxtog3bmry074cdatefc0x.jpg,True
clbnxtog3bms2074c0xez2w6b,./out/images/clbnxtog3bms2074c0xez2w6b.jpg,True
clbnxtog3bms6074cbvqw0hoa,./out/images/clbnxtog3bms6074cbvqw0hoa.jpg,True
clbnxtog3bmsa074cbesw1m7m,./out/images/clbnxtog3bmsa074cbesw1m7m.jpg,True
clbnxtog3bmse074ccrfz5xmr,./out/images/clbnxtog3bmse074ccrfz5xmr.jpg,True
clbnxtog3bmsi074cdt9m5g7b,./out/images/clbnxtog3bmsi074cdt9m5g7b.jpg,True
clbnxtog3bmsm074cbsws62h0,./out/images/clbnxtog3bmsm074cbsws62h0.jpg,True
clbnxtog3bmsq074cbbigdp3e,./out/images/clbnxtog3bmsq074cbbigdp3e.jpg,True
clbnxtog3bmsu074cg5ik2yys,./out/images/clbnxtog3bmsu074cg5ik2yys.jpg,True
clbnxtog3bmsy074c0y7w2t2a,./out/images/clbnxtog3bmsy074c0y7w2t2a.jpg,True
clbnxtog3bmt2074c3lued8ej,./out/images/clbnxtog3bmt2074c3lued8ej.jpg,True
clbnxtog3bmt6074chqrd0ubw,./out/images/clbnxtog3bmt6074chqrd0ubw.jpg,True
clbnxtog3bmta074c9e4b3r1l,./out/images/clbnxtog3bmta074c9e4b3r1l.jpg,True
clbnxtog3bmte074cdloo8cwo,./out/images/clbnxtog3bmte074cdloo8cwo.jpg,True
clbnxtog3bmti074cc6idhuan,./out/images/clbnxtog3bmti074cc6idhuan.jpg,True
clbnxtog3bmtm074cem661s4g,./out/images/clbnxtog3bmtm074cem661s4g.jpg,True
clbnxtog4bmtq074cd61se977,./out/images/clbnxtog4bmtq074cd61se977.jpg,True
clbnxtog4bmtu074cghkk3xh9,./out/images/clbnxtog4bmtu074cghkk3xh9.jpg,True
clbnxtog4bmty074c7lppaasb,./out/images/clbnxtog4bmty074c7lppaasb.jpg,True
clbnxtog4bmu2074c0l50acry,./out/images/clbnxtog4bmu2074c0l50acry.jpg,True
clbnxtog4bmu6074c4vyo23kl,./out/images/clbnxtog4bmu6074c4vyo23kl.jpg,True
clbnxtog4bmua074caar48zl9,./out/images/clbnxtog4bmua074caar48zl9.jpg,True
clbnxtog4bmue074c2qq7eqkv,./out/images/clbnxtog4bmue074c2qq7eqkv.jpg,True
clbnxtog4bmui074c2h23beyo,./out/images/clbnxtog4bmui074c2h23beyo.jpg,True
clbnxtog4bmum074caf7cbhep,./out/images/clbnxtog4bmum074caf7cbhep.jpg,True
clbnxtog4bmuq074cgi463la6,./out/images/clbnxtog4bmuq074cgi463la6.jpg,True
clbnxtog4bmuu074c0whs7vqi,./out/images/clbnxtog4bmuu074c0whs7vqi.jpg,True
clbnxtog4bmuy074c6ux97cz9,./out/images/clbnxtog4bmuy074c6ux97cz9.jpg,True
clbnxtog4bmv2074c874ngw7z,./out/images/clbnxtog4bmv2074c874ngw7z.jpg,True
clbnxtog4bmv6074c7lcveyzd,./out/images/clbnxtog4bmv6074c7lcveyzd.jpg,True
clbnxtog4bmva074ce7a9detz,./out/images/clbnxtog4bmva074ce7a9detz.jpg,True
clbnxtog4bmve074c2i9b1228,./out/images/clbnxtog4bmve074c2i9b1228.jpg,True
clbnxtog4bmvi074c1zgk21ru,./out/images/clbnxtog4bmvi074c1zgk21ru.jpg,True
clbnxtog4bmvm074cafoa634y,./out/images/clbnxtog4bmvm074cafoa634y.jpg,True
clbnxtog5bmvq074cdiescgob,./out/images/clbnxtog5bmvq074cdiescgob.jpg,True
clbnxtog5bmvu074cbw510e1c,./out/images/clbnxtog5bmvu074cbw510e1c.jpg,True
clbnxtog5bmvy074c3r67h0xr,./out/images/clbnxtog5bmvy074c3r67h0xr.jpg,True
clbnxtog5bmw2074c5xdx3amk,./out/images/clbnxtog5bmw2074c5xdx3amk.jpg,True
clbnxtog5bmw6074c334o2j4n,./out/images/clbnxtog5bmw6074c334o2j4n.jpg,True
clbnxtog5bmwa074c77anawls,./out/images/clbnxtog5bmwa074c77anawls.jpg,True
clbnxtog5bmwe074c8gufg6vm,./out/images/clbnxtog5bmwe074c8gufg6vm.jpg,True
clbnxtog5bmwi074c37zc4mc7,./out/images/clbnxtog5bmwi074c37zc4mc7.jpg,True
clbnxtog5bmwm074c1az15x2z,./out/images/clbnxtog5bmwm074c1az15x2z.jpg,True
clbnxtog5bmwq074c6rj855c3,./out/images/clbnxtog5bmwq074c6rj855c3.jpg,True
clbnxtog5bmwu074c0zz89wf5,./out/images/clbnxtog5bmwu074c0zz89wf5.jpg,True
clbnxtog5bmwy074c3z96dn5m,./out/images/clbnxtog5bmwy074c3z96dn5m.jpg,True
clbnxtog5bmx2074c6tyc3rcv,./out/images/clbnxtog5bmx2074c6tyc3rcv.jpg,True
clbnxtog5bmx6074cbwydaa29,./out/images/clbnxtog5bmx6074cbwydaa29.jpg,True
clbnxtog5bmxa074cd6higk8b,./out/images/clbnxtog5bmxa074cd6higk8b.jpg,True
clbnxtog5bmxe074cfideb098,./out/images/clbnxtog5bmxe074cfideb098.jpg,True
clbnxtog5bmxi074c5xa8cmze,./out/images/clbnxtog5bmxi074c5xa8cmze.jpg,True
clbnxtog5bmxm074cct9a2zto,./out/images/clbnxtog5bmxm074cct9a2zto.jpg,True
clbnxtog6bmxq074cbu6ycwws,./out/images/clbnxtog6bmxq074cbu6ycwws.jpg,True
clbnxtog6bmxu074ch9un5iiw,./out/images/clbnxtog6bmxu074ch9un5iiw.jpg,True
clbnxtog6bmxy074c7u1iczsp,./out/images/clbnxtog6bmxy074c7u1iczsp.jpg,True
clbnxtog6bmy2074chz9z1rj5,./out/images/clbnxtog6bmy2074chz9z1rj5.jpg,True
clbnxtog6bmy6074c6zvddjjp,./out/images/clbnxtog6bmy6074c6zvddjjp.jpg,True
clbnxtog6bmya074c49y958dm,./out/images/clbnxtog6bmya074c49y958dm.jpg,True
clbnxtog6bmye074c165wgssn,./out/images/clbnxtog6bmye074c165wgssn.jpg,True
clbnxtog6bmyi074c54oy40n1,./out/images/clbnxtog6bmyi074c54oy40n1.jpg,True
clbnxtog6bmym074c7oj24lmi,./out/images/clbnxtog6bmym074c7oj24lmi.jpg,True
clbnxtog6bmyq074c9k569ae4,./out/images/clbnxtog6bmyq074c9k569ae4.jpg,True
clbnxtog6bmyu074ceq4e67t1,./out/images/clbnxtog6bmyu074ceq4e67t1.jpg,True
clbnxtog6bmyy074cbnrg39uo,./out/images/clbnxtog6bmyy074cbnrg39uo.jpg,True
clbnxtog6bmz2074cgcjj57k0,./out/images/clbnxtog6bmz2074cgcjj57k0.jpg,True
clbnxtog6bmz6074cexoyfuox,./out/images/clbnxtog6bmz6074cexoyfuox.jpg,True
clbnxtog6bmza074c7ypfbdiw,./out/images/clbnxtog6bmza074c7ypfbdiw.jpg,True
clbnxtog6bmze074c5nxy5gvm,./out/images/clbnxtog6bmze074c5nxy5gvm.jpg,True
clbnxtog6bmzi074c4fi3hqfa,./out/images/clbnxtog6bmzi074c4fi3hqfa.jpg,True
clbnxtog6bmzm074c2ym3dd34,./out/images/clbnxtog6bmzm074c2ym3dd34.jpg,True
clbnxtog6bmzq074ch3b327hm,./out/images/clbnxtog6bmzq074ch3b327hm.jpg,True
clbnxtog7bmzu074ch4ukfmub,./out/images/clbnxtog7bmzu074ch4ukfmub.jpg,True
clbnxtog7bmzy074c4jmh86oi,./out/images/clbnxtog7bmzy074c4jmh86oi.jpg,True
clbnxtog7bn02074c6x5zcbe6,./out/images/clbnxtog7bn02074c6x5zcbe6.jpg,True
clbnxtog7bn06074cbkigda8n,./out/images/clbnxtog7bn06074cbkigda8n.jpg,True
clbnxtog7bn0a074c889hd81u,./out/images/clbnxtog7bn0a074c889hd81u.jpg,True
clbnxtog7bn0e074c0e4yfb1g,./out/images/clbnxtog7bn0e074c0e4yfb1g.jpg,True
clbnxtog7bn0i074cc46u9nxw,./out/images/clbnxtog7bn0i074cc46u9nxw.jpg,True
clbnxtog7bn0m074cew3587oa,./out/images/clbnxtog7bn0m074cew3587oa.jpg,True
clbnxtog7bn0q074c0mtocmwr,./out/images/clbnxtog7bn0q074c0mtocmwr.jpg,True
clbnxtog7bn0u074c2y34gil8,./out/images/clbnxtog7bn0u074c2y34gil8.jpg,True
clbnxtog7bn0y074c2mpr707b,./out/images/clbnxtog7bn0y074c2mpr707b.jpg,True
clbnxtog7bn12074c0345680o,./out/images/clbnxtog7bn12074c0345680o.jpg,True
clbnxtog7bn16074c5cwi9fhb,./out/images/clbnxtog7bn16074c5cwi9fhb.jpg,True
clbnxtog7bn1a074c8gh76lrh,./out/images/clbnxtog7bn1a074c8gh76lrh.jpg,True
clbnxtog7bn1e074ccvv96m7g,./out/images/clbnxtog7bn1e074ccvv96m7g.jpg,True
clbnxtog7bn1i074cadeohiul,./out/images/clbnxtog7bn1i074cadeohiul.jpg,True
clbnxtog7bn1m074c5yeygbo7,./out/images/clbnxtog7bn1m074c5yeygbo7.jpg,True
clbnxtog7bn1q074cel0n9x80,./out/images/clbnxtog7bn1q074cel0n9x80.jpg,True
clbnxtog8bn1u074c9hoc4vw8,./out/images/clbnxtog8bn1u074c9hoc4vw8.jpg,True
clbnxtog8bn1y074cbyxteszg,./out/images/clbnxtog8bn1y074cbyxteszg.jpg,True
clbnxtog8bn22074ca4ydhzqc,./out/images/clbnxtog8bn22074ca4ydhzqc.jpg,True
clbnxtog8bn26074c0vra6g8m,./out/images/clbnxtog8bn26074c0vra6g8m.jpg,True
clbnxtog8bn2a074c363l1mg8,./out/images/clbnxtog8bn2a074c363l1mg8.jpg,True
clbnxtog8bn2e074c2cr282zv,./out/images/clbnxtog8bn2e074c2cr282zv.jpg,True
clbnxtog8bn2i074cadyc27zo,./out/images/clbnxtog8bn2i074cadyc27zo.jpg,True
clbnxtog8bn2m074c4sf5creg,./out/images/clbnxtog8bn2m074c4sf5creg.jpg,True
clbnxtog8bn2q074c7f7we57m,./out/images/clbnxtog8bn2q074c7f7we57m.jpg,True
clbnxtog8bn2u074c692e5lca,./out/images/clbnxtog8bn2u074c692e5lca.jpg,True
clbnxtog8bn2y074c37f6ehpg,./out/images/clbnxtog8bn2y074c37f6ehpg.jpg,True
clbnxtog8bn32074c9yuk0xlc,./out/images/clbnxtog8bn32074c9yuk0xlc.jpg,True
clbnxtog8bn36074cc3ew77lu,./out/images/clbnxtog8bn36074cc3ew77lu.jpg,True
clbnxtog8bn3a074c8i6t0qed,./out/images/clbnxtog8bn3a074c8i6t0qed.jpg,True
clbnxtog8bn3e074c2limhuaa,./out/images/clbnxtog8bn3e074c2limhuaa.jpg,True
clbnxtog8bn3i074c7x6abmrz,./out/images/clbnxtog8bn3i074c7x6abmrz.jpg,True
clbnxtog8bn3m074c40l06e76,./out/images/clbnxtog8bn3m074c40l06e76.jpg,True
clbnxtog8bn3q074c0atphngu,./out/images/clbnxtog8bn3q074c0atphngu.jpg,True
clbnxtog9bn3u074chern1565,./out/images/clbnxtog9bn3u074chern1565.jpg,True
clbnxtog9bn3y074c5ua7a3xy,./out/images/clbnxtog9bn3y074c5ua7a3xy.jpg,True
clbnxtog9bn42074c41pact7s,./out/images/clbnxtog9bn42074c41pact7s.jpg,True
clbnxtog9bn46074c02fvdqb8,./out/images/clbnxtog9bn46074c02fvdqb8.jpg,True
clbnxtog9bn4a074cb9n3d9et,./out/images/clbnxtog9bn4a074cb9n3d9et.jpg,True
clbnxtog9bn4e074cciyt1wj8,./out/images/clbnxtog9bn4e074cciyt1wj8.jpg,True
clbnxtog9bn4i074c5ndl9eud,./out/images/clbnxtog9bn4i074c5ndl9eud.jpg,True
clbnxtog9bn4m074c842y2t0m,./out/images/clbnxtog9bn4m074c842y2t0m.jpg,True
clbnxtog9bn4q074chj8m6279,./out/images/clbnxtog9bn4q074chj8m6279.jpg,True
clbnxtog9bn4u074ce7xm3nml,./out/images/clbnxtog9bn4u074ce7xm3nml.jpg,True
clbnxtog9bn4y074c5d8tg8ms,./out/images/clbnxtog9bn4y074c5d8tg8ms.jpg,True
clbnxtog9bn52074c59920nze,./out/images/clbnxtog9bn52074c59920nze.jpg,True
clbnxtog9bn56074caqp82mfe,./out/images/clbnxtog9bn56074caqp82mfe.jpg,True
clbnxtog9bn5a074c67xp7o7f,./out/images/clbnxtog9bn5a074c67xp7o7f.jpg,True
clbnxtog9bn5e074catvp5c49,./out/images/clbnxtog9bn5e074catvp5c49.jpg,True
clbnxtog9bn5i074c7v7n1e57,./out/images/clbnxtog9bn5i074c7v7n1e57.jpg,True
clbnxtog9bn5m074c1tof57ue,./out/images/clbnxtog9bn5m074c1tof57ue.jpg,True
clbnxtog9bn5q074cd6us57au,./out/images/clbnxtog9bn5q074cd6us57au.jpg,True
clbnxtog9bn5u074cfazwbd6h,./out/images/clbnxtog9bn5u074cfazwbd6h.jpg,True
clbnxtogabn5y074c74ntcg1e,./out/images/clbnxtogabn5y074c74ntcg1e.jpg,True
clbnxtogabn62074cddc62ngj,./out/images/clbnxtogabn62074cddc62ngj.jpg,True
clbnxtogabn66074c66fmdqry,./out/images/clbnxtogabn66074c66fmdqry.jpg,True
clbnxtogabn6a074c7v4w442b,./out/images/clbnxtogabn6a074c7v4w442b.jpg,True
clbnxtogabn6e074c8gx4bcbf,./out/images/clbnxtogabn6e074c8gx4bcbf.jpg,True
clbnxtogabn6i074c35n6gfoy,./out/images/clbnxtogabn6i074c35n6gfoy.jpg,True
clbnxtogabn6m074chhdtbu8w,./out/images/clbnxtogabn6m074chhdtbu8w.jpg,True
clbnxtogabn6q074c7yhvcxwf,./out/images/clbnxtogabn6q074c7yhvcxwf.jpg,True
clbnxtogabn6u074c50zz1sxk,./out/images/clbnxtogabn6u074c50zz1sxk.jpg,True
clbnxtogabn6y074chv8q7hcx,./out/images/clbnxtogabn6y074chv8q7hcx.jpg,True
clbnxtogabn72074c89m9dlyw,./out/images/clbnxtogabn72074c89m9dlyw.jpg,True
clbnxtogabn76074cdiyd0co8,./out/images/clbnxtogabn76074cdiyd0co8.jpg,True
clbnxtogabn7a074c8ir963wt,./out/images/clbnxtogabn7a074c8ir963wt.jpg,True
clbnxtogabn7e074c9fo94pk3,./out/images/clbnxtogabn7e074c9fo94pk3.jpg,True
clbnxtogabn7i074c3j8l2ne7,./out/images/clbnxtogabn7i074c3j8l2ne7.jpg,True
clbnxtogabn7m074ce0x59jog,./out/images/clbnxtogabn7m074ce0x59jog.jpg,True
clbnxtogabn7q074c0yh5aih3,./out/images/clbnxtogabn7q074c0yh5aih3.jpg,True
clbnxtogbbn7u074c9vu16t3m,./out/images/clbnxtogbbn7u074c9vu16t3m.jpg,True
clbnxtogbbn7y074cgfluhbn6,./out/images/clbnxtogbbn7y074cgfluhbn6.jpg,True
clbnxtogbbn82074c8efchelc,./out/images/clbnxtogbbn82074c8efchelc.jpg,True
clbnxtogbbn86074ca6x56rne,./out/images/clbnxtogbbn86074ca6x56rne.jpg,True
clbnxtogbbn8a074cgnx3eybe,./out/images/clbnxtogbbn8a074cgnx3eybe.jpg,True
clbnxtogbbn8e074canqw0nf9,./out/images/clbnxtogbbn8e074canqw0nf9.jpg,True
clbnxtogbbn8i074c05xac4x1,./out/images/clbnxtogbbn8i074c05xac4x1.jpg,True
clbnxtogbbn8m074c858wdi4k,./out/images/clbnxtogbbn8m074c858wdi4k.jpg,True
clbnxtogbbn8q074cdkma6jj1,./out/images/clbnxtogbbn8q074cdkma6jj1.jpg,True
clbnxtogbbn8u074chyxlgzo1,./out/images/clbnxtogbbn8u074chyxlgzo1.jpg,True
clbnxtogbbn8y074c82w41u0g,./out/images/clbnxtogbbn8y074c82w41u0g.jpg,True
clbnxtogbbn92074ccyzg1yw5,./out/images/clbnxtogbbn92074ccyzg1yw5.jpg,True
clbnxtogbbn96074caoyu6ngj,./out/images/clbnxtogbbn96074caoyu6ngj.jpg,True
clbnxtogbbn9a074c7si1f54l,./out/images/clbnxtogbbn9a074c7si1f54l.jpg,True
clbnxtogbbn9e074cf4jqh5vi,./out/images/clbnxtogbbn9e074cf4jqh5vi.jpg,True
clbnxtogbbn9i074casm25euf,./out/images/clbnxtogbbn9i074casm25euf.jpg,True
clbnxtogbbn9m074ca1181hgj,./out/images/clbnxtogbbn9m074ca1181hgj.jpg,True
clbnxtogbbn9q074cb20zbs0a,./out/images/clbnxtogbbn9q074cb20zbs0a.jpg,True
clbnxtogbbn9u074c98p906e2,./out/images/clbnxtogbbn9u074c98p906e2.jpg,True
clbnxtogcbn9y074c6oi0dviu,./out/images/clbnxtogcbn9y074c6oi0dviu.jpg,True
clbnxtogcbna2074c8wm046ls,./out/images/clbnxtogcbna2074c8wm046ls.jpg,True
clbnxtogcbna6074c4957bgjv,./out/images/clbnxtogcbna6074c4957bgjv.jpg,True
clbnxtogcbnaa074canvugf08,./out/images/clbnxtogcbnaa074canvugf08.jpg,True
clbnxtogcbnae074c6xgpgqko,./out/images/clbnxtogcbnae074c6xgpgqko.jpg,True
clbnxtogcbnai074cduue4nb8,./out/images/clbnxtogcbnai074cduue4nb8.jpg,True
clbnxtogcbnam074c3ai01ur6,./out/images/clbnxtogcbnam074c3ai01ur6.jpg,True
clbnxtogcbnaq074cb5oo7mrc,./out/images/clbnxtogcbnaq074cb5oo7mrc.jpg,True
clbnxtogcbnau074cfp6t9myr,./out/images/clbnxtogcbnau074cfp6t9myr.jpg,True
clbnxtogcbnay074c9bis0pph,./out/images/clbnxtogcbnay074c9bis0pph.jpg,True
clbnxtogcbnb2074cg22mbj7o,./out/images/clbnxtogcbnb2074cg22mbj7o.jpg,True
clbnxtogcbnb6074c5oei7fql,./out/images/clbnxtogcbnb6074c5oei7fql.jpg,True
clbnxtogcbnba074c8ryc95rq,./out/images/clbnxtogcbnba074c8ryc95rq.jpg,True
clbnxtogcbnbe074cfqpaaah8,./out/images/clbnxtogcbnbe074cfqpaaah8.jpg,True
clbnxtogcbnbi074c10scfs5n,./out/images/clbnxtogcbnbi074c10scfs5n.jpg,True
clbnxtogcbnbm074c03pb48t1,./out/images/clbnxtogcbnbm074c03pb48t1.jpg,True
clbnxtogcbnbq074cepk34q2e,./out/images/clbnxtogcbnbq074cepk34q2e.jpg,True
clbnxtogcbnbu074c4ymbbi2f,./out/images/clbnxtogcbnbu074c4ymbbi2f.jpg,True
clbnxtogcbnby074camdahlw1,./out/images/clbnxtogcbnby074camdahlw1.jpg,True
clbnxtogdbnc2074ccw8a1mw4,./out/images/clbnxtogdbnc2074ccw8a1mw4.jpg,True
clbnxtogdbnc6074ca7e4921f,./out/images/clbnxtogdbnc6074ca7e4921f.jpg,True
clbnxtogdbnca074c9pjkbd4e,./out/images/clbnxtogdbnca074c9pjkbd4e.jpg,True
clbnxtogdbnce074ccjdjbl01,./out/images/clbnxtogdbnce074ccjdjbl01.jpg,True
clbnxtogdbnci074c31s55q3w,./out/images/clbnxtogdbnci074c31s55q3w.jpg,True
clbnxtogdbncm074c76tj8gb1,./out/images/clbnxtogdbncm074c76tj8gb1.jpg,True
clbnxtogdbncq074c6zzt817h,./out/images/clbnxtogdbncq074c6zzt817h.jpg,True
clbnxtogdbncu074ca55yf77e,./out/images/clbnxtogdbncu074ca55yf77e.jpg,True
clbnxtogdbncy074ch0fx61jn,./out/images/clbnxtogdbncy074ch0fx61jn.jpg,True
clbnxtogdbnd2074c3rae99zc,./out/images/clbnxtogdbnd2074c3rae99zc.jpg,True
clbnxtogdbnd6074cd73156lm,./out/images/clbnxtogdbnd6074cd73156lm.jpg,True
clbnxtogdbnda074c9rbq4svg,./out/images/clbnxtogdbnda074c9rbq4svg.jpg,True
clbnxtogdbnde074chf0j8u2s,./out/images/clbnxtogdbnde074chf0j8u2s.jpg,True
clbnxtogdbndi074c0pj13jml,./out/images/clbnxtogdbndi074c0pj13jml.jpg,True
clbnxtogdbndm074c0ii93pq7,./out/images/clbnxtogdbndm074c0ii93pq7.jpg,True
clbnxtogdbndq074c399f0csd,./out/images/clbnxtogdbndq074c399f0csd.jpg,True
clbnxtogdbndu074c97w8fb3f,./out/images/clbnxtogdbndu074c97w8fb3f.jpg,True
clbnxtogdbndy074c4ftrbu3f,./out/images/clbnxtogdbndy074c4ftrbu3f.jpg,True
clbnxtogdbne2074c33a55j09,./out/images/clbnxtogdbne2074c33a55j09.jpg,True
clbnxtogebne6074c0re5ddje,./out/images/clbnxtogebne6074c0re5ddje.jpg,True
clbnxtogebnea074cc4i9b6tw,./out/images/clbnxtogebnea074cc4i9b6tw.jpg,True
clbnxtogebnee074c005399wt,./out/images/clbnxtogebnee074c005399wt.jpg,True
clbnxtogebnei074cfnvqd1ny,./out/images/clbnxtogebnei074cfnvqd1ny.jpg,True
clbnxtogebnem074cdif85006,./out/images/clbnxtogebnem074cdif85006.jpg,True
clbnxtogebneq074chf7y0hm4,./out/images/clbnxtogebneq074chf7y0hm4.jpg,True
clbnxtogebneu074c1rj81uni,./out/images/clbnxtogebneu074c1rj81uni.jpg,True
clbnxtogebney074cc2iadvsw,./out/images/clbnxtogebney074cc2iadvsw.jpg,True
clbnxtogebnf2074c3tuq5v87,./out/images/clbnxtogebnf2074c3tuq5v87.jpg,True
clbnxtogebnf6074cfkhy7gdd,./out/images/clbnxtogebnf6074cfkhy7gdd.jpg,True
clbnxtogebnfa074cbvq89f4f,./out/images/clbnxtogebnfa074cbvq89f4f.jpg,True
clbnxtogebnfe074chc08copc,./out/images/clbnxtogebnfe074chc08copc.jpg,True
clbnxtogebnfi074chjue0wys,./out/images/clbnxtogebnfi074chjue0wys.jpg,True
clbnxtogebnfm074c9uvzg6l0,./out/images/clbnxtogebnfm074c9uvzg6l0.jpg,True
clbnxtogebnfq074ceqiicfiz,./out/images/clbnxtogebnfq074ceqiicfiz.jpg,True
clbnxtogebnfu074cacujdj5a,./out/images/clbnxtogebnfu074cacujdj5a.jpg,True
clbnxtogebnfy074c6phn8r69,./out/images/clbnxtogebnfy074c6phn8r69.jpg,True
clbnxtogebng2074c6k4kf0hy,./out/images/clbnxtogebng2074c6k4kf0hy.jpg,True
clbnxtogebng6074c4lwm8mua,./out/images/clbnxtogebng6074c4lwm8mua.jpg,True
clbnxtogebnga074c4f5sdnu1,./out/images/clbnxtogebnga074c4f5sdnu1.jpg,True
clbnxtogfbnge074chxxofrq4,./out/images/clbnxtogfbnge074chxxofrq4.jpg,True
clbnxtogfbngi074c4k610dd2,./out/images/clbnxtogfbngi074c4k610dd2.jpg,True
clbnxtogfbngm074cdipw9xdg,./out/images/clbnxtogfbngm074cdipw9xdg.jpg,True
clbnxtogfbngq074cbbr89l3v,./out/images/clbnxtogfbngq074cbbr89l3v.jpg,True
clbnxtogfbngu074cb2sodlmm,./out/images/clbnxtogfbngu074cb2sodlmm.jpg,True
clbnxtogfbngy074c2ivnafye,./out/images/clbnxtogfbngy074c2ivnafye.jpg,True
clbnxtogfbnh2074cfyamgryl,./out/images/clbnxtogfbnh2074cfyamgryl.jpg,True
clbnxtogfbnh6074c0r2mf9y4,./out/images/clbnxtogfbnh6074c0r2mf9y4.jpg,True
clbnxtogfbnha074c6h1g6pnz,./out/images/clbnxtogfbnha074c6h1g6pnz.jpg,True
clbnxtogfbnhe074c730h4iin,./out/images/clbnxtogfbnhe074c730h4iin.jpg,True
clbnxtogfbnhi074ceumy9adj,./out/images/clbnxtogfbnhi074ceumy9adj.jpg,True
clbnxtogfbnhm074c7i6m8vef,./out/images/clbnxtogfbnhm074c7i6m8vef.jpg,True
clbnxtogfbnhq074c4fxagchm,./out/images/clbnxtogfbnhq074c4fxagchm.jpg,True
clbnxtogfbnhu074chmgsbq5u,./out/images/clbnxtogfbnhu074chmgsbq5u.jpg,True
clbnxtogfbnhy074caon6aas0,./out/images/clbnxtogfbnhy074caon6aas0.jpg,True
clbnxtogfbni2074cels07rep,./out/images/clbnxtogfbni2074cels07rep.jpg,True
clbnxtogfbni6074ccsm8e1ig,./out/images/clbnxtogfbni6074ccsm8e1ig.jpg,True
clbnxtogfbnia074c4snf1d4e,./out/images/clbnxtogfbnia074c4snf1d4e.jpg,True
clbnxtogfbnie074c0h3h2rc8,./out/images/clbnxtogfbnie074c0h3h2rc8.jpg,True
clbnxtoggbnii074c4mytavkq,./out/images/clbnxtoggbnii074c4mytavkq.jpg,True
clbnxtoggbnim074c4e8fgdl6,./out/images/clbnxtoggbnim074c4e8fgdl6.jpg,True
clbnxtoggbniq074c9fucc2ox,./out/images/clbnxtoggbniq074c9fucc2ox.jpg,True
clbnxtoggbniu074cbe931d5o,./out/images/clbnxtoggbniu074cbe931d5o.jpg,True
clbnxtoggbniy074c55cu1r2a,./out/images/clbnxtoggbniy074c55cu1r2a.jpg,True
clbnxtoggbnj2074c3kubhcoa,./out/images/clbnxtoggbnj2074c3kubhcoa.jpg,True
clbnxtoggbnj6074cbgok3pyn,./out/images/clbnxtoggbnj6074cbgok3pyn.jpg,True
clbnxtoggbnja074cctn7gqp6,./out/images/clbnxtoggbnja074cctn7gqp6.jpg,True
clbnxtoggbnje074c9za46u5b,./out/images/clbnxtoggbnje074c9za46u5b.jpg,True
clbnxtoggbnji074c640i1ln5,./out/images/clbnxtoggbnji074c640i1ln5.jpg,True
clbnxtoggbnjm074c438jgot1,./out/images/clbnxtoggbnjm074c438jgot1.jpg,True
clbnxtoggbnjq074c4vu77i6e,./out/images/clbnxtoggbnjq074c4vu77i6e.jpg,True
clbnxtoggbnju074c335k26m5,./out/images/clbnxtoggbnju074c335k26m5.jpg,True
clbnxtoggbnjy074c1rd94zl9,./out/images/clbnxtoggbnjy074c1rd94zl9.jpg,True
clbnxtoggbnk2074cby9qc6ve,./out/images/clbnxtoggbnk2074cby9qc6ve.jpg,True
clbnxtoggbnk6074c6qp44ik7,./out/images/clbnxtoggbnk6074c6qp44ik7.jpg,True
clbnxtoggbnka074cggwm6s7x,./out/images/clbnxtoggbnka074cggwm6s7x.jpg,True
clbnxtoggbnke074cd9zkgh8p,./out/images/clbnxtoggbnke074cd9zkgh8p.jpg,True
clbnxtoggbnki074c1linh1fw,./out/images/clbnxtoggbnki074c1linh1fw.jpg,True
clbnxtoggbnkm074cgxt7dexo,./out/images/clbnxtoggbnkm074cgxt7dexo.jpg,True
clbnxtoghbnkq074c8rfnerg3,./out/images/clbnxtoghbnkq074c8rfnerg3.jpg,True
clbnxtoghbnku074c4fj11jyc,./out/images/clbnxtoghbnku074c4fj11jyc.jpg,True
clbnxtoghbnky074cc31i77zh,./out/images/clbnxtoghbnky074cc31i77zh.jpg,True
clbnxtoghbnl2074cgrym82nd,./out/images/clbnxtoghbnl2074cgrym82nd.jpg,True
clbnxtoghbnl6074c2eitf3vn,./out/images/clbnxtoghbnl6074c2eitf3vn.jpg,True
clbnxtoghbnla074cbwjqh7f9,./out/images/clbnxtoghbnla074cbwjqh7f9.jpg,True
clbnxtoghbnle074c2gw883ln,./out/images/clbnxtoghbnle074c2gw883ln.jpg,True
clbnxtoghbnli074cg4o4dvil,./out/images/clbnxtoghbnli074cg4o4dvil.jpg,True
clbnxtoghbnlm074c98qm3sa5,./out/images/clbnxtoghbnlm074c98qm3sa5.jpg,True
clbnxtoghbnlq074cf0yp99uz,./out/images/clbnxtoghbnlq074cf0yp99uz.jpg,True
clbnxtoghbnlu074c7chg0m1e,./out/images/clbnxtoghbnlu074c7chg0m1e.jpg,True
clbnxtoghbnly074c5ysc6jd6,./out/images/clbnxtoghbnly074c5ysc6jd6.jpg,True
clbnxtoghbnm2074c3fj6gj19,./out/images/clbnxtoghbnm2074c3fj6gj19.jpg,True
clbnxtoghbnm6074c3l8e6nfe,./out/images/clbnxtoghbnm6074c3l8e6nfe.jpg,True
clbnxtoghbnma074c2uz78e1m,./out/images/clbnxtoghbnma074c2uz78e1m.jpg,True
clbnxtoghbnme074ccb7r9bmd,./out/images/clbnxtoghbnme074ccb7r9bmd.jpg,True
clbnxtoghbnmi074cdh63fr3r,./out/images/clbnxtoghbnmi074cdh63fr3r.jpg,True
clbnxtoghbnmm074c5otm1dyt,./out/images/clbnxtoghbnmm074c5otm1dyt.jpg,True
clbnxtoghbnmq074c8zwy248r,./out/images/clbnxtoghbnmq074c8zwy248r.jpg,True
clbnxtoghbnmu074c2tds8xuc,./out/images/clbnxtoghbnmu074c2tds8xuc.jpg,True
clbnxtogibnmy074cdm0262vv,./out/images/clbnxtogibnmy074cdm0262vv.jpg,True
clbnxtogibnn2074ce2jv56z9,./out/images/clbnxtogibnn2074ce2jv56z9.jpg,True
clbnxtogibnn6074c9q1hbbak,./out/images/clbnxtogibnn6074c9q1hbbak.jpg,True
clbnxtogibnna074c166s73fr,./out/images/clbnxtogibnna074c166s73fr.jpg,True
clbnxtogibnne074c3ob0en3u,./out/images/clbnxtogibnne074c3ob0en3u.jpg,True
clbnxtogibnni074c2ol60wqp,./out/images/clbnxtogibnni074c2ol60wqp.jpg,True
clbnxtogibnnm074c3osx31j9,./out/images/clbnxtogibnnm074c3osx31j9.jpg,True
clbnxtogibnnq074c4pf053aj,./out/images/clbnxtogibnnq074c4pf053aj.jpg,True
clbnxtogibnnu074cfupufl0u,./out/images/clbnxtogibnnu074cfupufl0u.jpg,True
clbnxtogibnny074c5etqbo9z,./out/images/clbnxtogibnny074c5etqbo9z.jpg,True
clbnxtogibno2074c9ctvdhzj,./out/images/clbnxtogibno2074c9ctvdhzj.jpg,True
clbnxtogibno6074caia63izv,./out/images/clbnxtogibno6074caia63izv.jpg,True
clbnxtogibnoa074cdxey3q31,./out/images/clbnxtogibnoa074cdxey3q31.jpg,True
clbnxtogibnoe074cgjjhe9a4,./out/images/clbnxtogibnoe074cgjjhe9a4.jpg,True
clbnxtogibnoi074c3d2chd12,./out/images/clbnxtogibnoi074c3d2chd12.jpg,True
clbnxtogibnom074cfgu0ee71,./out/images/clbnxtogibnom074cfgu0ee71.jpg,True
clbnxtogibnoq074c8yf01n5s,./out/images/clbnxtogibnoq074c8yf01n5s.jpg,True
clbnxtogibnou074c0igla5ze,./out/images/clbnxtogibnou074c0igla5ze.jpg,True
clbnxton2aqyd0755017ievz8,./out/images/clbnxton2aqyd0755017ievz8.jpg,True
clbnxton2aqyh0755g02lenrz,./out/images/clbnxton2aqyh0755g02lenrz.jpg,True
clbnxton2aqyl0755ctnggku6,./out/images/clbnxton2aqyl0755ctnggku6.jpg,True
clbnxton2aqyp0755h2bs56da,./out/images/clbnxton2aqyp0755h2bs56da.jpg,True
clbnxton2aqyt075521wj941r,./out/images/clbnxton2aqyt075521wj941r.jpg,True
clbnxton2aqyx07550xzkfs40,./out/images/clbnxton2aqyx07550xzkfs40.jpg,True
clbnxton3aqz10755b2pt038n,./out/images/clbnxton3aqz10755b2pt038n.jpg,True
clbnxton3aqz507558drvdb3b,./out/images/clbnxton3aqz507558drvdb3b.jpg,True
clbnxton3aqz90755f8n7e4o9,./out/images/clbnxton3aqz90755f8n7e4o9.jpg,True
clbnxton3aqzd07555xxia189,./out/images/clbnxton3aqzd07555xxia189.jpg,True
clbnxton3aqzh075510jb87ix,./out/images/clbnxton3aqzh075510jb87ix.jpg,True
clbnxton3aqzl0755geij62cb,./out/images/clbnxton3aqzl0755geij62cb.jpg,True
clbnxton3aqzp0755bakl60v9,./out/images/clbnxton3aqzp0755bakl60v9.jpg,True
clbnxton3aqzt07558cx8ak03,./out/images/clbnxton3aqzt07558cx8ak03.jpg,True
clbnxton3aqzx07554zf0ek9u,./out/images/clbnxton3aqzx07554zf0ek9u.jpg,True
clbnxton3ar01075548swbvb9,./out/images/clbnxton3ar01075548swbvb9.jpg,True
clbnxton3ar0507553yfc8chq,./out/images/clbnxton3ar0507553yfc8chq.jpg,True
clbnxton3ar090755hhrr8psc,./out/images/clbnxton3ar090755hhrr8psc.jpg,True
clbnxton4ar0d0755f2lo0d1l,./out/images/clbnxton4ar0d0755f2lo0d1l.jpg,True
clbnxton4ar0h0755c0jzfoh2,./out/images/clbnxton4ar0h0755c0jzfoh2.jpg,True
clbnxton4ar0l0755ck1cbn2s,./out/images/clbnxton4ar0l0755ck1cbn2s.jpg,True
clbnxton4ar0p0755d73kg5ij,./out/images/clbnxton4ar0p0755d73kg5ij.jpg,True
clbnxton4ar0t075515ka79me,./out/images/clbnxton4ar0t075515ka79me.jpg,True
clbnxton4ar0x0755eywvgyf6,./out/images/clbnxton4ar0x0755eywvgyf6.jpg,True
clbnxton4ar1107550ccdb4a8,./out/images/clbnxton4ar1107550ccdb4a8.jpg,True
clbnxton4ar1507558ytrhhan,./out/images/clbnxton4ar1507558ytrhhan.jpg,True
clbnxton4ar1907558ywg0oli,./out/images/clbnxton4ar1907558ywg0oli.jpg,True
clbnxton4ar1d075543ox44d9,./out/images/clbnxton4ar1d075543ox44d9.jpg,True
clbnxton4ar1h0755aytv760z,./out/images/clbnxton4ar1h0755aytv760z.jpg,True
clbnxton4ar1l07557yzha681,./out/images/clbnxton4ar1l07557yzha681.jpg,True
clbnxton4ar1p0755db9pb829,./out/images/clbnxton4ar1p0755db9pb829.jpg,True
clbnxton5ar1t07558gz6hw0b,./out/images/clbnxton5ar1t07558gz6hw0b.jpg,True
clbnxton5ar1x07551rwb1tky,./out/images/clbnxton5ar1x07551rwb1tky.jpg,True
clbnxton5ar210755b5u12kgx,./out/images/clbnxton5ar210755b5u12kgx.jpg,True
clbnxton5ar25075546d2cmwj,./out/images/clbnxton5ar25075546d2cmwj.jpg,True
clbnxton5ar290755ap466gji,./out/images/clbnxton5ar290755ap466gji.jpg,True
clbnxton5ar2d0755cixvex4z,./out/images/clbnxton5ar2d0755cixvex4z.jpg,True
clbnxton5ar2h07559alwereu,./out/images/clbnxton5ar2h07559alwereu.jpg,True
clbnxton5ar2l0755gpu7dlnd,./out/images/clbnxton5ar2l0755gpu7dlnd.jpg,True
clbnxton5ar2p0755778adql1,./out/images/clbnxton5ar2p0755778adql1.jpg,True
clbnxton5ar2t075534o4090j,./out/images/clbnxton5ar2t075534o4090j.jpg,True
clbnxton5ar2x0755as10dxor,./out/images/clbnxton5ar2x0755as10dxor.jpg,True
clbnxton5ar3107551qy8camm,./out/images/clbnxton5ar3107551qy8camm.jpg,True
clbnxton6ar350755e5vcdt4q,./out/images/clbnxton6ar350755e5vcdt4q.jpg,True
clbnxton6ar3907554qvmdl6g,./out/images/clbnxton6ar3907554qvmdl6g.jpg,True
clbnxton6ar3d0755gah8eqcw,./out/images/clbnxton6ar3d0755gah8eqcw.jpg,True
clbnxton6ar3h075548o6dttx,./out/images/clbnxton6ar3h075548o6dttx.jpg,True
clbnxton6ar3l07555wwe0y5r,./out/images/clbnxton6ar3l07555wwe0y5r.jpg,True
clbnxton6ar3p0755bqnv19kb,./out/images/clbnxton6ar3p0755bqnv19kb.jpg,True
clbnxton6ar3t0755hzocf1c5,./out/images/clbnxton6ar3t0755hzocf1c5.jpg,True
clbnxton6ar3x0755bsrp697k,./out/images/clbnxton6ar3x0755bsrp697k.jpg,True
clbnxton6ar4107554oi2ftm8,./out/images/clbnxton6ar4107554oi2ftm8.jpg,True
clbnxton6ar4507553x7705qw,./out/images/clbnxton6ar4507553x7705qw.jpg,True
clbnxton6ar490755bmj16m7j,./out/images/clbnxton6ar490755bmj16m7j.jpg,True
clbnxton6ar4d075587oc2e3x,./out/images/clbnxton6ar4d075587oc2e3x.jpg,True
clbnxton6ar4h0755aaek22ux,./out/images/clbnxton6ar4h0755aaek22ux.jpg,True
clbnxton7ar4l07554tsmgefe,./out/images/clbnxton7ar4l07554tsmgefe.jpg,True
clbnxton7ar4p0755gtdvfm64,./out/images/clbnxton7ar4p0755gtdvfm64.jpg,True
clbnxton7ar4t07556bs86fys,./out/images/clbnxton7ar4t07556bs86fys.jpg,True
clbnxton7ar4x07551ezz2mqk,./out/images/clbnxton7ar4x07551ezz2mqk.jpg,True
clbnxton7ar510755fwzua9gz,./out/images/clbnxton7ar510755fwzua9gz.jpg,True
clbnxton7ar550755g0vya8dk,./out/images/clbnxton7ar550755g0vya8dk.jpg,True
clbnxton7ar590755c1rf8zkd,./out/images/clbnxton7ar590755c1rf8zkd.jpg,True
clbnxton7ar5d07551jwtawci,./out/images/clbnxton7ar5d07551jwtawci.jpg,True
clbnxton7ar5h07552pqfgz3b,./out/images/clbnxton7ar5h07552pqfgz3b.jpg,True
clbnxton7ar5l0755g520h4td,./out/images/clbnxton7ar5l0755g520h4td.jpg,True
clbnxton7ar5p0755bc26a05j,./out/images/clbnxton7ar5p0755bc26a05j.jpg,True
clbnxton7ar5t07553alw1uq5,./out/images/clbnxton7ar5t07553alw1uq5.jpg,True
clbnxton7ar5x0755dclw9pfl,./out/images/clbnxton7ar5x0755dclw9pfl.jpg,True
clbnxton8ar6107554t523z6p,./out/images/clbnxton8ar6107554t523z6p.jpg,True
clbnxton8ar650755fdi39rms,./out/images/clbnxton8ar650755fdi39rms.jpg,True
clbnxton8ar69075567iy9cv3,./out/images/clbnxton8ar69075567iy9cv3.jpg,True
clbnxton8ar6d075562seguhc,./out/images/clbnxton8ar6d075562seguhc.jpg,True
clbnxton8ar6h0755hauqfsez,./out/images/clbnxton8ar6h0755hauqfsez.jpg,True
clbnxton8ar6l0755gdai0h9p,./out/images/clbnxton8ar6l0755gdai0h9p.jpg,True
clbnxton8ar6p075590kxefbl,./out/images/clbnxton8ar6p075590kxefbl.jpg,True
clbnxton8ar6t075552jjh77n,./out/images/clbnxton8ar6t075552jjh77n.jpg,True
clbnxton8ar6x0755dwwx9urm,./out/images/clbnxton8ar6x0755dwwx9urm.jpg,True
clbnxton8ar71075507gybfml,./out/images/clbnxton8ar71075507gybfml.jpg,True
clbnxton8ar750755f4v916om,./out/images/clbnxton8ar750755f4v916om.jpg,True
clbnxton8ar790755fgj28wxd,./out/images/clbnxton8ar790755fgj28wxd.jpg,True
clbnxton8ar7d0755f33hcwny,./out/images/clbnxton8ar7d0755f33hcwny.jpg,True
clbnxton9ar7h07558gacexwy,./out/images/clbnxton9ar7h07558gacexwy.jpg,True
clbnxton9ar7l07553a0q59ff,./out/images/clbnxton9ar7l07553a0q59ff.jpg,True
clbnxton9ar7p07556dri9vye,./out/images/clbnxton9ar7p07556dri9vye.jpg,True
clbnxton9ar7t07559ghhfklr,./out/images/clbnxton9ar7t07559ghhfklr.jpg,True
clbnxton9ar7x075530wfaeeh,./out/images/clbnxton9ar7x075530wfaeeh.jpg,True
clbnxton9ar810755g8sa8zfg,./out/images/clbnxton9ar810755g8sa8zfg.jpg,True
clbnxton9ar8507552k4j34fy,./out/images/clbnxton9ar8507552k4j34fy.jpg,True
clbnxton9ar890755c8ivcwvg,./out/images/clbnxton9ar890755c8ivcwvg.jpg,True
clbnxton9ar8d0755epcx1ejp,./out/images/clbnxton9ar8d0755epcx1ejp.jpg,True
clbnxton9ar8h07555fm53o4z,./out/images/clbnxton9ar8h07555fm53o4z.jpg,True
clbnxton9ar8l0755atfq6bka,./out/images/clbnxton9ar8l0755atfq6bka.jpg,True
clbnxton9ar8p07550rzi6r7q,./out/images/clbnxton9ar8p07550rzi6r7q.jpg,True
clbnxtonaar8t0755f5is9owt,./out/images/clbnxtonaar8t0755f5is9owt.jpg,True
clbnxtonaar8x0755drhvfuoq,./out/images/clbnxtonaar8x0755drhvfuoq.jpg,True
clbnxtonaar9107550rng3026,./out/images/clbnxtonaar9107550rng3026.jpg,True
clbnxtonaar9507554y2ifzkf,./out/images/clbnxtonaar9507554y2ifzkf.jpg,True
clbnxtonaar9907551mg93rrh,./out/images/clbnxtonaar9907551mg93rrh.jpg,True
clbnxtonaar9d0755hdv08f7d,./out/images/clbnxtonaar9d0755hdv08f7d.jpg,True
clbnxtonaar9h075557rtdsos,./out/images/clbnxtonaar9h075557rtdsos.jpg,True
clbnxtonaar9l07559qslb07x,./out/images/clbnxtonaar9l07559qslb07x.jpg,True
clbnxtonaar9p07551aeo7q21,./out/images/clbnxtonaar9p07551aeo7q21.jpg,True
clbnxtonaar9t07557yvc933s,./out/images/clbnxtonaar9t07557yvc933s.jpg,True
clbnxtonaar9x07556v9s3021,./out/images/clbnxtonaar9x07556v9s3021.jpg,True
clbnxtonaara10755hvv37r2f,./out/images/clbnxtonaara10755hvv37r2f.jpg,True
clbnxtonaara50755d6kkdnel,./out/images/clbnxtonaara50755d6kkdnel.jpg,True
clbnxtonbara90755f4gvaoac,./out/images/clbnxtonbara90755f4gvaoac.jpg,True
clbnxtonbarad0755ehos1its,./out/images/clbnxtonbarad0755ehos1its.jpg,True
clbnxtonbarah0755cga9g6g6,./out/images/clbnxtonbarah0755cga9g6g6.jpg,True
clbnxtonbaral075547vzhbl8,./out/images/clbnxtonbaral075547vzhbl8.jpg,True
clbnxtonbarap0755e93a1cto,./out/images/clbnxtonbarap0755e93a1cto.jpg,True
clbnxtonbarat0755g0vf2clx,./out/images/clbnxtonbarat0755g0vf2clx.jpg,True
clbnxtonbarax07558cfa74vk,./out/images/clbnxtonbarax07558cfa74vk.jpg,True
clbnxtonbarb10755eo4h020g,./out/images/clbnxtonbarb10755eo4h020g.jpg,True
clbnxtonbarb50755hba8hdc8,./out/images/clbnxtonbarb50755hba8hdc8.jpg,True
clbnxtonbarb90755b3845pzq,./out/images/clbnxtonbarb90755b3845pzq.jpg,True
clbnxtonbarbd0755cskr9pcz,./out/images/clbnxtonbarbd0755cskr9pcz.jpg,True
clbnxtonbarbh07553q8z77r7,./out/images/clbnxtonbarbh07553q8z77r7.jpg,True
clbnxtoncarbl075506mhc073,./out/images/clbnxtoncarbl075506mhc073.jpg,True
clbnxtoncarbp07554f82d7ij,./out/images/clbnxtoncarbp07554f82d7ij.jpg,True
clbnxtoncarbt07550urd5s1f,./out/images/clbnxtoncarbt07550urd5s1f.jpg,True
clbnxtoncarbx0755bd33d8cf,./out/images/clbnxtoncarbx0755bd33d8cf.jpg,True
clbnxtoncarc107555ks5eukx,./out/images/clbnxtoncarc107555ks5eukx.jpg,True
clbnxtoncarc50755ewrm4o7v,./out/images/clbnxtoncarc50755ewrm4o7v.jpg,True
clbnxtoncarc907556pyt769b,./out/images/clbnxtoncarc907556pyt769b.jpg,True
clbnxtoncarcd0755bfuna6ru,./out/images/clbnxtoncarcd0755bfuna6ru.jpg,True
clbnxtoncarch0755by0u7ps5,./out/images/clbnxtoncarch0755by0u7ps5.jpg,True
clbnxtoncarcl0755evis41g1,./out/images/clbnxtoncarcl0755evis41g1.jpg,True
clbnxtoncarcp0755d32hf1f6,./out/images/clbnxtoncarcp0755d32hf1f6.jpg,True
clbnxtoncarct07558h0be602,./out/images/clbnxtoncarct07558h0be602.jpg,True
clbnxtoncarcx07553wki2s01,./out/images/clbnxtoncarcx07553wki2s01.jpg,True
clbnxtondard1075593o19cd9,./out/images/clbnxtondard1075593o19cd9.jpg,True
clbnxtondard50755achv1nwf,./out/images/clbnxtondard50755achv1nwf.jpg,True
clbnxtondard90755dbr3gt0k,./out/images/clbnxtondard90755dbr3gt0k.jpg,True
clbnxtondardd07559reahe13,./out/images/clbnxtondardd07559reahe13.jpg,True
clbnxtondardh07559w0t3ttz,./out/images/clbnxtondardh07559w0t3ttz.jpg,True
clbnxtondardl075588nv1sac,./out/images/clbnxtondardl075588nv1sac.jpg,True
clbnxtondardp0755213ifsux,./out/images/clbnxtondardp0755213ifsux.jpg,True
clbnxtondardt0755bjxx8ipy,./out/images/clbnxtondardt0755bjxx8ipy.jpg,True
clbnxtondardx0755bjbrfbk2,./out/images/clbnxtondardx0755bjbrfbk2.jpg,True
clbnxtondare10755878h8mx2,./out/images/clbnxtondare10755878h8mx2.jpg,True
clbnxtondare507551vo143si,./out/images/clbnxtondare507551vo143si.jpg,True
clbnxtondare907551lv157fp,./out/images/clbnxtondare907551lv157fp.jpg,True
clbnxtoneared0755fypa9vir,./out/images/clbnxtoneared0755fypa9vir.jpg,True
clbnxtoneareh0755728ianqh,./out/images/clbnxtoneareh0755728ianqh.jpg,True
clbnxtonearel0755eupuf4if,./out/images/clbnxtonearel0755eupuf4if.jpg,True
clbnxtonearep0755dr4z3e70,./out/images/clbnxtonearep0755dr4z3e70.jpg,True
clbnxtonearet07554kak2j05,./out/images/clbnxtonearet07554kak2j05.jpg,True
clbnxtonearex0755eaqp19oa,./out/images/clbnxtonearex0755eaqp19oa.jpg,True
clbnxtonearf107554v01gygy,./out/images/clbnxtonearf107554v01gygy.jpg,True
clbnxtonearf5075576u07nfk,./out/images/clbnxtonearf5075576u07nfk.jpg,True
clbnxtonearf9075553draxt4,./out/images/clbnxtonearf9075553draxt4.jpg,True
clbnxtonearfd0755d7gbcxyn,./out/images/clbnxtonearfd0755d7gbcxyn.jpg,True
clbnxtonearfh0755diwoh4tw,./out/images/clbnxtonearfh0755diwoh4tw.jpg,True
clbnxtonearfl075532e3dipc,./out/images/clbnxtonearfl075532e3dipc.jpg,True
clbnxtonearfp0755auoobthh,./out/images/clbnxtonearfp0755auoobthh.jpg,True
clbnxtonfarft0755cqu47xu4,./out/images/clbnxtonfarft0755cqu47xu4.jpg,True
clbnxtonfarfx07553w8cad6p,./out/images/clbnxtonfarfx07553w8cad6p.jpg,True
clbnxtonfarg107556r8acy9r,./out/images/clbnxtonfarg107556r8acy9r.jpg,True
clbnxtonfarg50755csgkcg3z,./out/images/clbnxtonfarg50755csgkcg3z.jpg,True
clbnxtonfarg90755ex11e2ep,./out/images/clbnxtonfarg90755ex11e2ep.jpg,True
clbnxtonfargd0755cfccf3j9,./out/images/clbnxtonfargd0755cfccf3j9.jpg,True
clbnxtonfargh0755f3sk7d8c,./out/images/clbnxtonfargh0755f3sk7d8c.jpg,True
clbnxtonfargl07557arxbr68,./out/images/clbnxtonfargl07557arxbr68.jpg,True
clbnxtonfargp07559saj902v,./out/images/clbnxtonfargp07559saj902v.jpg,True
clbnxtonfargt07555jg1f1ud,./out/images/clbnxtonfargt07555jg1f1ud.jpg,True
clbnxtonfargx07559fl5a4ur,./out/images/clbnxtonfargx07559fl5a4ur.jpg,True
clbnxtonfarh10755cegpc6ez,./out/images/clbnxtonfarh10755cegpc6ez.jpg,True
clbnxtongarh50755bfyl7a2z,./out/images/clbnxtongarh50755bfyl7a2z.jpg,True
clbnxtongarh907556xd44k5h,./out/images/clbnxtongarh907556xd44k5h.jpg,True
clbnxtongarhd075576hm4sey,./out/images/clbnxtongarhd075576hm4sey.jpg,True
clbnxtongarhh0755asnha65d,./out/images/clbnxtongarhh0755asnha65d.jpg,True
clbnxtongarhl0755evpue4ur,./out/images/clbnxtongarhl0755evpue4ur.jpg,True
clbnxtongarhp0755g1t0bnjb,./out/images/clbnxtongarhp0755g1t0bnjb.jpg,True
clbnxtongarht07554ezz12b4,./out/images/clbnxtongarht07554ezz12b4.jpg,True
clbnxtongarhx0755gywaep4c,./out/images/clbnxtongarhx0755gywaep4c.jpg,True
clbnxtongari107556a1zcen3,./out/images/clbnxtongari107556a1zcen3.jpg,True
clbnxtongari507551t1f525b,./out/images/clbnxtongari507551t1f525b.jpg,True
clbnxtongari9075589d1ga7d,./out/images/clbnxtongari9075589d1ga7d.jpg,True
clbnxtongarid075531hxdvnv,./out/images/clbnxtongarid075531hxdvnv.jpg,True
clbnxtongarih0755diodb5co,./out/images/clbnxtongarih0755diodb5co.jpg,True
clbnxtonharil0755ckuv5vxe,./out/images/clbnxtonharil0755ckuv5vxe.jpg,True
clbnxtonharip0755bwzxgaz4,./out/images/clbnxtonharip0755bwzxgaz4.jpg,True
clbnxtonharit0755bmfhctds,./out/images/clbnxtonharit0755bmfhctds.jpg,True
clbnxtonharix075570ua0pv6,./out/images/clbnxtonharix075570ua0pv6.jpg,True
clbnxtonharj10755hjmqbcco,./out/images/clbnxtonharj10755hjmqbcco.jpg,True
clbnxtonharj507554lpu3tsj,./out/images/clbnxtonharj507554lpu3tsj.jpg,True
clbnxtonharj90755fik21z4w,./out/images/clbnxtonharj90755fik21z4w.jpg,True
clbnxtonharjd0755bc2x93u2,./out/images/clbnxtonharjd0755bc2x93u2.jpg,True
clbnxtonharjh07557y0473kz,./out/images/clbnxtonharjh07557y0473kz.jpg,True
clbnxtonharjl0755hpbw1gsc,./out/images/clbnxtonharjl0755hpbw1gsc.jpg,True
clbnxtonharjp07555gilejw4,./out/images/clbnxtonharjp07555gilejw4.jpg,True
clbnxtonharjt0755c83jbhsl,./out/images/clbnxtonharjt0755c83jbhsl.jpg,True
clbnxtoniarjx0755cdsy5i5m,./out/images/clbnxtoniarjx0755cdsy5i5m.jpg,True
clbnxtoniark107558tl9b92e,./out/images/clbnxtoniark107558tl9b92e.jpg,True
clbnxtoniark50755h6ehf51u,./out/images/clbnxtoniark50755h6ehf51u.jpg,True
clbnxtoniark90755a37i1yzo,./out/images/clbnxtoniark90755a37i1yzo.jpg,True
clbnxtoniarkd075535jf29dg,./out/images/clbnxtoniarkd075535jf29dg.jpg,True
clbnxtoniarkh0755729ne907,./out/images/clbnxtoniarkh0755729ne907.jpg,True
clbnxtoniarkl0755ey3p32gh,./out/images/clbnxtoniarkl0755ey3p32gh.jpg,True
clbnxtoniarkp07556wtv2kx5,./out/images/clbnxtoniarkp07556wtv2kx5.jpg,True
clbnxtoniarkt0755c2ryf97c,./out/images/clbnxtoniarkt0755c2ryf97c.jpg,True
clbnxtoniarkx07559pubgfzm,./out/images/clbnxtoniarkx07559pubgfzm.jpg,True
clbnxtoniarl107555rilhmov,./out/images/clbnxtoniarl107555rilhmov.jpg,True
clbnxtoniarl5075569fid8ky,./out/images/clbnxtoniarl5075569fid8ky.jpg,True
clbnxtoniarl9075536ucegqk,./out/images/clbnxtoniarl9075536ucegqk.jpg,True
clbnxtonjarld0755c3lfduaq,./out/images/clbnxtonjarld0755c3lfduaq.jpg,True
clbnxtonjarlh07557rta59le,./out/images/clbnxtonjarlh07557rta59le.jpg,True
clbnxtonjarll07552f6x4poe,./out/images/clbnxtonjarll07552f6x4poe.jpg,True
clbnxtonjarlp07553jrgboo4,./out/images/clbnxtonjarlp07553jrgboo4.jpg,True
clbnxtonjarlt075531fecbaz,./out/images/clbnxtonjarlt075531fecbaz.jpg,True
clbnxtonjarlx07553at216u4,./out/images/clbnxtonjarlx07553at216u4.jpg,True
clbnxtonjarm10755b0dk2cj9,./out/images/clbnxtonjarm10755b0dk2cj9.jpg,True
clbnxtonjarm507553vyf1e4l,./out/images/clbnxtonjarm507553vyf1e4l.jpg,True
clbnxtonjarm90755095gfopt,./out/images/clbnxtonjarm90755095gfopt.jpg,True
clbnxtonjarmd07555ivxhfmf,./out/images/clbnxtonjarmd07555ivxhfmf.jpg,True
clbnxtonjarmh075598zsfe2g,./out/images/clbnxtonjarmh075598zsfe2g.jpg,True
clbnxtonjarml0755gwrth8ks,./out/images/clbnxtonjarml0755gwrth8ks.jpg,True
clbnxtonjarmp07556s9wgflw,./out/images/clbnxtonjarmp07556s9wgflw.jpg,True
clbnxtonjarmt075505451adf,./out/images/clbnxtonjarmt075505451adf.jpg,True
clbnxtonjarmx075525ov4wyp,./out/images/clbnxtonjarmx075525ov4wyp.jpg,True
clbnxtonkarn10755gla4b7bb,./out/images/clbnxtonkarn10755gla4b7bb.jpg,True
clbnxtonkarn507559vcmd089,./out/images/clbnxtonkarn507559vcmd089.jpg,True
clbnxtonkarn907552o9z8jtn,./out/images/clbnxtonkarn907552o9z8jtn.jpg,True
clbnxtonkarnd07558kxb3uch,./out/images/clbnxtonkarnd07558kxb3uch.jpg,True
clbnxtonkarnh075526jl9uo1,./out/images/clbnxtonkarnh075526jl9uo1.jpg,True
clbnxtonkarnl075503b0cr95,./out/images/clbnxtonkarnl075503b0cr95.jpg,True
clbnxtonkarnp0755gzgrgi97,./out/images/clbnxtonkarnp0755gzgrgi97.jpg,True
clbnxtonkarnt07550gpz0zxc,./out/images/clbnxtonkarnt07550gpz0zxc.jpg,True
clbnxtonkarnx0755blhw7a1m,./out/images/clbnxtonkarnx0755blhw7a1m.jpg,True
clbnxtonkaro10755ekfg2fjy,./out/images/clbnxtonkaro10755ekfg2fjy.jpg,True
clbnxtonkaro507550yxu73s6,./out/images/clbnxtonkaro507550yxu73s6.jpg,True
clbnxtonkaro907551hwq94m3,./out/images/clbnxtonkaro907551hwq94m3.jpg,True
clbnxtonkarod07558vly9rva,./out/images/clbnxtonkarod07558vly9rva.jpg,True
clbnxtonkaroh07555pxah77a,./out/images/clbnxtonkaroh07555pxah77a.jpg,True
clbnxtonkarol07553o2x19m7,./out/images/clbnxtonkarol07553o2x19m7.jpg,True
clbnxtonkarop0755ht09cudz,./out/images/clbnxtonkarop0755ht09cudz.jpg,True
clbnxtonkarot0755gg5me9x6,./out/images/clbnxtonkarot0755gg5me9x6.jpg,True
clbnxtonkarox075556yc20nw,./out/images/clbnxtonkarox075556yc20nw.jpg,True
clbnxtonlarp107553t9kht7a,./out/images/clbnxtonlarp107553t9kht7a.jpg,True
clbnxtonlarp507558gag5be5,./out/images/clbnxtonlarp507558gag5be5.jpg,True
clbnxtonlarp907555akn8asm,./out/images/clbnxtonlarp907555akn8asm.jpg,True
clbnxtonlarpd0755gnf09y2v,./out/images/clbnxtonlarpd0755gnf09y2v.jpg,True
clbnxtonlarph0755eed93axu,./out/images/clbnxtonlarph0755eed93axu.jpg,True
clbnxtonlarpl0755hcvx19w6,./out/images/clbnxtonlarpl0755hcvx19w6.jpg,True
clbnxtonlarpp075587xg6zc8,./out/images/clbnxtonlarpp075587xg6zc8.jpg,True
clbnxtonlarpt07559ckbdia9,./out/images/clbnxtonlarpt07559ckbdia9.jpg,True
clbnxtonlarpx0755ct438gu6,./out/images/clbnxtonlarpx0755ct438gu6.jpg,True
clbnxtonlarq1075539660i0f,./out/images/clbnxtonlarq1075539660i0f.jpg,True
clbnxtonlarq507554s8tfqee,./out/images/clbnxtonlarq507554s8tfqee.jpg,True
clbnxtonlarq907551xllf94y,./out/images/clbnxtonlarq907551xllf94y.jpg,True
clbnxtonlarqd0755at8dcuxp,./out/images/clbnxtonlarqd0755at8dcuxp.jpg,True
clbnxtonlarqh0755a46t747j,./out/images/clbnxtonlarqh0755a46t747j.jpg,True
clbnxtonlarql0755e6883gip,./out/images/clbnxtonlarql0755e6883gip.jpg,True
clbnxtonlarqp0755ei9cds9t,./out/images/clbnxtonlarqp0755ei9cds9t.jpg,True
clbnxtonlarqt0755guowcfhx,./out/images/clbnxtonlarqt0755guowcfhx.jpg,True
clbnxtonlarqx0755evkb5aed,./out/images/clbnxtonlarqx0755evkb5aed.jpg,True
clbnxtonmarr10755d60qebew,./out/images/clbnxtonmarr10755d60qebew.jpg,True
clbnxtonmarr507556cf85yb8,./out/images/clbnxtonmarr507556cf85yb8.jpg,True
clbnxtonmarr907558iq2gezf,./out/images/clbnxtonmarr907558iq2gezf.jpg,True
clbnxtonmarrd07558jgg514q,./out/images/clbnxtonmarrd07558jgg514q.jpg,True
clbnxtonmarrh0755e9x564r6,./out/images/clbnxtonmarrh0755e9x564r6.jpg,True
clbnxtonmarrl07559fd2aglp,./out/images/clbnxtonmarrl07559fd2aglp.jpg,True
clbnxtonmarrp075527wr26uz,./out/images/clbnxtonmarrp075527wr26uz.jpg,True
clbnxtonmarrt07552mxec4kx,./out/images/clbnxtonmarrt07552mxec4kx.jpg,True
clbnxtonmarrx0755f1u317cv,./out/images/clbnxtonmarrx0755f1u317cv.jpg,True
clbnxtonmars107551u97fiuq,./out/images/clbnxtonmars107551u97fiuq.jpg,True
clbnxtonmars507557cxw1ezi,./out/images/clbnxtonmars507557cxw1ezi.jpg,True
clbnxtonmars907550ko1f5ar,./out/images/clbnxtonmars907550ko1f5ar.jpg,True
clbnxtonmarsd0755a2gaet16,./out/images/clbnxtonmarsd0755a2gaet16.jpg,True
clbnxtonmarsh07556p1rd08b,./out/images/clbnxtonmarsh07556p1rd08b.jpg,True
clbnxtonmarsl0755feelf0e1,./out/images/clbnxtonmarsl0755feelf0e1.jpg,True
clbnxtonmarsp0755cd3269yu,./out/images/clbnxtonmarsp0755cd3269yu.jpg,True
clbnxtonmarst0755gnvz9hpg,./out/images/clbnxtonmarst0755gnvz9hpg.jpg,True
clbnxtonmarsx0755bx8r4qcs,./out/images/clbnxtonmarsx0755bx8r4qcs.jpg,True
clbnxtonnart10755horx77gh,./out/images/clbnxtonnart10755horx77gh.jpg,True
clbnxtonnart507555dae8d6m,./out/images/clbnxtonnart507555dae8d6m.jpg,True
clbnxtonnart90755astd6m8l,./out/images/clbnxtonnart90755astd6m8l.jpg,True
clbnxtonnartd07554uqw6u5t,./out/images/clbnxtonnartd07554uqw6u5t.jpg,True
clbnxtonnarth0755gk4cc5lx,./out/images/clbnxtonnarth0755gk4cc5lx.jpg,True
clbnxtonnartl075519ui5umg,./out/images/clbnxtonnartl075519ui5umg.jpg,True
clbnxtonnartp075501fvcoxe,./out/images/clbnxtonnartp075501fvcoxe.jpg,True
clbnxtonnartt07559azv3vzf,./out/images/clbnxtonnartt07559azv3vzf.jpg,True
clbnxtonnartx07559juhfe3l,./out/images/clbnxtonnartx07559juhfe3l.jpg,True
clbnxtonnaru1075553ymaxvl,./out/images/clbnxtonnaru1075553ymaxvl.jpg,True
clbnxtonnaru50755cf946l16,./out/images/clbnxtonnaru50755cf946l16.jpg,True
clbnxtonnaru90755681q8ggx,./out/images/clbnxtonnaru90755681q8ggx.jpg,True
clbnxtonnarud07558roodqf9,./out/images/clbnxtonnarud07558roodqf9.jpg,True
clbnxtonnaruh07552o75d1hi,./out/images/clbnxtonnaruh07552o75d1hi.jpg,True
clbnxtonnarul075578xh22rd,./out/images/clbnxtonnarul075578xh22rd.jpg,True
clbnxtonnarup0755ftvwbv2o,./out/images/clbnxtonnarup0755ftvwbv2o.jpg,True
clbnxtonnarut0755hnx72ioc,./out/images/clbnxtonnarut0755hnx72ioc.jpg,True
clbnxtonoarux07551limfbl9,./out/images/clbnxtonoarux07551limfbl9.jpg,True
clbnxtonoarv107556roy3xyt,./out/images/clbnxtonoarv107556roy3xyt.jpg,True
clbnxtonoarv507553wtn9gks,./out/images/clbnxtonoarv507553wtn9gks.jpg,True
clbnxtonoarv90755bue70eo6,./out/images/clbnxtonoarv90755bue70eo6.jpg,True
clbnxtonoarvd0755d6syhwq8,./out/images/clbnxtonoarvd0755d6syhwq8.jpg,True
clbnxtonoarvh075537bn3q83,./out/images/clbnxtonoarvh075537bn3q83.jpg,True
clbnxtonoarvl07557p1gckr1,./out/images/clbnxtonoarvl07557p1gckr1.jpg,True
clbnxtonoarvp07558k43cxyo,./out/images/clbnxtonoarvp07558k43cxyo.jpg,True
clbnxtonoarvt07551omthkgr,./out/images/clbnxtonoarvt07551omthkgr.jpg,True
clbnxtonoarvx0755806z9bkm,./out/images/clbnxtonoarvx0755806z9bkm.jpg,True
clbnxtonoarw10755hbzn6w2v,./out/images/clbnxtonoarw10755hbzn6w2v.jpg,True
clbnxtonoarw507556v7y9s1f,./out/images/clbnxtonoarw507556v7y9s1f.jpg,True
clbnxtonoarw9075559rf0kp3,./out/images/clbnxtonoarw9075559rf0kp3.jpg,True
clbnxtonoarwd0755fg43d1b2,./out/images/clbnxtonoarwd0755fg43d1b2.jpg,True
clbnxtonoarwh07558olgcb38,./out/images/clbnxtonoarwh07558olgcb38.jpg,True
clbnxtonoarwl07550zcicz8r,./out/images/clbnxtonoarwl07550zcicz8r.jpg,True
clbnxtonoarwp0755fmfuecd9,./out/images/clbnxtonoarwp0755fmfuecd9.jpg,True
clbnxtonoarwt07557qxxg4hy,./out/images/clbnxtonoarwt07557qxxg4hy.jpg,True
clbnxtonparwx0755dazreuqx,./out/images/clbnxtonparwx0755dazreuqx.jpg,True
clbnxtonparx1075503ab72jb,./out/images/clbnxtonparx1075503ab72jb.jpg,True
clbnxtonparx507558g6kfj8g,./out/images/clbnxtonparx507558g6kfj8g.jpg,True
clbnxtonparx907555uksgiz6,./out/images/clbnxtonparx907555uksgiz6.jpg,True
clbnxtonparxd07552if2a9ny,./out/images/clbnxtonparxd07552if2a9ny.jpg,True
clbnxtonparxh0755gn2redww,./out/images/clbnxtonparxh0755gn2redww.jpg,True
clbnxtonparxl07551ufl0cr2,./out/images/clbnxtonparxl07551ufl0cr2.jpg,True
clbnxtonparxp0755bolj0m6g,./out/images/clbnxtonparxp0755bolj0m6g.jpg,True
clbnxtonparxt0755esxgasdt,./out/images/clbnxtonparxt0755esxgasdt.jpg,True
clbnxtonparxx0755152c5mmp,./out/images/clbnxtonparxx0755152c5mmp.jpg,True
clbnxtonpary10755033297dd,./out/images/clbnxtonpary10755033297dd.jpg,True
clbnxtonpary507555m3sb7qm,./out/images/clbnxtonpary507555m3sb7qm.jpg,True
clbnxtonpary907558wpd4lds,./out/images/clbnxtonpary907558wpd4lds.jpg,True
clbnxtonparyd075543uh02ok,./out/images/clbnxtonparyd075543uh02ok.jpg,True
clbnxtonparyh07550rod27wz,./out/images/clbnxtonparyh07550rod27wz.jpg,True
clbnxtonparyl0755fjh58moy,./out/images/clbnxtonparyl0755fjh58moy.jpg,True
clbnxtonparyp0755gj0v2k1s,./out/images/clbnxtonparyp0755gj0v2k1s.jpg,True
clbnxtonparyt0755bv0y6ko7,./out/images/clbnxtonparyt0755bv0y6ko7.jpg,True
clbnxtonqaryx0755gyz0eo8t,./out/images/clbnxtonqaryx0755gyz0eo8t.jpg,True
clbnxtonqarz10755bh4d3bep,./out/images/clbnxtonqarz10755bh4d3bep.jpg,True
clbnxtonqarz5075580ve8wjw,./out/images/clbnxtonqarz5075580ve8wjw.jpg,True
clbnxtonqarz907550k251uvu,./out/images/clbnxtonqarz907550k251uvu.jpg,True
clbnxtonqarzd07552bx79b3v,./out/images/clbnxtonqarzd07552bx79b3v.jpg,True
clbnxtonqarzh075542999ysn,./out/images/clbnxtonqarzh075542999ysn.jpg,True
clbnxtonqarzl075520e07dj8,./out/images/clbnxtonqarzl075520e07dj8.jpg,True
clbnxtonqarzp0755aegnak67,./out/images/clbnxtonqarzp0755aegnak67.jpg,True
clbnxtonqarzt075585y28vua,./out/images/clbnxtonqarzt075585y28vua.jpg,True
clbnxtonqarzx0755h2jfgdq3,./out/images/clbnxtonqarzx0755h2jfgdq3.jpg,True
clbnxtonqas0107553ojl6m68,./out/images/clbnxtonqas0107553ojl6m68.jpg,True
clbnxtonqas05075557f1f5w5,./out/images/clbnxtonqas05075557f1f5w5.jpg,True
clbnxtonqas0907554c478069,./out/images/clbnxtonqas0907554c478069.jpg,True
clbnxtonqas0d0755hqrd09jv,./out/images/clbnxtonqas0d0755hqrd09jv.jpg,True
clbnxtonqas0h0755anmsctpy,./out/images/clbnxtonqas0h0755anmsctpy.jpg,True
clbnxtonqas0l07550x23a3to,./out/images/clbnxtonqas0l07550x23a3to.jpg,True
clbnxtonqas0p0755df2w33kk,./out/images/clbnxtonqas0p0755df2w33kk.jpg,True
clbnxtonqas0t07551zm9czy5,./out/images/clbnxtonqas0t07551zm9czy5.jpg,True
clbnxtonras0x0755gia57vyg,./out/images/clbnxtonras0x0755gia57vyg.jpg,True
clbnxtonras1107553umhdegi,./out/images/clbnxtonras1107553umhdegi.jpg,True
clbnxtonras150755247off9i,./out/images/clbnxtonras150755247off9i.jpg,True
clbnxtonras19075512j73odr,./out/images/clbnxtonras19075512j73odr.jpg,True
clbnxtonras1d075566kc7wxz,./out/images/clbnxtonras1d075566kc7wxz.jpg,True
clbnxtonras1h0755eq074mxc,./out/images/clbnxtonras1h0755eq074mxc.jpg,True
clbnxtonras1l07558z4bh57c,./out/images/clbnxtonras1l07558z4bh57c.jpg,True
clbnxtonras1p07551v8q0mrb,./out/images/clbnxtonras1p07551v8q0mrb.jpg,True
clbnxtonras1t07553xn47jcx,./out/images/clbnxtonras1t07553xn47jcx.jpg,True
clbnxtonras1x07552oqqbr9a,./out/images/clbnxtonras1x07552oqqbr9a.jpg,True
clbnxtonras210755ea0x3oga,./out/images/clbnxtonras210755ea0x3oga.jpg,True
clbnxtonras250755htl73dd1,./out/images/clbnxtonras250755htl73dd1.jpg,True
clbnxtonras2907552dhu3y4s,./out/images/clbnxtonras2907552dhu3y4s.jpg,True
clbnxtonras2d075518713btq,./out/images/clbnxtonras2d075518713btq.jpg,True
clbnxtonras2h0755b8wz4l12,./out/images/clbnxtonras2h0755b8wz4l12.jpg,True
clbnxtonras2l075545sd9uu9,./out/images/clbnxtonras2l075545sd9uu9.jpg,True
clbnxtonras2p07558f5oc5hh,./out/images/clbnxtonras2p07558f5oc5hh.jpg,True
clbnxtonras2t07552w337e86,./out/images/clbnxtonras2t07552w337e86.jpg,True
clbnxtonsas2x07553hfuhk0k,./out/images/clbnxtonsas2x07553hfuhk0k.jpg,True
clbnxtonsas3107553bng9rkv,./out/images/clbnxtonsas3107553bng9rkv.jpg,True
clbnxtonsas3507553z2m3qgs,./out/images/clbnxtonsas3507553z2m3qgs.jpg,True
clbnxtonsas3907559y33cyd3,./out/images/clbnxtonsas3907559y33cyd3.jpg,True
clbnxtonsas3d0755byr9fdec,./out/images/clbnxtonsas3d0755byr9fdec.jpg,True
clbnxtonsas3h075503cp63qe,./out/images/clbnxtonsas3h075503cp63qe.jpg,True
clbnxtonsas3l075548ze9whw,./out/images/clbnxtonsas3l075548ze9whw.jpg,True
clbnxtonsas3p0755dbpj6vf4,./out/images/clbnxtonsas3p0755dbpj6vf4.jpg,True
clbnxtonsas3t07551phl44jk,./out/images/clbnxtonsas3t07551phl44jk.jpg,True
clbnxtonsas3x07551q9n6wt2,./out/images/clbnxtonsas3x07551q9n6wt2.jpg,True
clbnxtonsas410755g3f23let,./out/images/clbnxtonsas410755g3f23let.jpg,True
clbnxtonsas450755hv8bdjwr,./out/images/clbnxtonsas450755hv8bdjwr.jpg,True
clbnxtonsas4907551gu3fmcl,./out/images/clbnxtonsas4907551gu3fmcl.jpg,True
clbnxtonsas4d07556uuc4gta,./out/images/clbnxtonsas4d07556uuc4gta.jpg,True
clbnxtonsas4h0755hdal2gpu,./out/images/clbnxtonsas4h0755hdal2gpu.jpg,True
clbnxtonsas4l0755hhhx2qq3,./out/images/clbnxtonsas4l0755hhhx2qq3.jpg,True
clbnxtonsas4p07554zzqe21x,./out/images/clbnxtonsas4p07554zzqe21x.jpg,True
clbnxtonsas4t07552n3x0kyw,./out/images/clbnxtonsas4t07552n3x0kyw.jpg,True
clbnxtontas4x0755d547ahry,./out/images/clbnxtontas4x0755d547ahry.jpg,True
clbnxtontas5107559ohe3ooo,./out/images/clbnxtontas5107559ohe3ooo.jpg,True
clbnxtontas5507550f5c9ljv,./out/images/clbnxtontas5507550f5c9ljv.jpg,True
clbnxtontas5907559huhdcnp,./out/images/clbnxtontas5907559huhdcnp.jpg,True
clbnxtontas5d0755ckuv0jyp,./out/images/clbnxtontas5d0755ckuv0jyp.jpg,True
clbnxtontas5h0755bsmuh75g,./out/images/clbnxtontas5h0755bsmuh75g.jpg,True
clbnxtontas5l0755aq1t1luz,./out/images/clbnxtontas5l0755aq1t1luz.jpg,True
clbnxtontas5p0755c6536pqu,./out/images/clbnxtontas5p0755c6536pqu.jpg,True
clbnxtontas5t0755grnlf2wz,./out/images/clbnxtontas5t0755grnlf2wz.jpg,True
clbnxtontas5x07559e4r5xtq,./out/images/clbnxtontas5x07559e4r5xtq.jpg,True
clbnxtontas610755fudegx2m,./out/images/clbnxtontas610755fudegx2m.jpg,True
clbnxtontas65075584gn0lew,./out/images/clbnxtontas65075584gn0lew.jpg,True
clbnxtontas6907556qlg29ld,./out/images/clbnxtontas6907556qlg29ld.jpg,True
clbnxtontas6d0755agv6ho38,./out/images/clbnxtontas6d0755agv6ho38.jpg,True
clbnxtontas6h07555mt54bdu,./out/images/clbnxtontas6h07555mt54bdu.jpg,True
clbnxtontas6l075536tngrqr,./out/images/clbnxtontas6l075536tngrqr.jpg,True
clbnxtontas6p0755bvjfax4k,./out/images/clbnxtontas6p0755bvjfax4k.jpg,True
clbnxtontas6t0755flaf9ir6,./out/images/clbnxtontas6t0755flaf9ir6.jpg,True
clbnxtonuas6x0755eudmb751,./out/images/clbnxtonuas6x0755eudmb751.jpg,True
clbnxtonuas7107555rlbfl3g,./out/images/clbnxtonuas7107555rlbfl3g.jpg,True
clbnxtonuas75075548pp2luw,./out/images/clbnxtonuas75075548pp2luw.jpg,True
clbnxtonuas7907551eow9dn6,./out/images/clbnxtonuas7907551eow9dn6.jpg,True
clbnxtonuas7d0755gk9ufnpj,./out/images/clbnxtonuas7d0755gk9ufnpj.jpg,True
clbnxtonuas7h0755bi3bfmeu,./out/images/clbnxtonuas7h0755bi3bfmeu.jpg,True
clbnxtonuas7l0755b0mz4ljv,./out/images/clbnxtonuas7l0755b0mz4ljv.jpg,True
clbnxtonuas7p07556l0qfhvc,./out/images/clbnxtonuas7p07556l0qfhvc.jpg,True
clbnxtonuas7t0755aquj28bn,./out/images/clbnxtonuas7t0755aquj28bn.jpg,True
clbnxtonuas7x07559yk89ey1,./out/images/clbnxtonuas7x07559yk89ey1.jpg,True
clbnxtonuas8107551ytx7xk6,./out/images/clbnxtonuas8107551ytx7xk6.jpg,True
clbnxtonuas8507552deoemdb,./out/images/clbnxtonuas8507552deoemdb.jpg,True
clbnxtonuas8907555jrrcv99,./out/images/clbnxtonuas8907555jrrcv99.jpg,True
clbnxtonuas8d07556ze08sn5,./out/images/clbnxtonuas8d07556ze08sn5.jpg,True
clbnxtonuas8h0755g8qyfiyj,./out/images/clbnxtonuas8h0755g8qyfiyj.jpg,True
clbnxtonuas8l07558eyi6krn,./out/images/clbnxtonuas8l07558eyi6krn.jpg,True
clbnxtonuas8p0755csuzg0qf,./out/images/clbnxtonuas8p0755csuzg0qf.jpg,True
clbnxtonuas8t0755b2193ksv,./out/images/clbnxtonuas8t0755b2193ksv.jpg,True
clbnxtonuas8x075521cg1f1h,./out/images/clbnxtonuas8x075521cg1f1h.jpg,True
clbnxtonvas9107558f3u4x1l,./out/images/clbnxtonvas9107558f3u4x1l.jpg,True
clbnxtonvas950755anlz9xvr,./out/images/clbnxtonvas950755anlz9xvr.jpg,True
clbnxtonvas990755gobl8rqv,./out/images/clbnxtonvas990755gobl8rqv.jpg,True
clbnxtonvas9d07557dpm6ohu,./out/images/clbnxtonvas9d07557dpm6ohu.jpg,True
clbnxtonvas9h07550s726afq,./out/images/clbnxtonvas9h07550s726afq.jpg,True
clbnxtonvas9l07559na60e0v,./out/images/clbnxtonvas9l07559na60e0v.jpg,True
clbnxtonvas9p07557qiu1qgl,./out/images/clbnxtonvas9p07557qiu1qgl.jpg,True
clbnxtonvas9t0755h0os6uy9,./out/images/clbnxtonvas9t0755h0os6uy9.jpg,True
clbnxtonvas9x0755dmj5ez2p,./out/images/clbnxtonvas9x0755dmj5ez2p.jpg,True
clbnxtonvasa10755bg8p7j8d,./out/images/clbnxtonvasa10755bg8p7j8d.jpg,True
clbnxtonvasa50755d61x7pmm,./out/images/clbnxtonvasa50755d61x7pmm.jpg,True
clbnxtonvasa907551vlv18tx,./out/images/clbnxtonvasa907551vlv18tx.jpg,True
clbnxtonvasad0755alnl26mh,./out/images/clbnxtonvasad0755alnl26mh.jpg,True
clbnxtonvasah0755199r191x,./out/images/clbnxtonvasah0755199r191x.jpg,True
clbnxtonvasal07556yahh1v5,./out/images/clbnxtonvasal07556yahh1v5.jpg,True
clbnxtonvasap0755c37k2oa1,./out/images/clbnxtonvasap0755c37k2oa1.jpg,True
clbnxtonvasat075545dbafq2,./out/images/clbnxtonvasat075545dbafq2.jpg,True
clbnxtonvasax0755g4jl7urp,./out/images/clbnxtonvasax0755g4jl7urp.jpg,True
clbnxtonvasb1075576x1bzrp,./out/images/clbnxtonvasb1075576x1bzrp.jpg,True
clbnxtonwasb5075549lo0lxt,./out/images/clbnxtonwasb5075549lo0lxt.jpg,True
clbnxtonwasb907555ofa01yu,./out/images/clbnxtonwasb907555ofa01yu.jpg,True
clbnxtonwasbd07556fdt0kde,./out/images/clbnxtonwasbd07556fdt0kde.jpg,True
clbnxtonwasbh0755429x0v89,./out/images/clbnxtonwasbh0755429x0v89.jpg,True
clbnxtonwasbl075560d2dzzr,./out/images/clbnxtonwasbl075560d2dzzr.jpg,True
clbnxtonwasbp0755c5y674j0,./out/images/clbnxtonwasbp0755c5y674j0.jpg,True
clbnxtonwasbt0755d4pc570g,./out/images/clbnxtonwasbt0755d4pc570g.jpg,True
clbnxtonwasbx0755cdo37hhq,./out/images/clbnxtonwasbx0755cdo37hhq.jpg,True
clbnxtonwasc10755a34m7sg9,./out/images/clbnxtonwasc10755a34m7sg9.jpg,True
clbnxtonwasc50755bmfla6lg,./out/images/clbnxtonwasc50755bmfla6lg.jpg,True
clbnxtonwasc907555f3f4dwe,./out/images/clbnxtonwasc907555f3f4dwe.jpg,True
clbnxtonwascd0755fols9bkd,./out/images/clbnxtonwascd0755fols9bkd.jpg,True
clbnxtonwasch07556st14bqm,./out/images/clbnxtonwasch07556st14bqm.jpg,True
clbnxtonwascl07554g13a3ah,./out/images/clbnxtonwascl07554g13a3ah.jpg,True
clbnxtonwascp0755dtymhn2w,./out/images/clbnxtonwascp0755dtymhn2w.jpg,True
clbnxtonwasct0755dd9cbjxx,./out/images/clbnxtonwasct0755dd9cbjxx.jpg,True
clbnxtonwascx075584egf3cn,./out/images/clbnxtonwascx075584egf3cn.jpg,True
clbnxtonwasd107557sfvfr5u,./out/images/clbnxtonwasd107557sfvfr5u.jpg,True
clbnxtonxasd50755eaue2ug8,./out/images/clbnxtonxasd50755eaue2ug8.jpg,True
clbnxtonxasd907557koqeu4u,./out/images/clbnxtonxasd907557koqeu4u.jpg,True
clbnxtonxasdd0755eda667k5,./out/images/clbnxtonxasdd0755eda667k5.jpg,True
clbnxtonxasdh075510e75dwf,./out/images/clbnxtonxasdh075510e75dwf.jpg,True
clbnxtonxasdl0755eunjgat4,./out/images/clbnxtonxasdl0755eunjgat4.jpg,True
clbnxtonxasdp0755fpo491bb,./out/images/clbnxtonxasdp0755fpo491bb.jpg,True
clbnxtonxasdt0755fbn21hlx,./out/images/clbnxtonxasdt0755fbn21hlx.jpg,True
clbnxtonxasdx0755gkpfekpu,./out/images/clbnxtonxasdx0755gkpfekpu.jpg,True
clbnxtonxase1075508upauxa,./out/images/clbnxtonxase1075508upauxa.jpg,True
clbnxtonxase507555q1a85md,./out/images/clbnxtonxase507555q1a85md.jpg,True
clbnxtonxase90755fi3a754v,./out/images/clbnxtonxase90755fi3a754v.jpg,True
clbnxtonxased0755hqtsdf52,./out/images/clbnxtonxased0755hqtsdf52.jpg,True
clbnxtonxaseh07551qa25i55,./out/images/clbnxtonxaseh07551qa25i55.jpg,True
clbnxtonxasel0755fhi5gfsj,./out/images/clbnxtonxasel0755fhi5gfsj.jpg,True
clbnxtonxasep07555wxbalmt,./out/images/clbnxtonxasep07555wxbalmt.jpg,True
clbnxtonxaset07552woqc0il,./out/images/clbnxtonxaset07552woqc0il.jpg,True
clbnxtonxasex0755hq73h7jf,./out/images/clbnxtonxasex0755hq73h7jf.jpg,True
clbnxtonxasf10755hmsk9fyi,./out/images/clbnxtonxasf10755hmsk9fyi.jpg,True
clbnxtonyasf507552zy2c4yy,./out/images/clbnxtonyasf507552zy2c4yy.jpg,True
clbnxtonyasf907558w63hn1o,./out/images/clbnxtonyasf907558w63hn1o.jpg,True
clbnxtonyasfd07551137655s,./out/images/clbnxtonyasfd07551137655s.jpg,True
clbnxtonyasfh0755awhzbj1w,./out/images/clbnxtonyasfh0755awhzbj1w.jpg,True
clbnxtonyasfl07555ed16abs,./out/images/clbnxtonyasfl07555ed16abs.jpg,True
clbnxtonyasfp0755a25de8k8,./out/images/clbnxtonyasfp0755a25de8k8.jpg,True
clbnxtonyasft07551jeu0dq1,./out/images/clbnxtonyasft07551jeu0dq1.jpg,True
clbnxtonyasfx07553dr50oe3,./out/images/clbnxtonyasfx07553dr50oe3.jpg,True
clbnxtonyasg1075579r13fut,./out/images/clbnxtonyasg1075579r13fut.jpg,True
clbnxtonyasg50755b6cf2uuf,./out/images/clbnxtonyasg50755b6cf2uuf.jpg,True
clbnxtonyasg907558vjm9nki,./out/images/clbnxtonyasg907558vjm9nki.jpg,True
clbnxtonyasgd07557e3t6xmp,./out/images/clbnxtonyasgd07557e3t6xmp.jpg,True
clbnxtonyasgh075589rjevw0,./out/images/clbnxtonyasgh075589rjevw0.jpg,True
clbnxtonyasgl0755dd59euga,./out/images/clbnxtonyasgl0755dd59euga.jpg,True
clbnxtonyasgp0755eqg9f29y,./out/images/clbnxtonyasgp0755eqg9f29y.jpg,True
clbnxtonyasgt0755ckv1crh0,./out/images/clbnxtonyasgt0755ckv1crh0.jpg,True
clbnxtonyasgx07551i407xh1,./out/images/clbnxtonyasgx07551i407xh1.jpg,True
clbnxtonyash10755bl6eg37e,./out/images/clbnxtonyash10755bl6eg37e.jpg,True
clbnxtonzash5075565ay7zs9,./out/images/clbnxtonzash5075565ay7zs9.jpg,True
clbnxtonzash9075559949o9g,./out/images/clbnxtonzash9075559949o9g.jpg,True
clbnxtonzashd0755gz5895o8,./out/images/clbnxtonzashd0755gz5895o8.jpg,True
clbnxtonzashh07558l6f3gkc,./out/images/clbnxtonzashh07558l6f3gkc.jpg,True
clbnxtonzashl075522ie4yma,./out/images/clbnxtonzashl075522ie4yma.jpg,True
clbnxtonzashp0755b6dn1p6z,./out/images/clbnxtonzashp0755b6dn1p6z.jpg,True
clbnxtow46tbe079o0cp3ffk1,./out/images/clbnxtow46tbe079o0cp3ffk1.jpg,True
clbnxtow56tbi079o912kcuyi,./out/images/clbnxtow56tbi079o912kcuyi.jpg,True
clbnxtow56tbm079o2idd96tz,./out/images/clbnxtow56tbm079o2idd96tz.jpg,True
clbnxtow56tbq079o0p4d02us,./out/images/clbnxtow56tbq079o0p4d02us.jpg,True
clbnxtow56tbu079o2z3rar6l,./out/images/clbnxtow56tbu079o2z3rar6l.jpg,True
clbnxtow56tby079ogqskf8il,./out/images/clbnxtow56tby079ogqskf8il.jpg,True
clbnxtow56tc2079o05sr8et5,./out/images/clbnxtow56tc2079o05sr8et5.jpg,True
clbnxtow56tc6079o90uj5c9e,./out/images/clbnxtow56tc6079o90uj5c9e.jpg,True
clbnxtow56tca079ofo247zfb,./out/images/clbnxtow56tca079ofo247zfb.jpg,True
clbnxtow56tce079ob1fmbtah,./out/images/clbnxtow56tce079ob1fmbtah.jpg,True
clbnxtow56tci079oghtta7xy,./out/images/clbnxtow56tci079oghtta7xy.jpg,True
clbnxtow56tcm079ohwzv8c03,./out/images/clbnxtow56tcm079ohwzv8c03.jpg,True
clbnxtow66tcq079o5c0l6s8f,./out/images/clbnxtow66tcq079o5c0l6s8f.jpg,True
clbnxtow66tcu079oc3qq7ync,./out/images/clbnxtow66tcu079oc3qq7ync.jpg,True
clbnxtow66tcy079oa7mv50g0,./out/images/clbnxtow66tcy079oa7mv50g0.jpg,True
clbnxtow66td2079o3xlxbg8e,./out/images/clbnxtow66td2079o3xlxbg8e.jpg,True
clbnxtow66td6079o6edsh1v9,./out/images/clbnxtow66td6079o6edsh1v9.jpg,True
clbnxtow66tda079oa4jo6m99,./out/images/clbnxtow66tda079oa4jo6m99.jpg,True
clbnxtow66tde079oc33e4mx2,./out/images/clbnxtow66tde079oc33e4mx2.jpg,True
clbnxtow66tdi079o6d864ed8,./out/images/clbnxtow66tdi079o6d864ed8.jpg,True
clbnxtow66tdm079o76ajgly6,./out/images/clbnxtow66tdm079o76ajgly6.jpg,True
clbnxtow66tdq079o0jy1hkdy,./out/images/clbnxtow66tdq079o0jy1hkdy.jpg,True
clbnxtow66tdu079o6w0ocq55,./out/images/clbnxtow66tdu079o6w0ocq55.jpg,True
clbnxtow66tdy079o5atvgs5y,./out/images/clbnxtow66tdy079o5atvgs5y.jpg,True
clbnxtow66te2079o5eyt8kne,./out/images/clbnxtow66te2079o5eyt8kne.jpg,True
clbnxtow76te6079oaqns6sfe,./out/images/clbnxtow76te6079oaqns6sfe.jpg,True
clbnxtow76tea079o54jddw7c,./out/images/clbnxtow76tea079o54jddw7c.jpg,True
clbnxtow76tee079o7lgsax4c,./out/images/clbnxtow76tee079o7lgsax4c.jpg,True
clbnxtow76tei079ofjcqd16e,./out/images/clbnxtow76tei079ofjcqd16e.jpg,True
clbnxtow76tem079o9u95hm33,./out/images/clbnxtow76tem079o9u95hm33.jpg,True
clbnxtow76teq079obex2ce6f,./out/images/clbnxtow76teq079obex2ce6f.jpg,True
clbnxtow76teu079o87lr9gx9,./out/images/clbnxtow76teu079o87lr9gx9.jpg,True
clbnxtow76tey079o90mie0pw,./out/images/clbnxtow76tey079o90mie0pw.jpg,True
clbnxtow76tf2079occxj20ug,./out/images/clbnxtow76tf2079occxj20ug.jpg,True
clbnxtow76tf6079o40j6gldj,./out/images/clbnxtow76tf6079o40j6gldj.jpg,True
clbnxtow76tfa079o8fxq9sqr,./out/images/clbnxtow76tfa079o8fxq9sqr.jpg,True
clbnxtow76tfe079o93by6nbf,./out/images/clbnxtow76tfe079o93by6nbf.jpg,True
clbnxtow76tfi079og71jhmbt,./out/images/clbnxtow76tfi079og71jhmbt.jpg,True
clbnxtow76tfm079o9r7ahir3,./out/images/clbnxtow76tfm079o9r7ahir3.jpg,True
clbnxtow76tfq079o5p1tdamp,./out/images/clbnxtow76tfq079o5p1tdamp.jpg,True
clbnxtow76tfu079o8wj8d8x5,./out/images/clbnxtow76tfu079o8wj8d8x5.jpg,True
clbnxtow76tfy079o8nle8q3l,./out/images/clbnxtow76tfy079o8nle8q3l.jpg,True
clbnxtow76tg2079ofoxw425n,./out/images/clbnxtow76tg2079ofoxw425n.jpg,True
clbnxtow76tg6079o67j70bbc,./out/images/clbnxtow76tg6079o67j70bbc.jpg,True
clbnxtow86tga079o6gh74lqr,./out/images/clbnxtow86tga079o6gh74lqr.jpg,True
clbnxtow86tge079o42k11urj,./out/images/clbnxtow86tge079o42k11urj.jpg,True
clbnxtow86tgi079ofgih116v,./out/images/clbnxtow86tgi079ofgih116v.jpg,True
clbnxtow86tgm079o44100fal,./out/images/clbnxtow86tgm079o44100fal.jpg,True
clbnxtow86tgq079octftfj39,./out/images/clbnxtow86tgq079octftfj39.jpg,True
clbnxtow86tgu079og9lnbtze,./out/images/clbnxtow86tgu079og9lnbtze.jpg,True
clbnxtow86tgy079o655gbnmj,./out/images/clbnxtow86tgy079o655gbnmj.jpg,True
clbnxtow86th2079o162oatgy,./out/images/clbnxtow86th2079o162oatgy.jpg,True
clbnxtow86th6079obbsl9v2g,./out/images/clbnxtow86th6079obbsl9v2g.jpg,True
clbnxtow86tha079o473y49o9,./out/images/clbnxtow86tha079o473y49o9.jpg,True
clbnxtow86the079o8v0g7hnl,./out/images/clbnxtow86the079o8v0g7hnl.jpg,True
clbnxtow86thi079o1is5ae34,./out/images/clbnxtow86thi079o1is5ae34.jpg,True
clbnxtow86thm079o5a4eb0ez,./out/images/clbnxtow86thm079o5a4eb0ez.jpg,True
clbnxtow86thq079og39q3wym,./out/images/clbnxtow86thq079og39q3wym.jpg,True
clbnxtow86thu079oehelc9fh,./out/images/clbnxtow86thu079oehelc9fh.jpg,True
clbnxtow86thy079o4kvk6dog,./out/images/clbnxtow86thy079o4kvk6dog.jpg,True
clbnxtow86ti2079o3ack0u2i,./out/images/clbnxtow86ti2079o3ack0u2i.jpg,True
clbnxtow86ti6079og7li5j9u,./out/images/clbnxtow86ti6079og7li5j9u.jpg,True
clbnxtow86tia079oai124ci0,./out/images/clbnxtow86tia079oai124ci0.jpg,True
clbnxtow86tie079ofemof5ag,./out/images/clbnxtow86tie079ofemof5ag.jpg,True
clbnxtow86tii079ohdj20t7t,./out/images/clbnxtow86tii079ohdj20t7t.jpg,True
clbnxtow86tim079o7dowf3aq,./out/images/clbnxtow86tim079o7dowf3aq.jpg,True
clbnxtow96tiq079oftfnhlzl,./out/images/clbnxtow96tiq079oftfnhlzl.jpg,True
clbnxtow96tiu079ohml671q1,./out/images/clbnxtow96tiu079ohml671q1.jpg,True
clbnxtow96tiy079oeas2fv1t,./out/images/clbnxtow96tiy079oeas2fv1t.jpg,True
clbnxtow96tj2079o294tcnhk,./out/images/clbnxtow96tj2079o294tcnhk.jpg,True
clbnxtow96tj6079oau9u1ud3,./out/images/clbnxtow96tj6079oau9u1ud3.jpg,True
clbnxtow96tja079o6p90bps6,./out/images/clbnxtow96tja079o6p90bps6.jpg,True
clbnxtow96tje079o7wydav3s,./out/images/clbnxtow96tje079o7wydav3s.jpg,True
clbnxtow96tji079occru6lgg,./out/images/clbnxtow96tji079occru6lgg.jpg,True
clbnxtow96tjm079ocbu78cbw,./out/images/clbnxtow96tjm079ocbu78cbw.jpg,True
clbnxtow96tjq079o64r1f2js,./out/images/clbnxtow96tjq079o64r1f2js.jpg,True
clbnxtow96tju079o5hdk4q1t,./out/images/clbnxtow96tju079o5hdk4q1t.jpg,True
clbnxtow96tjy079o69jj5623,./out/images/clbnxtow96tjy079o69jj5623.jpg,True
clbnxtow96tk2079odkvp1zz7,./out/images/clbnxtow96tk2079odkvp1zz7.jpg,True
clbnxtow96tk6079o5h4k1a2t,./out/images/clbnxtow96tk6079o5h4k1a2t.jpg,True
clbnxtow96tka079ofdu6c40w,./out/images/clbnxtow96tka079ofdu6c40w.jpg,True
clbnxtow96tke079o9gef6nfk,./out/images/clbnxtow96tke079o9gef6nfk.jpg,True
clbnxtow96tki079o1os7e34b,./out/images/clbnxtow96tki079o1os7e34b.jpg,True
clbnxtow96tkm079oa71dhifn,./out/images/clbnxtow96tkm079oa71dhifn.jpg,True
clbnxtow96tkq079ogotadp1g,./out/images/clbnxtow96tkq079ogotadp1g.jpg,True
clbnxtow96tku079odhojf1uv,./out/images/clbnxtow96tku079odhojf1uv.jpg,True
clbnxtowa6tky079odmjf9hce,./out/images/clbnxtowa6tky079odmjf9hce.jpg,True
clbnxtowa6tl2079o30wv0k7k,./out/images/clbnxtowa6tl2079o30wv0k7k.jpg,True
clbnxtowa6tl6079o5tyag5gd,./out/images/clbnxtowa6tl6079o5tyag5gd.jpg,True
clbnxtowa6tla079oaddn25in,./out/images/clbnxtowa6tla079oaddn25in.jpg,True
clbnxtowa6tle079o2rzvfw8e,./out/images/clbnxtowa6tle079o2rzvfw8e.jpg,True
clbnxtowa6tli079o1bp07mke,./out/images/clbnxtowa6tli079o1bp07mke.jpg,True
clbnxtowa6tlm079o7uo8esmi,./out/images/clbnxtowa6tlm079o7uo8esmi.jpg,True
clbnxtowa6tlq079ogjmnarxt,./out/images/clbnxtowa6tlq079ogjmnarxt.jpg,True
clbnxtowa6tlu079oak728ift,./out/images/clbnxtowa6tlu079oak728ift.jpg,True
clbnxtowa6tly079od2w0754o,./out/images/clbnxtowa6tly079od2w0754o.jpg,True
clbnxtowa6tm2079o24kobehv,./out/images/clbnxtowa6tm2079o24kobehv.jpg,True
clbnxtowa6tm6079o06rj9cx6,./out/images/clbnxtowa6tm6079o06rj9cx6.jpg,True
clbnxtowa6tma079o6v0pdkm6,./out/images/clbnxtowa6tma079o6v0pdkm6.jpg,True
clbnxtowa6tme079oh5poeyr5,./out/images/clbnxtowa6tme079oh5poeyr5.jpg,True
clbnxtowa6tmi079o9i6k146h,./out/images/clbnxtowa6tmi079o9i6k146h.jpg,True
clbnxtowa6tmm079o91bp1sj6,./out/images/clbnxtowa6tmm079o91bp1sj6.jpg,True
clbnxtowa6tmq079oc0bd6st1,./out/images/clbnxtowa6tmq079oc0bd6st1.jpg,True
clbnxtowb6tmu079o4ahsfdga,./out/images/clbnxtowb6tmu079o4ahsfdga.jpg,True
clbnxtowb6tmy079o4bjygsu9,./out/images/clbnxtowb6tmy079o4bjygsu9.jpg,True
clbnxtowb6tn2079o8l0s72n1,./out/images/clbnxtowb6tn2079o8l0s72n1.jpg,True
clbnxtowb6tn6079o9sii31y5,./out/images/clbnxtowb6tn6079o9sii31y5.jpg,True
clbnxtowb6tna079oa5eu7zjy,./out/images/clbnxtowb6tna079oa5eu7zjy.jpg,True
clbnxtowb6tne079o8kad6q6l,./out/images/clbnxtowb6tne079o8kad6q6l.jpg,True
clbnxtowb6tni079o72xr0ypa,./out/images/clbnxtowb6tni079o72xr0ypa.jpg,True
clbnxtowb6tnm079o8ftp9xx2,./out/images/clbnxtowb6tnm079o8ftp9xx2.jpg,True
clbnxtowb6tnq079oaj198syp,./out/images/clbnxtowb6tnq079oaj198syp.jpg,True
clbnxtowb6tnu079odrg28lct,./out/images/clbnxtowb6tnu079odrg28lct.jpg,True
clbnxtowb6tny079obyu37tsv,./out/images/clbnxtowb6tny079obyu37tsv.jpg,True
clbnxtowb6to2079oerew0yx9,./out/images/clbnxtowb6to2079oerew0yx9.jpg,True
clbnxtowb6to6079of0gjemac,./out/images/clbnxtowb6to6079of0gjemac.jpg,True
clbnxtowb6toa079o3hj8go7e,./out/images/clbnxtowb6toa079o3hj8go7e.jpg,True
clbnxtowb6toe079ob16mhjmf,./out/images/clbnxtowb6toe079ob16mhjmf.jpg,True
clbnxtowc6toi079o2tyublpe,./out/images/clbnxtowc6toi079o2tyublpe.jpg,True
clbnxtowc6tom079o6xnth299,./out/images/clbnxtowc6tom079o6xnth299.jpg,True
clbnxtowc6toq079o0geahm04,./out/images/clbnxtowc6toq079o0geahm04.jpg,True
clbnxtowc6tou079o71v498i7,./out/images/clbnxtowc6tou079o71v498i7.jpg,True
clbnxtowc6toy079og4tmgo9w,./out/images/clbnxtowc6toy079og4tmgo9w.jpg,True
clbnxtowc6tp2079o9sgedou1,./out/images/clbnxtowc6tp2079o9sgedou1.jpg,True
clbnxtowc6tp6079oaxbn4f5c,./out/images/clbnxtowc6tp6079oaxbn4f5c.jpg,True
clbnxtowc6tpa079o1a1d76cf,./out/images/clbnxtowc6tpa079o1a1d76cf.jpg,True
clbnxtowc6tpe079o5hp14nel,./out/images/clbnxtowc6tpe079o5hp14nel.jpg,True
clbnxtowc6tpi079o7cve6mf9,./out/images/clbnxtowc6tpi079o7cve6mf9.jpg,True
clbnxtowc6tpm079o14zpdqmo,./out/images/clbnxtowc6tpm079o14zpdqmo.jpg,True
clbnxtowc6tpq079obu8515bo,./out/images/clbnxtowc6tpq079obu8515bo.jpg,True
clbnxtowc6tpu079ocz955h4x,./out/images/clbnxtowc6tpu079ocz955h4x.jpg,True
clbnxtowc6tpy079o452366jd,./out/images/clbnxtowc6tpy079o452366jd.jpg,True
clbnxtowc6tq2079of65ugpeq,./out/images/clbnxtowc6tq2079of65ugpeq.jpg,True
clbnxtowc6tq6079o3ffi2tcn,./out/images/clbnxtowc6tq6079o3ffi2tcn.jpg,True
clbnxtowc6tqa079o4aoq2u1v,./out/images/clbnxtowc6tqa079o4aoq2u1v.jpg,True
clbnxtowc6tqe079o49s5dwfy,./out/images/clbnxtowc6tqe079o49s5dwfy.jpg,True
clbnxtowc6tqi079odjwa1onn,./out/images/clbnxtowc6tqi079odjwa1onn.jpg,True
clbnxtowc6tqm079o7nyz54si,./out/images/clbnxtowc6tqm079o7nyz54si.jpg,True
clbnxtowd6tqq079oeeeqhc8f,./out/images/clbnxtowd6tqq079oeeeqhc8f.jpg,True
clbnxtowd6tqu079o8iwr2w7y,./out/images/clbnxtowd6tqu079o8iwr2w7y.jpg,True
clbnxtowd6tqy079o4it39lau,./out/images/clbnxtowd6tqy079o4it39lau.jpg,True
clbnxtowd6tr2079o28m34piy,./out/images/clbnxtowd6tr2079o28m34piy.jpg,True
clbnxtowd6tr6079o88qzeeid,./out/images/clbnxtowd6tr6079o88qzeeid.jpg,True
clbnxtowd6tra079o69f92cvt,./out/images/clbnxtowd6tra079o69f92cvt.jpg,True
clbnxtowd6tre079o47ag23qr,./out/images/clbnxtowd6tre079o47ag23qr.jpg,True
clbnxtowd6tri079obewt80yx,./out/images/clbnxtowd6tri079obewt80yx.jpg,True
clbnxtowd6trm079oe1w20a0v,./out/images/clbnxtowd6trm079oe1w20a0v.jpg,True
clbnxtowd6trq079o0cjxdamp,./out/images/clbnxtowd6trq079o0cjxdamp.jpg,True
clbnxtowd6tru079o69h96poq,./out/images/clbnxtowd6tru079o69h96poq.jpg,True
clbnxtowd6try079ob4re0al3,./out/images/clbnxtowd6try079ob4re0al3.jpg,True
clbnxtowd6ts2079oe5wg3rq6,./out/images/clbnxtowd6ts2079oe5wg3rq6.jpg,True
clbnxtowd6ts6079o1nzg6mel,./out/images/clbnxtowd6ts6079o1nzg6mel.jpg,True
clbnxtowd6tsa079ob8c30ov3,./out/images/clbnxtowd6tsa079ob8c30ov3.jpg,True
clbnxtowd6tse079o9xeh8ban,./out/images/clbnxtowd6tse079o9xeh8ban.jpg,True
clbnxtowd6tsi079o4om317j1,./out/images/clbnxtowd6tsi079o4om317j1.jpg,True
clbnxtowd6tsm079obyj74lvy,./out/images/clbnxtowd6tsm079obyj74lvy.jpg,True
clbnxtowd6tsq079odfujhlq4,./out/images/clbnxtowd6tsq079odfujhlq4.jpg,True
clbnxtowd6tsu079o1fe0gql9,./out/images/clbnxtowd6tsu079o1fe0gql9.jpg,True
clbnxtowd6tsy079o8eta72xg,./out/images/clbnxtowd6tsy079o8eta72xg.jpg,True
clbnxtowd6tt2079o1ak97r40,./out/images/clbnxtowd6tt2079o1ak97r40.jpg,True
clbnxtowe6tt6079odz3nem5v,./out/images/clbnxtowe6tt6079odz3nem5v.jpg,True
clbnxtowe6tta079ogm6yfpax,./out/images/clbnxtowe6tta079ogm6yfpax.jpg,True
clbnxtowe6tte079ofugrbrwo,./out/images/clbnxtowe6tte079ofugrbrwo.jpg,True
clbnxtowe6tti079o8t3s8xv9,./out/images/clbnxtowe6tti079o8t3s8xv9.jpg,True
clbnxtowe6ttm079o4zog45wh,./out/images/clbnxtowe6ttm079o4zog45wh.jpg,True
clbnxtowe6ttq079o7ynh7qj0,./out/images/clbnxtowe6ttq079o7ynh7qj0.jpg,True
clbnxtowe6ttu079o2ugaav5n,./out/images/clbnxtowe6ttu079o2ugaav5n.jpg,True
clbnxtowe6tty079oerxm7kx6,./out/images/clbnxtowe6tty079oerxm7kx6.jpg,True
clbnxtowe6tu2079o7mqy9cdj,./out/images/clbnxtowe6tu2079o7mqy9cdj.jpg,True
clbnxtowe6tu6079oe452any0,./out/images/clbnxtowe6tu6079oe452any0.jpg,True
clbnxtowe6tua079ocg3u4n33,./out/images/clbnxtowe6tua079ocg3u4n33.jpg,True
clbnxtowe6tue079ogycrc5nc,./out/images/clbnxtowe6tue079ogycrc5nc.jpg,True
clbnxtowe6tui079ofhvoayg1,./out/images/clbnxtowe6tui079ofhvoayg1.jpg,True
clbnxtowe6tum079o4n07hco7,./out/images/clbnxtowe6tum079o4n07hco7.jpg,True
clbnxtowe6tuq079o1yuu89fh,./out/images/clbnxtowe6tuq079o1yuu89fh.jpg,True
clbnxtowe6tuu079ogt2t8uje,./out/images/clbnxtowe6tuu079ogt2t8uje.jpg,True
clbnxtowe6tuy079ocv128r3a,./out/images/clbnxtowe6tuy079ocv128r3a.jpg,True
clbnxtowe6tv2079ogzh2dn49,./out/images/clbnxtowe6tv2079ogzh2dn49.jpg,True
clbnxtowe6tv6079o0rl90km8,./out/images/clbnxtowe6tv6079o0rl90km8.jpg,True
clbnxtowe6tva079offodgepw,./out/images/clbnxtowe6tva079offodgepw.jpg,True
clbnxtowe6tve079o3o5b439y,./out/images/clbnxtowe6tve079o3o5b439y.jpg,True
clbnxtowe6tvi079o5ouecfqy,./out/images/clbnxtowe6tvi079o5ouecfqy.jpg,True
clbnxtowf6tvm079o7pli9k43,./out/images/clbnxtowf6tvm079o7pli9k43.jpg,True
clbnxtowf6tvq079o023bb5u2,./out/images/clbnxtowf6tvq079o023bb5u2.jpg,True
clbnxtowf6tvu079o8o815bx8,./out/images/clbnxtowf6tvu079o8o815bx8.jpg,True
clbnxtowf6tvy079o5218a8by,./out/images/clbnxtowf6tvy079o5218a8by.jpg,True
clbnxtowf6tw2079o5gk26oz9,./out/images/clbnxtowf6tw2079o5gk26oz9.jpg,True
clbnxtowf6tw6079o012xhx05,./out/images/clbnxtowf6tw6079o012xhx05.jpg,True
clbnxtowf6twa079o2s4se9ug,./out/images/clbnxtowf6twa079o2s4se9ug.jpg,True
clbnxtowf6twe079ogoznhlkh,./out/images/clbnxtowf6twe079ogoznhlkh.jpg,True
clbnxtowf6twi079o6fgv6n4v,./out/images/clbnxtowf6twi079o6fgv6n4v.jpg,True
clbnxtowf6twm079ohf8b2nqc,./out/images/clbnxtowf6twm079ohf8b2nqc.jpg,True
clbnxtowf6twq079o6o5gelxs,./out/images/clbnxtowf6twq079o6o5gelxs.jpg,True
clbnxtowf6twu079o7am24h9t,./out/images/clbnxtowf6twu079o7am24h9t.jpg,True
clbnxtowf6twy079o4a8e5j22,./out/images/clbnxtowf6twy079o4a8e5j22.jpg,True
clbnxtowf6tx2079o6nix0kjx,./out/images/clbnxtowf6tx2079o6nix0kjx.jpg,True
clbnxtowf6tx6079o03kn3b72,./out/images/clbnxtowf6tx6079o03kn3b72.jpg,True
clbnxtowf6txa079ocfa19wf0,./out/images/clbnxtowf6txa079ocfa19wf0.jpg,True
clbnxtowf6txe079oe89p5j41,./out/images/clbnxtowf6txe079oe89p5j41.jpg,True
clbnxtowf6txi079o9af7ayu0,./out/images/clbnxtowf6txi079o9af7ayu0.jpg,True
clbnxtowf6txm079o09mwfw2x,./out/images/clbnxtowf6txm079o09mwfw2x.jpg,True
clbnxtowf6txq079ofznx0ymd,./out/images/clbnxtowf6txq079ofznx0ymd.jpg,True
clbnxtowf6txu079of5zl30ic,./out/images/clbnxtowf6txu079of5zl30ic.jpg,True
clbnxtowf6txy079o5laa01io,./out/images/clbnxtowf6txy079o5laa01io.jpg,True
clbnxtowg6ty2079o2bwr05lj,./out/images/clbnxtowg6ty2079o2bwr05lj.jpg,True
clbnxtowg6ty6079o6i7z41ko,./out/images/clbnxtowg6ty6079o6i7z41ko.jpg,True
clbnxtowg6tya079o0kp60jz6,./out/images/clbnxtowg6tya079o0kp60jz6.jpg,True
clbnxtowg6tye079obxcc04zv,./out/images/clbnxtowg6tye079obxcc04zv.jpg,True
clbnxtowg6tyi079o16rh90rm,./out/images/clbnxtowg6tyi079o16rh90rm.jpg,True
clbnxtowg6tym079og4c48kjo,./out/images/clbnxtowg6tym079og4c48kjo.jpg,True
clbnxtowg6tyq079ofh3896eo,./out/images/clbnxtowg6tyq079ofh3896eo.jpg,True
clbnxtowg6tyu079ohtt541bv,./out/images/clbnxtowg6tyu079ohtt541bv.jpg,True
clbnxtowg6tyy079o51jog9z9,./out/images/clbnxtowg6tyy079o51jog9z9.jpg,True
clbnxtowg6tz2079of6gsevdh,./out/images/clbnxtowg6tz2079of6gsevdh.jpg,True
clbnxtowg6tz6079offwbhg9e,./out/images/clbnxtowg6tz6079offwbhg9e.jpg,True
clbnxtowg6tza079og6hzgfxv,./out/images/clbnxtowg6tza079og6hzgfxv.jpg,True
clbnxtowg6tze079o7ghe1x9a,./out/images/clbnxtowg6tze079o7ghe1x9a.jpg,True
clbnxtowg6tzi079ofr680o10,./out/images/clbnxtowg6tzi079ofr680o10.jpg,True
clbnxtowg6tzm079o6cylgkq1,./out/images/clbnxtowg6tzm079o6cylgkq1.jpg,True
clbnxtowg6tzq079obavt1rbf,./out/images/clbnxtowg6tzq079obavt1rbf.jpg,True
clbnxtowg6tzu079o7vjke995,./out/images/clbnxtowg6tzu079o7vjke995.jpg,True
clbnxtowg6tzy079o3w1i4xmt,./out/images/clbnxtowg6tzy079o3w1i4xmt.jpg,True
clbnxtowg6u02079o9j2cdbed,./out/images/clbnxtowg6u02079o9j2cdbed.jpg,True
clbnxtowg6u06079o8mi29jol,./out/images/clbnxtowg6u06079o8mi29jol.jpg,True
clbnxtowg6u0a079o4ocmbgmc,./out/images/clbnxtowg6u0a079o4ocmbgmc.jpg,True
clbnxtowg6u0e079obhgpanoz,./out/images/clbnxtowg6u0e079obhgpanoz.jpg,True
clbnxtowh6u0i079ogrmca5e7,./out/images/clbnxtowh6u0i079ogrmca5e7.jpg,True
clbnxtowh6u0m079o9jbidhgj,./out/images/clbnxtowh6u0m079o9jbidhgj.jpg,True
clbnxtowh6u0q079o26t41ktw,./out/images/clbnxtowh6u0q079o26t41ktw.jpg,True
clbnxtowh6u0u079o90sd3yr1,./out/images/clbnxtowh6u0u079o90sd3yr1.jpg,True
clbnxtowh6u0y079o6voifebl,./out/images/clbnxtowh6u0y079o6voifebl.jpg,True
clbnxtowh6u12079o38y20orr,./out/images/clbnxtowh6u12079o38y20orr.jpg,True
clbnxtowh6u16079og3gfe0iq,./out/images/clbnxtowh6u16079og3gfe0iq.jpg,True
clbnxtowh6u1a079oh0jt4cfl,./out/images/clbnxtowh6u1a079oh0jt4cfl.jpg,True
clbnxtowh6u1e079obcha8spt,./out/images/clbnxtowh6u1e079obcha8spt.jpg,True
clbnxtowh6u1i079o3zp3fuia,./out/images/clbnxtowh6u1i079o3zp3fuia.jpg,True
clbnxtowh6u1m079ohup86zs7,./out/images/clbnxtowh6u1m079ohup86zs7.jpg,True
clbnxtowh6u1q079ohl426w8x,./out/images/clbnxtowh6u1q079ohl426w8x.jpg,True
clbnxtowh6u1u079obsmmdcxc,./out/images/clbnxtowh6u1u079obsmmdcxc.jpg,True
clbnxtowh6u1y079o07m58pup,./out/images/clbnxtowh6u1y079o07m58pup.jpg,True
clbnxtowh6u22079o2o3s6y7s,./out/images/clbnxtowh6u22079o2o3s6y7s.jpg,True
clbnxtowh6u26079o0so269dh,./out/images/clbnxtowh6u26079o0so269dh.jpg,True
clbnxtowh6u2a079o15rccu3p,./out/images/clbnxtowh6u2a079o15rccu3p.jpg,True
clbnxtowh6u2e079o3nue327w,./out/images/clbnxtowh6u2e079o3nue327w.jpg,True
clbnxtowh6u2i079ohdogfqqp,./out/images/clbnxtowh6u2i079ohdogfqqp.jpg,True
clbnxtowh6u2m079o83drernu,./out/images/clbnxtowh6u2m079o83drernu.jpg,True
clbnxtowh6u2q079o9kjbc7gs,./out/images/clbnxtowh6u2q079o9kjbc7gs.jpg,True
clbnxtowh6u2u079o3xmdeyrv,./out/images/clbnxtowh6u2u079o3xmdeyrv.jpg,True
clbnxtowi6u2y079ocsqzbst4,./out/images/clbnxtowi6u2y079ocsqzbst4.jpg,True
clbnxtowi6u32079o9zc22s6v,./out/images/clbnxtowi6u32079o9zc22s6v.jpg,True
clbnxtowi6u36079o8veo7ydy,./out/images/clbnxtowi6u36079o8veo7ydy.jpg,True
clbnxtowi6u3a079o7zro5s4f,./out/images/clbnxtowi6u3a079o7zro5s4f.jpg,True
clbnxtowi6u3e079obpiic2vx,./out/images/clbnxtowi6u3e079obpiic2vx.jpg,True
clbnxtowi6u3i079o3l11eotx,./out/images/clbnxtowi6u3i079o3l11eotx.jpg,True
clbnxtowi6u3m079of8g96lpf,./out/images/clbnxtowi6u3m079of8g96lpf.jpg,True
clbnxtowi6u3q079o0di45zsl,./out/images/clbnxtowi6u3q079o0di45zsl.jpg,True
clbnxtowi6u3u079of94g2pbs,./out/images/clbnxtowi6u3u079of94g2pbs.jpg,True
clbnxtowi6u3y079od4fz7r0h,./out/images/clbnxtowi6u3y079od4fz7r0h.jpg,True
clbnxtowi6u42079o4d1egif8,./out/images/clbnxtowi6u42079o4d1egif8.jpg,True
clbnxtowi6u46079o6ruh5hyt,./out/images/clbnxtowi6u46079o6ruh5hyt.jpg,True
clbnxtowi6u4a079ohwth4xq0,./out/images/clbnxtowi6u4a079ohwth4xq0.jpg,True
clbnxtowi6u4e079o786e7w9g,./out/images/clbnxtowi6u4e079o786e7w9g.jpg,True
clbnxtowi6u4i079oebmtheg4,./out/images/clbnxtowi6u4i079oebmtheg4.jpg,True
clbnxtowi6u4m079o3ky19gnk,./out/images/clbnxtowi6u4m079o3ky19gnk.jpg,True
clbnxtowi6u4q079o0udj1wab,./out/images/clbnxtowi6u4q079o0udj1wab.jpg,True
clbnxtowi6u4u079oahm01gcf,./out/images/clbnxtowi6u4u079oahm01gcf.jpg,True
clbnxtowi6u4y079o9nj72cun,./out/images/clbnxtowi6u4y079o9nj72cun.jpg,True
clbnxtowi6u52079odve320iq,./out/images/clbnxtowi6u52079odve320iq.jpg,True
clbnxtown6u56079og1ytcyw0,./out/images/clbnxtown6u56079og1ytcyw0.jpg,True
clbnxtown6u5a079oa9086vxw,./out/images/clbnxtown6u5a079oa9086vxw.jpg,True
clbnxtown6u5e079o1cejcav5,./out/images/clbnxtown6u5e079o1cejcav5.jpg,True
clbnxtown6u5i079ohtvu3lsj,./out/images/clbnxtown6u5i079ohtvu3lsj.jpg,True
clbnxtown6u5m079o6gsqdjn2,./out/images/clbnxtown6u5m079o6gsqdjn2.jpg,True
clbnxtown6u5q079o67nq1ag7,./out/images/clbnxtown6u5q079o67nq1ag7.jpg,True
clbnxtown6u5u079o564w4vvx,./out/images/clbnxtown6u5u079o564w4vvx.jpg,True
clbnxtowo6u5y079ofmtpgl01,./out/images/clbnxtowo6u5y079ofmtpgl01.jpg,True
clbnxtowo6u62079ofnsm7ph1,./out/images/clbnxtowo6u62079ofnsm7ph1.jpg,True
clbnxtowo6u66079ohji92hln,./out/images/clbnxtowo6u66079ohji92hln.jpg,True
clbnxtowo6u6a079o2pqr501c,./out/images/clbnxtowo6u6a079o2pqr501c.jpg,True
clbnxtowo6u6e079o8a7e81sn,./out/images/clbnxtowo6u6e079o8a7e81sn.jpg,True
clbnxtowo6u6i079o6kyz5098,./out/images/clbnxtowo6u6i079o6kyz5098.jpg,True
clbnxtowo6u6m079oa0vl444x,./out/images/clbnxtowo6u6m079oa0vl444x.jpg,True
clbnxtowo6u6q079oesjihios,./out/images/clbnxtowo6u6q079oesjihios.jpg,True
clbnxtowo6u6u079odh3e7nbj,./out/images/clbnxtowo6u6u079odh3e7nbj.jpg,True
clbnxtowo6u6y079o4tho1eaq,./out/images/clbnxtowo6u6y079o4tho1eaq.jpg,True
clbnxtowo6u72079of0m10p1v,./out/images/clbnxtowo6u72079of0m10p1v.jpg,True
clbnxtowo6u76079oelby6bz8,./out/images/clbnxtowo6u76079oelby6bz8.jpg,True
clbnxtowo6u7a079oc0aaa68m,./out/images/clbnxtowo6u7a079oc0aaa68m.jpg,True
clbnxtowo6u7e079ofwzx5v1d,./out/images/clbnxtowo6u7e079ofwzx5v1d.jpg,True
clbnxtowo6u7i079ohv9sb11b,./out/images/clbnxtowo6u7i079ohv9sb11b.jpg,True
clbnxtowo6u7m079oenom8w40,./out/images/clbnxtowo6u7m079oenom8w40.jpg,True
clbnxtowo6u7q079o30cj8owp,./out/images/clbnxtowo6u7q079o30cj8owp.jpg,True
clbnxtowo6u7u079o8phq186a,./out/images/clbnxtowo6u7u079o8phq186a.jpg,True
clbnxtowo6u7y079o8wxa9tgs,./out/images/clbnxtowo6u7y079o8wxa9tgs.jpg,True
clbnxtowo6u82079o5guw4flt,./out/images/clbnxtowo6u82079o5guw4flt.jpg,True
clbnxtowo6u86079obptqgx7h,./out/images/clbnxtowo6u86079obptqgx7h.jpg,True
clbnxtowp6u8a079o9kgma52i,./out/images/clbnxtowp6u8a079o9kgma52i.jpg,True
clbnxtowp6u8e079ohxxr0732,./out/images/clbnxtowp6u8e079ohxxr0732.jpg,True
clbnxtowp6u8i079o63wj24cd,./out/images/clbnxtowp6u8i079o63wj24cd.jpg,True
clbnxtowp6u8m079ofs4t6l7h,./out/images/clbnxtowp6u8m079ofs4t6l7h.jpg,True
clbnxtowp6u8q079o7ne1bu2b,./out/images/clbnxtowp6u8q079o7ne1bu2b.jpg,True
clbnxtowp6u8u079o78qx9h6z,./out/images/clbnxtowp6u8u079o78qx9h6z.jpg,True
clbnxtowp6u8y079ocmih7sff,./out/images/clbnxtowp6u8y079ocmih7sff.jpg,True
clbnxtowp6u92079o0pvw7nww,./out/images/clbnxtowp6u92079o0pvw7nww.jpg,True
clbnxtowp6u96079o6x3p1sc8,./out/images/clbnxtowp6u96079o6x3p1sc8.jpg,True
clbnxtowp6u9a079o216tdr60,./out/images/clbnxtowp6u9a079o216tdr60.jpg,True
clbnxtowp6u9e079o6uhxf2ke,./out/images/clbnxtowp6u9e079o6uhxf2ke.jpg,True
clbnxtowp6u9i079o3o65fa0c,./out/images/clbnxtowp6u9i079o3o65fa0c.jpg,True
clbnxtowp6u9m079oa062hpq3,./out/images/clbnxtowp6u9m079oa062hpq3.jpg,True
clbnxtowp6u9q079obem7crpo,./out/images/clbnxtowp6u9q079obem7crpo.jpg,True
clbnxtowp6u9u079o8gmi3h8n,./out/images/clbnxtowp6u9u079o8gmi3h8n.jpg,True
clbnxtowp6u9y079o8u1c8e05,./out/images/clbnxtowp6u9y079o8u1c8e05.jpg,True
clbnxtowp6ua2079o81gjc963,./out/images/clbnxtowp6ua2079o81gjc963.jpg,True
clbnxtowp6ua6079obi3r9tsy,./out/images/clbnxtowp6ua6079obi3r9tsy.jpg,True
clbnxtowp6uaa079ohx6p3c3x,./out/images/clbnxtowp6uaa079ohx6p3c3x.jpg,True
clbnxtowp6uae079o1ttp13wa,./out/images/clbnxtowp6uae079o1ttp13wa.jpg,True
clbnxtowp6uai079o1ip42n7n,./out/images/clbnxtowp6uai079o1ip42n7n.jpg,True
clbnxtowp6uam079o2toxdwae,./out/images/clbnxtowp6uam079o2toxdwae.jpg,True
clbnxtowp6uaq079ohcisbghq,./out/images/clbnxtowp6uaq079ohcisbghq.jpg,True
clbnxtowq6uau079o8azq3j0o,./out/images/clbnxtowq6uau079o8azq3j0o.jpg,True
clbnxtowq6uay079ofpda61sk,./out/images/clbnxtowq6uay079ofpda61sk.jpg,True
clbnxtowq6ub2079o9a8b350b,./out/images/clbnxtowq6ub2079o9a8b350b.jpg,True
clbnxtowq6ub6079o96ju1xct,./out/images/clbnxtowq6ub6079o96ju1xct.jpg,True
clbnxtowq6uba079o38ca13rx,./out/images/clbnxtowq6uba079o38ca13rx.jpg,True
clbnxtowq6ube079o7z1h5a6c,./out/images/clbnxtowq6ube079o7z1h5a6c.jpg,True
clbnxtowq6ubi079o5cwe0kme,./out/images/clbnxtowq6ubi079o5cwe0kme.jpg,True
clbnxtowq6ubm079o0b3x31n2,./out/images/clbnxtowq6ubm079o0b3x31n2.jpg,True
clbnxtowq6ubq079o0uqrcre3,./out/images/clbnxtowq6ubq079o0uqrcre3.jpg,True
clbnxtowq6ubu079o4ogd1ja3,./out/images/clbnxtowq6ubu079o4ogd1ja3.jpg,True
clbnxtowq6uby079ofx61bpkw,./out/images/clbnxtowq6uby079ofx61bpkw.jpg,True
clbnxtowq6uc2079o8idm4flm,./out/images/clbnxtowq6uc2079o8idm4flm.jpg,True
clbnxtowq6uc6079o5cvq89jx,./out/images/clbnxtowq6uc6079o5cvq89jx.jpg,True
clbnxtowq6uca079o8a67fyg3,./out/images/clbnxtowq6uca079o8a67fyg3.jpg,True
clbnxtowq6uce079ocboj1xyh,./out/images/clbnxtowq6uce079ocboj1xyh.jpg,True
clbnxtowq6uci079o5mn93w2n,./out/images/clbnxtowq6uci079o5mn93w2n.jpg,True
clbnxtowq6ucm079o9cjs9a8d,./out/images/clbnxtowq6ucm079o9cjs9a8d.jpg,True
clbnxtowq6ucq079o98oodyjk,./out/images/clbnxtowq6ucq079o98oodyjk.jpg,True
clbnxtowq6ucu079o47e72gkb,./out/images/clbnxtowq6ucu079o47e72gkb.jpg,True
clbnxtowq6ucy079o8kk5h0hu,./out/images/clbnxtowq6ucy079o8kk5h0hu.jpg,True
clbnxtowq6ud2079o8j8addbr,./out/images/clbnxtowq6ud2079o8j8addbr.jpg,True
clbnxtowq6ud6079obv5c79hd,./out/images/clbnxtowq6ud6079obv5c79hd.jpg,True
clbnxtowq6uda079o8dsj725q,./out/images/clbnxtowq6uda079o8dsj725q.jpg,True
clbnxtowr6ude079o9sq4cptp,./out/images/clbnxtowr6ude079o9sq4cptp.jpg,True
clbnxtowr6udi079odne48y0d,./out/images/clbnxtowr6udi079odne48y0d.jpg,True
clbnxtowr6udm079ohsyr5irv,./out/images/clbnxtowr6udm079ohsyr5irv.jpg,True
clbnxtowr6udq079ogpgablwt,./out/images/clbnxtowr6udq079ogpgablwt.jpg,True
clbnxtowr6udu079o7xst6mgx,./out/images/clbnxtowr6udu079o7xst6mgx.jpg,True
clbnxtowr6udy079ogm0b6pv9,./out/images/clbnxtowr6udy079ogm0b6pv9.jpg,True
clbnxtowr6ue2079o77zu1g09,./out/images/clbnxtowr6ue2079o77zu1g09.jpg,True
clbnxtowr6ue6079ogmtz6da0,./out/images/clbnxtowr6ue6079ogmtz6da0.jpg,True
clbnxtowr6uea079o8qumfebs,./out/images/clbnxtowr6uea079o8qumfebs.jpg,True
clbnxtowr6uee079ofjwk3sfc,./out/images/clbnxtowr6uee079ofjwk3sfc.jpg,True
clbnxtowr6uei079o9silams6,./out/images/clbnxtowr6uei079o9silams6.jpg,True
clbnxtowr6uem079o8qho97mp,./out/images/clbnxtowr6uem079o8qho97mp.jpg,True
clbnxtowr6ueq079o5b4agtoz,./out/images/clbnxtowr6ueq079o5b4agtoz.jpg,True
clbnxtowr6ueu079oeqn908sn,./out/images/clbnxtowr6ueu079oeqn908sn.jpg,True
clbnxtowr6uey079o1mi7cbyc,./out/images/clbnxtowr6uey079o1mi7cbyc.jpg,True
clbnxtowr6uf2079o9f17drwg,./out/images/clbnxtowr6uf2079o9f17drwg.jpg,True
clbnxtowr6uf6079obaga04l6,./out/images/clbnxtowr6uf6079obaga04l6.jpg,True
clbnxtowr6ufa079od299frmg,./out/images/clbnxtowr6ufa079od299frmg.jpg,True
clbnxtowr6ufe079o80qa0fe4,./out/images/clbnxtowr6ufe079o80qa0fe4.jpg,True
clbnxtowr6ufi079o7zqscj11,./out/images/clbnxtowr6ufi079o7zqscj11.jpg,True
clbnxtowr6ufm079ohsbo710a,./out/images/clbnxtowr6ufm079ohsbo710a.jpg,True
clbnxtowr6ufq079o48u06dv2,./out/images/clbnxtowr6ufq079o48u06dv2.jpg,True
clbnxtowr6ufu079og2bmg7ms,./out/images/clbnxtowr6ufu079og2bmg7ms.jpg,True
clbnxtows6ufy079o2fj236x2,./out/images/clbnxtows6ufy079o2fj236x2.jpg,True
clbnxtows6ug2079ohz2cdisc,./out/images/clbnxtows6ug2079ohz2cdisc.jpg,True
clbnxtows6ug6079o5689bhf8,./out/images/clbnxtows6ug6079o5689bhf8.jpg,True
clbnxtows6uga079oajc7chq8,./out/images/clbnxtows6uga079oajc7chq8.jpg,True
clbnxtows6uge079o7ump9fla,./out/images/clbnxtows6uge079o7ump9fla.jpg,True
clbnxtows6ugi079o3i062jou,./out/images/clbnxtows6ugi079o3i062jou.jpg,True
clbnxtows6ugm079obz2q32z4,./out/images/clbnxtows6ugm079obz2q32z4.jpg,True
clbnxtows6ugq079o3gmj7gg8,./out/images/clbnxtows6ugq079o3gmj7gg8.jpg,True
clbnxtows6ugu079o83zycw1d,./out/images/clbnxtows6ugu079o83zycw1d.jpg,True
clbnxtows6ugy079o4n1549ig,./out/images/clbnxtows6ugy079o4n1549ig.jpg,True
clbnxtows6uh2079odcrscfh7,./out/images/clbnxtows6uh2079odcrscfh7.jpg,True
clbnxtows6uh6079og3t34p1e,./out/images/clbnxtows6uh6079og3t34p1e.jpg,True
clbnxtows6uha079o979cc83q,./out/images/clbnxtows6uha079o979cc83q.jpg,True
clbnxtows6uhe079od0xr1or8,./out/images/clbnxtows6uhe079od0xr1or8.jpg,True
clbnxtows6uhi079o057r13yi,./out/images/clbnxtows6uhi079o057r13yi.jpg,True
clbnxtows6uhm079o3a5dc8sc,./out/images/clbnxtows6uhm079o3a5dc8sc.jpg,True
clbnxtows6uhq079ocntb48l2,./out/images/clbnxtows6uhq079ocntb48l2.jpg,True
clbnxtows6uhu079o91rehaar,./out/images/clbnxtows6uhu079o91rehaar.jpg,True
clbnxtows6uhy079o4j8qcwtu,./out/images/clbnxtows6uhy079o4j8qcwtu.jpg,True
clbnxtows6ui2079o7dvhhme6,./out/images/clbnxtows6ui2079o7dvhhme6.jpg,True
clbnxtows6ui6079odk2z919q,./out/images/clbnxtows6ui6079odk2z919q.jpg,True
clbnxtowt6uia079oe83x95nw,./out/images/clbnxtowt6uia079oe83x95nw.jpg,True
clbnxtowt6uie079o3fib06xw,./out/images/clbnxtowt6uie079o3fib06xw.jpg,True
clbnxtowt6uii079oa1wc8m1j,./out/images/clbnxtowt6uii079oa1wc8m1j.jpg,True
clbnxtowt6uim079od3421y25,./out/images/clbnxtowt6uim079od3421y25.jpg,True
clbnxtowt6uiq079ogofg6lhk,./out/images/clbnxtowt6uiq079ogofg6lhk.jpg,True
clbnxtowt6uiu079o1z61bga4,./out/images/clbnxtowt6uiu079o1z61bga4.jpg,True
clbnxtowt6uiy079ocvy4fplm,./out/images/clbnxtowt6uiy079ocvy4fplm.jpg,True
clbnxtowt6uj2079oe2l8f2ie,./out/images/clbnxtowt6uj2079oe2l8f2ie.jpg,True
clbnxtowt6uj6079o0wah00t8,./out/images/clbnxtowt6uj6079o0wah00t8.jpg,True
clbnxtowt6uja079ocmmxhbdk,./out/images/clbnxtowt6uja079ocmmxhbdk.jpg,True
clbnxtowt6uje079o2sl4ekdp,./out/images/clbnxtowt6uje079o2sl4ekdp.jpg,True
clbnxtowt6uji079ocfidbo2h,./out/images/clbnxtowt6uji079ocfidbo2h.jpg,True
clbnxtowt6ujm079o0ex4bw43,./out/images/clbnxtowt6ujm079o0ex4bw43.jpg,True
clbnxtowt6ujq079oehvl5hay,./out/images/clbnxtowt6ujq079oehvl5hay.jpg,True
clbnxtowt6uju079o3zoc5lyx,./out/images/clbnxtowt6uju079o3zoc5lyx.jpg,True
clbnxtowt6ujy079o3r6acavb,./out/images/clbnxtowt6ujy079o3r6acavb.jpg,True
clbnxtowt6uk2079oebal2i09,./out/images/clbnxtowt6uk2079oebal2i09.jpg,True
clbnxtowt6uk6079o7r59h8xq,./out/images/clbnxtowt6uk6079o7r59h8xq.jpg,True
clbnxtowt6uka079of9nt26mt,./out/images/clbnxtowt6uka079of9nt26mt.jpg,True
clbnxtowt6uke079odoebed0t,./out/images/clbnxtowt6uke079odoebed0t.jpg,True
clbnxtowt6uki079oexqgftpl,./out/images/clbnxtowt6uki079oexqgftpl.jpg,True
clbnxtowt6ukm079oceba93pw,./out/images/clbnxtowt6ukm079oceba93pw.jpg,True
clbnxtowu6ukq079oel4daquq,./out/images/clbnxtowu6ukq079oel4daquq.jpg,True
clbnxtowu6uku079ob1pqcf6s,./out/images/clbnxtowu6uku079ob1pqcf6s.jpg,True
clbnxtowu6uky079o3nzhbols,./out/images/clbnxtowu6uky079o3nzhbols.jpg,True
clbnxtowu6ul2079obayg1x2h,./out/images/clbnxtowu6ul2079obayg1x2h.jpg,True
clbnxtowu6ul6079o7sly2oqm,./out/images/clbnxtowu6ul6079o7sly2oqm.jpg,True
clbnxtowu6ula079o6hdca244,./out/images/clbnxtowu6ula079o6hdca244.jpg,True
clbnxtowu6ule079ofmtifudr,./out/images/clbnxtowu6ule079ofmtifudr.jpg,True
clbnxtowu6uli079o1xopgm5m,./out/images/clbnxtowu6uli079o1xopgm5m.jpg,True
clbnxtowu6ulm079odxp50j1y,./out/images/clbnxtowu6ulm079odxp50j1y.jpg,True
clbnxtowu6ulq079o8aj77pue,./out/images/clbnxtowu6ulq079o8aj77pue.jpg,True
clbnxtowu6ulu079o4ney5d8g,./out/images/clbnxtowu6ulu079o4ney5d8g.jpg,True
clbnxtowu6uly079ogopb542p,./out/images/clbnxtowu6uly079ogopb542p.jpg,True
clbnxtowu6um2079o4rn3cwzq,./out/images/clbnxtowu6um2079o4rn3cwzq.jpg,True
clbnxtowu6um6079o9sl8guoh,./out/images/clbnxtowu6um6079o9sl8guoh.jpg,True
clbnxtowu6uma079o5ak99oql,./out/images/clbnxtowu6uma079o5ak99oql.jpg,True
clbnxtowu6ume079ohdat1218,./out/images/clbnxtowu6ume079ohdat1218.jpg,True
clbnxtowu6umi079o2rl66koq,./out/images/clbnxtowu6umi079o2rl66koq.jpg,True
clbnxtowu6umm079o5vqa8tqv,./out/images/clbnxtowu6umm079o5vqa8tqv.jpg,True
clbnxtowu6umq079oar8d56lx,./out/images/clbnxtowu6umq079oar8d56lx.jpg,True
clbnxtowu6umu079o1pcccjt2,./out/images/clbnxtowu6umu079o1pcccjt2.jpg,True
clbnxtowu6umy079of7ce6cej,./out/images/clbnxtowu6umy079of7ce6cej.jpg,True
clbnxtowu6un2079o5woghwv8,./out/images/clbnxtowu6un2079o5woghwv8.jpg,True
clbnxtowu6un6079od3ni3kg9,./out/images/clbnxtowu6un6079od3ni3kg9.jpg,True
clbnxtowv6una079o5mz21xmm,./out/images/clbnxtowv6una079o5mz21xmm.jpg,True
clbnxtowv6une079of0ycgkjh,./out/images/clbnxtowv6une079of0ycgkjh.jpg,True
clbnxtowv6uni079o1uvf3sdl,./out/images/clbnxtowv6uni079o1uvf3sdl.jpg,True
clbnxtowv6unm079o9xjnhbr9,./out/images/clbnxtowv6unm079o9xjnhbr9.jpg,True
clbnxtowv6unq079ohqdd9y1i,./out/images/clbnxtowv6unq079ohqdd9y1i.jpg,True
clbnxtowv6unu079odk8ug16c,./out/images/clbnxtowv6unu079odk8ug16c.jpg,True
clbnxtowv6uny079ohm0lgygq,./out/images/clbnxtowv6uny079ohm0lgygq.jpg,True
clbnxtowv6uo2079o2jcua6oa,./out/images/clbnxtowv6uo2079o2jcua6oa.jpg,True
clbnxtowv6uo6079o9i264izb,./out/images/clbnxtowv6uo6079o9i264izb.jpg,True
clbnxtowv6uoa079ohmh82gj5,./out/images/clbnxtowv6uoa079ohmh82gj5.jpg,True
clbnxtowv6uoe079o03pnfzcn,./out/images/clbnxtowv6uoe079o03pnfzcn.jpg,True
clbnxtowv6uoi079obk0meuzp,./out/images/clbnxtowv6uoi079obk0meuzp.jpg,True
clbnxtowv6uom079o5k66ahsq,./out/images/clbnxtowv6uom079o5k66ahsq.jpg,True
clbnxtowv6uoq079o2ijw22zh,./out/images/clbnxtowv6uoq079o2ijw22zh.jpg,True
clbnxtowv6uou079oc664h3ah,./out/images/clbnxtowv6uou079oc664h3ah.jpg,True
clbnxtowv6uoy079o0enl0v7u,./out/images/clbnxtowv6uoy079o0enl0v7u.jpg,True
clbnxtowv6up2079o7ps6gd6n,./out/images/clbnxtowv6up2079o7ps6gd6n.jpg,True
clbnxtowv6up6079obbofcbsy,./out/images/clbnxtowv6up6079obbofcbsy.jpg,True
clbnxtowv6upa079oe0p27gv8,./out/images/clbnxtowv6upa079oe0p27gv8.jpg,True
clbnxtowv6upe079odaw8at3z,./out/images/clbnxtowv6upe079odaw8at3z.jpg,True
clbnxtowv6upi079o00uccx1t,./out/images/clbnxtowv6upi079o00uccx1t.jpg,True
clbnxtowv6upm079o5j2cb3jw,./out/images/clbnxtowv6upm079o5j2cb3jw.jpg,True
clbnxtoww6upq079ocwhp3rpf,./out/images/clbnxtoww6upq079ocwhp3rpf.jpg,True
clbnxtoww6upu079of52k7udr,./out/images/clbnxtoww6upu079of52k7udr.jpg,True
clbnxtoww6upy079oflai1etz,./out/images/clbnxtoww6upy079oflai1etz.jpg,True
clbnxtoww6uq2079ofikp1hv4,./out/images/clbnxtoww6uq2079ofikp1hv4.jpg,True
clbnxtoww6uq6079o6ywu63no,./out/images/clbnxtoww6uq6079o6ywu63no.jpg,True
clbnxtoww6uqa079ohf8j1cp5,./out/images/clbnxtoww6uqa079ohf8j1cp5.jpg,True
clbnxtoww6uqe079ohotf1oye,./out/images/clbnxtoww6uqe079ohotf1oye.jpg,True
clbnxtoww6uqi079o284894xl,./out/images/clbnxtoww6uqi079o284894xl.jpg,True
clbnxtoww6uqm079ohssz4zho,./out/images/clbnxtoww6uqm079ohssz4zho.jpg,True
clbnxtoww6uqq079o1bgwctfq,./out/images/clbnxtoww6uqq079o1bgwctfq.jpg,True
clbnxtoww6uqu079oh146g9jy,./out/images/clbnxtoww6uqu079oh146g9jy.jpg,True
clbnxtoww6uqy079o94rthrle,./out/images/clbnxtoww6uqy079o94rthrle.jpg,True
clbnxtoww6ur2079o02eifo6w,./out/images/clbnxtoww6ur2079o02eifo6w.jpg,True
clbnxtoww6ur6079of5d350rb,./out/images/clbnxtoww6ur6079of5d350rb.jpg,True
clbnxtoww6ura079o591veezh,./out/images/clbnxtoww6ura079o591veezh.jpg,True
clbnxtoww6ure079o7uou52zi,./out/images/clbnxtoww6ure079o7uou52zi.jpg,True
clbnxtoww6uri079oaodo7spf,./out/images/clbnxtoww6uri079oaodo7spf.jpg,True
clbnxtoww6urm079o24qohie4,./out/images/clbnxtoww6urm079o24qohie4.jpg,True
clbnxtoww6urq079oaxb41ug2,./out/images/clbnxtoww6urq079oaxb41ug2.jpg,True
clbnxtoww6uru079o3muw1ga9,./out/images/clbnxtoww6uru079o3muw1ga9.jpg,True
clbnxtoww6ury079o463cbeqz,./out/images/clbnxtoww6ury079o463cbeqz.jpg,True
clbnxtoww6us2079o2p6c879r,./out/images/clbnxtoww6us2079o2p6c879r.jpg,True
clbnxtoww6us6079o7jbta9vo,./out/images/clbnxtoww6us6079o7jbta9vo.jpg,True
clbnxtowx6usa079oeuuo4gac,./out/images/clbnxtowx6usa079oeuuo4gac.jpg,True
clbnxtowx6use079og5rl08qq,./out/images/clbnxtowx6use079og5rl08qq.jpg,True
clbnxtowx6usi079ofi2belms,./out/images/clbnxtowx6usi079ofi2belms.jpg,True
clbnxtowx6usm079o9ps5gv4q,./out/images/clbnxtowx6usm079o9ps5gv4q.jpg,True
clbnxtowx6usq079o9e395i4l,./out/images/clbnxtowx6usq079o9e395i4l.jpg,True
clbnxtowx6usu079og5bt8pk3,./out/images/clbnxtowx6usu079og5bt8pk3.jpg,True
clbnxtowx6usy079o0x4ye2lx,./out/images/clbnxtowx6usy079o0x4ye2lx.jpg,True
clbnxtowx6ut2079o1og9eisp,./out/images/clbnxtowx6ut2079o1og9eisp.jpg,True
clbnxtowx6ut6079o6g90anw2,./out/images/clbnxtowx6ut6079o6g90anw2.jpg,True
clbnxtowx6uta079o8wt31tpb,./out/images/clbnxtowx6uta079o8wt31tpb.jpg,True
clbnxtowx6ute079o7cfl7na8,./out/images/clbnxtowx6ute079o7cfl7na8.jpg,True
clbnxtowx6uti079o79o89tdp,./out/images/clbnxtowx6uti079o79o89tdp.jpg,True
clbnxtowx6utm079oadk8asu7,./out/images/clbnxtowx6utm079oadk8asu7.jpg,True
clbnxtowx6utq079o89v10pzn,./out/images/clbnxtowx6utq079o89v10pzn.jpg,True
clbnxtowx6utu079o7ojlac8a,./out/images/clbnxtowx6utu079o7ojlac8a.jpg,True
clbnxtowx6uty079ocb888q4v,./out/images/clbnxtowx6uty079ocb888q4v.jpg,True
clbnxtowx6uu2079o1rnw61hs,./out/images/clbnxtowx6uu2079o1rnw61hs.jpg,True
clbnxtowx6uu6079o38fdep05,./out/images/clbnxtowx6uu6079o38fdep05.jpg,True
clbnxtowx6uua079o5nwkbj4z,./out/images/clbnxtowx6uua079o5nwkbj4z.jpg,True
clbnxtowx6uue079o8faldf18,./out/images/clbnxtowx6uue079o8faldf18.jpg,True
clbnxtowx6uui079o49b2a79n,./out/images/clbnxtowx6uui079o49b2a79n.jpg,True
clbnxtowx6uum079odptb6aov,./out/images/clbnxtowx6uum079odptb6aov.jpg,True
clbnxtowy6uuq079o7xbdaoe5,./out/images/clbnxtowy6uuq079o7xbdaoe5.jpg,True
clbnxtowy6uuu079o8zvk26pj,./out/images/clbnxtowy6uuu079o8zvk26pj.jpg,True
clbnxtowy6uuy079ofep97as8,./out/images/clbnxtowy6uuy079ofep97as8.jpg,True
clbnxtowy6uv2079o29i9gked,./out/images/clbnxtowy6uv2079o29i9gked.jpg,True
clbnxtowy6uv6079oa9u1fmhm,./out/images/clbnxtowy6uv6079oa9u1fmhm.jpg,True
clbnxtowy6uva079oeg77d5vk,./out/images/clbnxtowy6uva079oeg77d5vk.jpg,True
clbnxtowy6uve079oea1c1gas,./out/images/clbnxtowy6uve079oea1c1gas.jpg,True
clbnxtowy6uvi079odctcdsft,./out/images/clbnxtowy6uvi079odctcdsft.jpg,True
clbnxtowy6uvm079o34224ydq,./out/images/clbnxtowy6uvm079o34224ydq.jpg,True
clbnxtowy6uvq079ohgyfchhw,./out/images/clbnxtowy6uvq079ohgyfchhw.jpg,True
clbnxtowy6uvu079oe2wz8nq6,./out/images/clbnxtowy6uvu079oe2wz8nq6.jpg,True
clbnxtowy6uvy079odw3tfmvy,./out/images/clbnxtowy6uvy079odw3tfmvy.jpg,True
clbnxtowy6uw2079o7c9f1h8w,./out/images/clbnxtowy6uw2079o7c9f1h8w.jpg,True
clbnxtowy6uw6079o24j5d8pz,./out/images/clbnxtowy6uw6079o24j5d8pz.jpg,True
clbnxtowy6uwa079o6xl29lxr,./out/images/clbnxtowy6uwa079o6xl29lxr.jpg,True
clbnxtowy6uwe079ofhb6bjz7,./out/images/clbnxtowy6uwe079ofhb6bjz7.jpg,True
clbnxtowy6uwi079o8yj166km,./out/images/clbnxtowy6uwi079o8yj166km.jpg,True
clbnxtowy6uwm079o6a54dh95,./out/images/clbnxtowy6uwm079o6a54dh95.jpg,True
clbnxtowy6uwq079o6wci572m,./out/images/clbnxtowy6uwq079o6wci572m.jpg,True
clbnxtowy6uwu079oe7xwbz0g,./out/images/clbnxtowy6uwu079oe7xwbz0g.jpg,True
clbnxtowy6uwy079odompclmx,./out/images/clbnxtowy6uwy079odompclmx.jpg,True
clbnxtowy6ux2079o4kvt80qd,./out/images/clbnxtowy6ux2079o4kvt80qd.jpg,True
clbnxtowy6ux6079o7e242s3v,./out/images/clbnxtowy6ux6079o7e242s3v.jpg,True
clbnxtowz6uxa079o0w6n9xee,./out/images/clbnxtowz6uxa079o0w6n9xee.jpg,True
clbnxtowz6uxe079ocpb3ehed,./out/images/clbnxtowz6uxe079ocpb3ehed.jpg,True
clbnxtowz6uxi079o2rzn1c81,./out/images/clbnxtowz6uxi079o2rzn1c81.jpg,True
clbnxtowz6uxm079o7pzo0qnj,./out/images/clbnxtowz6uxm079o7pzo0qnj.jpg,True
clbnxtowz6uxq079o5eaecchs,./out/images/clbnxtowz6uxq079o5eaecchs.jpg,True
clbnxtowz6uxu079oexer0hht,./out/images/clbnxtowz6uxu079oexer0hht.jpg,True
clbnxtowz6uxy079o58dz3eik,./out/images/clbnxtowz6uxy079o58dz3eik.jpg,True
clbnxtowz6uy2079ohy0x5suc,./out/images/clbnxtowz6uy2079ohy0x5suc.jpg,True
clbnxtowz6uy6079o3ce0120o,./out/images/clbnxtowz6uy6079o3ce0120o.jpg,True
clbnxtowz6uya079odfnddx03,./out/images/clbnxtowz6uya079odfnddx03.jpg,True
clbnxtowz6uye079o89cmer10,./out/images/clbnxtowz6uye079o89cmer10.jpg,True
clbnxtowz6uyi079ocn99bc0l,./out/images/clbnxtowz6uyi079ocn99bc0l.jpg,True
clbnxtowz6uym079oe5zcdsk8,./out/images/clbnxtowz6uym079oe5zcdsk8.jpg,True
clbnxtowz6uyq079ogjlzfbjm,./out/images/clbnxtowz6uyq079ogjlzfbjm.jpg,True
clbnxtowz6uyu079o1fne2xg3,./out/images/clbnxtowz6uyu079o1fne2xg3.jpg,True
clbnxtowz6uyy079odmkw5ku6,./out/images/clbnxtowz6uyy079odmkw5ku6.jpg,True
clbnxtowz6uz2079offhu81x2,./out/images/clbnxtowz6uz2079offhu81x2.jpg,True
clbnxtowz6uz6079ohxmcgv9e,./out/images/clbnxtowz6uz6079ohxmcgv9e.jpg,True
clbnxtowz6uza079oa4bndh01,./out/images/clbnxtowz6uza079oa4bndh01.jpg,True
clbnxtowz6uze079oe3mpebxi,./out/images/clbnxtowz6uze079oe3mpebxi.jpg,True
clbnxtowz6uzi079odhq54ypp,./out/images/clbnxtowz6uzi079odhq54ypp.jpg,True
clbnxtox06uzm079obyvq2gys,./out/images/clbnxtox06uzm079obyvq2gys.jpg,True
clbnxtox06uzq079o8cy5gy0g,./out/images/clbnxtox06uzq079o8cy5gy0g.jpg,True
clbnxtox06uzu079o8ksla5q8,./out/images/clbnxtox06uzu079o8ksla5q8.jpg,True
clbnxtox06uzy079o74wp8msb,./out/images/clbnxtox06uzy079o74wp8msb.jpg,True
clbnxtox06v02079o4mjr5s25,./out/images/clbnxtox06v02079o4mjr5s25.jpg,True
clbnxtox06v06079o4oy33kox,./out/images/clbnxtox06v06079o4oy33kox.jpg,True
clbnxtox06v0a079oeebmdrme,./out/images/clbnxtox06v0a079oeebmdrme.jpg,True
clbnxtox06v0e079o5y684jla,./out/images/clbnxtox06v0e079o5y684jla.jpg,True
clbnxtox06v0i079o6s0v214e,./out/images/clbnxtox06v0i079o6s0v214e.jpg,True
clbnxtox06v0m079oa97d50h3,./out/images/clbnxtox06v0m079oa97d50h3.jpg,True
clbnxtox06v0q079o0ygnbj30,./out/images/clbnxtox06v0q079o0ygnbj30.jpg,True
clbnxtox06v0u079ofqxkclxk,./out/images/clbnxtox06v0u079ofqxkclxk.jpg,True
clbnxtox06v0y079o3dx1210g,./out/images/clbnxtox06v0y079o3dx1210g.jpg,True
clbnxtox06v12079o1nw9212b,./out/images/clbnxtox06v12079o1nw9212b.jpg,True
clbnxtox06v16079o8s0d6im4,./out/images/clbnxtox06v16079o8s0d6im4.jpg,True
clbnxtox06v1a079o5tdzhme2,./out/images/clbnxtox06v1a079o5tdzhme2.jpg,True
clbnxtox06v1e079ochy408cn,./out/images/clbnxtox06v1e079ochy408cn.jpg,True
clbnxtox06v1i079ofgvq8mia,./out/images/clbnxtox06v1i079ofgvq8mia.jpg,True
clbnxtox06v1m079of7osdyai,./out/images/clbnxtox06v1m079of7osdyai.jpg,True
clbnxtox06v1q079o578wf16a,./out/images/clbnxtox06v1q079o578wf16a.jpg,True
clbnxtox06v1u079oby5ne2l0,./out/images/clbnxtox06v1u079oby5ne2l0.jpg,True
clbnxtox06v1y079o6q8l8bi6,./out/images/clbnxtox06v1y079o6q8l8bi6.jpg,True
clbnxtox16v22079ohrl9cczd,./out/images/clbnxtox16v22079ohrl9cczd.jpg,True
clbnxtox16v26079o9za22paj,./out/images/clbnxtox16v26079o9za22paj.jpg,True
clbnxtox16v2a079o35cy5972,./out/images/clbnxtox16v2a079o35cy5972.jpg,True
clbnxtox16v2e079oda1k00gq,./out/images/clbnxtox16v2e079oda1k00gq.jpg,True
clbnxtox16v2i079og83h0qxc,./out/images/clbnxtox16v2i079og83h0qxc.jpg,True
clbnxtox16v2m079oav5a101z,./out/images/clbnxtox16v2m079oav5a101z.jpg,True
clbnxtox16v2q079oh1cugla2,./out/images/clbnxtox16v2q079oh1cugla2.jpg,True
clbnxtox16v2u079o1pjkb6sz,./out/images/clbnxtox16v2u079o1pjkb6sz.jpg,True
clbnxtox16v2y079og9bearq7,./out/images/clbnxtox16v2y079og9bearq7.jpg,True
clbnxtox16v32079o8vgxhsdh,./out/images/clbnxtox16v32079o8vgxhsdh.jpg,True
clbnxtox16v36079o1e7qg76r,./out/images/clbnxtox16v36079o1e7qg76r.jpg,True
clbnxtox16v3a079o4szk2o0q,./out/images/clbnxtox16v3a079o4szk2o0q.jpg,True
clbnxtox16v3e079o616yfmf5,./out/images/clbnxtox16v3e079o616yfmf5.jpg,True
clbnxtox16v3i079ob4khetqh,./out/images/clbnxtox16v3i079ob4khetqh.jpg,True
clbnxtox16v3m079o4656bnru,./out/images/clbnxtox16v3m079o4656bnru.jpg,True
clbnxtox16v3q079oa4mehs1g,./out/images/clbnxtox16v3q079oa4mehs1g.jpg,True
clbnxtox16v3u079o8z3m8vri,./out/images/clbnxtox16v3u079o8z3m8vri.jpg,True
clbnxtox16v3y079o7g6v3b0a,./out/images/clbnxtox16v3y079o7g6v3b0a.jpg,True
clbnxtox16v42079o7zytfc2r,./out/images/clbnxtox16v42079o7zytfc2r.jpg,True
clbnxtox16v46079o5gnbemrz,./out/images/clbnxtox16v46079o5gnbemrz.jpg,True
clbnxtox16v4a079o45puca76,./out/images/clbnxtox16v4a079o45puca76.jpg,True
clbnxtox16v4e079o8ar9895l,./out/images/clbnxtox16v4e079o8ar9895l.jpg,True
clbnxtox16v4i079o7fac30x8,./out/images/clbnxtox16v4i079o7fac30x8.jpg,True
clbnxtox26v4m079o6cty1u9k,./out/images/clbnxtox26v4m079o6cty1u9k.jpg,True
clbnxtox26v4q079od8oj4k2q,./out/images/clbnxtox26v4q079od8oj4k2q.jpg,True
clbnxtox26v4u079o5nds5qpe,./out/images/clbnxtox26v4u079o5nds5qpe.jpg,True
clbnxtox26v4y079oa57s0iat,./out/images/clbnxtox26v4y079oa57s0iat.jpg,True
clbnxtox26v52079o6ps50nib,./out/images/clbnxtox26v52079o6ps50nib.jpg,True
clbnxtox26v56079oh9ae8qcl,./out/images/clbnxtox26v56079oh9ae8qcl.jpg,True
clbnxtox26v5a079o2pwofoq4,./out/images/clbnxtox26v5a079o2pwofoq4.jpg,True
clbnxtox26v5e079o4qk850lq,./out/images/clbnxtox26v5e079o4qk850lq.jpg,True
clbnxtox26v5i079o5vql5fon,./out/images/clbnxtox26v5i079o5vql5fon.jpg,True
clbnxtox26v5m079o1a2b8j9i,./out/images/clbnxtox26v5m079o1a2b8j9i.jpg,True
clbnxtox26v5q079o0x4g2wgo,./out/images/clbnxtox26v5q079o0x4g2wgo.jpg,True
clbnxtox26v5u079o2kur1wjc,./out/images/clbnxtox26v5u079o2kur1wjc.jpg,True
clbnxtox26v5y079ob123ctyj,./out/images/clbnxtox26v5y079ob123ctyj.jpg,True
clbnxtox26v62079objam9335,./out/images/clbnxtox26v62079objam9335.jpg,True
clbnxtox26v66079odytsecqz,./out/images/clbnxtox26v66079odytsecqz.jpg,True
clbnxtox26v6a079o7s1qdmt5,./out/images/clbnxtox26v6a079o7s1qdmt5.jpg,True
clbnxtox26v6e079ohfcxbet8,./out/images/clbnxtox26v6e079ohfcxbet8.jpg,True
clbnxtox26v6i079o7qdmfude,./out/images/clbnxtox26v6i079o7qdmfude.jpg,True
clbnxtox26v6m079o9p5ehn7r,./out/images/clbnxtox26v6m079o9p5ehn7r.jpg,True
clbnxtox26v6q079o83es86cf,./out/images/clbnxtox26v6q079o83es86cf.jpg,True
clbnxtox26v6u079ofktd76dv,./out/images/clbnxtox26v6u079ofktd76dv.jpg,True
clbnxtox36v6y079ohcs72xzl,./out/images/clbnxtox36v6y079ohcs72xzl.jpg,True
clbnxtox36v72079o558d51su,./out/images/clbnxtox36v72079o558d51su.jpg,True
clbnxtox36v76079oe9mf7537,./out/images/clbnxtox36v76079oe9mf7537.jpg,True
clbnxtox36v7a079o953316ip,./out/images/clbnxtox36v7a079o953316ip.jpg,True
clbnxtox36v7e079o9fbyhmh3,./out/images/clbnxtox36v7e079o9fbyhmh3.jpg,True
clbnxtox36v7i079oc01l28lg,./out/images/clbnxtox36v7i079oc01l28lg.jpg,True
clbnxtox36v7m079oatq60vzr,./out/images/clbnxtox36v7m079oatq60vzr.jpg,True
clbnxtox36v7q079odnfp7ucq,./out/images/clbnxtox36v7q079odnfp7ucq.jpg,True
clbnxtox36v7u079ofwjzd0hb,./out/images/clbnxtox36v7u079ofwjzd0hb.jpg,True
clbnxtox36v7y079o0bf60atm,./out/images/clbnxtox36v7y079o0bf60atm.jpg,True
clbnxtox36v82079ogsqo1p3o,./out/images/clbnxtox36v82079ogsqo1p3o.jpg,True
clbnxtox36v86079oca7kgoiz,./out/images/clbnxtox36v86079oca7kgoiz.jpg,True
clbnxtox36v8a079o0nw60uzs,./out/images/clbnxtox36v8a079o0nw60uzs.jpg,True
clbnxtox36v8e079o92qxg8j9,./out/images/clbnxtox36v8e079o92qxg8j9.jpg,True
clbnxtox36v8i079o5ziudgk3,./out/images/clbnxtox36v8i079o5ziudgk3.jpg,True
clbnxtox36v8m079of19ffbkp,./out/images/clbnxtox36v8m079of19ffbkp.jpg,True
clbnxtox36v8q079o4gkn6kzm,./out/images/clbnxtox36v8q079o4gkn6kzm.jpg,True
clbnxtox36v8u079ohli790f3,./out/images/clbnxtox36v8u079ohli790f3.jpg,True
clbnxtox36v8y079o5opnfolq,./out/images/clbnxtox36v8y079o5opnfolq.jpg,True
clbnxtox36v92079oct6th3vy,./out/images/clbnxtox36v92079oct6th3vy.jpg,True
clbnxtox36v96079o45r1gqt5,./out/images/clbnxtox36v96079o45r1gqt5.jpg,True
clbnxtox36v9a079o8fm6gy7y,./out/images/clbnxtox36v9a079o8fm6gy7y.jpg,True
clbnxtox36v9e079o3mdxcgd8,./out/images/clbnxtox36v9e079o3mdxcgd8.jpg,True
clbnxtox46v9i079o2vam8mhg,./out/images/clbnxtox46v9i079o2vam8mhg.jpg,True
clbnxtox46v9m079o67fgft2c,./out/images/clbnxtox46v9m079o67fgft2c.jpg,True
clbnxtox46v9q079o4yv2gvxu,./out/images/clbnxtox46v9q079o4yv2gvxu.jpg,True
clbnxtox46v9u079o7894b8k6,./out/images/clbnxtox46v9u079o7894b8k6.jpg,True
clbnxtox46v9y079ocr824l1c,./out/images/clbnxtox46v9y079ocr824l1c.jpg,True
clbnxtox46va2079o15lt706g,./out/images/clbnxtox46va2079o15lt706g.jpg,True
clbnxtox46va6079oel06czh7,./out/images/clbnxtox46va6079oel06czh7.jpg,True
clbnxtox46vaa079oaui14xs3,./out/images/clbnxtox46vaa079oaui14xs3.jpg,True
clbnxtox46vae079obovid6xm,./out/images/clbnxtox46vae079obovid6xm.jpg,True
clbnxtox46vai079ogu6ndg4m,./out/images/clbnxtox46vai079ogu6ndg4m.jpg,True
clbnxtox46vam079o88bohzpd,./out/images/clbnxtox46vam079o88bohzpd.jpg,True
clbnxtox46vaq079o3t2c4k5c,./out/images/clbnxtox46vaq079o3t2c4k5c.jpg,True
clbnxtox46vau079oc7wygvi3,./out/images/clbnxtox46vau079oc7wygvi3.jpg,True
clbnxtox46vay079o8jifaf0b,./out/images/clbnxtox46vay079o8jifaf0b.jpg,True
clbnxtox46vb2079oe5u5atmi,./out/images/clbnxtox46vb2079oe5u5atmi.jpg,True
clbnxtox46vb6079odndkdwx0,./out/images/clbnxtox46vb6079odndkdwx0.jpg,True
clbnxtox46vba079o85tncleh,./out/images/clbnxtox46vba079o85tncleh.jpg,True
clbnxtox46vbe079o0o8u66mr,./out/images/clbnxtox46vbe079o0o8u66mr.jpg,True
clbnxtox46vbi079o6wn966vn,./out/images/clbnxtox46vbi079o6wn966vn.jpg,True
clbnxtox46vbm079o67xlcrjf,./out/images/clbnxtox46vbm079o67xlcrjf.jpg,True
clbnxtox46vbq079o4ethblbh,./out/images/clbnxtox46vbq079o4ethblbh.jpg,True
clbnxtox46vbu079o6udifj7g,./out/images/clbnxtox46vbu079o6udifj7g.jpg,True
clbnxtox46vby079ohiyu5apx,./out/images/clbnxtox46vby079ohiyu5apx.jpg,True
clbnxtox56vc2079oe3deg1jw,./out/images/clbnxtox56vc2079oe3deg1jw.jpg,True
clbnxtox56vc6079oeuf7a62g,./out/images/clbnxtox56vc6079oeuf7a62g.jpg,True
clbnxtox56vca079odzgr1ftq,./out/images/clbnxtox56vca079odzgr1ftq.jpg,True
clbnxtox56vce079od2ynb2gd,./out/images/clbnxtox56vce079od2ynb2gd.jpg,True
clbnxtox56vci079o1n8cf35d,./out/images/clbnxtox56vci079o1n8cf35d.jpg,True
clbnxtox56vcm079o1zxp3o3k,./out/images/clbnxtox56vcm079o1zxp3o3k.jpg,True
clbnxtox56vcq079oclpl9y2g,./out/images/clbnxtox56vcq079oclpl9y2g.jpg,True
clbnxtox56vcu079ofyao2e4v,./out/images/clbnxtox56vcu079ofyao2e4v.jpg,True
clbnxtox56vcy079o5x4u8wdp,./out/images/clbnxtox56vcy079o5x4u8wdp.jpg,True
clbnxtox56vd2079o5mlj0n5d,./out/images/clbnxtox56vd2079o5mlj0n5d.jpg,True
clbnxtox56vd6079o5lfh6p73,./out/images/clbnxtox56vd6079o5lfh6p73.jpg,True
clbnxtox56vda079ogut5d60f,./out/images/clbnxtox56vda079ogut5d60f.jpg,True
clbnxtox56vde079o8thvgm7u,./out/images/clbnxtox56vde079o8thvgm7u.jpg,True
clbnxtox56vdi079odxjm6izl,./out/images/clbnxtox56vdi079odxjm6izl.jpg,True
clbnxtox56vdm079o12y5427x,./out/images/clbnxtox56vdm079o12y5427x.jpg,True
clbnxtox56vdq079o1jgghfb9,./out/images/clbnxtox56vdq079o1jgghfb9.jpg,True
clbnxtox56vdu079o3daq4ygq,./out/images/clbnxtox56vdu079o3daq4ygq.jpg,True
clbnxtox56vdy079oed15ftn4,./out/images/clbnxtox56vdy079oed15ftn4.jpg,True
clbnxtox56ve2079o5hqedwid,./out/images/clbnxtox56ve2079o5hqedwid.jpg,True
clbnxtox56ve6079og8kgdons,./out/images/clbnxtox56ve6079og8kgdons.jpg,True
clbnxtox56vea079oe90r6yc1,./out/images/clbnxtox56vea079oe90r6yc1.jpg,True
clbnxtox56vee079od37s6dpi,./out/images/clbnxtox56vee079od37s6dpi.jpg,True
clbnxtox66vei079o1qzk89hy,./out/images/clbnxtox66vei079o1qzk89hy.jpg,True
clbnxtox66vem079obr467oif,./out/images/clbnxtox66vem079obr467oif.jpg,True
clbnxtox66veq079o7k7j8ys8,./out/images/clbnxtox66veq079o7k7j8ys8.jpg,True
clbnxtox66veu079o1qon7ixq,./out/images/clbnxtox66veu079o1qon7ixq.jpg,True
clbnxtox66vey079o6t0e8c8g,./out/images/clbnxtox66vey079o6t0e8c8g.jpg,True
clbnxtox66vf2079oae19gej0,./out/images/clbnxtox66vf2079oae19gej0.jpg,True
clbnxtox66vf6079oe10rguec,./out/images/clbnxtox66vf6079oe10rguec.jpg,True
clbnxtox66vfa079ohtzca4oc,./out/images/clbnxtox66vfa079ohtzca4oc.jpg,True
clbnxtox66vfe079o0vufe1p4,./out/images/clbnxtox66vfe079o0vufe1p4.jpg,True
clbnxtox66vfi079o6a44102e,./out/images/clbnxtox66vfi079o6a44102e.jpg,True
clbnxtox66vfm079ocafihs4b,./out/images/clbnxtox66vfm079ocafihs4b.jpg,True
clbnxtox66vfq079o7p3j4xzn,./out/images/clbnxtox66vfq079o7p3j4xzn.jpg,True
clbnxtox66vfu079o9fsdbgkh,./out/images/clbnxtox66vfu079o9fsdbgkh.jpg,True
clbnxtox66vfy079ogm00c8m2,./out/images/clbnxtox66vfy079ogm00c8m2.jpg,True
clbnxtox66vg2079o5uz37bgj,./out/images/clbnxtox66vg2079o5uz37bgj.jpg,True
clbnxtox66vg6079oghtp49jh,./out/images/clbnxtox66vg6079oghtp49jh.jpg,True
clbnxtox66vga079o91sg7s7r,./out/images/clbnxtox66vga079o91sg7s7r.jpg,True
clbnxtox66vge079ogtrjb21n,./out/images/clbnxtox66vge079ogtrjb21n.jpg,True
clbnxtox66vgi079o8ojbec4f,./out/images/clbnxtox66vgi079o8ojbec4f.jpg,True
clbnxtox66vgm079ogtwje0ej,./out/images/clbnxtox66vgm079ogtwje0ej.jpg,True
clbnxtox66vgq079o9z666ffo,./out/images/clbnxtox66vgq079o9z666ffo.jpg,True
clbnxtox66vgu079o25gcgcrz,./out/images/clbnxtox66vgu079o25gcgcrz.jpg,True
clbnxtox76vgy079o1it64ttb,./out/images/clbnxtox76vgy079o1it64ttb.jpg,True
clbnxtox76vh2079o56r15po7,./out/images/clbnxtox76vh2079o56r15po7.jpg,True
clbnxtox76vh6079od9ww3p1s,./out/images/clbnxtox76vh6079od9ww3p1s.jpg,True
clbnxtox76vha079oht056g7d,./out/images/clbnxtox76vha079oht056g7d.jpg,True
clbnxtox76vhe079o1zg6bcm6,./out/images/clbnxtox76vhe079o1zg6bcm6.jpg,True
clbnxtox76vhi079o9rno53t6,./out/images/clbnxtox76vhi079o9rno53t6.jpg,True
clbnxtox76vhm079oarf594lu,./out/images/clbnxtox76vhm079oarf594lu.jpg,True
clbnxtox76vhq079o6z9tfv2d,./out/images/clbnxtox76vhq079o6z9tfv2d.jpg,True
clbnxtox76vhu079ohgyi3n1c,./out/images/clbnxtox76vhu079ohgyi3n1c.jpg,True
clbnxtox76vhy079o3dxjbbhd,./out/images/clbnxtox76vhy079o3dxjbbhd.jpg,True
clbnxtox76vi2079ob60m3vbp,./out/images/clbnxtox76vi2079ob60m3vbp.jpg,True
clbnxtox76vi6079ohv703svz,./out/images/clbnxtox76vi6079ohv703svz.jpg,True
clbnxtox76via079oepe09x2i,./out/images/clbnxtox76via079oepe09x2i.jpg,True
clbnxtox76vie079o4gbibihe,./out/images/clbnxtox76vie079o4gbibihe.jpg,True
clbnxtox76vii079oc3vh0ys4,./out/images/clbnxtox76vii079oc3vh0ys4.jpg,True
clbnxtox76vim079o8v3f61ar,./out/images/clbnxtox76vim079o8v3f61ar.jpg,True
clbnxtox76viq079od88g1jlb,./out/images/clbnxtox76viq079od88g1jlb.jpg,True
clbnxtox76viu079o3jhofhwq,./out/images/clbnxtox76viu079o3jhofhwq.jpg,True
clbnxtox76viy079oedqb587u,./out/images/clbnxtox76viy079oedqb587u.jpg,True
clbnxtox76vj2079obp3nbduw,./out/images/clbnxtox76vj2079obp3nbduw.jpg,True
clbnxtox76vj6079o5r9hgjpw,./out/images/clbnxtox76vj6079o5r9hgjpw.jpg,True
clbnxtox76vja079o5gt47ax4,./out/images/clbnxtox76vja079o5gt47ax4.jpg,True
clbnxtox76vje079o0aq3e5i1,./out/images/clbnxtox76vje079o0aq3e5i1.jpg,True
clbnxtox86vji079o1nul2s0f,./out/images/clbnxtox86vji079o1nul2s0f.jpg,True
clbnxtox86vjm079o6j376z6c,./out/images/clbnxtox86vjm079o6j376z6c.jpg,True
clbnxtox86vjq079ogxoocbzj,./out/images/clbnxtox86vjq079ogxoocbzj.jpg,True
clbnxtox86vju079o7cf0ali6,./out/images/clbnxtox86vju079o7cf0ali6.jpg,True
clbnxtox86vjy079o1dgbf1ys,./out/images/clbnxtox86vjy079o1dgbf1ys.jpg,True
clbnxtox86vk2079o9wqld73z,./out/images/clbnxtox86vk2079o9wqld73z.jpg,True
clbnxtox86vk6079o0o8cekjp,./out/images/clbnxtox86vk6079o0o8cekjp.jpg,True
clbnxtox86vka079ohrm4av9m,./out/images/clbnxtox86vka079ohrm4av9m.jpg,True
clbnxtox86vke079o3vg559du,./out/images/clbnxtox86vke079o3vg559du.jpg,True
clbnxtox86vki079o9j6r4csf,./out/images/clbnxtox86vki079o9j6r4csf.jpg,True
clbnxtox86vkm079odoet2os4,./out/images/clbnxtox86vkm079odoet2os4.jpg,True
clbnxtox86vkq079o2zqp2p2g,./out/images/clbnxtox86vkq079o2zqp2p2g.jpg,True
clbnxtox86vku079o3b750w8w,./out/images/clbnxtox86vku079o3b750w8w.jpg,True
clbnxtox86vky079o92k6hma7,./out/images/clbnxtox86vky079o92k6hma7.jpg,True
clbnxtox86vl2079ogmm2gv57,./out/images/clbnxtox86vl2079ogmm2gv57.jpg,True
clbnxtox86vl6079o2wir0oeq,./out/images/clbnxtox86vl6079o2wir0oeq.jpg,True
clbnxtox86vla079o3pi26zop,./out/images/clbnxtox86vla079o3pi26zop.jpg,True
clbnxtoxe6vle079o2vdz8ary,./out/images/clbnxtoxe6vle079o2vdz8ary.jpg,True
clbnxtoxf6vli079ogd5bf7uz,./out/images/clbnxtoxf6vli079ogd5bf7uz.jpg,True
clbnxtoxf6vlm079ognyb36ry,./out/images/clbnxtoxf6vlm079ognyb36ry.jpg,True
clbnxtoxf6vlq079oht7mbmu7,./out/images/clbnxtoxf6vlq079oht7mbmu7.jpg,True
clbnxtoxf6vlu079oh4f0cihy,./out/images/clbnxtoxf6vlu079oh4f0cihy.jpg,True
clbnxtoxf6vly079o9awiby7y,./out/images/clbnxtoxf6vly079o9awiby7y.jpg,True
clbnxtoxf6vm2079oax1obuq9,./out/images/clbnxtoxf6vm2079oax1obuq9.jpg,True
clbnxtoxf6vm6079o4ytecr9v,./out/images/clbnxtoxf6vm6079o4ytecr9v.jpg,True
clbnxtoxf6vma079o4xz0hq6n,./out/images/clbnxtoxf6vma079o4xz0hq6n.jpg,True
clbnxtoxf6vme079of6081crs,./out/images/clbnxtoxf6vme079of6081crs.jpg,True
clbnxtoxf6vmi079oa6tkgwvj,./out/images/clbnxtoxf6vmi079oa6tkgwvj.jpg,True
clbnxtoxf6vmm079ohmvs73dc,./out/images/clbnxtoxf6vmm079ohmvs73dc.jpg,True
clbnxtoxf6vmq079ohz0x7hbe,./out/images/clbnxtoxf6vmq079ohz0x7hbe.jpg,True
clbnxtoxf6vmu079o0tezb9xq,./out/images/clbnxtoxf6vmu079o0tezb9xq.jpg,True
clbnxtoxf6vmy079o5qv1fmwm,./out/images/clbnxtoxf6vmy079o5qv1fmwm.jpg,True
clbnxtoxf6vn2079o7yrzg9lq,./out/images/clbnxtoxf6vn2079o7yrzg9lq.jpg,True
clbnxtoxf6vn6079o09q1bnka,./out/images/clbnxtoxf6vn6079o09q1bnka.jpg,True
clbnxtoxf6vna079o4w2h6e65,./out/images/clbnxtoxf6vna079o4w2h6e65.jpg,True
clbnxtoxf6vne079ogvnff8my,./out/images/clbnxtoxf6vne079ogvnff8my.jpg,True
clbnxtoxf6vni079o3zf0hfz8,./out/images/clbnxtoxf6vni079o3zf0hfz8.jpg,True
clbnxtoxf6vnm079oft5nc16o,./out/images/clbnxtoxf6vnm079oft5nc16o.jpg,True
clbnxtoxf6vnq079o7co636pd,./out/images/clbnxtoxf6vnq079o7co636pd.jpg,True
clbnxtoxf6vnu079o38so3z6o,./out/images/clbnxtoxf6vnu079o38so3z6o.jpg,True
clbnxtoxf6vny079o2rjw69ar,./out/images/clbnxtoxf6vny079o2rjw69ar.jpg,True
clbnxtoxg6vo2079obse95p37,./out/images/clbnxtoxg6vo2079obse95p37.jpg,True
clbnxtoxg6vo6079o8oa9ghiz,./out/images/clbnxtoxg6vo6079o8oa9ghiz.jpg,True
clbnxtoxg6voa079oadfh9fyg,./out/images/clbnxtoxg6voa079oadfh9fyg.jpg,True
clbnxtoxg6voe079o61fhd87d,./out/images/clbnxtoxg6voe079o61fhd87d.jpg,True
clbnxtoxg6voi079odeo09amf,./out/images/clbnxtoxg6voi079odeo09amf.jpg,True
clbnxtoxg6vom079ohf65d6gf,./out/images/clbnxtoxg6vom079ohf65d6gf.jpg,True
clbnxtoxg6voq079oaqt791ev,./out/images/clbnxtoxg6voq079oaqt791ev.jpg,True
clbnxtoxg6vou079o6w1p9y9y,./out/images/clbnxtoxg6vou079o6w1p9y9y.jpg,True
clbnxtoxg6voy079o74bj9tng,./out/images/clbnxtoxg6voy079o74bj9tng.jpg,True
clbnxtoxg6vp2079odbv122xt,./out/images/clbnxtoxg6vp2079odbv122xt.jpg,True
clbnxtoxg6vp6079o7395gmn1,./out/images/clbnxtoxg6vp6079o7395gmn1.jpg,True
clbnxtoxg6vpa079odn1ldslk,./out/images/clbnxtoxg6vpa079odn1ldslk.jpg,True
clbnxtoxg6vpe079odq475bxt,./out/images/clbnxtoxg6vpe079odq475bxt.jpg,True
clbnxtoxg6vpi079oglahc6ov,./out/images/clbnxtoxg6vpi079oglahc6ov.jpg,True
clbnxtoxg6vpm079o36jpgc49,./out/images/clbnxtoxg6vpm079o36jpgc49.jpg,True
clbnxtoxg6vpq079obiji1feh,./out/images/clbnxtoxg6vpq079obiji1feh.jpg,True
clbnxtoxg6vpu079o27e80bbs,./out/images/clbnxtoxg6vpu079o27e80bbs.jpg,True
clbnxtoxg6vpy079oh0ebgrgy,./out/images/clbnxtoxg6vpy079oh0ebgrgy.jpg,True
clbnxtoxg6vq2079o1adcfa16,./out/images/clbnxtoxg6vq2079o1adcfa16.jpg,True
clbnxtoxg6vq6079oc9tf2erm,./out/images/clbnxtoxg6vq6079oc9tf2erm.jpg,True
clbnxtoxg6vqa079oc34m46xs,./out/images/clbnxtoxg6vqa079oc34m46xs.jpg,True
clbnxtoxg6vqe079oeenw0fqa,./out/images/clbnxtoxg6vqe079oeenw0fqa.jpg,True
clbnxtoxh6vqi079ogcii9mbd,./out/images/clbnxtoxh6vqi079ogcii9mbd.jpg,True
clbnxtoxh6vqm079o4nd9c6xv,./out/images/clbnxtoxh6vqm079o4nd9c6xv.jpg,True
clbnxtoxh6vqq079o7mi8do6y,./out/images/clbnxtoxh6vqq079o7mi8do6y.jpg,True
clbnxtoxh6vqu079ob2074ezv,./out/images/clbnxtoxh6vqu079ob2074ezv.jpg,True
clbnxtoxh6vqy079oagr60gz4,./out/images/clbnxtoxh6vqy079oagr60gz4.jpg,True
clbnxtoxh6vr2079o0wk4fhev,./out/images/clbnxtoxh6vr2079o0wk4fhev.jpg,True
clbnxtoxh6vr6079oalzfe7wv,./out/images/clbnxtoxh6vr6079oalzfe7wv.jpg,True
clbnxtoxh6vra079o9e6q73ay,./out/images/clbnxtoxh6vra079o9e6q73ay.jpg,True
clbnxtoxh6vre079odi1a7yf1,./out/images/clbnxtoxh6vre079odi1a7yf1.jpg,True
clbnxtoxh6vri079o1wc9c38r,./out/images/clbnxtoxh6vri079o1wc9c38r.jpg,True
clbnxtoxh6vrm079obwkqczgp,./out/images/clbnxtoxh6vrm079obwkqczgp.jpg,True
clbnxtoxh6vrq079o7at8gosc,./out/images/clbnxtoxh6vrq079o7at8gosc.jpg,True
clbnxtoxh6vru079odt7b3e4b,./out/images/clbnxtoxh6vru079odt7b3e4b.jpg,True
clbnxtoxh6vry079o1jgzalds,./out/images/clbnxtoxh6vry079o1jgzalds.jpg,True
clbnxtoxh6vs2079odp25a70r,./out/images/clbnxtoxh6vs2079odp25a70r.jpg,True
clbnxtoxh6vs6079of8n79glj,./out/images/clbnxtoxh6vs6079of8n79glj.jpg,True
clbnxtoxh6vsa079o6rpk89i7,./out/images/clbnxtoxh6vsa079o6rpk89i7.jpg,True
clbnxtoxh6vse079oh50n1uc8,./out/images/clbnxtoxh6vse079oh50n1uc8.jpg,True
clbnxtoxh6vsi079o6ignhh7q,./out/images/clbnxtoxh6vsi079o6ignhh7q.jpg,True
clbnxtoxh6vsm079o781d0g29,./out/images/clbnxtoxh6vsm079o781d0g29.jpg,True
clbnxtoxh6vsq079o12vwg50m,./out/images/clbnxtoxh6vsq079o12vwg50m.jpg,True
clbnxtoxh6vsu079o7vwj9khl,./out/images/clbnxtoxh6vsu079o7vwj9khl.jpg,True
clbnxtoxi6vsy079ohs0f1gf6,./out/images/clbnxtoxi6vsy079ohs0f1gf6.jpg,True
clbnxtoxi6vt2079ogrv17jg2,./out/images/clbnxtoxi6vt2079ogrv17jg2.jpg,True
clbnxtoxi6vt6079ofg119ij0,./out/images/clbnxtoxi6vt6079ofg119ij0.jpg,True
clbnxtoxi6vta079oa7mrgdep,./out/images/clbnxtoxi6vta079oa7mrgdep.jpg,True
clbnxtoxi6vte079o62ldhgfx,./out/images/clbnxtoxi6vte079o62ldhgfx.jpg,True
clbnxtoxi6vti079ob0medvfr,./out/images/clbnxtoxi6vti079ob0medvfr.jpg,True
clbnxtoxi6vtm079obfoia0lp,./out/images/clbnxtoxi6vtm079obfoia0lp.jpg,True
clbnxtoxi6vtq079o5w05a294,./out/images/clbnxtoxi6vtq079o5w05a294.jpg,True
clbnxtoxi6vtu079o66hkhg4z,./out/images/clbnxtoxi6vtu079o66hkhg4z.jpg,True
clbnxtoxi6vty079o0q43gf9c,./out/images/clbnxtoxi6vty079o0q43gf9c.jpg,True
clbnxtoxi6vu2079o60qte0fp,./out/images/clbnxtoxi6vu2079o60qte0fp.jpg,True
clbnxtoxi6vu6079o9u9chur7,./out/images/clbnxtoxi6vu6079o9u9chur7.jpg,True
clbnxtoxi6vua079o6nb3cd4c,./out/images/clbnxtoxi6vua079o6nb3cd4c.jpg,True
clbnxtoxi6vue079o1ktv7zzg,./out/images/clbnxtoxi6vue079o1ktv7zzg.jpg,True
clbnxtoxi6vui079odwgrax7p,./out/images/clbnxtoxi6vui079odwgrax7p.jpg,True
clbnxtoxi6vum079o2gaed9wn,./out/images/clbnxtoxi6vum079o2gaed9wn.jpg,True
clbnxtoxi6vuq079o6zv6c5pb,./out/images/clbnxtoxi6vuq079o6zv6c5pb.jpg,True
clbnxtoxi6vuu079o50tmcuz7,./out/images/clbnxtoxi6vuu079o50tmcuz7.jpg,True
clbnxtoxi6vuy079o4693dh8h,./out/images/clbnxtoxi6vuy079o4693dh8h.jpg,True
clbnxtoxi6vv2079o4ev2fqil,./out/images/clbnxtoxi6vv2079o4ev2fqil.jpg,True
clbnxtoxi6vv6079ogkma32m6,./out/images/clbnxtoxi6vv6079ogkma32m6.jpg,True
clbnxtoxi6vva079ociay7xdx,./out/images/clbnxtoxi6vva079ociay7xdx.jpg,True
clbnxtoxi6vve079obhv9amyi,./out/images/clbnxtoxi6vve079obhv9amyi.jpg,True
clbnxtoxj6vvi079ogtr17hyk,./out/images/clbnxtoxj6vvi079ogtr17hyk.jpg,True
clbnxtoxj6vvm079odg9f1foe,./out/images/clbnxtoxj6vvm079odg9f1foe.jpg,True
clbnxtoxj6vvq079ocxfx5ldy,./out/images/clbnxtoxj6vvq079ocxfx5ldy.jpg,True
clbnxtoxj6vvu079o782w4tnm,./out/images/clbnxtoxj6vvu079o782w4tnm.jpg,True
clbnxtoxj6vvy079o5karazgh,./out/images/clbnxtoxj6vvy079o5karazgh.jpg,True
clbnxtoxj6vw2079o5dtufsu4,./out/images/clbnxtoxj6vw2079o5dtufsu4.jpg,True
clbnxtoxj6vw6079o0pj55y6s,./out/images/clbnxtoxj6vw6079o0pj55y6s.jpg,True
clbnxtoxj6vwa079o82cgc1cb,./out/images/clbnxtoxj6vwa079o82cgc1cb.jpg,True
clbnxtoxj6vwe079o1m7r8afi,./out/images/clbnxtoxj6vwe079o1m7r8afi.jpg,True
clbnxtoxj6vwi079o2jxhhgdy,./out/images/clbnxtoxj6vwi079o2jxhhgdy.jpg,True
clbnxtoxj6vwm079o727q1nl5,./out/images/clbnxtoxj6vwm079o727q1nl5.jpg,True
clbnxtoxj6vwq079oa8xfcdmx,./out/images/clbnxtoxj6vwq079oa8xfcdmx.jpg,True
clbnxtoxj6vwu079o2rso5n89,./out/images/clbnxtoxj6vwu079o2rso5n89.jpg,True
clbnxtoxj6vwy079oawpqbpom,./out/images/clbnxtoxj6vwy079oawpqbpom.jpg,True
clbnxtoxj6vx2079oeasm2sw9,./out/images/clbnxtoxj6vx2079oeasm2sw9.jpg,True
clbnxtoxj6vx6079obxt2h1g1,./out/images/clbnxtoxj6vx6079obxt2h1g1.jpg,True
clbnxtoxj6vxa079o23xeh482,./out/images/clbnxtoxj6vxa079o23xeh482.jpg,True
clbnxtoxj6vxe079ofuni7ydd,./out/images/clbnxtoxj6vxe079ofuni7ydd.jpg,True
clbnxtoxj6vxi079oa0d59zqm,./out/images/clbnxtoxj6vxi079oa0d59zqm.jpg,True
clbnxtoxj6vxm079ohb695adv,./out/images/clbnxtoxj6vxm079ohb695adv.jpg,True
clbnxtoxj6vxq079o20k8emr0,./out/images/clbnxtoxj6vxq079o20k8emr0.jpg,True
clbnxtoxj6vxu079o4kclhmqg,./out/images/clbnxtoxj6vxu079o4kclhmqg.jpg,True
clbnxtoxj6vxy079o5bet8z39,./out/images/clbnxtoxj6vxy079o5bet8z39.jpg,True
clbnxtoxk6vy2079ohhq10yhh,./out/images/clbnxtoxk6vy2079ohhq10yhh.jpg,True
clbnxtoxk6vy6079od30756ia,./out/images/clbnxtoxk6vy6079od30756ia.jpg,True
clbnxtoxk6vya079o3a2sbgi3,./out/images/clbnxtoxk6vya079o3a2sbgi3.jpg,True
clbnxtoxk6vye079ogvzadxfr,./out/images/clbnxtoxk6vye079ogvzadxfr.jpg,True
clbnxtoxk6vyi079o6fn66vfs,./out/images/clbnxtoxk6vyi079o6fn66vfs.jpg,True
clbnxtoxk6vym079oamdgcji4,./out/images/clbnxtoxk6vym079oamdgcji4.jpg,True
clbnxtoxk6vyq079o23i35z0l,./out/images/clbnxtoxk6vyq079o23i35z0l.jpg,True
clbnxtoxk6vyu079oc9jmgtlz,./out/images/clbnxtoxk6vyu079oc9jmgtlz.jpg,True
clbnxtoxk6vyy079o75pfbr9t,./out/images/clbnxtoxk6vyy079o75pfbr9t.jpg,True
clbnxtoxk6vz2079oa1vrchod,./out/images/clbnxtoxk6vz2079oa1vrchod.jpg,True
clbnxtoxk6vz6079o0o3zgtgz,./out/images/clbnxtoxk6vz6079o0o3zgtgz.jpg,True
clbnxtoxk6vza079oeazba3hc,./out/images/clbnxtoxk6vza079oeazba3hc.jpg,True
clbnxtoxk6vze079ocsupb0x3,./out/images/clbnxtoxk6vze079ocsupb0x3.jpg,True
clbnxtoxk6vzi079ogso3g569,./out/images/clbnxtoxk6vzi079ogso3g569.jpg,True
clbnxtoxk6vzm079o07m411a2,./out/images/clbnxtoxk6vzm079o07m411a2.jpg,True
clbnxtoxk6vzq079o72ll70bs,./out/images/clbnxtoxk6vzq079o72ll70bs.jpg,True
clbnxtoxk6vzu079oad6b3ixb,./out/images/clbnxtoxk6vzu079oad6b3ixb.jpg,True
clbnxtoxk6vzy079o829b9hig,./out/images/clbnxtoxk6vzy079o829b9hig.jpg,True
clbnxtoxk6w02079o9o0gac60,./out/images/clbnxtoxk6w02079o9o0gac60.jpg,True
clbnxtoxk6w06079oak4d42hp,./out/images/clbnxtoxk6w06079oak4d42hp.jpg,True
clbnxtoxk6w0a079of4gw01zs,./out/images/clbnxtoxk6w0a079of4gw01zs.jpg,True
clbnxtoxk6w0e079ogdqubktx,./out/images/clbnxtoxk6w0e079ogdqubktx.jpg,True
clbnxtoxk6w0i079oh7sr2k80,./out/images/clbnxtoxk6w0i079oh7sr2k80.jpg,True
clbnxtoxk6w0m079ohjorb0ry,./out/images/clbnxtoxk6w0m079ohjorb0ry.jpg,True
clbnxtoxl6w0q079o3pfq5nr0,./out/images/clbnxtoxl6w0q079o3pfq5nr0.jpg,True
clbnxtoxl6w0u079o2l654j9z,./out/images/clbnxtoxl6w0u079o2l654j9z.jpg,True
clbnxtoxl6w0y079oa8kob1xn,./out/images/clbnxtoxl6w0y079oa8kob1xn.jpg,True
clbnxtoxl6w12079obu21ch46,./out/images/clbnxtoxl6w12079obu21ch46.jpg,True
clbnxtoxl6w16079o71a0d7rk,./out/images/clbnxtoxl6w16079o71a0d7rk.jpg,True
clbnxtoxl6w1a079oa7l204v3,./out/images/clbnxtoxl6w1a079oa7l204v3.jpg,True
clbnxtoxl6w1e079o0ieo9geo,./out/images/clbnxtoxl6w1e079o0ieo9geo.jpg,True
clbnxtoxl6w1i079oa82t005d,./out/images/clbnxtoxl6w1i079oa82t005d.jpg,True
clbnxtoxl6w1m079o6n48429u,./out/images/clbnxtoxl6w1m079o6n48429u.jpg,True
clbnxtoxl6w1q079o4svjh65y,./out/images/clbnxtoxl6w1q079o4svjh65y.jpg,True
clbnxtoxl6w1u079odp768k0k,./out/images/clbnxtoxl6w1u079odp768k0k.jpg,True
clbnxtoxl6w1y079o7b05ej6t,./out/images/clbnxtoxl6w1y079o7b05ej6t.jpg,True
clbnxtoxl6w22079odmccdmo4,./out/images/clbnxtoxl6w22079odmccdmo4.jpg,True
clbnxtoxl6w26079oc94ickf6,./out/images/clbnxtoxl6w26079oc94ickf6.jpg,True
clbnxtoxl6w2a079o1xcq2dgq,./out/images/clbnxtoxl6w2a079o1xcq2dgq.jpg,True
clbnxtoxl6w2e079oc1npb1w7,./out/images/clbnxtoxl6w2e079oc1npb1w7.jpg,True
clbnxtoxl6w2i079o9u4ne0l9,./out/images/clbnxtoxl6w2i079o9u4ne0l9.jpg,True
clbnxtoxl6w2m079oewgf3xiz,./out/images/clbnxtoxl6w2m079oewgf3xiz.jpg,True
clbnxtoxl6w2q079oh0o7hhhl,./out/images/clbnxtoxl6w2q079oh0o7hhhl.jpg,True
clbnxtoxl6w2u079o0pjsg1pm,./out/images/clbnxtoxl6w2u079o0pjsg1pm.jpg,True
clbnxtoxl6w2y079o6fmw2jhv,./out/images/clbnxtoxl6w2y079o6fmw2jhv.jpg,True
clbnxtoxl6w32079odugz309r,./out/images/clbnxtoxl6w32079odugz309r.jpg,True
clbnxtoxl6w36079o5diw4p3x,./out/images/clbnxtoxl6w36079o5diw4p3x.jpg,True
clbnxtoxm6w3a079o30s6atp8,./out/images/clbnxtoxm6w3a079o30s6atp8.jpg,True
clbnxtoxm6w3e079obydobnsi,./out/images/clbnxtoxm6w3e079obydobnsi.jpg,True
clbnxtoxm6w3i079oafxxe8e2,./out/images/clbnxtoxm6w3i079oafxxe8e2.jpg,True
clbnxtoxm6w3m079o2qyzf987,./out/images/clbnxtoxm6w3m079o2qyzf987.jpg,True
clbnxtoxm6w3q079ocxbu38ba,./out/images/clbnxtoxm6w3q079ocxbu38ba.jpg,True
clbnxtoxm6w3u079o8yq763ke,./out/images/clbnxtoxm6w3u079o8yq763ke.jpg,True
clbnxtoxm6w3y079od6br1abz,./out/images/clbnxtoxm6w3y079od6br1abz.jpg,True
clbnxtoxm6w42079o4w3u3dax,./out/images/clbnxtoxm6w42079o4w3u3dax.jpg,True
clbnxtoxm6w46079o21mw0sex,./out/images/clbnxtoxm6w46079o21mw0sex.jpg,True
clbnxtoxm6w4a079o0msi9svi,./out/images/clbnxtoxm6w4a079o0msi9svi.jpg,True
clbnxtoxm6w4e079o07cufy99,./out/images/clbnxtoxm6w4e079o07cufy99.jpg,True
clbnxtoxm6w4i079o9600cqfz,./out/images/clbnxtoxm6w4i079o9600cqfz.jpg,True
clbnxtoxm6w4m079obocf2llo,./out/images/clbnxtoxm6w4m079obocf2llo.jpg,True
clbnxtoxm6w4q079o8t506rgi,./out/images/clbnxtoxm6w4q079o8t506rgi.jpg,True
clbnxtoxm6w4u079o71fm47ak,./out/images/clbnxtoxm6w4u079o71fm47ak.jpg,True
clbnxtoxm6w4y079ogc5h1unf,./out/images/clbnxtoxm6w4y079ogc5h1unf.jpg,True
clbnxtoxm6w52079og9xw67hy,./out/images/clbnxtoxm6w52079og9xw67hy.jpg,True
clbnxtoxm6w56079occfictz9,./out/images/clbnxtoxm6w56079occfictz9.jpg,True
clbnxtoxm6w5a079o9w5j4ttu,./out/images/clbnxtoxm6w5a079o9w5j4ttu.jpg,True
clbnxtoxm6w5e079odntg5937,./out/images/clbnxtoxm6w5e079odntg5937.jpg,True
clbnxtoxm6w5i079o82f6e9a6,./out/images/clbnxtoxm6w5i079o82f6e9a6.jpg,True
clbnxtoxm6w5m079o5snl2s3l,./out/images/clbnxtoxm6w5m079o5snl2s3l.jpg,True
clbnxtoxm6w5q079o6zxvebk6,./out/images/clbnxtoxm6w5q079o6zxvebk6.jpg,True
clbnxtoxn6w5u079oa0yohyjr,./out/images/clbnxtoxn6w5u079oa0yohyjr.jpg,True
clbnxtoxn6w5y079ofqq79baq,./out/images/clbnxtoxn6w5y079ofqq79baq.jpg,True
clbnxtoxn6w62079o2z9g61ui,./out/images/clbnxtoxn6w62079o2z9g61ui.jpg,True
clbnxtoxn6w66079odx7iflbn,./out/images/clbnxtoxn6w66079odx7iflbn.jpg,True
clbnxtoxn6w6a079o43495jj4,./out/images/clbnxtoxn6w6a079o43495jj4.jpg,True
clbnxtoxn6w6e079o4c9k1ll6,./out/images/clbnxtoxn6w6e079o4c9k1ll6.jpg,True
clbnxtoxn6w6i079o7bah6flo,./out/images/clbnxtoxn6w6i079o7bah6flo.jpg,True
clbnxtoxn6w6m079offr1e9s5,./out/images/clbnxtoxn6w6m079offr1e9s5.jpg,True
clbnxtoxn6w6q079o00h02ele,./out/images/clbnxtoxn6w6q079o00h02ele.jpg,True
clbnxtoxn6w6u079o5oz1c9xw,./out/images/clbnxtoxn6w6u079o5oz1c9xw.jpg,True
clbnxtoxq6w6y079o5s1115i3,./out/images/clbnxtoxq6w6y079o5s1115i3.jpg,True
clbnxtoxq6w72079o2ndq6ucx,./out/images/clbnxtoxq6w72079o2ndq6ucx.jpg,True
clbnxtoxq6w76079ogotk7if7,./out/images/clbnxtoxq6w76079ogotk7if7.jpg,True
clbnxtoxq6w7a079oahy4e4g4,./out/images/clbnxtoxq6w7a079oahy4e4g4.jpg,True
clbnxtoxq6w7e079o2mv28fyl,./out/images/clbnxtoxq6w7e079o2mv28fyl.jpg,True
clbnxtoxq6w7i079o1id4arg6,./out/images/clbnxtoxq6w7i079o1id4arg6.jpg,True
clbnxtoxq6w7m079oa310ahod,./out/images/clbnxtoxq6w7m079oa310ahod.jpg,True
clbnxtoxq6w7q079o1ic2ayxh,./out/images/clbnxtoxq6w7q079o1ic2ayxh.jpg,True
clbnxtoxq6w7u079ob32ncqu6,./out/images/clbnxtoxq6w7u079ob32ncqu6.jpg,True
clbnxtoxq6w7y079o3p42hea1,./out/images/clbnxtoxq6w7y079o3p42hea1.jpg,True
clbnxtoxr6w82079o1fwg8xl3,./out/images/clbnxtoxr6w82079o1fwg8xl3.jpg,True
clbnxtoxr6w86079og4fy26cd,./out/images/clbnxtoxr6w86079og4fy26cd.jpg,True
clbnxtoxr6w8a079o78lt09hy,./out/images/clbnxtoxr6w8a079o78lt09hy.jpg,True
clbnxtoxr6w8e079obri70fw3,./out/images/clbnxtoxr6w8e079obri70fw3.jpg,True
clbnxtoxr6w8i079oc6aq6u51,./out/images/clbnxtoxr6w8i079oc6aq6u51.jpg,True
clbnxtoxr6w8m079odic00azn,./out/images/clbnxtoxr6w8m079odic00azn.jpg,True
clbnxtoxr6w8q079oblzycha6,./out/images/clbnxtoxr6w8q079oblzycha6.jpg,True
clbnxtoxr6w8u079o7k3da97o,./out/images/clbnxtoxr6w8u079o7k3da97o.jpg,True
clbnxtoxr6w8y079o41ush7zh,./out/images/clbnxtoxr6w8y079o41ush7zh.jpg,True
clbnxtoxr6w92079oft6ugy0t,./out/images/clbnxtoxr6w92079oft6ugy0t.jpg,True
clbnxtoxr6w96079oa51sds79,./out/images/clbnxtoxr6w96079oa51sds79.jpg,True
clbnxtoxr6w9a079oau16hhst,./out/images/clbnxtoxr6w9a079oau16hhst.jpg,True
clbnxtoxr6w9e079o4f60fbou,./out/images/clbnxtoxr6w9e079o4f60fbou.jpg,True
clbnxtoxr6w9i079ogwbgh5km,./out/images/clbnxtoxr6w9i079ogwbgh5km.jpg,True
clbnxtoxr6w9m079o7rzk5om3,./out/images/clbnxtoxr6w9m079o7rzk5om3.jpg,True
clbnxtoxs6w9q079ohiqifec1,./out/images/clbnxtoxs6w9q079ohiqifec1.jpg,True
clbnxtoxs6w9u079ofhey2uil,./out/images/clbnxtoxs6w9u079ofhey2uil.jpg,True
clbnxtoxs6w9y079o5ec253lo,./out/images/clbnxtoxs6w9y079o5ec253lo.jpg,True
clbnxtoxs6wa2079o3omea842,./out/images/clbnxtoxs6wa2079o3omea842.jpg,True
clbnxtoxs6wa6079oecmf4597,./out/images/clbnxtoxs6wa6079oecmf4597.jpg,True
clbnxtoxs6waa079oeeccc5kp,./out/images/clbnxtoxs6waa079oeeccc5kp.jpg,True
clbnxtoxs6wae079o1vp058eu,./out/images/clbnxtoxs6wae079o1vp058eu.jpg,True
clbnxtoxs6wai079o0t0m3d1x,./out/images/clbnxtoxs6wai079o0t0m3d1x.jpg,True
clbnxtoxs6wam079ocypn8bcp,./out/images/clbnxtoxs6wam079ocypn8bcp.jpg,True
clbnxtoxs6waq079o8vj37vly,./out/images/clbnxtoxs6waq079o8vj37vly.jpg,True
clbnxtoxs6wau079oakb6e7fz,./out/images/clbnxtoxs6wau079oakb6e7fz.jpg,True
clbnxtoxs6way079o19if8gij,./out/images/clbnxtoxs6way079o19if8gij.jpg,True
clbnxtoxs6wb2079ofximel3i,./out/images/clbnxtoxs6wb2079ofximel3i.jpg,True
clbnxtoxs6wb6079ogo9194lb,./out/images/clbnxtoxs6wb6079ogo9194lb.jpg,True
clbnxtoxs6wba079ob8a90g0t,./out/images/clbnxtoxs6wba079ob8a90g0t.jpg,True
clbnxtoxs6wbe079oha1v2upi,./out/images/clbnxtoxs6wbe079oha1v2upi.jpg,True
clbnxtoxs6wbi079o5vb48b29,./out/images/clbnxtoxs6wbi079o5vb48b29.jpg,True
clbnxtoxs6wbm079o8ssg056f,./out/images/clbnxtoxs6wbm079o8ssg056f.jpg,True
clbnxtoxt6wbq079oajj4akjq,./out/images/clbnxtoxt6wbq079oajj4akjq.jpg,True
clbnxtoxt6wbu079ocuwy9dd0,./out/images/clbnxtoxt6wbu079ocuwy9dd0.jpg,True
clbnxtoxt6wby079of2rx11n9,./out/images/clbnxtoxt6wby079of2rx11n9.jpg,True
clbnxtoxt6wc2079ohn3v7vf8,./out/images/clbnxtoxt6wc2079ohn3v7vf8.jpg,True
clbnxtoxt6wc6079ob57n9g2g,./out/images/clbnxtoxt6wc6079ob57n9g2g.jpg,True
clbnxtoxt6wca079o3lw19ax8,./out/images/clbnxtoxt6wca079o3lw19ax8.jpg,True
clbnxtoxt6wce079ogwimgbzw,./out/images/clbnxtoxt6wce079ogwimgbzw.jpg,True
clbnxtoxt6wci079ochy1hyte,./out/images/clbnxtoxt6wci079ochy1hyte.jpg,True
clbnxtoxt6wcm079oac4lhaa4,./out/images/clbnxtoxt6wcm079oac4lhaa4.jpg,True
clbnxtoxt6wcq079o4vil2rzx,./out/images/clbnxtoxt6wcq079o4vil2rzx.jpg,True
clbnxtoxt6wcu079oat7x1u5v,./out/images/clbnxtoxt6wcu079oat7x1u5v.jpg,True
clbnxtoxt6wcy079o9t9687ec,./out/images/clbnxtoxt6wcy079o9t9687ec.jpg,True
clbnxtoxt6wd2079o9qu5364d,./out/images/clbnxtoxt6wd2079o9qu5364d.jpg,True
clbnxtoxt6wd6079obsn547jj,./out/images/clbnxtoxt6wd6079obsn547jj.jpg,True
clbnxtoxt6wda079o549uhdfe,./out/images/clbnxtoxt6wda079o549uhdfe.jpg,True
clbnxtoxt6wde079o1ylx5o6q,./out/images/clbnxtoxt6wde079o1ylx5o6q.jpg,True
clbnxtoxt6wdi079o52yo383i,./out/images/clbnxtoxt6wdi079o52yo383i.jpg,True
clbnxtoxt6wdm079o91zbbpw1,./out/images/clbnxtoxt6wdm079o91zbbpw1.jpg,True
clbnxtoxu6wdq079o0xadg03l,./out/images/clbnxtoxu6wdq079o0xadg03l.jpg,True
clbnxtoxu6wdu079odzv2frbi,./out/images/clbnxtoxu6wdu079odzv2frbi.jpg,True
clbnxtoxu6wdy079o7akedzl1,./out/images/clbnxtoxu6wdy079o7akedzl1.jpg,True
clbnxtoxu6we2079o7nt4bpv4,./out/images/clbnxtoxu6we2079o7nt4bpv4.jpg,True
clbnxtoxu6we6079o7xhz6wfd,./out/images/clbnxtoxu6we6079o7xhz6wfd.jpg,True
clbnxtoxu6wea079o8l7a7zel,./out/images/clbnxtoxu6wea079o8l7a7zel.jpg,True
clbnxtoxu6wee079o4g2l8qzw,./out/images/clbnxtoxu6wee079o4g2l8qzw.jpg,True
clbo5zkcocivo0785g4rggsg1,./out/images/clbo5zkcocivo0785g4rggsg1.jpg,True
clb0lbwy6dnqk086u0oz2a6m7,./out/images/clb0lbwy6dnqk086u0oz2a6m7.jpg,True
clb0lbwy7dnqo086uhnyj96b9,./out/images/clb0lbwy7dnqo086uhnyj96b9.jpg,True
clb0lbwy7dnqs086u189zh2kz,./out/images/clb0lbwy7dnqs086u189zh2kz.jpg,True
clb0lbwy7dnqw086u2qv9c759,./out/images/clb0lbwy7dnqw086u2qv9c759.jpg,True
clb0lbwy7dnr0086u9mek37t7,./out/images/clb0lbwy7dnr0086u9mek37t7.jpg,True
clb0lbwy7dnr4086ufsdn92hq,./out/images/clb0lbwy7dnr4086ufsdn92hq.jpg,True
clb0lbwy7dnr8086u17afgutj,./out/images/clb0lbwy7dnr8086u17afgutj.jpg,True
clb0lbwy7dnrc086uh0a2e7sg,./out/images/clb0lbwy7dnrc086uh0a2e7sg.jpg,True
clb0lbwy7dnrg086ufgos4fl0,./out/images/clb0lbwy7dnrg086ufgos4fl0.jpg,True
clb0lbwy7dnrk086ug93i0rm3,./out/images/clb0lbwy7dnrk086ug93i0rm3.jpg,True
clb0lbwy7dnro086u142bcuu3,./out/images/clb0lbwy7dnro086u142bcuu3.jpg,True
clb0lbwy7dnrs086u12850wcd,./out/images/clb0lbwy7dnrs086u12850wcd.jpg,True
clb0lbwy7dnrw086ua2y02d75,./out/images/clb0lbwy7dnrw086ua2y02d75.jpg,True
clb0lbwy7dns0086u968beqbq,./out/images/clb0lbwy7dns0086u968beqbq.jpg,True
clb0lbwy7dns4086u9wbnd0s2,./out/images/clb0lbwy7dns4086u9wbnd0s2.jpg,True
clb0lbwy7dns8086u753adxbs,./out/images/clb0lbwy7dns8086u753adxbs.jpg,True
clb0lbwy8dnsc086ucag7cw59,./out/images/clb0lbwy8dnsc086ucag7cw59.jpg,True
clb0lbwy8dnsg086uhay8hwgv,./out/images/clb0lbwy8dnsg086uhay8hwgv.jpg,True
clb0lbwy8dnsk086ucjt4gnux,./out/images/clb0lbwy8dnsk086ucjt4gnux.jpg,True
clb0lbwy8dnso086ub9xpgwww,./out/images/clb0lbwy8dnso086ub9xpgwww.jpg,True
clb0lbwy8dnss086u2s84excy,./out/images/clb0lbwy8dnss086u2s84excy.jpg,True
clb0lbwy8dnsw086uh76h47is,./out/images/clb0lbwy8dnsw086uh76h47is.jpg,True
clb0lbwy8dnt0086u6s76de6j,./out/images/clb0lbwy8dnt0086u6s76de6j.jpg,True
clb0lbwy8dnt4086uavvubxta,./out/images/clb0lbwy8dnt4086uavvubxta.jpg,True
clb0lbwy8dnt8086u900q8ihk,./out/images/clb0lbwy8dnt8086u900q8ihk.jpg,True
clb0lbwy8dntc086u22r29owf,./out/images/clb0lbwy8dntc086u22r29owf.jpg,True
clb0lbwy8dntg086uh6o84grr,./out/images/clb0lbwy8dntg086uh6o84grr.jpg,True
clb0lbwy8dntk086uax50dty8,./out/images/clb0lbwy8dntk086uax50dty8.jpg,True
clb0lbwy8dnto086uh9rt9e4a,./out/images/clb0lbwy8dnto086uh9rt9e4a.jpg,True
clb0lbwy8dnts086uaqh76m5i,./out/images/clb0lbwy8dnts086uaqh76m5i.jpg,True
clb0lbwy8dntw086ua9cp2rjp,./out/images/clb0lbwy8dntw086ua9cp2rjp.jpg,True
clb0lbwy8dnu0086u717nakwr,./out/images/clb0lbwy8dnu0086u717nakwr.jpg,True
clb0lbwy9dnu4086ug8767ptx,./out/images/clb0lbwy9dnu4086ug8767ptx.jpg,True
clb0lbwy9dnu8086u0w775i6e,./out/images/clb0lbwy9dnu8086u0w775i6e.jpg,True
clb0lbwy9dnuc086u6rbd1c6e,./out/images/clb0lbwy9dnuc086u6rbd1c6e.jpg,True
clb0lbwy9dnug086u9wwld50l,./out/images/clb0lbwy9dnug086u9wwld50l.jpg,True
clb0lbwy9dnuk086ua3zpcu64,./out/images/clb0lbwy9dnuk086ua3zpcu64.jpg,True
clb0lbwy9dnuo086ugphk2mh1,./out/images/clb0lbwy9dnuo086ugphk2mh1.jpg,True
clb0lbwy9dnus086uf7wb9t8t,./out/images/clb0lbwy9dnus086uf7wb9t8t.jpg,True
clb0lbwy9dnuw086uf7h250uk,./out/images/clb0lbwy9dnuw086uf7h250uk.jpg,True
clb0lbwy9dnv0086u8q2oc9r9,./out/images/clb0lbwy9dnv0086u8q2oc9r9.jpg,True
clb0lbwy9dnv4086u9j0544ac,./out/images/clb0lbwy9dnv4086u9j0544ac.jpg,True
clb0lbwy9dnv8086ub89u1wpe,./out/images/clb0lbwy9dnv8086ub89u1wpe.jpg,True
clb0lbwy9dnvc086u3vkl2rfg,./out/images/clb0lbwy9dnvc086u3vkl2rfg.jpg,True
clb0lbwy9dnvg086u6xpod9qv,./out/images/clb0lbwy9dnvg086u6xpod9qv.jpg,True
clb0lbwy9dnvk086u0ck0e8vb,./out/images/clb0lbwy9dnvk086u0ck0e8vb.jpg,True
clb0lbwy9dnvo086u5t4ggt5r,./out/images/clb0lbwy9dnvo086u5t4ggt5r.jpg,True
clb0lbwyadnvs086uaf5z6pig,./out/images/clb0lbwyadnvs086uaf5z6pig.jpg,True
clb0lbwyadnvw086u0cc28rjr,./out/images/clb0lbwyadnvw086u0cc28rjr.jpg,True
clb0lbwyadnw0086ugjmw1jsw,./out/images/clb0lbwyadnw0086ugjmw1jsw.jpg,True
clb0lbwyadnw4086u4c9bfydc,./out/images/clb0lbwyadnw4086u4c9bfydc.jpg,True
clb0lbwyadnw8086u11ci1485,./out/images/clb0lbwyadnw8086u11ci1485.jpg,True
clb0lbwyadnwc086ua6dmeyak,./out/images/clb0lbwyadnwc086ua6dmeyak.jpg,True
clb0lbwyadnwg086u728qgzcf,./out/images/clb0lbwyadnwg086u728qgzcf.jpg,True
clb0lbwyadnwk086u56bx8ult,./out/images/clb0lbwyadnwk086u56bx8ult.jpg,True
clb0lbwyadnwo086u7zcc1h25,./out/images/clb0lbwyadnwo086u7zcc1h25.jpg,True
clb0lbwyadnws086ugw1vd5xq,./out/images/clb0lbwyadnws086ugw1vd5xq.jpg,True
clb0lbwyadnww086ud9ib26ab,./out/images/clb0lbwyadnww086ud9ib26ab.jpg,True
clb0lbwyadnx0086u3rmy9wt0,./out/images/clb0lbwyadnx0086u3rmy9wt0.jpg,True
clb0lbwyadnx4086u7i6da7zp,./out/images/clb0lbwyadnx4086u7i6da7zp.jpg,True
clb0lbwyadnx8086uau4u0tm2,./out/images/clb0lbwyadnx8086uau4u0tm2.jpg,True
clb0lbwyadnxc086u61nr9r4z,./out/images/clb0lbwyadnxc086u61nr9r4z.jpg,True
clb0lbwyadnxg086u2fpx1yxh,./out/images/clb0lbwyadnxg086u2fpx1yxh.jpg,True
clb0lbwybdnxk086ubula9ldn,./out/images/clb0lbwybdnxk086ubula9ldn.jpg,True
clb0lbwybdnxo086ug5o9dg4w,./out/images/clb0lbwybdnxo086ug5o9dg4w.jpg,True
clb0lbwybdnxs086ubb915hl6,./out/images/clb0lbwybdnxs086ubb915hl6.jpg,True
clb0lbwybdnxw086u1gcf5y2h,./out/images/clb0lbwybdnxw086u1gcf5y2h.jpg,True
clb0lbwybdny0086u62gibfu9,./out/images/clb0lbwybdny0086u62gibfu9.jpg,True
clb0lbwybdny4086u7yv98xl5,./out/images/clb0lbwybdny4086u7yv98xl5.jpg,True
clb0lbwybdny8086u12yrb44u,./out/images/clb0lbwybdny8086u12yrb44u.jpg,True
clb0lbwybdnyc086u615667vs,./out/images/clb0lbwybdnyc086u615667vs.jpg,True
clb0lbwybdnyg086udpzx1ivi,./out/images/clb0lbwybdnyg086udpzx1ivi.jpg,True
clb0lbwybdnyk086ufld28dpu,./out/images/clb0lbwybdnyk086ufld28dpu.jpg,True
clb0lbwybdnyo086ucmsy24sd,./out/images/clb0lbwybdnyo086ucmsy24sd.jpg,True
clb0lbwybdnys086udgmag3y4,./out/images/clb0lbwybdnys086udgmag3y4.jpg,True
clb0lbwybdnyw086u71oa219h,./out/images/clb0lbwybdnyw086u71oa219h.jpg,True
clb0lbwybdnz0086uau3bcs12,./out/images/clb0lbwybdnz0086uau3bcs12.jpg,True
clb0lbwybdnz4086ufr8f5xlu,./out/images/clb0lbwybdnz4086ufr8f5xlu.jpg,True
clb0lbwybdnz8086u24pid7l7,./out/images/clb0lbwybdnz8086u24pid7l7.jpg,True
clb0lbwybdnzc086udf9ub2rj,./out/images/clb0lbwybdnzc086udf9ub2rj.jpg,True
clb0lbwycdnzg086uepiv8icn,./out/images/clb0lbwycdnzg086uepiv8icn.jpg,True
clb0lbwycdnzk086u83ne4c98,./out/images/clb0lbwycdnzk086u83ne4c98.jpg,True
clb0lbwycdnzo086u8is73q31,./out/images/clb0lbwycdnzo086u8is73q31.jpg,True
clb0lbwycdnzs086u2tpm9grv,./out/images/clb0lbwycdnzs086u2tpm9grv.jpg,True
clb0lbwycdnzw086udcyb2keq,./out/images/clb0lbwycdnzw086udcyb2keq.jpg,True
clb0lbwycdo00086ue2pjcb9i,./out/images/clb0lbwycdo00086ue2pjcb9i.jpg,True
clb0lbwycdo04086udiat82bz,./out/images/clb0lbwycdo04086udiat82bz.jpg,True
clb0lbwycdo08086uaf016oxv,./out/images/clb0lbwycdo08086uaf016oxv.jpg,True
clb0lbwycdo0c086uftdmf2oz,./out/images/clb0lbwycdo0c086uftdmf2oz.jpg,True
clb0lbwycdo0g086u7c1p4gd4,./out/images/clb0lbwycdo0g086u7c1p4gd4.jpg,True
clb0lbwycdo0k086ugwwd9bqg,./out/images/clb0lbwycdo0k086ugwwd9bqg.jpg,True
clb0lbwycdo0o086uch492vbv,./out/images/clb0lbwycdo0o086uch492vbv.jpg,True
clb0lbwycdo0s086u5t968y1p,./out/images/clb0lbwycdo0s086u5t968y1p.jpg,True
clb0lbwycdo0w086uaqj2gpim,./out/images/clb0lbwycdo0w086uaqj2gpim.jpg,True
clb0lbwycdo10086u8l6og5eq,./out/images/clb0lbwycdo10086u8l6og5eq.jpg,True
clb0lbwycdo14086u6ed42c0g,./out/images/clb0lbwycdo14086u6ed42c0g.jpg,True
clb0lbwyddo18086u02yo1wf9,./out/images/clb0lbwyddo18086u02yo1wf9.jpg,True
clb0lbwyddo1c086uh24f0tcc,./out/images/clb0lbwyddo1c086uh24f0tcc.jpg,True
clb0lbwyddo1g086u2ohxaddz,./out/images/clb0lbwyddo1g086u2ohxaddz.jpg,True
clb0lbwyddo1k086u8a465w2c,./out/images/clb0lbwyddo1k086u8a465w2c.jpg,True
clb0lbwyddo1o086u48eg91gb,./out/images/clb0lbwyddo1o086u48eg91gb.jpg,True
clb0lbwyddo1s086u3pglfu4d,./out/images/clb0lbwyddo1s086u3pglfu4d.jpg,True
clb0lbwyddo1w086u8d955azz,./out/images/clb0lbwyddo1w086u8d955azz.jpg,True
clb0lbwyddo20086uhqgaccfi,./out/images/clb0lbwyddo20086uhqgaccfi.jpg,True
clb0lbwyddo24086u030w1xjo,./out/images/clb0lbwyddo24086u030w1xjo.jpg,True
clb0lbwyddo28086u9gcj0yfr,./out/images/clb0lbwyddo28086u9gcj0yfr.jpg,True
clb0lbwyddo2c086ubcgogoqd,./out/images/clb0lbwyddo2c086ubcgogoqd.jpg,True
clb0lbwyddo2g086u98qfenit,./out/images/clb0lbwyddo2g086u98qfenit.jpg,True
clb0lbwyddo2k086u5gxt3rz1,./out/images/clb0lbwyddo2k086u5gxt3rz1.jpg,True
clb0lbwyddo2o086u6014e4yc,./out/images/clb0lbwyddo2o086u6014e4yc.jpg,True
clb0lbwyddo2s086u5ui71n3f,./out/images/clb0lbwyddo2s086u5ui71n3f.jpg,True
clb0lbwyddo2w086u20rf12d7,./out/images/clb0lbwyddo2w086u20rf12d7.jpg,True
clb0lbwyddo30086ughvx06tx,./out/images/clb0lbwyddo30086ughvx06tx.jpg,True
clb0lbwyedo34086uhr2ngihn,./out/images/clb0lbwyedo34086uhr2ngihn.jpg,True
clb0lbwyedo38086ufhqs47rj,./out/images/clb0lbwyedo38086ufhqs47rj.jpg,True
clb0lbwyedo3c086ucodk7jed,./out/images/clb0lbwyedo3c086ucodk7jed.jpg,True
clb0lbwyedo3g086u4i3d1yz2,./out/images/clb0lbwyedo3g086u4i3d1yz2.jpg,True
clb0lbwyhdo3k086ugrcw2koo,./out/images/clb0lbwyhdo3k086ugrcw2koo.jpg,True
clb0lbwyhdo3o086u6wgsg5g4,./out/images/clb0lbwyhdo3o086u6wgsg5g4.jpg,True
clb0lbwyhdo3s086ubaiq9zx4,./out/images/clb0lbwyhdo3s086ubaiq9zx4.jpg,True
clb0lbwyhdo3w086u7ffv8efl,./out/images/clb0lbwyhdo3w086u7ffv8efl.jpg,True
clb0lbwyhdo40086ugrxk5zbw,./out/images/clb0lbwyhdo40086ugrxk5zbw.jpg,True
clb0lbwyhdo44086ueiggc59q,./out/images/clb0lbwyhdo44086ueiggc59q.jpg,True
clb0lbwyhdo48086ufb5g30an,./out/images/clb0lbwyhdo48086ufb5g30an.jpg,True
clb0lbwyhdo4c086u925fgl0z,./out/images/clb0lbwyhdo4c086u925fgl0z.jpg,True
clb0lbwyhdo4g086u91yqfb54,./out/images/clb0lbwyhdo4g086u91yqfb54.jpg,True
clb0lbwyhdo4k086u4s634ye4,./out/images/clb0lbwyhdo4k086u4s634ye4.jpg,True
clb0lbwyhdo4o086u6nrlf1kt,./out/images/clb0lbwyhdo4o086u6nrlf1kt.jpg,True
clb0lbwyhdo4s086ubwcg7iiu,./out/images/clb0lbwyhdo4s086ubwcg7iiu.jpg,True
clb0lbwyido4w086u1nlae1h8,./out/images/clb0lbwyido4w086u1nlae1h8.jpg,True
clb0lbwyido50086u8ysn48jj,./out/images/clb0lbwyido50086u8ysn48jj.jpg,True
clb0lbwyido54086ueiymgigf,./out/images/clb0lbwyido54086ueiymgigf.jpg,True
clb0lbwyido58086u8a41hvnc,./out/images/clb0lbwyido58086u8a41hvnc.jpg,True
clb0lbwyido5c086u435iaf17,./out/images/clb0lbwyido5c086u435iaf17.jpg,True
clb0lbwyido5g086u6ga8aaq0,./out/images/clb0lbwyido5g086u6ga8aaq0.jpg,True
clb0lbwyido5k086ug46g3css,./out/images/clb0lbwyido5k086ug46g3css.jpg,True
clb0lbwyido5o086ud5onbr4v,./out/images/clb0lbwyido5o086ud5onbr4v.jpg,True
clb0lbwyido5s086ua69j6gwn,./out/images/clb0lbwyido5s086ua69j6gwn.jpg,True
clb0lbwyido5w086u94abd6n0,./out/images/clb0lbwyido5w086u94abd6n0.jpg,True
clb0lbwyjdo60086u4yuk0wc2,./out/images/clb0lbwyjdo60086u4yuk0wc2.jpg,True
clb0lbwyjdo64086u3v3c432i,./out/images/clb0lbwyjdo64086u3v3c432i.jpg,True
clb0lbwyjdo68086ufb9j2en8,./out/images/clb0lbwyjdo68086ufb9j2en8.jpg,True
clb0lbwyjdo6c086u71dh8i8q,./out/images/clb0lbwyjdo6c086u71dh8i8q.jpg,True
clb0lbwyjdo6g086u0bna9mnt,./out/images/clb0lbwyjdo6g086u0bna9mnt.jpg,True
clb0lbwyjdo6k086u99984ky7,./out/images/clb0lbwyjdo6k086u99984ky7.jpg,True
clb0lbwyjdo6o086uajpg3aza,./out/images/clb0lbwyjdo6o086uajpg3aza.jpg,True
clb0lbwyjdo6s086u8blpds0j,./out/images/clb0lbwyjdo6s086u8blpds0j.jpg,True
clb0lbwyjdo6w086u8yykgox7,./out/images/clb0lbwyjdo6w086u8yykgox7.jpg,True
clb0lbwyjdo70086udxu2avwc,./out/images/clb0lbwyjdo70086udxu2avwc.jpg,True
clb0lbwykdo74086ualjpc98u,./out/images/clb0lbwykdo74086ualjpc98u.jpg,True
clb0lbwykdo78086uhuvz88da,./out/images/clb0lbwykdo78086uhuvz88da.jpg,True
clb0lbwykdo7c086u42rybqm8,./out/images/clb0lbwykdo7c086u42rybqm8.jpg,True
clb0lbwykdo7g086uh5h91quq,./out/images/clb0lbwykdo7g086uh5h91quq.jpg,True
clb0lbwykdo7k086u98ml94me,./out/images/clb0lbwykdo7k086u98ml94me.jpg,True
clb0lbwykdo7o086u1gci24yy,./out/images/clb0lbwykdo7o086u1gci24yy.jpg,True
clb0lbwykdo7s086ugju0cm0o,./out/images/clb0lbwykdo7s086ugju0cm0o.jpg,True
clb0lbwykdo7w086u2owp4tdj,./out/images/clb0lbwykdo7w086u2owp4tdj.jpg,True
clb0lbwykdo80086ub0eq4c9s,./out/images/clb0lbwykdo80086ub0eq4c9s.jpg,True
clb0lbwykdo84086ugzds6rxx,./out/images/clb0lbwykdo84086ugzds6rxx.jpg,True
clb0lbwykdo88086ug59e2bpc,./out/images/clb0lbwykdo88086ug59e2bpc.jpg,True
clb0lbwykdo8c086u8g2a3tb7,./out/images/clb0lbwykdo8c086u8g2a3tb7.jpg,True
clb0lbwykdo8g086u96g9alib,./out/images/clb0lbwykdo8g086u96g9alib.jpg,True
clb0lbwykdo8k086uarovaz9g,./out/images/clb0lbwykdo8k086uarovaz9g.jpg,True
clb0lbwykdo8o086u0kky4t6u,./out/images/clb0lbwykdo8o086u0kky4t6u.jpg,True
clb0lbwyldo8s086u54ha23h7,./out/images/clb0lbwyldo8s086u54ha23h7.jpg,True
clb0lbwyldo8w086u04g2450c,./out/images/clb0lbwyldo8w086u04g2450c.jpg,True
clb0lbwyldo90086u0s2i7vch,./out/images/clb0lbwyldo90086u0s2i7vch.jpg,True
clb0lbwyldo94086u5yil9orc,./out/images/clb0lbwyldo94086u5yil9orc.jpg,True
clb0lbwyldo98086u4yrn4qmj,./out/images/clb0lbwyldo98086u4yrn4qmj.jpg,True
clb0lbwyldo9c086u9s2lgel8,./out/images/clb0lbwyldo9c086u9s2lgel8.jpg,True
clb0lbwyldo9g086u15j520oi,./out/images/clb0lbwyldo9g086u15j520oi.jpg,True
clb0lbwyldo9k086udzl7593i,./out/images/clb0lbwyldo9k086udzl7593i.jpg,True
clb0lbwyldo9o086u3irn7ej7,./out/images/clb0lbwyldo9o086u3irn7ej7.jpg,True
clb0lbwyldo9s086u5poj0q0g,./out/images/clb0lbwyldo9s086u5poj0q0g.jpg,True
clb0lbwyldo9w086ubim0a2w7,./out/images/clb0lbwyldo9w086ubim0a2w7.jpg,True
clb0lbwyldoa0086u0nr562hu,./out/images/clb0lbwyldoa0086u0nr562hu.jpg,True
clb0lbwyldoa4086u6tsb3d9a,./out/images/clb0lbwyldoa4086u6tsb3d9a.jpg,True
clb0lbwyldoa8086uhb9og7d0,./out/images/clb0lbwyldoa8086uhb9og7d0.jpg,True
clb0lbwyldoac086ue1qqcc8h,./out/images/clb0lbwyldoac086ue1qqcc8h.jpg,True
clb0lbwyldoag086u35kd7ctu,./out/images/clb0lbwyldoag086u35kd7ctu.jpg,True
clb0lbwymdoak086u37i92pky,./out/images/clb0lbwymdoak086u37i92pky.jpg,True
clb0lbwymdoao086u4mrnc4hx,./out/images/clb0lbwymdoao086u4mrnc4hx.jpg,True
clb0lbwymdoas086udwpo4vsn,./out/images/clb0lbwymdoas086udwpo4vsn.jpg,True
clb0lbwymdoaw086u0fr70z13,./out/images/clb0lbwymdoaw086u0fr70z13.jpg,True
clb0lbwymdob0086u9l9i1j5h,./out/images/clb0lbwymdob0086u9l9i1j5h.jpg,True
clb0lbwymdob4086ug6gn690v,./out/images/clb0lbwymdob4086ug6gn690v.jpg,True
clb0lbwymdob8086u3j9s5q0a,./out/images/clb0lbwymdob8086u3j9s5q0a.jpg,True
clb0lbwymdobc086ubgz0f95q,./out/images/clb0lbwymdobc086ubgz0f95q.jpg,True
clb0lbwymdobg086ua9m95jb1,./out/images/clb0lbwymdobg086ua9m95jb1.jpg,True
clb0lbwymdobk086u3l97hw4s,./out/images/clb0lbwymdobk086u3l97hw4s.jpg,True
clb0lbwymdobo086u84xteqsm,./out/images/clb0lbwymdobo086u84xteqsm.jpg,True
clb0lbwyndobs086u9eb1ckwb,./out/images/clb0lbwyndobs086u9eb1ckwb.jpg,True
clb0lbwyndobw086u50tfb8ri,./out/images/clb0lbwyndobw086u50tfb8ri.jpg,True
clb0lbwyndoc0086ua87w4ey9,./out/images/clb0lbwyndoc0086ua87w4ey9.jpg,True
clb0lbwyndoc4086ufugg5lny,./out/images/clb0lbwyndoc4086ufugg5lny.jpg,True
clb0lbwyndoc8086ua4by6z68,./out/images/clb0lbwyndoc8086ua4by6z68.jpg,True
clb0lbwyndocc086ubz26b9s5,./out/images/clb0lbwyndocc086ubz26b9s5.jpg,True
clb0lbwyndocg086uas3yfl2g,./out/images/clb0lbwyndocg086uas3yfl2g.jpg,True
clb0lbwyndock086u8kcr04dj,./out/images/clb0lbwyndock086u8kcr04dj.jpg,True
clb0lbwyndoco086ucdzo90l3,./out/images/clb0lbwyndoco086ucdzo90l3.jpg,True
clb0lbwyndocs086uh48t62d7,./out/images/clb0lbwyndocs086uh48t62d7.jpg,True
clb0lbwyndocw086u9qnm0vl7,./out/images/clb0lbwyndocw086u9qnm0vl7.jpg,True
clb0lbwyndod0086ubxtigz32,./out/images/clb0lbwyndod0086ubxtigz32.jpg,True
clb0lbwyodod4086u6g038l6a,./out/images/clb0lbwyodod4086u6g038l6a.jpg,True
clb0lbwyodod8086u6rjb718v,./out/images/clb0lbwyodod8086u6rjb718v.jpg,True
clb0lbwyododc086ubq8n9guo,./out/images/clb0lbwyododc086ubq8n9guo.jpg,True
clb0lbwyododg086ub04o3d77,./out/images/clb0lbwyododg086ub04o3d77.jpg,True
clb0lbwyododk086ue7wwgllj,./out/images/clb0lbwyododk086ue7wwgllj.jpg,True
clb0lbwyododo086u520ohe26,./out/images/clb0lbwyododo086u520ohe26.jpg,True
clb0lbwypdods086u2txd5l85,./out/images/clb0lbwypdods086u2txd5l85.jpg,True
clb0lbwypdodw086u92sahbd0,./out/images/clb0lbwypdodw086u92sahbd0.jpg,True
clb0lbwypdoe0086uha67a3by,./out/images/clb0lbwypdoe0086uha67a3by.jpg,True
clb0lbwypdoe4086udayh6pr2,./out/images/clb0lbwypdoe4086udayh6pr2.jpg,True
clb0lbwypdoe8086u1jraa2us,./out/images/clb0lbwypdoe8086u1jraa2us.jpg,True
clb0lbwypdoec086u7lue6cnk,./out/images/clb0lbwypdoec086u7lue6cnk.jpg,True
clb0lbwypdoeg086u1qx81q36,./out/images/clb0lbwypdoeg086u1qx81q36.jpg,True
clb0lbwypdoek086u7tem98me,./out/images/clb0lbwypdoek086u7tem98me.jpg,True
clb0lbwypdoeo086u7qs513nr,./out/images/clb0lbwypdoeo086u7qs513nr.jpg,True
clb0lbwyqdoes086u4j7cgh9q,./out/images/clb0lbwyqdoes086u4j7cgh9q.jpg,True
clb0lbwyqdoew086uf94edxpp,./out/images/clb0lbwyqdoew086uf94edxpp.jpg,True
clb0lbwyqdof0086u6b2l68pt,./out/images/clb0lbwyqdof0086u6b2l68pt.jpg,True
clb0lbwyqdof4086u2pzuama9,./out/images/clb0lbwyqdof4086u2pzuama9.jpg,True
clb0lbwyqdof8086u0iwcbhrc,./out/images/clb0lbwyqdof8086u0iwcbhrc.jpg,True
clb0lbwyqdofc086u9mqi6p67,./out/images/clb0lbwyqdofc086u9mqi6p67.jpg,True
clb0lbwyqdofg086u8uya6gdy,./out/images/clb0lbwyqdofg086u8uya6gdy.jpg,True
clb0lbwyrdofk086udqmudffy,./out/images/clb0lbwyrdofk086udqmudffy.jpg,True
clb0lbwyrdofo086ufh4176k0,./out/images/clb0lbwyrdofo086ufh4176k0.jpg,True
clb0lbwyrdofs086uax1b2tdy,./out/images/clb0lbwyrdofs086uax1b2tdy.jpg,True
clb0lbwyrdofw086u8ij845kq,./out/images/clb0lbwyrdofw086u8ij845kq.jpg,True
clb0lbwyrdog0086ue41ybh7s,./out/images/clb0lbwyrdog0086ue41ybh7s.jpg,True
clb0lbwyrdog4086uhfwqbtd8,./out/images/clb0lbwyrdog4086uhfwqbtd8.jpg,True
clb0lbwysdog8086u9jnz0n6y,./out/images/clb0lbwysdog8086u9jnz0n6y.jpg,True
clb0lbwysdogc086u3uyogkcy,./out/images/clb0lbwysdogc086u3uyogkcy.jpg,True
clb0lbwysdogg086u83zx67be,./out/images/clb0lbwysdogg086u83zx67be.jpg,True
clb0lbwysdogk086udfo75x68,./out/images/clb0lbwysdogk086udfo75x68.jpg,True
clb0lbwysdogo086uakt70ooe,./out/images/clb0lbwysdogo086uakt70ooe.jpg,True
clb0lbwysdogs086uftn00rkj,./out/images/clb0lbwysdogs086uftn00rkj.jpg,True
clb0lbwysdogw086ub7ao6ii5,./out/images/clb0lbwysdogw086ub7ao6ii5.jpg,True
clb0lbwysdoh0086u3ew5eo3s,./out/images/clb0lbwysdoh0086u3ew5eo3s.jpg,True
clb0lbwytdoh4086uco11957n,./out/images/clb0lbwytdoh4086uco11957n.jpg,True
clb0lbwytdoh8086ufx1w13j4,./out/images/clb0lbwytdoh8086ufx1w13j4.jpg,True
clb0lbwytdohc086uad99dk0z,./out/images/clb0lbwytdohc086uad99dk0z.jpg,True
clb0lbwytdohg086u06ah6z9p,./out/images/clb0lbwytdohg086u06ah6z9p.jpg,True
clb0lbwytdohk086u8wb8bt1a,./out/images/clb0lbwytdohk086u8wb8bt1a.jpg,True
clb0lbwytdoho086u5sn91254,./out/images/clb0lbwytdoho086u5sn91254.jpg,True
clb0lbwyudohs086udahwga1n,./out/images/clb0lbwyudohs086udahwga1n.jpg,True
clb0lbwyudohw086uh0xx8vxj,./out/images/clb0lbwyudohw086uh0xx8vxj.jpg,True
clb0lbwyudoi0086u7em053cc,./out/images/clb0lbwyudoi0086u7em053cc.jpg,True
clb0lbwyudoi4086u01bp2p05,./out/images/clb0lbwyudoi4086u01bp2p05.jpg,True
clb0lbwyudoi8086u1riyee8o,./out/images/clb0lbwyudoi8086u1riyee8o.jpg,True
clb0lbwyudoic086u1kzr0019,./out/images/clb0lbwyudoic086u1kzr0019.jpg,True
clb0lbwyudoig086uav6q2f4t,./out/images/clb0lbwyudoig086uav6q2f4t.jpg,True
clb0lbwyvdoik086u58dzbhyw,./out/images/clb0lbwyvdoik086u58dzbhyw.jpg,True
clb0lbwyvdoio086uawcledxi,./out/images/clb0lbwyvdoio086uawcledxi.jpg,True
clb0lbwyvdois086u711i4sd2,./out/images/clb0lbwyvdois086u711i4sd2.jpg,True
clb0lbwyvdoiw086u9fca3hwo,./out/images/clb0lbwyvdoiw086u9fca3hwo.jpg,True
clb0lbwyvdoj0086u1bwle0s4,./out/images/clb0lbwyvdoj0086u1bwle0s4.jpg,True
clb0lbwyvdoj4086uhbzn7i9g,./out/images/clb0lbwyvdoj4086uhbzn7i9g.jpg,True
clb0lbwyvdoj8086ucu98a8mz,./out/images/clb0lbwyvdoj8086ucu98a8mz.jpg,True
clb0lbwywdojc086u2yjy7mre,./out/images/clb0lbwywdojc086u2yjy7mre.jpg,True
clb0lbwywdojg086uds7g49s0,./out/images/clb0lbwywdojg086uds7g49s0.jpg,True
clb0lbwywdojk086ufrt7geh4,./out/images/clb0lbwywdojk086ufrt7geh4.jpg,True
clb0lbwywdojo086u10163ue5,./out/images/clb0lbwywdojo086u10163ue5.jpg,True
clb0lbwywdojs086u8u9gfyiq,./out/images/clb0lbwywdojs086u8u9gfyiq.jpg,True
clb0lbwywdojw086u4ihwbr3l,./out/images/clb0lbwywdojw086u4ihwbr3l.jpg,True
clb0lbwywdok0086u18z185t9,./out/images/clb0lbwywdok0086u18z185t9.jpg,True
clb0lbwywdok4086uakxqa181,./out/images/clb0lbwywdok4086uakxqa181.jpg,True
clb0lbwyxdok8086ucxq941zi,./out/images/clb0lbwyxdok8086ucxq941zi.jpg,True
clb0lbwyxdokc086ubs37gdyc,./out/images/clb0lbwyxdokc086ubs37gdyc.jpg,True
clb0lbwyydokg086udcjo76fn,./out/images/clb0lbwyydokg086udcjo76fn.jpg,True
clb0lbwyydokk086ugvxzeont,./out/images/clb0lbwyydokk086ugvxzeont.jpg,True
clb0lbwyydoko086u7t3d4yii,./out/images/clb0lbwyydoko086u7t3d4yii.jpg,True
clb0lbwyydoks086u12uibt10,./out/images/clb0lbwyydoks086u12uibt10.jpg,True
clb0lbwyydokw086u0ovm2kjl,./out/images/clb0lbwyydokw086u0ovm2kjl.jpg,True
clb0lbwyydol0086u5kr4c037,./out/images/clb0lbwyydol0086u5kr4c037.jpg,True
clb0lbwyydol4086u5g864vmr,./out/images/clb0lbwyydol4086u5g864vmr.jpg,True
clb0lbwyydol8086u0pvl1o37,./out/images/clb0lbwyydol8086u0pvl1o37.jpg,True
clb0lbwyydolc086u91w2b11f,./out/images/clb0lbwyydolc086u91w2b11f.jpg,True
clb0lbwyydolg086u04und928,./out/images/clb0lbwyydolg086u04und928.jpg,True
clb0lbwyydolk086u7uhp7euq,./out/images/clb0lbwyydolk086u7uhp7euq.jpg,True
clb0lbwyzdolo086u3fm8ezxk,./out/images/clb0lbwyzdolo086u3fm8ezxk.jpg,True
clb0lbwyzdols086uckw7f8fk,./out/images/clb0lbwyzdols086uckw7f8fk.jpg,True
clb0lbwyzdolw086u13l8cq46,./out/images/clb0lbwyzdolw086u13l8cq46.jpg,True
clb0lbwyzdom0086u0ni1ca9m,./out/images/clb0lbwyzdom0086u0ni1ca9m.jpg,True
clb0lbwyzdom4086udu6qgeo0,./out/images/clb0lbwyzdom4086udu6qgeo0.jpg,True
clb0lbwyzdom8086u3gsu8p74,./out/images/clb0lbwyzdom8086u3gsu8p74.jpg,True
clb0lbwyzdomc086u6zg4fuqv,./out/images/clb0lbwyzdomc086u6zg4fuqv.jpg,True
clb0lbwyzdomg086u9zaq52jm,./out/images/clb0lbwyzdomg086u9zaq52jm.jpg,True
clb0lbwyzdomk086u3kct35ar,./out/images/clb0lbwyzdomk086u3kct35ar.jpg,True
clb0lbwyzdomo086u723xhmrt,./out/images/clb0lbwyzdomo086u723xhmrt.jpg,True
clb0lbwz0doms086ugaq22ny5,./out/images/clb0lbwz0doms086ugaq22ny5.jpg,True
clb0lbwz0domw086ubevgd45t,./out/images/clb0lbwz0domw086ubevgd45t.jpg,True
clb0lbwz0don0086u7t7bcav5,./out/images/clb0lbwz0don0086u7t7bcav5.jpg,True
clb0lbwz0don4086u3yo3gy7n,./out/images/clb0lbwz0don4086u3yo3gy7n.jpg,True
clb0lbwz0don8086ub6p76h0p,./out/images/clb0lbwz0don8086ub6p76h0p.jpg,True
clb0lbwz0donc086uf6678ypk,./out/images/clb0lbwz0donc086uf6678ypk.jpg,True
clb0lbwz0dong086u15fi8u07,./out/images/clb0lbwz0dong086u15fi8u07.jpg,True
clb0lbwz0donk086u27libb9k,./out/images/clb0lbwz0donk086u27libb9k.jpg,True
clb0lbwz0dono086u7mflc56i,./out/images/clb0lbwz0dono086u7mflc56i.jpg,True
clb0lbwz1dons086u60f4hs53,./out/images/clb0lbwz1dons086u60f4hs53.jpg,True
clb0lbwz1donw086uct0d8onz,./out/images/clb0lbwz1donw086uct0d8onz.jpg,True
clb0lbwz1doo0086uaqa8d2q6,./out/images/clb0lbwz1doo0086uaqa8d2q6.jpg,True
clb0lbwz1doo4086uazzjcg1m,./out/images/clb0lbwz1doo4086uazzjcg1m.jpg,True
clb0lbwz1doo8086u6jk81iuh,./out/images/clb0lbwz1doo8086u6jk81iuh.jpg,True
clb0lbwz1dooc086u09fq5zx7,./out/images/clb0lbwz1dooc086u09fq5zx7.jpg,True
clb0lbwz1doog086ughli8ucd,./out/images/clb0lbwz1doog086ughli8ucd.jpg,True
clb0lbwz1dook086u95dngwq2,./out/images/clb0lbwz1dook086u95dngwq2.jpg,True
clb0lbwz1dooo086u4hkga5fn,./out/images/clb0lbwz1dooo086u4hkga5fn.jpg,True
clb0lbwz1doos086ua6d5d4je,./out/images/clb0lbwz1doos086ua6d5d4je.jpg,True
clb0lbwz2doow086ucvsi3icw,./out/images/clb0lbwz2doow086ucvsi3icw.jpg,True
clb0lbwz2dop0086uc0952vut,./out/images/clb0lbwz2dop0086uc0952vut.jpg,True
clb0lbwz2dop4086ud5qn6aob,./out/images/clb0lbwz2dop4086ud5qn6aob.jpg,True
clb0lbwz2dop8086u88hc32e0,./out/images/clb0lbwz2dop8086u88hc32e0.jpg,True
clb0lbwz2dopc086uherwfgw6,./out/images/clb0lbwz2dopc086uherwfgw6.jpg,True
clb0lbwz2dopg086u7hxhe1zm,./out/images/clb0lbwz2dopg086u7hxhe1zm.jpg,True
clb0lbwz2dopk086u6nvg08as,./out/images/clb0lbwz2dopk086u6nvg08as.jpg,True
clb0lbwz2dopo086ua06s478z,./out/images/clb0lbwz2dopo086ua06s478z.jpg,True
clb0lbwz2dops086ug4o06tzt,./out/images/clb0lbwz2dops086ug4o06tzt.jpg,True
clb0lbwz3dopw086u1hctar0h,./out/images/clb0lbwz3dopw086u1hctar0h.jpg,True
clb0lbwz3doq0086udmw8gdc3,./out/images/clb0lbwz3doq0086udmw8gdc3.jpg,True
clb0lbwz3doq8086udsxzgnde,./out/images/clb0lbwz3doq8086udsxzgnde.jpg,True
clb0lbwz3doqc086ucfhearza,./out/images/clb0lbwz3doqc086ucfhearza.jpg,True
clb0lbwz3doqg086ufaduas6f,./out/images/clb0lbwz3doqg086ufaduas6f.jpg,True
clb0lbwz3doqk086uapeed55t,./out/images/clb0lbwz3doqk086uapeed55t.jpg,True
clb0lbwz3doqo086u02bq462k,./out/images/clb0lbwz3doqo086u02bq462k.jpg,True
clb0lbwz3doqs086u0kqy5ut2,./out/images/clb0lbwz3doqs086u0kqy5ut2.jpg,True
clb0lbwz4doqw086u45hw7gnu,./out/images/clb0lbwz4doqw086u45hw7gnu.jpg,True
clb0lbwz4dor0086ufc3y7f6e,./out/images/clb0lbwz4dor0086ufc3y7f6e.jpg,True
clb0lbwz4dor4086uhmzu7ldd,./out/images/clb0lbwz4dor4086uhmzu7ldd.jpg,True
clb0lbwz4dor8086u8fvi399d,./out/images/clb0lbwz4dor8086u8fvi399d.jpg,True
clb0lbwz4dorc086u9cehhyoc,./out/images/clb0lbwz4dorc086u9cehhyoc.jpg,True
clb0lbwz4dorg086ud6nqbukp,./out/images/clb0lbwz4dorg086ud6nqbukp.jpg,True
clb0lbwz4dork086uaoi03vs2,./out/images/clb0lbwz4dork086uaoi03vs2.jpg,True
clb0lbwz4doro086ua6fxbql5,./out/images/clb0lbwz4doro086ua6fxbql5.jpg,True
clb0lbwz4dors086u3ycpgtti,./out/images/clb0lbwz4dors086u3ycpgtti.jpg,True
clb0lbwz4dorw086ucikjguze,./out/images/clb0lbwz4dorw086ucikjguze.jpg,True
clb0lbwz5dos0086u617xg3c6,./out/images/clb0lbwz5dos0086u617xg3c6.jpg,True
clb0lbwz5dos8086u6kb26d05,./out/images/clb0lbwz5dos8086u6kb26d05.jpg,True
clb0lbwz5dosc086u3ghm0lux,./out/images/clb0lbwz5dosc086u3ghm0lux.jpg,True
clb0lbwz5dosg086u1bf28rey,./out/images/clb0lbwz5dosg086u1bf28rey.jpg,True
clb0lbwz5dosk086uaex8ami6,./out/images/clb0lbwz5dosk086uaex8ami6.jpg,True
clb0lbwz5doso086uc8ik1un2,./out/images/clb0lbwz5doso086uc8ik1un2.jpg,True
clb0lbwz5doss086u4tzd1n48,./out/images/clb0lbwz5doss086u4tzd1n48.jpg,True
clb0lbwz5dosw086ugyyadawg,./out/images/clb0lbwz5dosw086ugyyadawg.jpg,True
clb0lbwz5dot0086uaj1e75nt,./out/images/clb0lbwz5dot0086uaj1e75nt.jpg,True
clb0lbwz6dot4086u0kc26h66,./out/images/clb0lbwz6dot4086u0kc26h66.jpg,True
clb0lbwz6dot8086u4alvdmla,./out/images/clb0lbwz6dot8086u4alvdmla.jpg,True
clb0lbwz6dotc086udjvldd3j,./out/images/clb0lbwz6dotc086udjvldd3j.jpg,True
clb0lbwz6dotg086u3vp53hr9,./out/images/clb0lbwz6dotg086u3vp53hr9.jpg,True
clb0lbwz6dotk086ue9f0gznv,./out/images/clb0lbwz6dotk086ue9f0gznv.jpg,True
clb0lbwz6doto086u3ox734mj,./out/images/clb0lbwz6doto086u3ox734mj.jpg,True
clb0lbwz6dots086u2z0sfssz,./out/images/clb0lbwz6dots086u2z0sfssz.jpg,True
clb0lbwz7dotw086ua7bn8p2i,./out/images/clb0lbwz7dotw086ua7bn8p2i.jpg,True
clb0lbwz7dou0086ueias8a3s,./out/images/clb0lbwz7dou0086ueias8a3s.jpg,True
clb0lbwz7dou4086u84r68cyi,./out/images/clb0lbwz7dou4086u84r68cyi.jpg,True
clb0lbwz7dou8086u7y68e7ak,./out/images/clb0lbwz7dou8086u7y68e7ak.jpg,True
clb0lbwz7douc086ubp4sdo4t,./out/images/clb0lbwz7douc086ubp4sdo4t.jpg,True
clb0lbwz7doug086u3av4f1xw,./out/images/clb0lbwz7doug086u3av4f1xw.jpg,True
clb0lbwz7douk086ua2g19kcf,./out/images/clb0lbwz7douk086ua2g19kcf.jpg,True
clb0lbwz7dous086u413h19fr,./out/images/clb0lbwz7dous086u413h19fr.jpg,True
clb0lbwz7douw086uc89ufuc8,./out/images/clb0lbwz7douw086uc89ufuc8.jpg,True
clb0lbwz7dov0086ug7bieal6,./out/images/clb0lbwz7dov0086ug7bieal6.jpg,True
clb0lbwz8dov4086u41e5gplf,./out/images/clb0lbwz8dov4086u41e5gplf.jpg,True
clb0lbwz8dovc086uaq3u7u8m,./out/images/clb0lbwz8dovc086uaq3u7u8m.jpg,True
clb0lbwz8dovg086u8osr53d5,./out/images/clb0lbwz8dovg086u8osr53d5.jpg,True
clb0lbwz8dovk086ub9nk6cas,./out/images/clb0lbwz8dovk086ub9nk6cas.jpg,True
clb0lbwz8dovo086u5cq04u14,./out/images/clb0lbwz8dovo086u5cq04u14.jpg,True
clb0lbwz8dovs086u7yeq9o4m,./out/images/clb0lbwz8dovs086u7yeq9o4m.jpg,True
clb0lbwz8dovw086u05yk7u55,./out/images/clb0lbwz8dovw086u05yk7u55.jpg,True
clb0lbwz8dow0086uevqeagqn,./out/images/clb0lbwz8dow0086uevqeagqn.jpg,True
clb0lbwz8dow4086u3y152m1j,./out/images/clb0lbwz8dow4086u3y152m1j.jpg,True
clb0lbwz8dow8086ua4i70hxi,./out/images/clb0lbwz8dow8086ua4i70hxi.jpg,True
clb0lbwz9dowc086u54es5k71,./out/images/clb0lbwz9dowc086u54es5k71.jpg,True
clb0lbwz9dowg086ufyyzgc9v,./out/images/clb0lbwz9dowg086ufyyzgc9v.jpg,True
clb0lbwz9dowk086uh2wxexpq,./out/images/clb0lbwz9dowk086uh2wxexpq.jpg,True
clb0lbwz9dowo086ufivlboxd,./out/images/clb0lbwz9dowo086ufivlboxd.jpg,True
clb0lbwz9dows086uam4ga6hm,./out/images/clb0lbwz9dows086uam4ga6hm.jpg,True
clb0lbwz9doww086uebbd7vyi,./out/images/clb0lbwz9doww086uebbd7vyi.jpg,True
clb0lbwz9dox0086u1in86pcf,./out/images/clb0lbwz9dox0086u1in86pcf.jpg,True
clb0lbwz9dox4086u1bi2371k,./out/images/clb0lbwz9dox4086u1bi2371k.jpg,True
clb0lbwz9dox8086ubdbj018k,./out/images/clb0lbwz9dox8086ubdbj018k.jpg,True
clb0lbwz9doxc086u60u1cjgd,./out/images/clb0lbwz9doxc086u60u1cjgd.jpg,True
clb0lbwz9doxg086u1x0w0n4r,./out/images/clb0lbwz9doxg086u1x0w0n4r.jpg,True
clb0lbwzadoxk086ugkmwg78t,./out/images/clb0lbwzadoxk086ugkmwg78t.jpg,True
clb0lbwzadoxo086uci28gh2e,./out/images/clb0lbwzadoxo086uci28gh2e.jpg,True
clb0lbwzadoxs086uhlr66zlv,./out/images/clb0lbwzadoxs086uhlr66zlv.jpg,True
clb0lbwzadoxw086uf703fgwy,./out/images/clb0lbwzadoxw086uf703fgwy.jpg,True
clb0lbwzadoy0086udnrb45ab,./out/images/clb0lbwzadoy0086udnrb45ab.jpg,True
clb0lbwzadoy4086uc4cydpib,./out/images/clb0lbwzadoy4086uc4cydpib.jpg,True
clb0lbwzadoy8086u7rog5t28,./out/images/clb0lbwzadoy8086u7rog5t28.jpg,True
clb0lbwzadoyc086u0brshvx5,./out/images/clb0lbwzadoyc086u0brshvx5.jpg,True
clb0lbwzadoyg086u671x4ucx,./out/images/clb0lbwzadoyg086u671x4ucx.jpg,True
clb0lbwzadoyk086ucwll82o6,./out/images/clb0lbwzadoyk086ucwll82o6.jpg,True
clb0lbwzadoyo086u0i8s18r7,./out/images/clb0lbwzadoyo086u0i8s18r7.jpg,True
clb0lbwzbdoys086udm576u3f,./out/images/clb0lbwzbdoys086udm576u3f.jpg,True
clb0lbwzbdoyw086u4a997ipc,./out/images/clb0lbwzbdoyw086u4a997ipc.jpg,True
clb0lbwzbdoz0086u4leqb9pu,./out/images/clb0lbwzbdoz0086u4leqb9pu.jpg,True
clb0lbwzbdoz4086ucmxa563i,./out/images/clb0lbwzbdoz4086ucmxa563i.jpg,True
clb0lbwzbdoz8086ub4pp7823,./out/images/clb0lbwzbdoz8086ub4pp7823.jpg,True
clb0lbwzbdozc086uf89u0j9l,./out/images/clb0lbwzbdozc086uf89u0j9l.jpg,True
clb0lbwzbdozg086udcex6tc8,./out/images/clb0lbwzbdozg086udcex6tc8.jpg,True
clb0lbwzbdozk086u4swkak1e,./out/images/clb0lbwzbdozk086u4swkak1e.jpg,True
clb0lbwzbdozo086u48f73cek,./out/images/clb0lbwzbdozo086u48f73cek.jpg,True
clb0lbwzbdozs086uc9cf863b,./out/images/clb0lbwzbdozs086uc9cf863b.jpg,True
clb0lbwzbdozw086u9zy9dpwm,./out/images/clb0lbwzbdozw086u9zy9dpwm.jpg,True
clb0lbwzbdp00086u80pr8a4d,./out/images/clb0lbwzbdp00086u80pr8a4d.jpg,True
clb0lbwzcdp04086u2ers8b4l,./out/images/clb0lbwzcdp04086u2ers8b4l.jpg,True
clb0lbwzcdp08086u1tnn800j,./out/images/clb0lbwzcdp08086u1tnn800j.jpg,True
clb0lbwzcdp0c086u4wkrdpun,./out/images/clb0lbwzcdp0c086u4wkrdpun.jpg,True
clb0lbwzcdp0g086u22msfeb0,./out/images/clb0lbwzcdp0g086u22msfeb0.jpg,True
clb0lbwzcdp0k086uepk7308m,./out/images/clb0lbwzcdp0k086uepk7308m.jpg,True
clb0lbwzcdp0o086u5o9q6ttw,./out/images/clb0lbwzcdp0o086u5o9q6ttw.jpg,True
clb0lbwzcdp0s086u74eh9jwd,./out/images/clb0lbwzcdp0s086u74eh9jwd.jpg,True
clb0lbwzcdp0w086ueee52jok,./out/images/clb0lbwzcdp0w086ueee52jok.jpg,True
clb0lbwzcdp10086u6id843er,./out/images/clb0lbwzcdp10086u6id843er.jpg,True
clb0lbwzcdp14086u0t0r6l61,./out/images/clb0lbwzcdp14086u0t0r6l61.jpg,True
clb0lbwzcdp18086u9vtnfx8x,./out/images/clb0lbwzcdp18086u9vtnfx8x.jpg,True
clb0lbwzddp1c086uhhaa66jx,./out/images/clb0lbwzddp1c086uhhaa66jx.jpg,True
clb0lbwzddp1g086ucq292nh2,./out/images/clb0lbwzddp1g086ucq292nh2.jpg,True
clb0lbwzddp1k086uai6ke9bz,./out/images/clb0lbwzddp1k086uai6ke9bz.jpg,True
clb0lbwzddp1o086u5373e13q,./out/images/clb0lbwzddp1o086u5373e13q.jpg,True
clb0lbwzddp1s086uh1e2gw0y,./out/images/clb0lbwzddp1s086uh1e2gw0y.jpg,True
clb0lbwzddp1w086u2o9227cb,./out/images/clb0lbwzddp1w086u2o9227cb.jpg,True
clb0lbwzddp20086u7z026z6z,./out/images/clb0lbwzddp20086u7z026z6z.jpg,True
clb0lbwzddp24086u7nvb3zgc,./out/images/clb0lbwzddp24086u7nvb3zgc.jpg,True
clb0lbwzddp28086u4dvjcdza,./out/images/clb0lbwzddp28086u4dvjcdza.jpg,True
clb0lbwzddp2c086uexa16ca8,./out/images/clb0lbwzddp2c086uexa16ca8.jpg,True
clb0lbwzddp2g086u5is4hchi,./out/images/clb0lbwzddp2g086u5is4hchi.jpg,True
clb0lbwzedp2k086u4bgu4yjn,./out/images/clb0lbwzedp2k086u4bgu4yjn.jpg,True
clb0lbwzedp2o086u6z3ad283,./out/images/clb0lbwzedp2o086u6z3ad283.jpg,True
clb0lbwzedp2s086u23795hj6,./out/images/clb0lbwzedp2s086u23795hj6.jpg,True
clb0lbwzedp2w086u5jh4a47v,./out/images/clb0lbwzedp2w086u5jh4a47v.jpg,True
clb0lbwzedp30086ud8uw8glz,./out/images/clb0lbwzedp30086ud8uw8glz.jpg,True
clb0lbwzedp34086u9h1m4jkz,./out/images/clb0lbwzedp34086u9h1m4jkz.jpg,True
clb0lbwzedp38086u1e7c9372,./out/images/clb0lbwzedp38086u1e7c9372.jpg,True
clb0lbwzedp3c086ucbmk7m7t,./out/images/clb0lbwzedp3c086ucbmk7m7t.jpg,True
clb0lbwzedp3g086uhjyahfi9,./out/images/clb0lbwzedp3g086uhjyahfi9.jpg,True
clb0lbwzfdp3k086ue88whspt,./out/images/clb0lbwzfdp3k086ue88whspt.jpg,True
clb0lbwzfdp3o086uhiisb4vi,./out/images/clb0lbwzfdp3o086uhiisb4vi.jpg,True
clb0lbwzfdp3s086ucyed43tb,./out/images/clb0lbwzfdp3s086ucyed43tb.jpg,True
clb0lbwzfdp3w086u6u5kaz56,./out/images/clb0lbwzfdp3w086u6u5kaz56.jpg,True
clb0lbwzfdp40086ug2qmd7g8,./out/images/clb0lbwzfdp40086ug2qmd7g8.jpg,True
clb0lbwzfdp44086u0z2qempb,./out/images/clb0lbwzfdp44086u0z2qempb.jpg,True
clb0lbwzfdp48086u570whcop,./out/images/clb0lbwzfdp48086u570whcop.jpg,True
clb0lbwzfdp4c086u9bec6mn2,./out/images/clb0lbwzfdp4c086u9bec6mn2.jpg,True
clb0lbwzfdp4g086uc9o53o63,./out/images/clb0lbwzfdp4g086uc9o53o63.jpg,True
clb0lbwzfdp4k086udepueye0,./out/images/clb0lbwzfdp4k086udepueye0.jpg,True
clb0lbwzfdp4o086u65jtds11,./out/images/clb0lbwzfdp4o086u65jtds11.jpg,True
clb0lbwzgdp4s086u4z2l0rdj,./out/images/clb0lbwzgdp4s086u4z2l0rdj.jpg,True
clb0lbwzgdp4w086uarpeh7es,./out/images/clb0lbwzgdp4w086uarpeh7es.jpg,True
clb0lbwzgdp50086ugqk40oxz,./out/images/clb0lbwzgdp50086ugqk40oxz.jpg,True
clb0lbwzgdp54086u7ctzfwjd,./out/images/clb0lbwzgdp54086u7ctzfwjd.jpg,True
clb0lbwzgdp58086u8ashag5g,./out/images/clb0lbwzgdp58086u8ashag5g.jpg,True
clb0lbwzgdp5c086u7gfg55wl,./out/images/clb0lbwzgdp5c086u7gfg55wl.jpg,True
clb0lbwzgdp5g086u5qfw1vw7,./out/images/clb0lbwzgdp5g086u5qfw1vw7.jpg,True
clb0lbwzgdp5k086u9eo56pww,./out/images/clb0lbwzgdp5k086u9eo56pww.jpg,True
clb0lbwzgdp5o086u4t968knj,./out/images/clb0lbwzgdp5o086u4t968knj.jpg,True
clb0lbwzgdp5s086u8a4qh105,./out/images/clb0lbwzgdp5s086u8a4qh105.jpg,True
clb0lbwzhdp5w086u1noa6y4l,./out/images/clb0lbwzhdp5w086u1noa6y4l.jpg,True
clb0lbwzhdp64086u6vsn16di,./out/images/clb0lbwzhdp64086u6vsn16di.jpg,True
clb0lbwzhdp6c086u7q7gdibw,./out/images/clb0lbwzhdp6c086u7q7gdibw.jpg,True
clb0lbwzhdp6g086u0josgssz,./out/images/clb0lbwzhdp6g086u0josgssz.jpg,True
clb0lbwzhdp6k086udcq3afpc,./out/images/clb0lbwzhdp6k086udcq3afpc.jpg,True
clb0lbwzhdp6o086u6ipr32b5,./out/images/clb0lbwzhdp6o086u6ipr32b5.jpg,True
clb0lbwzhdp6s086ucu1cgwx5,./out/images/clb0lbwzhdp6s086ucu1cgwx5.jpg,True
clb0lbwzhdp6w086uaj6z71yu,./out/images/clb0lbwzhdp6w086uaj6z71yu.jpg,True
clb0lbwzidp78086u0nu8gwru,./out/images/clb0lbwzidp78086u0nu8gwru.jpg,True
clb0lbwzidp7c086u77jyb2a7,./out/images/clb0lbwzidp7c086u77jyb2a7.jpg,True
clb0lbwzidp7g086ugs4h8um0,./out/images/clb0lbwzidp7g086ugs4h8um0.jpg,True
clb0lbwzidp7k086ufkxycrh8,./out/images/clb0lbwzidp7k086ufkxycrh8.jpg,True
clb0lbwzidp7o086u77v11dqa,./out/images/clb0lbwzidp7o086u77v11dqa.jpg,True
clb0lbwzidp7s086u2ou0dfc8,./out/images/clb0lbwzidp7s086u2ou0dfc8.jpg,True
clb0lbwzidp7w086u9bpq7y7v,./out/images/clb0lbwzidp7w086u9bpq7y7v.jpg,True
clb0lbwzidp80086u75hj0mwh,./out/images/clb0lbwzidp80086u75hj0mwh.jpg,True
clb0lbwzidp84086ucfgg5z2v,./out/images/clb0lbwzidp84086ucfgg5z2v.jpg,True
clb0lbwzjdp88086ufok9dv9k,./out/images/clb0lbwzjdp88086ufok9dv9k.jpg,True
clb0lbwzjdp8c086uawi78ty1,./out/images/clb0lbwzjdp8c086uawi78ty1.jpg,True
clb0lbwzjdp8g086ub2fkfg29,./out/images/clb0lbwzjdp8g086ub2fkfg29.jpg,True
clb0lbwzjdp8k086ub14gh9l4,./out/images/clb0lbwzjdp8k086ub14gh9l4.jpg,True
clb0lbwzjdp8o086u22la69dq,./out/images/clb0lbwzjdp8o086u22la69dq.jpg,True
clb0lbwzjdp8s086u5k6p93i3,./out/images/clb0lbwzjdp8s086u5k6p93i3.jpg,True
clb0lbwzjdp8w086ue5vqhp8a,./out/images/clb0lbwzjdp8w086ue5vqhp8a.jpg,True
clb0lbwzjdp94086udgzmgert,./out/images/clb0lbwzjdp94086udgzmgert.jpg,True
clb0lbwzjdp98086u6xifb3u7,./out/images/clb0lbwzjdp98086u6xifb3u7.jpg,True
clb0lbwzkdp9g086u7xclfg3j,./out/images/clb0lbwzkdp9g086u7xclfg3j.jpg,True
clb0lbwzkdp9w086u14u8g6v8,./out/images/clb0lbwzkdp9w086u14u8g6v8.jpg,True
clb0lbwzkdpa0086u8ttzel2f,./out/images/clb0lbwzkdpa0086u8ttzel2f.jpg,True
clb0lbwzkdpa4086uf2nh1h2t,./out/images/clb0lbwzkdpa4086uf2nh1h2t.jpg,True
clb0lbwzkdpa8086u5xkj8nyh,./out/images/clb0lbwzkdpa8086u5xkj8nyh.jpg,True
clb0lbwzkdpac086ug5peh8vr,./out/images/clb0lbwzkdpac086ug5peh8vr.jpg,True
clb0lbwzkdpag086u9osy3d45,./out/images/clb0lbwzkdpag086u9osy3d45.jpg,True
clb0lbwzkdpak086ud6em4t23,./out/images/clb0lbwzkdpak086ud6em4t23.jpg,True
clb0lbwzldpao086uficld4a5,./out/images/clb0lbwzldpao086uficld4a5.jpg,True
clb0lbwzldpas086u7wmu2i4r,./out/images/clb0lbwzldpas086u7wmu2i4r.jpg,True
clb0lbwzldpaw086uebsj37bg,./out/images/clb0lbwzldpaw086uebsj37bg.jpg,True
clb0lbwzldpb0086ufwar5ejs,./out/images/clb0lbwzldpb0086ufwar5ejs.jpg,True
clb0lbwzldpb4086uhiqgetmi,./out/images/clb0lbwzldpb4086uhiqgetmi.jpg,True
clb0lbwzldpb8086uhpdl974n,./out/images/clb0lbwzldpb8086uhpdl974n.jpg,True
clb0lbwzldpbc086u5g70btqg,./out/images/clb0lbwzldpbc086u5g70btqg.jpg,True
clb0lbwzldpbg086uc3v9huoc,./out/images/clb0lbwzldpbg086uc3v9huoc.jpg,True
clb0lbwzldpbo086u2vfkeh30,./out/images/clb0lbwzldpbo086u2vfkeh30.jpg,True
clb0lbwzmdpbw086u0l3sgwxv,./out/images/clb0lbwzmdpbw086u0l3sgwxv.jpg,True
clb0lbwzmdpc0086u7trt6yt2,./out/images/clb0lbwzmdpc0086u7trt6yt2.jpg,True
clb0lbwzmdpc4086u6u8lcufu,./out/images/clb0lbwzmdpc4086u6u8lcufu.jpg,True
clb0lbwzmdpc8086u2svv2mei,./out/images/clb0lbwzmdpc8086u2svv2mei.jpg,True
clb0lbwzmdpcc086ubpu6gw7w,./out/images/clb0lbwzmdpcc086ubpu6gw7w.jpg,True
clb0lbwzmdpcg086uflxkczfz,./out/images/clb0lbwzmdpcg086uflxkczfz.jpg,True
clb0lbwzmdpck086ufsjz7xeg,./out/images/clb0lbwzmdpck086ufsjz7xeg.jpg,True
clb0lbwzmdpco086u8i536rbc,./out/images/clb0lbwzmdpco086u8i536rbc.jpg,True
clb0lbwzmdpcs086ufmo6bufk,./out/images/clb0lbwzmdpcs086ufmo6bufk.jpg,True
clb0lbwzmdpcw086u8m71a1tm,./out/images/clb0lbwzmdpcw086u8m71a1tm.jpg,True
clb0lbwzmdpd0086ubchv7eh4,./out/images/clb0lbwzmdpd0086ubchv7eh4.jpg,True
clb0lbwzndpd4086u78j89vms,./out/images/clb0lbwzndpd4086u78j89vms.jpg,True
clb0lbwzndpd8086u4kuw95sg,./out/images/clb0lbwzndpd8086u4kuw95sg.jpg,True
clb0lbwzndpdc086u6dzhdh2t,./out/images/clb0lbwzndpdc086u6dzhdh2t.jpg,True
clb0lbwzndpdg086u2dfhc4fh,./out/images/clb0lbwzndpdg086u2dfhc4fh.jpg,True
clb0lbwzndpdk086u6cav78xl,./out/images/clb0lbwzndpdk086u6cav78xl.jpg,True
clb0lbwzndpdo086u4gbpf1ez,./out/images/clb0lbwzndpdo086u4gbpf1ez.jpg,True
clb0lbwzndpds086u12or4w3g,./out/images/clb0lbwzndpds086u12or4w3g.jpg,True
clb0lbwzndpdw086u4djn6yay,./out/images/clb0lbwzndpdw086u4djn6yay.jpg,True
clb0lbwzndpe0086u297a1zq0,./out/images/clb0lbwzndpe0086u297a1zq0.jpg,True
clb0lbwzndpe4086ucn2kbkal,./out/images/clb0lbwzndpe4086ucn2kbkal.jpg,True
clb0lbwzodpe8086u10j36hcv,./out/images/clb0lbwzodpe8086u10j36hcv.jpg,True
clb0lbwzodpec086ucwwt49wt,./out/images/clb0lbwzodpec086ucwwt49wt.jpg,True
clb0lbwzodpeg086u6trvbspz,./out/images/clb0lbwzodpeg086u6trvbspz.jpg,True
clb0lbwzodpek086u4ef7abb2,./out/images/clb0lbwzodpek086u4ef7abb2.jpg,True
clb0lbwzodpeo086u3mqu69to,./out/images/clb0lbwzodpeo086u3mqu69to.jpg,True
clb0lbwzodpes086u0ry61dfh,./out/images/clb0lbwzodpes086u0ry61dfh.jpg,True
clb0lbwzodpew086udvnc5hs9,./out/images/clb0lbwzodpew086udvnc5hs9.jpg,True
clb0lbwzodpf0086u1qijgtrq,./out/images/clb0lbwzodpf0086u1qijgtrq.jpg,True
clb0lbwzodpf4086uc0jvasw0,./out/images/clb0lbwzodpf4086uc0jvasw0.jpg,True
clb0lbwzodpf8086u5vfb7b9t,./out/images/clb0lbwzodpf8086u5vfb7b9t.jpg,True
clb0lbwzodpfc086u5laegcnb,./out/images/clb0lbwzodpfc086u5laegcnb.jpg,True
clb0lbwzpdpfg086ud1sx2lpn,./out/images/clb0lbwzpdpfg086ud1sx2lpn.jpg,True
clb0lbwzpdpfk086u1okgfpr5,./out/images/clb0lbwzpdpfk086u1okgfpr5.jpg,True
clb0lbwzpdpfo086udo7tdj2v,./out/images/clb0lbwzpdpfo086udo7tdj2v.jpg,True
clb0lbwzpdpfs086u5eihawo4,./out/images/clb0lbwzpdpfs086u5eihawo4.jpg,True
clb0lbwzpdpfw086uhsae839d,./out/images/clb0lbwzpdpfw086uhsae839d.jpg,True
clb0lbwzpdpg0086uhd7d4n86,./out/images/clb0lbwzpdpg0086uhd7d4n86.jpg,True
clb0lbwzpdpg4086uhwbretp5,./out/images/clb0lbwzpdpg4086uhwbretp5.jpg,True
clb0lbwzpdpg8086u02icbb28,./out/images/clb0lbwzpdpg8086u02icbb28.jpg,True
clb0lbwzpdpgc086ufxb2dyvu,./out/images/clb0lbwzpdpgc086ufxb2dyvu.jpg,True
clb0lbwzpdpgg086u34u63kks,./out/images/clb0lbwzpdpgg086u34u63kks.jpg,True
clb0lbwzpdpgk086u4ktxbrsn,./out/images/clb0lbwzpdpgk086u4ktxbrsn.jpg,True
clb0lbwzpdpgo086ucmqx7nyu,./out/images/clb0lbwzpdpgo086ucmqx7nyu.jpg,True
clb0lbwzqdpgs086udym11lca,./out/images/clb0lbwzqdpgs086udym11lca.jpg,True
clb0lbwzqdpgw086ueue6gp2m,./out/images/clb0lbwzqdpgw086ueue6gp2m.jpg,True
clb0lbwzqdph0086uh8q59002,./out/images/clb0lbwzqdph0086uh8q59002.jpg,True
clb0lbwzqdph4086uh4ga8lub,./out/images/clb0lbwzqdph4086uh4ga8lub.jpg,True
clb0lbwzqdph8086u0xcbg904,./out/images/clb0lbwzqdph8086u0xcbg904.jpg,True
clb0lbwzqdphc086ufe4negd3,./out/images/clb0lbwzqdphc086ufe4negd3.jpg,True
clb0lbwzqdphg086u4lxie3xb,./out/images/clb0lbwzqdphg086u4lxie3xb.jpg,True
clb0lbwzqdphk086uf8o0cfnk,./out/images/clb0lbwzqdphk086uf8o0cfnk.jpg,True
clb0lbwzqdpho086u84f9aohp,./out/images/clb0lbwzqdpho086u84f9aohp.jpg,True
clb0lbwzqdphs086u4w261xr7,./out/images/clb0lbwzqdphs086u4w261xr7.jpg,True
clb0lbwzqdphw086u1knh2eh6,./out/images/clb0lbwzqdphw086u1knh2eh6.jpg,True
clb0lbwzrdpi0086ufcjqeft4,./out/images/clb0lbwzrdpi0086ufcjqeft4.jpg,True
clb0lbwzrdpi4086ucfvq8m1z,./out/images/clb0lbwzrdpi4086ucfvq8m1z.jpg,True
clb0lbwzrdpi8086uhaaa5yj6,./out/images/clb0lbwzrdpi8086uhaaa5yj6.jpg,True
clb0lbwzrdpic086u0w1g8o4w,./out/images/clb0lbwzrdpic086u0w1g8o4w.jpg,True
clb0lbwzrdpig086ufi57c9c6,./out/images/clb0lbwzrdpig086ufi57c9c6.jpg,True
clb0lbwzrdpik086uee6hez4n,./out/images/clb0lbwzrdpik086uee6hez4n.jpg,True
clb0lbwzrdpio086ubuf1c6c7,./out/images/clb0lbwzrdpio086ubuf1c6c7.jpg,True
clb0lbwzrdpis086ue13y8wr4,./out/images/clb0lbwzrdpis086ue13y8wr4.jpg,True
clb0lbwzrdpiw086u8mnk4xeu,./out/images/clb0lbwzrdpiw086u8mnk4xeu.jpg,True
clb0lbwzrdpj0086uc9hb1xud,./out/images/clb0lbwzrdpj0086uc9hb1xud.jpg,True
clb0lbwzsdpj8086udmdy919l,./out/images/clb0lbwzsdpj8086udmdy919l.jpg,True
clb0lbwzsdpjc086ufx7l45k9,./out/images/clb0lbwzsdpjc086ufx7l45k9.jpg,True
clb0lbwzsdpjg086u2y2s3f2l,./out/images/clb0lbwzsdpjg086u2y2s3f2l.jpg,True
clb0lbwzsdpjk086u7mzo6gnv,./out/images/clb0lbwzsdpjk086u7mzo6gnv.jpg,True
clb0lbwzsdpjo086uhpor121w,./out/images/clb0lbwzsdpjo086uhpor121w.jpg,True
clb0lbwzsdpjs086u9vj3axnk,./out/images/clb0lbwzsdpjs086u9vj3axnk.jpg,True
clb0lbwzsdpjw086ueyllhvw2,./out/images/clb0lbwzsdpjw086ueyllhvw2.jpg,True
clb0lbwzsdpk0086u5y5udq7d,./out/images/clb0lbwzsdpk0086u5y5udq7d.jpg,True
clb0lbwzsdpk4086u268z8ssn,./out/images/clb0lbwzsdpk4086u268z8ssn.jpg,True
clb0lbwzsdpk8086ufmsrehdc,./out/images/clb0lbwzsdpk8086ufmsrehdc.jpg,True
clb0lbwzsdpkc086u3g6mcfd5,./out/images/clb0lbwzsdpkc086u3g6mcfd5.jpg,True
clb0lbwztdpkg086ubdxv8i25,./out/images/clb0lbwztdpkg086ubdxv8i25.jpg,True
clb0lbwztdpkk086uesyw2zvn,./out/images/clb0lbwztdpkk086uesyw2zvn.jpg,True
clb0lbwztdpko086ucsmh3qm8,./out/images/clb0lbwztdpko086ucsmh3qm8.jpg,True
clb0lbwztdpks086u0rohhml1,./out/images/clb0lbwztdpks086u0rohhml1.jpg,True
clb0lbwztdpkw086udeqb6x4i,./out/images/clb0lbwztdpkw086udeqb6x4i.jpg,True
clb0lbwztdpl0086u81dm72kp,./out/images/clb0lbwztdpl0086u81dm72kp.jpg,True
clb0lbwztdpl4086ugnnfcwq7,./out/images/clb0lbwztdpl4086ugnnfcwq7.jpg,True
clb0lbwztdpl8086ufxu26mm3,./out/images/clb0lbwztdpl8086ufxu26mm3.jpg,True
clb0lbwztdplc086ue406e8iy,./out/images/clb0lbwztdplc086ue406e8iy.jpg,True
clb0lbwztdplg086u3qchgv9t,./out/images/clb0lbwztdplg086u3qchgv9t.jpg,True
clb0lbwzudpls086u72aaej7y,./out/images/clb0lbwzudpls086u72aaej7y.jpg,True
clb0lbwzudplw086u4uo411n7,./out/images/clb0lbwzudplw086u4uo411n7.jpg,True
clb0lbwzudpm0086u2l9223v1,./out/images/clb0lbwzudpm0086u2l9223v1.jpg,True
clb0lbwzudpm4086ugfg66yvp,./out/images/clb0lbwzudpm4086ugfg66yvp.jpg,True
clb0lbwzudpm8086udgtld7lb,./out/images/clb0lbwzudpm8086udgtld7lb.jpg,True
clb0lbwzudpmc086u442i3m1t,./out/images/clb0lbwzudpmc086u442i3m1t.jpg,True
clb0lbwzudpmk086ueowzei92,./out/images/clb0lbwzudpmk086ueowzei92.jpg,True
clb0lbwzvdpmo086u1z16ddz0,./out/images/clb0lbwzvdpmo086u1z16ddz0.jpg,True
clb0lbwzvdpms086uhy9w8k8s,./out/images/clb0lbwzvdpms086uhy9w8k8s.jpg,True
clb0lbwzvdpmw086ue11qean8,./out/images/clb0lbwzvdpmw086ue11qean8.jpg,True
clb0lbwzvdpn0086ub3iq2jnw,./out/images/clb0lbwzvdpn0086ub3iq2jnw.jpg,True
clb0lbwzvdpn4086u4wtjhlpb,./out/images/clb0lbwzvdpn4086u4wtjhlpb.jpg,True
clb0lbwzvdpn8086u31v00ra7,./out/images/clb0lbwzvdpn8086u31v00ra7.jpg,True
clb0lbwzvdpnc086ugkmog9pq,./out/images/clb0lbwzvdpnc086ugkmog9pq.jpg,True
clb0lbwzvdpng086ufqjv9jge,./out/images/clb0lbwzvdpng086ufqjv9jge.jpg,True
clb0lbwzvdpnk086u6nzjakbf,./out/images/clb0lbwzvdpnk086u6nzjakbf.jpg,True
clb0lbwzvdpno086ug42hghqs,./out/images/clb0lbwzvdpno086ug42hghqs.jpg,True
clb0lbwzvdpns086ughczhtz9,./out/images/clb0lbwzvdpns086ughczhtz9.jpg,True
clb0lbwzwdpnw086uc7d9bvfx,./out/images/clb0lbwzwdpnw086uc7d9bvfx.jpg,True
clb0lbwzwdpo0086uhb1n18dn,./out/images/clb0lbwzwdpo0086uhb1n18dn.jpg,True
clb0lbwzwdpo4086ug7bwbikk,./out/images/clb0lbwzwdpo4086ug7bwbikk.jpg,True
clb0lbwzwdpo8086u5cxjh7y6,./out/images/clb0lbwzwdpo8086u5cxjh7y6.jpg,True
clb0lbwzwdpoc086udppb2od3,./out/images/clb0lbwzwdpoc086udppb2od3.jpg,True
clb0lbwzwdpog086uditu284c,./out/images/clb0lbwzwdpog086uditu284c.jpg,True
clb0lbwzwdpok086uc8xxewel,./out/images/clb0lbwzwdpok086uc8xxewel.jpg,True
clb0lbwzwdpoo086udlqjb7g8,./out/images/clb0lbwzwdpoo086udlqjb7g8.jpg,True
clb0lbwzwdpos086u5ulvhfal,./out/images/clb0lbwzwdpos086u5ulvhfal.jpg,True
clb0lbwzwdpow086u62aj2u8x,./out/images/clb0lbwzwdpow086u62aj2u8x.jpg,True
clb0lbwzwdpp0086u7pxq7npe,./out/images/clb0lbwzwdpp0086u7pxq7npe.jpg,True
clb0lbwzxdpp4086u40uc7mk7,./out/images/clb0lbwzxdpp4086u40uc7mk7.jpg,True
clb0lbwzxdpp8086u0yft165b,./out/images/clb0lbwzxdpp8086u0yft165b.jpg,True
clb0lbwzxdppc086uhoaz1opq,./out/images/clb0lbwzxdppc086uhoaz1opq.jpg,True
clb0lbwzxdppg086ueihv9l02,./out/images/clb0lbwzxdppg086ueihv9l02.jpg,True
clb0lbwzxdppk086udfgy6bq4,./out/images/clb0lbwzxdppk086udfgy6bq4.jpg,True
clb0lbwzxdppo086u6j87bf6x,./out/images/clb0lbwzxdppo086u6j87bf6x.jpg,True
clb0lbwzxdpps086ubfazaf1d,./out/images/clb0lbwzxdpps086ubfazaf1d.jpg,True
clb0lbwzxdppw086u2gz7f4f6,./out/images/clb0lbwzxdppw086u2gz7f4f6.jpg,True
clb0lbwzxdpq0086uctrhft1w,./out/images/clb0lbwzxdpq0086uctrhft1w.jpg,True
clb0lbwzxdpq4086uckoy6of6,./out/images/clb0lbwzxdpq4086uckoy6of6.jpg,True
clb0lbwzydpq8086u40jb3fsw,./out/images/clb0lbwzydpq8086u40jb3fsw.jpg,True
clb0lbwzydpqc086ubyyr37sv,./out/images/clb0lbwzydpqc086ubyyr37sv.jpg,True
clb0lbwzydpqg086uanx0einu,./out/images/clb0lbwzydpqg086uanx0einu.jpg,True
clb0lbwzydpqk086uggs7bk5r,./out/images/clb0lbwzydpqk086uggs7bk5r.jpg,True
clb0lbwzydpqo086u7i6lhevc,./out/images/clb0lbwzydpqo086u7i6lhevc.jpg,True
clb0lbwzydpqs086ubfembg57,./out/images/clb0lbwzydpqs086ubfembg57.jpg,True
clb0lbwzydpqw086ubak5dqka,./out/images/clb0lbwzydpqw086ubak5dqka.jpg,True
clb0lbwzydpr0086u5pgn9b0b,./out/images/clb0lbwzydpr0086u5pgn9b0b.jpg,True
clb0lbwzydpr4086u3lx4ccl6,./out/images/clb0lbwzydpr4086u3lx4ccl6.jpg,True
clb0lbwzydpr8086u726c0l9p,./out/images/clb0lbwzydpr8086u726c0l9p.jpg,True
clb0lbwzydprc086u5t61536p,./out/images/clb0lbwzydprc086u5t61536p.jpg,True
clb0lbwzzdprg086uhgtxekec,./out/images/clb0lbwzzdprg086uhgtxekec.jpg,True
clb0lbwzzdprk086ucj9sfnat,./out/images/clb0lbwzzdprk086ucj9sfnat.jpg,True
clb0lbwzzdpro086u8bicd4b8,./out/images/clb0lbwzzdpro086u8bicd4b8.jpg,True
clb0lbwzzdprs086u3moxcnn6,./out/images/clb0lbwzzdprs086u3moxcnn6.jpg,True
clb0lbwzzdprw086u04lk81ls,./out/images/clb0lbwzzdprw086u04lk81ls.jpg,True
clb0lbwzzdps0086u39yq9krd,./out/images/clb0lbwzzdps0086u39yq9krd.jpg,True
clb0lbwzzdps4086u2ql2af36,./out/images/clb0lbwzzdps4086u2ql2af36.jpg,True
clb0lbwzzdps8086u85gqd8r1,./out/images/clb0lbwzzdps8086u85gqd8r1.jpg,True
clb0lbwzzdpsc086ubrzbcare,./out/images/clb0lbwzzdpsc086ubrzbcare.jpg,True
clb0lbwzzdpsg086u5ioc9g1j,./out/images/clb0lbwzzdpsg086u5ioc9g1j.jpg,True
clb0lbx00dpsk086u5nq156md,./out/images/clb0lbx00dpsk086u5nq156md.jpg,True
clb0lbx00dpso086u0r5k5ffe,./out/images/clb0lbx00dpso086u0r5k5ffe.jpg,True
clb0lbx00dpss086ufa3ods24,./out/images/clb0lbx00dpss086ufa3ods24.jpg,True
clb0lbx00dpsw086u3xfk6ux9,./out/images/clb0lbx00dpsw086u3xfk6ux9.jpg,True
clb0lbx00dpt0086uf4907020,./out/images/clb0lbx00dpt0086uf4907020.jpg,True
clb0lbx00dpt4086uhwpo45d1,./out/images/clb0lbx00dpt4086uhwpo45d1.jpg,True
clb0lbx00dptc086uazarcfm7,./out/images/clb0lbx00dptc086uazarcfm7.jpg,True
clb0lbx00dptg086ud1uj5hjx,./out/images/clb0lbx00dptg086ud1uj5hjx.jpg,True
clb0lbx00dpto086u9za4cpk2,./out/images/clb0lbx00dpto086u9za4cpk2.jpg,True
clb0lbx00dpts086u61nbgiy0,./out/images/clb0lbx00dpts086u61nbgiy0.jpg,True
clb0lbx00dptw086ugk4z5q93,./out/images/clb0lbx00dptw086ugk4z5q93.jpg,True
clb0lbx00dpu0086u1mt0dxod,./out/images/clb0lbx00dpu0086u1mt0dxod.jpg,True
clb0lbx00dpu4086u7th4180r,./out/images/clb0lbx00dpu4086u7th4180r.jpg,True
clb0lbx00dpu8086u2er0f56d,./out/images/clb0lbx00dpu8086u2er0f56d.jpg,True
clb0lbx01dpuc086u21zt50wi,./out/images/clb0lbx01dpuc086u21zt50wi.jpg,True
clb0lbx01dpug086ubdogccs2,./out/images/clb0lbx01dpug086ubdogccs2.jpg,True
clb0lbx01dpuk086uho2shzzx,./out/images/clb0lbx01dpuk086uho2shzzx.jpg,True
clb0lbx01dpuo086uaiel38gs,./out/images/clb0lbx01dpuo086uaiel38gs.jpg,True
clb0lbx01dpus086u6x6m9qbt,./out/images/clb0lbx01dpus086u6x6m9qbt.jpg,True
clb0lbx01dpuw086u4a0sgoq2,./out/images/clb0lbx01dpuw086u4a0sgoq2.jpg,True
clb0lbx01dpv0086uernw7j6s,./out/images/clb0lbx01dpv0086uernw7j6s.jpg,True
clb0lbx01dpv8086u8v1y0gx3,./out/images/clb0lbx01dpv8086u8v1y0gx3.jpg,True
clb0lbx01dpvc086uhf18honr,./out/images/clb0lbx01dpvc086uhf18honr.jpg,True
clb0lbx01dpvg086u7snd6cc5,./out/images/clb0lbx01dpvg086u7snd6cc5.jpg,True
clb0lbx01dpvk086uh3h69w69,./out/images/clb0lbx01dpvk086uh3h69w69.jpg,True
clb0lbx01dpvo086u50uac5c5,./out/images/clb0lbx01dpvo086u50uac5c5.jpg,True
clb0lbx01dpvs086u2d8vfkis,./out/images/clb0lbx01dpvs086u2d8vfkis.jpg,True
clb0lbx01dpvw086u67dlbwr2,./out/images/clb0lbx01dpvw086u67dlbwr2.jpg,True
clb0lbx01dpw0086ueaa407j6,./out/images/clb0lbx01dpw0086ueaa407j6.jpg,True
clb0lbx01dpw4086ucyhihnic,./out/images/clb0lbx01dpw4086ucyhihnic.jpg,True
clb0lbx02dpw8086ua6m90jc2,./out/images/clb0lbx02dpw8086ua6m90jc2.jpg,True
clb0lbx02dpwc086u011w5v85,./out/images/clb0lbx02dpwc086u011w5v85.jpg,True
clb0lbx02dpwk086u9x1wa59c,./out/images/clb0lbx02dpwk086u9x1wa59c.jpg,True
clb0lbx02dpwo086ucca23l2r,./out/images/clb0lbx02dpwo086ucca23l2r.jpg,True
clb0lbx02dpws086u9glchwpa,./out/images/clb0lbx02dpws086u9glchwpa.jpg,True
clb0lbx02dpww086u952u9thn,./out/images/clb0lbx02dpww086u952u9thn.jpg,True
clb0lbx02dpx0086ugozsbib1,./out/images/clb0lbx02dpx0086ugozsbib1.jpg,True
clb0lbx02dpx4086uhoq96e09,./out/images/clb0lbx02dpx4086uhoq96e09.jpg,True
clb0lbx02dpx8086ubgahad1e,./out/images/clb0lbx02dpx8086ubgahad1e.jpg,True
clb0lbx02dpxc086uhg2r1uca,./out/images/clb0lbx02dpxc086uhg2r1uca.jpg,True
clb0lbx02dpxg086ucsgr9h01,./out/images/clb0lbx02dpxg086ucsgr9h01.jpg,True
clb0lbx02dpxk086u2kyw2arn,./out/images/clb0lbx02dpxk086u2kyw2arn.jpg,True
clb0lbx02dpxo086u33eaaps0,./out/images/clb0lbx02dpxo086u33eaaps0.jpg,True
clb0lbx02dpxs086uedv18npx,./out/images/clb0lbx02dpxs086uedv18npx.jpg,True
clb0lbx02dpxw086u2if8f3z1,./out/images/clb0lbx02dpxw086u2if8f3z1.jpg,True
clb0lbx02dpy0086u6ptq1mwx,./out/images/clb0lbx02dpy0086u6ptq1mwx.jpg,True
clb0lbx03dpy4086uh8di5jc5,./out/images/clb0lbx03dpy4086uh8di5jc5.jpg,True
clb0lbx03dpy8086u0k8bgjjp,./out/images/clb0lbx03dpy8086u0k8bgjjp.jpg,True
clb0lbx03dpyc086uehal6n5v,./out/images/clb0lbx03dpyc086uehal6n5v.jpg,True
clb0lbx03dpyg086u4g58d4qc,./out/images/clb0lbx03dpyg086u4g58d4qc.jpg,True
clb0lbx03dpyk086u45ic35n3,./out/images/clb0lbx03dpyk086u45ic35n3.jpg,True
clb0lbx03dpyo086u5hha095g,./out/images/clb0lbx03dpyo086u5hha095g.jpg,True
clb0lbx03dpys086u7j5ycmt3,./out/images/clb0lbx03dpys086u7j5ycmt3.jpg,True
clb0lbx03dpyw086u1n7p50j1,./out/images/clb0lbx03dpyw086u1n7p50j1.jpg,True
clb0lbx03dpz0086ueyl3h66x,./out/images/clb0lbx03dpz0086ueyl3h66x.jpg,True
clb0lbx03dpz4086ugpamgnq7,./out/images/clb0lbx03dpz4086ugpamgnq7.jpg,True
clb0lbx03dpz8086ufa8638fq,./out/images/clb0lbx03dpz8086ufa8638fq.jpg,True
clb0lbx03dpzc086u2luwf81l,./out/images/clb0lbx03dpzc086u2luwf81l.jpg,True
clb0lbx03dpzg086ud7oadh1g,./out/images/clb0lbx03dpzg086ud7oadh1g.jpg,True
clb0lbx03dpzk086udt8i06nb,./out/images/clb0lbx03dpzk086udt8i06nb.jpg,True
clb0lbx03dpzo086u9w9l7n4t,./out/images/clb0lbx03dpzo086u9w9l7n4t.jpg,True
clb0lbx03dpzs086u9e996pyq,./out/images/clb0lbx03dpzs086u9e996pyq.jpg,True
clb0lbx04dpzw086udf2u5ik4,./out/images/clb0lbx04dpzw086udf2u5ik4.jpg,True
clb0lbx04dq00086ueipx357a,./out/images/clb0lbx04dq00086ueipx357a.jpg,True
clb0lbx04dq04086u5etx0xox,./out/images/clb0lbx04dq04086u5etx0xox.jpg,True
clb0lbx04dq08086ue4sqd8yq,./out/images/clb0lbx04dq08086ue4sqd8yq.jpg,True
clb0lbx04dq0c086u980q40jy,./out/images/clb0lbx04dq0c086u980q40jy.jpg,True
clb0lbx04dq0g086uapqe2fwv,./out/images/clb0lbx04dq0g086uapqe2fwv.jpg,True
clb0lbx04dq0k086udbiqh4hs,./out/images/clb0lbx04dq0k086udbiqh4hs.jpg,True
clb0lbx04dq0o086uh6d81akn,./out/images/clb0lbx04dq0o086uh6d81akn.jpg,True
clb0lbx04dq0s086u2tfu7nx0,./out/images/clb0lbx04dq0s086u2tfu7nx0.jpg,True
clb0lbx04dq0w086u5m3o8qm2,./out/images/clb0lbx04dq0w086u5m3o8qm2.jpg,True
clb0lbx04dq10086ub1e0ectg,./out/images/clb0lbx04dq10086ub1e0ectg.jpg,True
clb0lbx04dq14086u4mzsazru,./out/images/clb0lbx04dq14086u4mzsazru.jpg,True
clb0lbx04dq18086ucxju76yg,./out/images/clb0lbx04dq18086ucxju76yg.jpg,True
clb0lbx04dq1c086u5h74hz86,./out/images/clb0lbx04dq1c086u5h74hz86.jpg,True
clb0lbx04dq1g086uayds6r2w,./out/images/clb0lbx04dq1g086uayds6r2w.jpg,True
clb0lbx04dq1k086ubobe3fry,./out/images/clb0lbx04dq1k086ubobe3fry.jpg,True
clb0lbx04dq1o086ud4m952jt,./out/images/clb0lbx04dq1o086ud4m952jt.jpg,True
clb0lbx05dq1s086u56rdhyqf,./out/images/clb0lbx05dq1s086u56rdhyqf.jpg,True
clb0lbx05dq1w086ucmaad1jb,./out/images/clb0lbx05dq1w086ucmaad1jb.jpg,True
clb0lbx05dq20086u26t59wfs,./out/images/clb0lbx05dq20086u26t59wfs.jpg,True
clb0lbx05dq24086u4zf19t0c,./out/images/clb0lbx05dq24086u4zf19t0c.jpg,True
clb0lbx05dq28086u436708sf,./out/images/clb0lbx05dq28086u436708sf.jpg,True
clb0lbx05dq2c086ubjtx4e8q,./out/images/clb0lbx05dq2c086ubjtx4e8q.jpg,True
clb0lbx05dq2g086u4wh59wxg,./out/images/clb0lbx05dq2g086u4wh59wxg.jpg,True
clb0lbx05dq2k086ub5fkaich,./out/images/clb0lbx05dq2k086ub5fkaich.jpg,True
clb0lbx05dq2o086u1v98hbds,./out/images/clb0lbx05dq2o086u1v98hbds.jpg,True
clb0lbx05dq2s086uaevv14n5,./out/images/clb0lbx05dq2s086uaevv14n5.jpg,True
clb0lbx05dq2w086u9ho3ep7w,./out/images/clb0lbx05dq2w086u9ho3ep7w.jpg,True
clb0lbx05dq30086ue4lu8mmu,./out/images/clb0lbx05dq30086ue4lu8mmu.jpg,True
clb0lbx05dq34086ugobp6jet,./out/images/clb0lbx05dq34086ugobp6jet.jpg,True
clb0lbx05dq38086ufob69xbv,./out/images/clb0lbx05dq38086ufob69xbv.jpg,True
clb0lbx05dq3c086u1caa4dmy,./out/images/clb0lbx05dq3c086u1caa4dmy.jpg,True
clb0lbx05dq3g086uhjvh4pa0,./out/images/clb0lbx05dq3g086uhjvh4pa0.jpg,True
clb0lbx05dq3k086uhola18m0,./out/images/clb0lbx05dq3k086uhola18m0.jpg,True
clb0lbx06dq3o086uheesgc6k,./out/images/clb0lbx06dq3o086uheesgc6k.jpg,True
clb0lbx06dq3s086u47ms360v,./out/images/clb0lbx06dq3s086u47ms360v.jpg,True
clb0lbx06dq3w086u2x6haz0k,./out/images/clb0lbx06dq3w086u2x6haz0k.jpg,True
clb0lbx06dq40086uhhai8ka5,./out/images/clb0lbx06dq40086uhhai8ka5.jpg,True
clb0lbx06dq44086ubind8vjq,./out/images/clb0lbx06dq44086ubind8vjq.jpg,True
clb0lbx06dq48086u6dyle74g,./out/images/clb0lbx06dq48086u6dyle74g.jpg,True
clb0lbx06dq4c086uckpef5uu,./out/images/clb0lbx06dq4c086uckpef5uu.jpg,True
clb0lbx06dq4g086uc8pt0brb,./out/images/clb0lbx06dq4g086uc8pt0brb.jpg,True
clb0lbx06dq4k086uer1zeoql,./out/images/clb0lbx06dq4k086uer1zeoql.jpg,True
clb0lbx06dq4o086ub4x2fia4,./out/images/clb0lbx06dq4o086ub4x2fia4.jpg,True
clb0lbx06dq4s086ue3m0f07k,./out/images/clb0lbx06dq4s086ue3m0f07k.jpg,True
clb0lbx06dq4w086uct516au3,./out/images/clb0lbx06dq4w086uct516au3.jpg,True
clb0lbx06dq50086ugrknh03j,./out/images/clb0lbx06dq50086ugrknh03j.jpg,True
clb0lbx06dq54086u76hp9vlf,./out/images/clb0lbx06dq54086u76hp9vlf.jpg,True
clb0lbx06dq58086u2gthddzw,./out/images/clb0lbx06dq58086u2gthddzw.jpg,True
clb0lbx06dq5c086u5jh2ck3q,./out/images/clb0lbx06dq5c086u5jh2ck3q.jpg,True
clb0lbx07dq5g086u6fqj9ddc,./out/images/clb0lbx07dq5g086u6fqj9ddc.jpg,True
clb0lbx07dq5k086u0fxbguet,./out/images/clb0lbx07dq5k086u0fxbguet.jpg,True
clb0lbx07dq5o086u5y8e7om9,./out/images/clb0lbx07dq5o086u5y8e7om9.jpg,True
clb0lbx07dq5s086u5f4sfy08,./out/images/clb0lbx07dq5s086u5f4sfy08.jpg,True
clb0lbx07dq5w086u40kzgt11,./out/images/clb0lbx07dq5w086u40kzgt11.jpg,True
clb0lbx07dq60086u8is2ecr8,./out/images/clb0lbx07dq60086u8is2ecr8.jpg,True
clb0lbx07dq64086uab9a782w,./out/images/clb0lbx07dq64086uab9a782w.jpg,True
clb0lbx07dq68086u454k95yy,./out/images/clb0lbx07dq68086u454k95yy.jpg,True
clb0lbx07dq6c086u8q6uf5gq,./out/images/clb0lbx07dq6c086u8q6uf5gq.jpg,True
clb0lbx07dq6g086u5x949cip,./out/images/clb0lbx07dq6g086u5x949cip.jpg,True
clb0lbx07dq6k086ub4wj8dgz,./out/images/clb0lbx07dq6k086ub4wj8dgz.jpg,True
clb0lbx07dq6o086u3l89663z,./out/images/clb0lbx07dq6o086u3l89663z.jpg,True
clb0lbx07dq6w086u2mpzc577,./out/images/clb0lbx07dq6w086u2mpzc577.jpg,True
clb0lbx07dq70086u9pw82y66,./out/images/clb0lbx07dq70086u9pw82y66.jpg,True
clb0lbx07dq74086u3j9z1wr6,./out/images/clb0lbx07dq74086u3j9z1wr6.jpg,True
clb0lbx07dq78086u768hb1h8,./out/images/clb0lbx07dq78086u768hb1h8.jpg,True
clb0lbx08dq7c086u4mcm6bqm,./out/images/clb0lbx08dq7c086u4mcm6bqm.jpg,True
clb0lbx08dq7g086u1zxcaxrj,./out/images/clb0lbx08dq7g086u1zxcaxrj.jpg,True
clb0lbx08dq7k086u2a8f7415,./out/images/clb0lbx08dq7k086u2a8f7415.jpg,True
clb0lbx08dq7o086uhkur9y10,./out/images/clb0lbx08dq7o086uhkur9y10.jpg,True
clb0lbx08dq7s086u5f3y8f3c,./out/images/clb0lbx08dq7s086u5f3y8f3c.jpg,True
clb0lbx08dq7w086uf8qd7rva,./out/images/clb0lbx08dq7w086uf8qd7rva.jpg,True
clb0lbx08dq80086uapmh158i,./out/images/clb0lbx08dq80086uapmh158i.jpg,True
clb0lbx08dq84086u9jbxaf18,./out/images/clb0lbx08dq84086u9jbxaf18.jpg,True
clb0lbx08dq88086u2vws3r19,./out/images/clb0lbx08dq88086u2vws3r19.jpg,True
clb0lbx08dq8c086ufbw3dxcz,./out/images/clb0lbx08dq8c086ufbw3dxcz.jpg,True
clb0lbx08dq8g086u3ste66ld,./out/images/clb0lbx08dq8g086u3ste66ld.jpg,True
clb0lbx08dq8k086ub2iyakuc,./out/images/clb0lbx08dq8k086ub2iyakuc.jpg,True
clb0lbx08dq8o086uf7et2s2h,./out/images/clb0lbx08dq8o086uf7et2s2h.jpg,True
clb0lbx08dq8s086u5gmy9f0b,./out/images/clb0lbx08dq8s086u5gmy9f0b.jpg,True
clb0lbx08dq8w086u9wea25rz,./out/images/clb0lbx08dq8w086u9wea25rz.jpg,True
clb0lbx08dq90086u1i8429gb,./out/images/clb0lbx08dq90086u1i8429gb.jpg,True
clb0lbx08dq94086uht48fd2t,./out/images/clb0lbx08dq94086uht48fd2t.jpg,True
clb0lbx09dq98086u9zatemp4,./out/images/clb0lbx09dq98086u9zatemp4.jpg,True
clb0lbx09dq9c086u59a8dwgv,./out/images/clb0lbx09dq9c086u59a8dwgv.jpg,True
clb0lbx09dq9g086u2esi20qa,./out/images/clb0lbx09dq9g086u2esi20qa.jpg,True
clb0lbx09dq9k086u1vpa8irh,./out/images/clb0lbx09dq9k086u1vpa8irh.jpg,True
clb0lbx09dq9o086ubrsjbj3u,./out/images/clb0lbx09dq9o086ubrsjbj3u.jpg,True
clb0lbx09dq9s086uaigobhzm,./out/images/clb0lbx09dq9s086uaigobhzm.jpg,True
clb0lbx09dq9w086u4ibp2t1l,./out/images/clb0lbx09dq9w086u4ibp2t1l.jpg,True
clb0lbx1ddqa0086u73i3fvqj,./out/images/clb0lbx1ddqa0086u73i3fvqj.jpg,True
clb0lbx1ddqa4086u1l9v4u01,./out/images/clb0lbx1ddqa4086u1l9v4u01.jpg,True
clb0lbx1ddqa8086u2w6mfpx0,./out/images/clb0lbx1ddqa8086u2w6mfpx0.jpg,True
clb0lbx1ddqac086ugku182z7,./out/images/clb0lbx1ddqac086ugku182z7.jpg,True
clb0lbx1ddqag086u4kb82hrg,./out/images/clb0lbx1ddqag086u4kb82hrg.jpg,True
clb0lbx1ddqak086uabiq36z8,./out/images/clb0lbx1ddqak086uabiq36z8.jpg,True
clb0lbx1ddqao086uhtqdgniy,./out/images/clb0lbx1ddqao086uhtqdgniy.jpg,True
clb0lbx1ddqas086u0msx9rza,./out/images/clb0lbx1ddqas086u0msx9rza.jpg,True
clb0lbx1ddqaw086u4ez6f504,./out/images/clb0lbx1ddqaw086u4ez6f504.jpg,True
clb0lbx1ddqb0086uelt150ko,./out/images/clb0lbx1ddqb0086uelt150ko.jpg,True
clb0lbx1ddqb4086ubbibdg7g,./out/images/clb0lbx1ddqb4086ubbibdg7g.jpg,True
clb0lbx1ddqb8086u66qi06a0,./out/images/clb0lbx1ddqb8086u66qi06a0.jpg,True
clb0lbx1ddqbc086u38mq1fzm,./out/images/clb0lbx1ddqbc086u38mq1fzm.jpg,True
clb0lbx1edqbg086u8id63c14,./out/images/clb0lbx1edqbg086u8id63c14.jpg,True
clb0lbx1edqbk086ugxxo6vor,./out/images/clb0lbx1edqbk086ugxxo6vor.jpg,True
clb0lbx1edqbo086u2yyldo50,./out/images/clb0lbx1edqbo086u2yyldo50.jpg,True
clb0lbx1edqbs086u2h5m5whg,./out/images/clb0lbx1edqbs086u2h5m5whg.jpg,True
clb0lbx1edqbw086u1w677hwc,./out/images/clb0lbx1edqbw086u1w677hwc.jpg,True
clb0lbx1edqc0086u0xjn03dq,./out/images/clb0lbx1edqc0086u0xjn03dq.jpg,True
clb0lbx1edqc4086ueb99dyo7,./out/images/clb0lbx1edqc4086ueb99dyo7.jpg,True
clb0lbx1edqc8086u1irz56gc,./out/images/clb0lbx1edqc8086u1irz56gc.jpg,True
clb0lbx1edqcc086ug34e2tma,./out/images/clb0lbx1edqcc086ug34e2tma.jpg,True
clb0lbx1edqcg086u0wm28s0h,./out/images/clb0lbx1edqcg086u0wm28s0h.jpg,True
clb0lbx1edqck086u8ak4c4gr,./out/images/clb0lbx1edqck086u8ak4c4gr.jpg,True
clb0lbx1fdqco086u8j4sd2lc,./out/images/clb0lbx1fdqco086u8j4sd2lc.jpg,True
clb0lbx1fdqcs086u8091366l,./out/images/clb0lbx1fdqcs086u8091366l.jpg,True
clb0lbx1fdqcw086uaci161d8,./out/images/clb0lbx1fdqcw086uaci161d8.jpg,True
clb0lbx1fdqd0086udfo0cb9l,./out/images/clb0lbx1fdqd0086udfo0cb9l.jpg,True
clb0lbx1fdqd4086u5csjc85o,./out/images/clb0lbx1fdqd4086u5csjc85o.jpg,True
clb0lbx1fdqd8086u7ij8fa1u,./out/images/clb0lbx1fdqd8086u7ij8fa1u.jpg,True
clb0lbx1fdqdc086u4esh7az3,./out/images/clb0lbx1fdqdc086u4esh7az3.jpg,True
clb0lbx1fdqdg086u1xux9m8c,./out/images/clb0lbx1fdqdg086u1xux9m8c.jpg,True
clb0lbx1fdqdk086u1q8j7h2h,./out/images/clb0lbx1fdqdk086u1q8j7h2h.jpg,True
clb0lbx1fdqdo086u5rdt3kkw,./out/images/clb0lbx1fdqdo086u5rdt3kkw.jpg,True
clb0lbx1fdqds086u6shoeei2,./out/images/clb0lbx1fdqds086u6shoeei2.jpg,True
clb0lbx1fdqdw086ughc6def0,./out/images/clb0lbx1fdqdw086ughc6def0.jpg,True
clb0lbx1gdqe0086u6kvaaagk,./out/images/clb0lbx1gdqe0086u6kvaaagk.jpg,True
clb0lbx1gdqe4086u9ezj3kfa,./out/images/clb0lbx1gdqe4086u9ezj3kfa.jpg,True
clb0lbx1gdqe8086u9q8t9cv3,./out/images/clb0lbx1gdqe8086u9q8t9cv3.jpg,True
clb0lbx1gdqec086u512cfilj,./out/images/clb0lbx1gdqec086u512cfilj.jpg,True
clb0lbx1gdqeg086uhvew0qjo,./out/images/clb0lbx1gdqeg086uhvew0qjo.jpg,True
clb0lbx1gdqek086uh7zxbu26,./out/images/clb0lbx1gdqek086uh7zxbu26.jpg,True
clb0lbx1gdqeo086ufsrobe6m,./out/images/clb0lbx1gdqeo086ufsrobe6m.jpg,True
clb0lbx1gdqes086u4yjafzov,./out/images/clb0lbx1gdqes086u4yjafzov.jpg,True
clb0lbx1gdqew086ud6zo2xmk,./out/images/clb0lbx1gdqew086ud6zo2xmk.jpg,True
clb0lbx1gdqf0086udd4z8rcb,./out/images/clb0lbx1gdqf0086udd4z8rcb.jpg,True
clb0lbx1gdqf4086u27tobv8b,./out/images/clb0lbx1gdqf4086u27tobv8b.jpg,True
clb0lbx1hdqf8086u5u9ga131,./out/images/clb0lbx1hdqf8086u5u9ga131.jpg,True
clb0lbx1hdqfc086u29wv3a86,./out/images/clb0lbx1hdqfc086u29wv3a86.jpg,True
clb0lbx1hdqfg086ucm8x0vso,./out/images/clb0lbx1hdqfg086ucm8x0vso.jpg,True
clb0lbx1hdqfk086u5uhl9yne,./out/images/clb0lbx1hdqfk086u5uhl9yne.jpg,True
clb0lbx1hdqfo086u1nid7do5,./out/images/clb0lbx1hdqfo086u1nid7do5.jpg,True
clb0lbx1hdqfs086u4mm1a9x8,./out/images/clb0lbx1hdqfs086u4mm1a9x8.jpg,True
clb0lbx1hdqfw086ue0uo6re2,./out/images/clb0lbx1hdqfw086ue0uo6re2.jpg,True
clb0lbx1hdqg0086uazu19xjd,./out/images/clb0lbx1hdqg0086uazu19xjd.jpg,True
clb0lbx1hdqg4086uaw5idak2,./out/images/clb0lbx1hdqg4086uaw5idak2.jpg,True
clb0lbx1hdqg8086uhqex6ka8,./out/images/clb0lbx1hdqg8086uhqex6ka8.jpg,True
clb0lbx1hdqgc086uh86xh27r,./out/images/clb0lbx1hdqgc086uh86xh27r.jpg,True
clb0lbx1hdqgg086u57l30yjt,./out/images/clb0lbx1hdqgg086u57l30yjt.jpg,True
clb0lbx1idqgk086u4bo08qc3,./out/images/clb0lbx1idqgk086u4bo08qc3.jpg,True
clb0lbx1idqgo086ucrssaic4,./out/images/clb0lbx1idqgo086ucrssaic4.jpg,True
clb0lbx1idqgs086uapy26jrz,./out/images/clb0lbx1idqgs086uapy26jrz.jpg,True
clb0lbx1idqgw086u79x58g8b,./out/images/clb0lbx1idqgw086u79x58g8b.jpg,True
clb0lbx1idqh0086udkvk5kao,./out/images/clb0lbx1idqh0086udkvk5kao.jpg,True
clb0lbx1idqh4086udlgm4mcl,./out/images/clb0lbx1idqh4086udlgm4mcl.jpg,True
clb0lbx1idqh8086ubi4s78vi,./out/images/clb0lbx1idqh8086ubi4s78vi.jpg,True
clb0lbx1idqhc086u2k3b9a8p,./out/images/clb0lbx1idqhc086u2k3b9a8p.jpg,True
clb0lbx1idqhg086u3o7b9r20,./out/images/clb0lbx1idqhg086u3o7b9r20.jpg,True
clb0lbx1idqhk086u8arpgmzs,./out/images/clb0lbx1idqhk086u8arpgmzs.jpg,True
clb0lbx1idqho086ugm3ba23m,./out/images/clb0lbx1idqho086ugm3ba23m.jpg,True
clb0lbx1idqhs086u4a0y9tj2,./out/images/clb0lbx1idqhs086u4a0y9tj2.jpg,True
clb0lbx1jdqhw086u0ozo34i9,./out/images/clb0lbx1jdqhw086u0ozo34i9.jpg,True
clb0lbx1jdqi0086u17uyhheh,./out/images/clb0lbx1jdqi0086u17uyhheh.jpg,True
clb0lbx1jdqi4086u71rn5v5x,./out/images/clb0lbx1jdqi4086u71rn5v5x.jpg,True
clb0lbx1jdqi8086u5b7qapgq,./out/images/clb0lbx1jdqi8086u5b7qapgq.jpg,True
clb0lbx1jdqic086u1r3q8exa,./out/images/clb0lbx1jdqic086u1r3q8exa.jpg,True
clb0lbx1jdqig086u8y07fl95,./out/images/clb0lbx1jdqig086u8y07fl95.jpg,True
clb0lbx1jdqik086uh8at2zmv,./out/images/clb0lbx1jdqik086uh8at2zmv.jpg,True
clb0lbx1jdqio086u50286ud9,./out/images/clb0lbx1jdqio086u50286ud9.jpg,True
clb0lbx1jdqis086u1gzf3mbg,./out/images/clb0lbx1jdqis086u1gzf3mbg.jpg,True
clb0lbx1jdqiw086ubs0t85ou,./out/images/clb0lbx1jdqiw086ubs0t85ou.jpg,True
clb0lbx1jdqj0086u2209c9pc,./out/images/clb0lbx1jdqj0086u2209c9pc.jpg,True
clb0lbx1jdqj4086u99qshtn4,./out/images/clb0lbx1jdqj4086u99qshtn4.jpg,True
clb0lbx1jdqj8086ugrv6gj6h,./out/images/clb0lbx1jdqj8086ugrv6gj6h.jpg,True
clb0lbx1jdqjc086uer73buqw,./out/images/clb0lbx1jdqjc086uer73buqw.jpg,True
clb0lbx1jdqjg086udu7z0rzf,./out/images/clb0lbx1jdqjg086udu7z0rzf.jpg,True
clb0lbx1jdqjk086u5kgag3wb,./out/images/clb0lbx1jdqjk086u5kgag3wb.jpg,True
clb0lbx1kdqjo086u9e7726un,./out/images/clb0lbx1kdqjo086u9e7726un.jpg,True
clb0lbx1kdqjs086ubw318h4b,./out/images/clb0lbx1kdqjs086ubw318h4b.jpg,True
clb0lbx1kdqjw086u4zubgppz,./out/images/clb0lbx1kdqjw086u4zubgppz.jpg,True
clb0lbx1kdqk0086u5vbkbhsj,./out/images/clb0lbx1kdqk0086u5vbkbhsj.jpg,True
clb0lbx1kdqk4086u99sg7gsc,./out/images/clb0lbx1kdqk4086u99sg7gsc.jpg,True
clb0lbx1kdqk8086uezcchsvk,./out/images/clb0lbx1kdqk8086uezcchsvk.jpg,True
clb0lbx1kdqkc086u21de1p24,./out/images/clb0lbx1kdqkc086u21de1p24.jpg,True
clb0lbx1kdqkg086uae7325n1,./out/images/clb0lbx1kdqkg086uae7325n1.jpg,True
clb0lbx1kdqkk086u56pq6jxt,./out/images/clb0lbx1kdqkk086u56pq6jxt.jpg,True
clb0lbx1kdqko086u1ikfbb9x,./out/images/clb0lbx1kdqko086u1ikfbb9x.jpg,True
clb0lbx1kdqks086u7tljaadn,./out/images/clb0lbx1kdqks086u7tljaadn.jpg,True
clb0lbx1kdqkw086ue2y57n8g,./out/images/clb0lbx1kdqkw086ue2y57n8g.jpg,True
clb0lbx1kdql0086u1y6r9q6d,./out/images/clb0lbx1kdql0086u1y6r9q6d.jpg,True
clb0lbx1kdql4086ube4i1fh4,./out/images/clb0lbx1kdql4086ube4i1fh4.jpg,True
clb0lbx1kdql8086u4dg7e1ln,./out/images/clb0lbx1kdql8086u4dg7e1ln.jpg,True
clb0lbx1kdqlc086ue4rf2qdr,./out/images/clb0lbx1kdqlc086ue4rf2qdr.jpg,True
clb0lbx1ldqlg086ugolibrhh,./out/images/clb0lbx1ldqlg086ugolibrhh.jpg,True
clb0lbx1ldqlk086u0la7fn7d,./out/images/clb0lbx1ldqlk086u0la7fn7d.jpg,True
clb0lbx1ldqlo086u79deejam,./out/images/clb0lbx1ldqlo086u79deejam.jpg,True
clb0lbx1ldqls086uau3sh2cg,./out/images/clb0lbx1ldqls086uau3sh2cg.jpg,True
clb0lbx1ldqlw086u0mt19dn2,./out/images/clb0lbx1ldqlw086u0mt19dn2.jpg,True
clb0lbx1ldqm0086u8t7k8mmq,./out/images/clb0lbx1ldqm0086u8t7k8mmq.jpg,True
clb0lbx1ldqm4086u5qrdf41p,./out/images/clb0lbx1ldqm4086u5qrdf41p.jpg,True
clb0lbx1ldqm8086ucop33tq5,./out/images/clb0lbx1ldqm8086ucop33tq5.jpg,True
clb0lbx1ldqmc086u8juc1iz2,./out/images/clb0lbx1ldqmc086u8juc1iz2.jpg,True
clb0lbx1ldqmg086ug5mf8g0o,./out/images/clb0lbx1ldqmg086ug5mf8g0o.jpg,True
clb0lbx1ldqmk086u3bv6d8dl,./out/images/clb0lbx1ldqmk086u3bv6d8dl.jpg,True
clb0lbx1ldqmo086u7y0d4tpf,./out/images/clb0lbx1ldqmo086u7y0d4tpf.jpg,True
clb0lbx1ldqms086ufy339c2a,./out/images/clb0lbx1ldqms086ufy339c2a.jpg,True
clb0lbx1ldqmw086u27zm08mf,./out/images/clb0lbx1ldqmw086u27zm08mf.jpg,True
clb0lbx1mdqn0086u9ydjadm9,./out/images/clb0lbx1mdqn0086u9ydjadm9.jpg,True
clb0lbx1mdqn4086udm037whm,./out/images/clb0lbx1mdqn4086udm037whm.jpg,True
clb0lbx1mdqn8086u94co0384,./out/images/clb0lbx1mdqn8086u94co0384.jpg,True
clb0lbx1mdqnc086u6h3qg85p,./out/images/clb0lbx1mdqnc086u6h3qg85p.jpg,True
clb0lbx1mdqng086u2nbb7org,./out/images/clb0lbx1mdqng086u2nbb7org.jpg,True
clb0lbx1mdqnk086u6z6g7olp,./out/images/clb0lbx1mdqnk086u6z6g7olp.jpg,True
clb0lbx1mdqno086u4ldcbj1p,./out/images/clb0lbx1mdqno086u4ldcbj1p.jpg,True
clb0lbx1mdqns086u53lz7qep,./out/images/clb0lbx1mdqns086u53lz7qep.jpg,True
clb0lbx1mdqnw086u5r1z2u6g,./out/images/clb0lbx1mdqnw086u5r1z2u6g.jpg,True
clb0lbx1mdqo0086u43l78yt2,./out/images/clb0lbx1mdqo0086u43l78yt2.jpg,True
clb0lbx1mdqo4086u2xew5ogs,./out/images/clb0lbx1mdqo4086u2xew5ogs.jpg,True
clb0lbx1mdqo8086uem7hg8v1,./out/images/clb0lbx1mdqo8086uem7hg8v1.jpg,True
clb0lbx1mdqoc086u9hdrcyu7,./out/images/clb0lbx1mdqoc086u9hdrcyu7.jpg,True
clb0lbx1mdqog086u64vo2nkd,./out/images/clb0lbx1mdqog086u64vo2nkd.jpg,True
clb0lbx1mdqok086uc3j1dzjl,./out/images/clb0lbx1mdqok086uc3j1dzjl.jpg,True
clb0lbx1mdqoo086u7wqsau8p,./out/images/clb0lbx1mdqoo086u7wqsau8p.jpg,True
clb0lbx1mdqos086udpk9gn55,./out/images/clb0lbx1mdqos086udpk9gn55.jpg,True
clb0lbx1ndqow086u1i2g6u5q,./out/images/clb0lbx1ndqow086u1i2g6u5q.jpg,True
clb0lbx1ndqp0086uetdkevkw,./out/images/clb0lbx1ndqp0086uetdkevkw.jpg,True
clb0lbx1ndqp4086u6vyd0j1u,./out/images/clb0lbx1ndqp4086u6vyd0j1u.jpg,True
clb0lbx1ndqp8086u8i013ej3,./out/images/clb0lbx1ndqp8086u8i013ej3.jpg,True
clb0lbx1ndqpc086u65uvfbvp,./out/images/clb0lbx1ndqpc086u65uvfbvp.jpg,True
clb0lbx1ndqpg086uaqolgymf,./out/images/clb0lbx1ndqpg086uaqolgymf.jpg,True
clb0lbx1ndqpk086u2uz653mu,./out/images/clb0lbx1ndqpk086u2uz653mu.jpg,True
clb0lbx1ndqpo086ubdnyd1yc,./out/images/clb0lbx1ndqpo086ubdnyd1yc.jpg,True
clb0lbx1ndqpw086uhdk42r1k,./out/images/clb0lbx1ndqpw086uhdk42r1k.jpg,True
clb0lbx1ndqq0086u6ennhuhu,./out/images/clb0lbx1ndqq0086u6ennhuhu.jpg,True
clb0lbx1ndqq8086u86b2adqq,./out/images/clb0lbx1ndqq8086u86b2adqq.jpg,True
clb0lbx1ndqqc086u5g6y17vh,./out/images/clb0lbx1ndqqc086u5g6y17vh.jpg,True
clb0lbx1ndqqg086udbvx8x9x,./out/images/clb0lbx1ndqqg086udbvx8x9x.jpg,True
clb0lbx1odqqk086uf0fnfpjb,./out/images/clb0lbx1odqqk086uf0fnfpjb.jpg,True
clb0lbx1odqqo086u7e9h259y,./out/images/clb0lbx1odqqo086u7e9h259y.jpg,True
clb0lbx1odqqs086ugcagafog,./out/images/clb0lbx1odqqs086ugcagafog.jpg,True
clb0lbx1odqqw086ububxh1yx,./out/images/clb0lbx1odqqw086ububxh1yx.jpg,True
clb0lbx1odqr0086ufsi2e023,./out/images/clb0lbx1odqr0086ufsi2e023.jpg,True
clb0lbx1odqr4086uh2fhbxyt,./out/images/clb0lbx1odqr4086uh2fhbxyt.jpg,True
clb0lbx1odqr8086uhsih1po4,./out/images/clb0lbx1odqr8086uhsih1po4.jpg,True
clb0lbx1odqrc086ua2o2d3l2,./out/images/clb0lbx1odqrc086ua2o2d3l2.jpg,True
clb0lbx1odqrg086u48im9ma9,./out/images/clb0lbx1odqrg086u48im9ma9.jpg,True
clb0lbx1odqrk086ubefwh864,./out/images/clb0lbx1odqrk086ubefwh864.jpg,True
clb0lbx1odqro086ua5g9bvrr,./out/images/clb0lbx1odqro086ua5g9bvrr.jpg,True
clb0lbx1odqrs086ugaqad6pc,./out/images/clb0lbx1odqrs086ugaqad6pc.jpg,True
clb0lbx1odqrw086u6bxg80lf,./out/images/clb0lbx1odqrw086u6bxg80lf.jpg,True
clb0lbx1odqs0086u7t3beja3,./out/images/clb0lbx1odqs0086u7t3beja3.jpg,True
clb0lbx1odqs4086ugf2w1p33,./out/images/clb0lbx1odqs4086ugf2w1p33.jpg,True
clb0lbx1odqs8086ucqqn33nf,./out/images/clb0lbx1odqs8086ucqqn33nf.jpg,True
clb0lbx1pdqsc086ud7abazjj,./out/images/clb0lbx1pdqsc086ud7abazjj.jpg,True
clb0lbx1pdqsg086u10atat6v,./out/images/clb0lbx1pdqsg086u10atat6v.jpg,True
clb0lbx1pdqsk086ugu6wbrcm,./out/images/clb0lbx1pdqsk086ugu6wbrcm.jpg,True
clb0lbx1pdqso086uagg00uy7,./out/images/clb0lbx1pdqso086uagg00uy7.jpg,True
clb0lbx1pdqss086uhi0pctas,./out/images/clb0lbx1pdqss086uhi0pctas.jpg,True
clb0lbx1pdqsw086ue0yzhprs,./out/images/clb0lbx1pdqsw086ue0yzhprs.jpg,True
clb0lbx1pdqt0086uaawhb30p,./out/images/clb0lbx1pdqt0086uaawhb30p.jpg,True
clb0lbx1pdqt4086ua064e8r9,./out/images/clb0lbx1pdqt4086ua064e8r9.jpg,True
clb0lbx1pdqt8086ugk7fdzdv,./out/images/clb0lbx1pdqt8086ugk7fdzdv.jpg,True
clb0lbx1pdqtc086udvmk4e3t,./out/images/clb0lbx1pdqtc086udvmk4e3t.jpg,True
clb0lbx1pdqtg086u0srwci1n,./out/images/clb0lbx1pdqtg086u0srwci1n.jpg,True
clb0lbx1pdqtk086u5ktqbaih,./out/images/clb0lbx1pdqtk086u5ktqbaih.jpg,True
cla820gl5s3wf071ug6lm6ich,./out/images/cla820gl5s3wf071ug6lm6ich.jpg,True
cla820gl6s3wz071ugjff3hkt,./out/images/cla820gl6s3wz071ugjff3hkt.jpg,True
cla820glas44z071uewo77wmu,./out/images/cla820glas44z071uewo77wmu.jpg,True
cla820glbs45r071u31utcvuz,./out/images/cla820glbs45r071u31utcvuz.jpg,True
cla820glcs47j071uccmo19wi,./out/images/cla820glcs47j071uccmo19wi.jpg,True
cla820gles4br071u2ms2d20c,./out/images/cla820gles4br071u2ms2d20c.jpg,True
cl8k2u1pr1dzb08323zngbla5,./out/images/cl8k2u1pr1dzb08323zngbla5.jpg,True
cl8k2u1qt1f7z0832h0027amz,./out/images/cl8k2u1qt1f7z0832h0027amz.jpg,True
cl8k2u1rm1gcz083207yx4s74,./out/images/cl8k2u1rm1gcz083207yx4s74.jpg,True
cl8k2u1rs1gmf08326o3z6yrj,./out/images/cl8k2u1rs1gmf08326o3z6yrj.jpg,True
cl8k2u1rs1gmv0832818p0lav,./out/images/cl8k2u1rs1gmv0832818p0lav.jpg,True
cl8k2u1s51guf08327wxwftl6,./out/images/cl8k2u1s51guf08327wxwftl6.jpg,True
cl8k2u1s51gur083261cs3cza,./out/images/cl8k2u1s51gur083261cs3cza.jpg,True
cl8k2u1st1gyz083298cy9p87,./out/images/cl8k2u1st1gyz083298cy9p87.jpg,True
clb0kvxun8zl4074y7b8e8fqq,./out/images/clb0kvxun8zl4074y7b8e8fqq.jpg,True
clb0kvxun8zks074ycx4i4xro,./out/images/clb0kvxun8zks074ycx4i4xro.jpg,True
clb0kvxun8zl0074ygp6g2sf9,./out/images/clb0kvxun8zl0074ygp6g2sf9.jpg,True
clb0kvxun8zl8074y1orfd9bn,./out/images/clb0kvxun8zl8074y1orfd9bn.jpg,True
clb0kvxun8zlg074y12zv2jvt,./out/images/clb0kvxun8zlg074y12zv2jvt.jpg,True
clb0kvxun8zlk074y7drl4a6h,./out/images/clb0kvxun8zlk074y7drl4a6h.jpg,True
clb0kvxun8zkw074y4bhk38pl,./out/images/clb0kvxun8zkw074y4bhk38pl.jpg,True
clb0kvxun8zlc074y42asgzlj,./out/images/clb0kvxun8zlc074y42asgzlj.jpg,True
clb0kvxun8zlo074y52h8a4e9,./out/images/clb0kvxun8zlo074y52h8a4e9.jpg,True
clb0kvxun8zls074yh71ngdy1,./out/images/clb0kvxun8zls074yh71ngdy1.jpg,True
clb0kvxw791q4074y8kmz5din,./out/images/clb0kvxw791q4074y8kmz5din.jpg,True
clb0lbwz3doq4086u0p0w5jzm,./out/images/clb0lbwz3doq4086u0p0w5jzm.jpg,True
clb0lbwz5dos4086u0kn2aeyt,./out/images/clb0lbwz5dos4086u0kn2aeyt.jpg,True
clb0lbwz7douo086u72nrh0tg,./out/images/clb0lbwz7douo086u72nrh0tg.jpg,True
clb0lbwz8dov8086u9kfm3kf8,./out/images/clb0lbwz8dov8086u9kfm3kf8.jpg,True
clb0lbwzhdp60086u1c4nfcnk,./out/images/clb0lbwzhdp60086u1c4nfcnk.jpg,True
clb0lbwzhdp68086u1g8ocw9m,./out/images/clb0lbwzhdp68086u1g8ocw9m.jpg,True
clb0lbwzhdp70086uhv5g4o4c,./out/images/clb0lbwzhdp70086uhv5g4o4c.jpg,True
clb0lbwzidp74086u7h4p1jbf,./out/images/clb0lbwzidp74086u7h4p1jbf.jpg,True
clb0lbwzjdp90086u2uszboql,./out/images/clb0lbwzjdp90086u2uszboql.jpg,True
clb0lbwzkdp9k086u1icv3f9v,./out/images/clb0lbwzkdp9k086u1icv3f9v.jpg,True
clb0lbwzkdp9o086ugxiw2mca,./out/images/clb0lbwzkdp9o086ugxiw2mca.jpg,True
clb0lbwzjdp9c086uhdzgdzwy,./out/images/clb0lbwzjdp9c086uhdzgdzwy.jpg,True
clb0lbwzkdp9s086u31zv7auj,./out/images/clb0lbwzkdp9s086u31zv7auj.jpg,True
clb0lbwzldpbk086u5jkkbwrk,./out/images/clb0lbwzldpbk086u5jkkbwrk.jpg,True
clb0lbwzldpbs086u9c4acit0,./out/images/clb0lbwzldpbs086u9c4acit0.jpg,True
clb0lbwzrdpj4086u15an5jfr,./out/images/clb0lbwzrdpj4086u15an5jfr.jpg,True
clb0lbwzudplo086u5pnr0c4c,./out/images/clb0lbwzudplo086u5pnr0c4c.jpg,True
clb0lbwzudpmg086uewzqdwqu,./out/images/clb0lbwzudpmg086uewzqdwqu.jpg,True
clb0lbwzudplk086ubfwge9ki,./out/images/clb0lbwzudplk086ubfwge9ki.jpg,True
clb0lbx00dptk086ugc62aqid,./out/images/clb0lbx00dptk086ugc62aqid.jpg,True
clb0lbx00dpt8086uc3i84db8,./out/images/clb0lbx00dpt8086uc3i84db8.jpg,True
clb0lbx01dpv4086u0m8405q9,./out/images/clb0lbx01dpv4086u0m8405q9.jpg,True
clb0lbx02dpwg086uenmd1sqy,./out/images/clb0lbx02dpwg086uenmd1sqy.jpg,True
clb0lbx07dq6s086ufm8v2qnu,./out/images/clb0lbx07dq6s086ufm8v2qnu.jpg,True
clb0lbx1ndqps086u6is88lmw,./out/images/clb0lbx1ndqps086u6is88lmw.jpg,True
clb0lbx1ndqq4086ugrbm0k5o,./out/images/clb0lbx1ndqq4086ugrbm0k5o.jpg,True
