img_id,question,answer,y_true,y_pred,loss_yes,loss_no,margin_no_minus_yes
cl8k2u1r81fqb08329oh34t3c,Is there a green/black box artefact?,yes,yes,no,0.5236213207244873,0.38102471828460693,-0.14259660243988037
cl8k2u1r81fqj08324i3z2eua,Is this finding easy to detect?,yes,yes,no,0.47730347514152527,0.447698175907135,-0.02960529923439026
cla820gm6s5cb071u6dbacwxh,Is this finding easy to detect?,yes,yes,no,0.539073646068573,0.3859615921974182,-0.15311205387115479
cla820gmls5xj071uarbihlni,Is this finding easy to detect?,yes,yes,no,0.6031922698020935,0.3472312390804291,-0.25596103072166443
cl8k2u1qx1feb0832ex93hgt4,Is there a green/black box artefact?,yes,yes,yes,0.4076037108898163,0.4904989004135132,0.0828951895236969
cla820glts4x7071u15zj93it,Is this finding easy to detect?,yes,yes,yes,0.3377874195575714,0.6209241151809692,0.2831366956233978
cla820gmfs5or071u3sdpg32k,Is there a green/black box artefact?,no,no,yes,0.2102428674697876,0.9157869219779968,0.7055440545082092
cl8k2u1rd1fzn0832e4tkd8py,Is this finding easy to detect?,no,no,yes,0.44955429434776306,0.47583362460136414,0.026279330253601074
cla820gmks5vr071ubza08sdw,Is there a green/black box artefact?,no,no,yes,0.32005515694618225,0.6203622817993164,0.30030712485313416
cl8k2u1rh1g57083294xncaia,Is this finding easy to detect?,yes,yes,yes,0.35547471046447754,0.5898775458335876,0.2344028353691101
cla820glys53n071uhthh6bvs,Is there text?,yes,yes,yes,0.1428275853395462,1.593506932258606,1.4506793469190598
clb0lbx1ddqac086ugku182z7,Is there a green/black box artefact?,no,no,yes,0.4201691746711731,0.4888286888599396,0.06865951418876648
cla820gmhs5rr071u3ba0f0er,Is there text?,yes,yes,yes,0.136381596326828,1.728660225868225,1.592278629541397
clb0lbx1kdqk4086u99sg7gsc,Is there text?,yes,yes,yes,0.1301485300064087,1.8251675367355347,1.695019006729126
cl8k2u1re1g1b08326nmsba31,Have all polyps been removed?,no,no,yes,0.24547386169433594,0.8162189722061157,0.5707451105117798
clbnxtog9bn56074caqp82mfe,Does this image contain any finding?,no,no,no,0.4833458662033081,0.45239028334617615,-0.030955582857131958
cl8k2u1rs1gmz0832gbam70cr,Is there a green/black box artefact?,yes,yes,yes,0.30918899178504944,0.6524387001991272,0.34324970841407776
cla820glns4pr071u1pnkdizs,Is this finding easy to detect?,yes,yes,no,0.5386537313461304,0.39761853218078613,-0.14103519916534424
clb0lbwyldo9c086u9s2lgel8,Is there a green/black box artefact?,yes,yes,yes,0.1128869280219078,1.8046133518218994,1.6917264237999916
clbnxtofcblx6074ccj6gbpz9,Does this image contain any finding?,no,no,no,0.5716949701309204,0.3797503113746643,-0.1919446587562561
cla820gmws6d7071u107x0f3p,Is this finding easy to detect?,yes,yes,yes,0.33532217144966125,0.6178157925605774,0.28249362111091614
cla820gm5s5bf071u6yppfvdo,Is there a green/black box artefact?,no,no,yes,0.19287875294685364,0.999846875667572,0.8069681227207184
clbnxtowu6umm079o5vqa8tqv,Does this image contain any finding?,no,no,no,0.5264264345169067,0.40017515420913696,-0.12625128030776978
cla820gmhs5rb071u542the9d,Is there a green/black box artefact?,no,no,yes,0.3830745220184326,0.5223894119262695,0.13931488990783691
clb0lbwyhdo4s086ubwcg7iiu,Is there a green/black box artefact?,no,no,yes,0.4276660084724426,0.4909946918487549,0.06332868337631226
clbnxtonbara90755f4gvaoac,Does this image contain any finding?,no,no,yes,0.3492034673690796,0.6305636763572693,0.2813602089881897
cl8k2u1rp1ghz0832hpfh4js8,Is there a green/black box artefact?,yes,yes,yes,0.11590226739645004,1.5405082702636719,1.4246060028672218
cl8k2u1qp1f2j083240px7ykd,Is there text?,yes,yes,yes,0.12627312541007996,1.859135389328003,1.732862263917923
cl8k2u1qs1f6b0832by4sd9wa,Is there text?,yes,yes,yes,0.15504491329193115,1.4046086072921753,1.2495636940002441
cla820gmqs65j071u3fib56er,Is there text?,no,no,no,0.5518748760223389,0.3792020082473755,-0.17267286777496338
clb0lbwy8dnso086ub9xpgwww,Is there text?,yes,yes,yes,0.12696735560894012,1.865293025970459,1.7383256703615189
cla820glus4z7071u8ibo003f,Is there text?,yes,yes,yes,0.14528489112854004,1.595969557762146,1.450684666633606
clbnxtoghbnkq074c8rfnerg3,Does this image contain any finding?,no,no,yes,0.26013457775115967,0.7892035841941833,0.5290690064430237
clbnxtogabn7e074c9fo94pk3,Does this image contain any finding?,no,no,yes,0.46054530143737793,0.4918168783187866,0.03127157688140869
clb0lbx1edqc8086u1irz56gc,Is there text?,yes,yes,yes,0.18936997652053833,1.0754334926605225,0.8860635161399841
clbnxtonmarrh0755e9x564r6,Does this image contain any finding?,no,no,yes,0.35090216994285583,0.6203991174697876,0.26949694752693176
clbnxtonlarqp0755ei9cds9t,Does this image contain any finding?,no,no,no,0.609711229801178,0.34446826577186584,-0.26524296402931213
cl8k2u1r41fl308320op47ip3,Have all polyps been removed?,no,no,yes,0.2705013155937195,0.7455592751502991,0.4750579595565796
clb0lbwyadnwc086ua6dmeyak,Is this finding easy to detect?,yes,yes,no,0.5554152131080627,0.38243722915649414,-0.1729779839515686
clbnxtonjarmd07555ivxhfmf,Does this image contain any finding?,no,no,no,0.5415030121803284,0.40511709451675415,-0.13638591766357422
cl8k2u1r41fl308320op47ip3,Is there a green/black box artefact?,yes,yes,yes,0.36471065878868103,0.5518136620521545,0.1871030032634735
cl8k2u1qx1fff0832dezz6pwk,Is there text?,yes,yes,yes,0.12874892354011536,1.7428544759750366,1.6141055524349213
clb0lbwzcdp08086u1tnn800j,Is this finding easy to detect?,no,no,no,0.7549813389778137,0.275775671005249,-0.4792056679725647
cl8k2u1qf1esn08326ec518st,Is this finding easy to detect?,yes,yes,no,0.48104849457740784,0.4441482126712799,-0.03690028190612793
clbnxtowt6uii079oa1wc8m1j,Does this image contain any finding?,no,no,yes,0.27736616134643555,0.7525153756141663,0.4751492142677307
clbnxtof4blgq074chaar181a,Does this image contain any finding?,no,no,no,0.5090125799179077,0.426867812871933,-0.08214476704597473
cl8k2u1qt1f7v08322bld3wb2,Have all polyps been removed?,no,no,yes,0.371512770652771,0.557317852973938,0.185805082321167
clb0lbx1gdqf4086u27tobv8b,Is there text?,yes,yes,yes,0.1347857117652893,1.6918281316757202,1.557042419910431
clb0lbwz7douk086ua2g19kcf,Is there text?,yes,yes,yes,0.15288159251213074,1.4230588674545288,1.270177274942398
cl8k2u1ro1ggr083243ex3ksv,Is this finding easy to detect?,yes,yes,no,0.8084091544151306,0.2582896649837494,-0.5501194894313812
cla820gmhs5qv071u9bum40jl,Is there text?,yes,yes,yes,0.19351015985012054,1.0727356672286987,0.8792255073785782
clbnxtonwasc50755bmfla6lg,Does this image contain any finding?,no,no,yes,0.38232895731925964,0.5773921608924866,0.19506320357322693
cl8k2u1rn1gff08326wqk8amg,Is there a green/black box artefact?,no,no,no,0.5241126418113708,0.38982197642326355,-0.1342906653881073
clbnxtoevbl0y074cehag0syd,Does this image contain any finding?,no,no,yes,0.42402341961860657,0.5169792771339417,0.09295585751533508
cla820glhs4g7071ud1217l9u,Is there text?,yes,yes,yes,0.14859896898269653,1.6465575695037842,1.4979586005210876
cla820gles4bj071u6rxicrf7,Is this finding easy to detect?,yes,yes,no,0.5345645546913147,0.3886258006095886,-0.14593875408172607
clbnxtow96tj2079o294tcnhk,Does this image contain any finding?,no,no,yes,0.4193050265312195,0.5190187096595764,0.09971368312835693
cla820gmls5yb071ugt229jm2,Is this finding easy to detect?,yes,yes,no,0.5905436277389526,0.3598599135875702,-0.23068371415138245
clb0lbx1pdqss086uhi0pctas,Is there text?,yes,yes,yes,0.1834351122379303,1.2157037258148193,1.032268613576889
cl8k2u1rn1gfb0832c3k4bt07,Is this finding easy to detect?,yes,yes,no,0.4688184857368469,0.44320130348205566,-0.02561718225479126
cla820gmos63b071ucfr74ie6,Is this finding easy to detect?,yes,yes,no,0.8105732798576355,0.2557654082775116,-0.5548078715801239
cl8k2u1rb1fvr083227vggwmk,Have all polyps been removed?,no,no,yes,0.22965998947620392,0.8640053868293762,0.6343453973531723
cl8k2u1py1e9j0832eo7z5beh,Is there a green/black box artefact?,no,no,yes,0.37548571825027466,0.5287768244743347,0.15329110622406006
clbnxtow56tbq079o0p4d02us,Does this image contain any finding?,no,no,yes,0.38453903794288635,0.541925847530365,0.15738680958747864
cla820gl5s3vv071u18ipbr2h,Is there text?,yes,yes,yes,0.20295976102352142,1.0265012979507446,0.8235415369272232
cl8k2u1rr1glb0832245d8pr0,Is there a green/black box artefact?,yes,yes,yes,0.27990543842315674,0.6925963759422302,0.4126909375190735
clbnxtofbblvm074c2r8md4wg,Does this image contain any finding?,no,no,yes,0.3969569802284241,0.5415825843811035,0.14462560415267944
clbnxtogfbnhi074ceumy9adj,Does this image contain any finding?,no,no,yes,0.4214721620082855,0.5011375546455383,0.07966539263725281
clb0lbwybdnys086udgmag3y4,Is there a green/black box artefact?,no,no,no,0.5117689967155457,0.39980635046958923,-0.11196264624595642
clb0lbwzhdp6k086udcq3afpc,Is there text?,yes,yes,yes,0.14264459908008575,1.5859806537628174,1.4433360546827316
cla820gn6s6mj071ufu065dcx,Is there a green/black box artefact?,no,no,yes,0.25966283679008484,0.7721346020698547,0.5124717652797699
clb0lbwybdnxs086ubb915hl6,Is there text?,yes,yes,yes,0.11745218187570572,2.2014400959014893,2.0839879140257835
cla820gmls5wz071u2rajex2s,Is this finding easy to detect?,yes,yes,no,0.6352608799934387,0.32647445797920227,-0.30878642201423645
cl8k2u1qe1err0832hp5137b1,Is there text?,yes,yes,yes,0.23141612112522125,0.889788806438446,0.6583726853132248
clbnxtofvbmc2074c24os7zqo,Does this image contain any finding?,no,no,yes,0.43634533882141113,0.48565125465393066,0.04930591583251953
clbnxtonzashd0755gz5895o8,Does this image contain any finding?,no,no,no,0.5274510383605957,0.40848544239997864,-0.11896559596061707
clbnxtogbbn8i074c05xac4x1,Does this image contain any finding?,no,no,no,0.6163585186004639,0.3525788187980652,-0.2637796998023987
clbnxtog0bmmq074c9rndatnq,Does this image contain any finding?,no,no,yes,0.4080403745174408,0.5328121781349182,0.12477180361747742
cla820glfs4df071u98r5gart,Is there text?,yes,yes,yes,0.17480677366256714,1.2468676567077637,1.0720608830451965
clbnxtonkarop0755ht09cudz,Does this image contain any finding?,no,no,yes,0.3604188561439514,0.6074652075767517,0.2470463514328003
clbnxtoxs6waa079oeeccc5kp,Does this image contain any finding?,no,no,no,0.5116075873374939,0.4177495837211609,-0.09385800361633301
clbnxtonvas9t0755h0os6uy9,Does this image contain any finding?,no,no,yes,0.3719073534011841,0.5845786333084106,0.21267127990722656
cla820gmqs65r071uc9zodhx6,Is there text?,yes,yes,yes,0.2503852844238281,0.8284668922424316,0.5780816078186035
clb0lbwzbdozg086udcex6tc8,Is there a green/black box artefact?,no,no,yes,0.33560365438461304,0.5928739905357361,0.25727033615112305
cl8k2u1pv1e4j08320fao8oka,Have all polyps been removed?,no,no,yes,0.317282497882843,0.637482762336731,0.32020026445388794
cl8k2u1qj1exf0832aav65cug,Have all polyps been removed?,no,no,yes,0.231729194521904,0.8567646145820618,0.6250354200601578
cl8k2u1q51eiz08322qkyaaye,Is this finding easy to detect?,no,no,yes,0.38573628664016724,0.5416053533554077,0.15586906671524048
clb0lbx1kdql8086u4dg7e1ln,Is this finding easy to detect?,yes,yes,no,0.7145520448684692,0.29194220900535583,-0.4226098358631134
cla820glgs4fr071u8va312m9,Is this finding easy to detect?,yes,yes,no,0.4737815856933594,0.4432108700275421,-0.03057071566581726
clb0lbwzbdozw086u9zy9dpwm,Is there text?,yes,yes,yes,0.15303081274032593,1.4586212635040283,1.3055904507637024
cl8k2u1qy1fg30832960f4ubv,Is there a green/black box artefact?,yes,yes,yes,0.3793577551841736,0.5313313007354736,0.15197354555130005
cl8k2u1r81fqn08321b8xdbvb,Have all polyps been removed?,no,no,yes,0.25511687994003296,0.7890461087226868,0.5339292287826538
clbnxtonmarsh07556p1rd08b,Does this image contain any finding?,no,no,yes,0.39142343401908875,0.5586625337600708,0.16723909974098206
cla820gmts69r071u43ysgnkv,Is this finding easy to detect?,yes,yes,no,0.5997827053070068,0.35556596517562866,-0.24421674013137817
cl8k2u1s51gu708320h7regdq,Is there text?,no,no,no,0.8433539271354675,0.23616701364517212,-0.6071869134902954
cl8k2u1q11edn0832arm43l15,Is this finding easy to detect?,no,no,yes,0.342756062746048,0.5903320908546448,0.2475760281085968
clb0lbwzqdph8086u0xcbg904,Is this finding easy to detect?,yes,yes,no,0.6649712920188904,0.3176426887512207,-0.3473286032676697
cl8k2u1r91fsb08325g8y43wy,Is this finding easy to detect?,yes,yes,no,0.7350430488586426,0.2840878367424011,-0.45095521211624146
cl8k2u1qh1evn0832hvvuf1ba,Is there a green/black box artefact?,yes,yes,yes,0.3171853721141815,0.6288127899169922,0.31162741780281067
clb0lbwzqdphw086u1knh2eh6,Is there text?,yes,yes,yes,0.13954490423202515,1.5844038724899292,1.444858968257904
cl8k2u1r61fof0832fe7qg6lc,Is there text?,yes,yes,yes,0.1279941350221634,1.8641878366470337,1.7361937016248703
cl8k2u1pu1e37083257oa5xt6,Is there a green/black box artefact?,no,no,yes,0.32209569215774536,0.619083821773529,0.2969881296157837
clbnxtowx6usi079ofi2belms,Does this image contain any finding?,no,no,no,0.4678955078125,0.45550960302352905,-0.012385904788970947
cl8k2u1s31grb08322hx09n53,Is there a green/black box artefact?,no,no,yes,0.2900649607181549,0.6710792779922485,0.38101431727409363
cl8k2u1qq1f2z08321wur88n7,Have all polyps been removed?,no,no,yes,0.26251596212387085,0.7751739621162415,0.5126579999923706
cla820gn5s6kn071u8pacbjav,Is this finding easy to detect?,yes,yes,no,0.4720126986503601,0.4496358633041382,-0.022376835346221924
clbnxtoxi6vty079o0q43gf9c,Does this image contain any finding?,no,no,no,0.5696667432785034,0.3802439272403717,-0.1894228160381317
cl8k2u1r51flj0832fhenefrm,Is this finding easy to detect?,yes,yes,no,0.4725709557533264,0.44772785902023315,-0.02484309673309326
clbnxtofvbmca074c4tkvgmos,Does this image contain any finding?,no,no,yes,0.3121752440929413,0.6720109581947327,0.3598357141017914
cl8k2u1pz1eab08320whn998o,Is this finding easy to detect?,yes,yes,no,0.5198721885681152,0.4052780270576477,-0.11459416151046753
cl8k2u1rd1fyn08320lz31fk2,Is there text?,yes,yes,yes,0.1492944210767746,1.4863590002059937,1.337064579129219
clbnxtow86tie079ofemof5ag,Does this image contain any finding?,no,no,yes,0.3753901422023773,0.5942253470420837,0.21883520483970642
clbnxtoewbl2m074c4kyjfana,Does this image contain any finding?,no,no,no,0.5730380415916443,0.3800392746925354,-0.1929987668991089
clb0lbwycdnzg086uepiv8icn,Is this finding easy to detect?,yes,yes,yes,0.4380631446838379,0.4859667718410492,0.047903627157211304
cl8k2u1po1dxn08328vz50fyd,Is there text?,yes,yes,yes,0.15854811668395996,1.4347044229507446,1.2761563062667847
clb0lbwyvdoj8086ucu98a8mz,Is there a green/black box artefact?,no,no,yes,0.2624225914478302,0.7673967480659485,0.5049741566181183
clb0lbx1gdqeg086uhvew0qjo,Is this finding easy to detect?,yes,yes,no,0.8423638939857483,0.2431628406047821,-0.5992010533809662
cla820glbs45n071ubr5deoxc,Is there text?,yes,yes,yes,0.17440155148506165,1.2057048082351685,1.0313032567501068
clb0lbwzqdph0086uh8q59002,Is this finding easy to detect?,yes,yes,no,1.052950143814087,0.19452406466007233,-0.8584260791540146
clbnxtoggbnjm074c438jgot1,Does this image contain any finding?,no,no,yes,0.44824570417404175,0.4812885820865631,0.03304287791252136
cl8k2u1qq1f330832hwyu7xde,Have all polyps been removed?,no,no,yes,0.27237674593925476,0.7398312091827393,0.4674544632434845
cla820glrs4ur071ufq038xj6,Is there text?,yes,yes,yes,0.1823863983154297,1.1979930400848389,1.0156066417694092
cla820gn4s6jn071uaxcb24w9,Is this finding easy to detect?,yes,yes,no,0.8010002970695496,0.25996634364128113,-0.5410339534282684
cl8k2u1q01ebb083259ia67bc,Is there text?,yes,yes,yes,0.16192683577537537,1.2871030569076538,1.1251762211322784
clbnxtogcbnay074c9bis0pph,Does this image contain any finding?,no,no,yes,0.3538963794708252,0.6152037978172302,0.26130741834640503
cla820gl7s3yv071u0z3o93jw,Is this finding easy to detect?,yes,yes,no,0.6252606511116028,0.3397243916988373,-0.2855362594127655
clb0lbwy9dnuc086u6rbd1c6e,Is there a green/black box artefact?,no,no,yes,0.2978900969028473,0.6754834651947021,0.37759336829185486
cl8k2u1r31fj70832dpks1mmi,Is there text?,yes,yes,yes,0.12760210037231445,1.7875959873199463,1.6599938869476318
clbnxtonlarqt0755guowcfhx,Does this image contain any finding?,no,no,yes,0.36134642362594604,0.6210669279098511,0.25972050428390503
cla820gmks5wr071u4vun8yst,Is there text?,yes,yes,yes,0.15263552963733673,1.4892302751541138,1.336594745516777
cla820gles4b3071uf3ys5xf3,Is there text?,yes,yes,yes,0.16620652377605438,1.3354532718658447,1.1692467480897903
cl8k2u1pz1ean083282b5as79,Is there a green/black box artefact?,yes,yes,yes,0.271616131067276,0.7184572219848633,0.4468410909175873
cl8k2u1rq1gkj08326tj60rq6,Is there text?,yes,yes,yes,0.13087961077690125,1.7466683387756348,1.6157887279987335
cla820gl8s423071u90jodevy,Is this finding easy to detect?,yes,yes,no,0.6224895715713501,0.33749091625213623,-0.28499865531921387
cl8k2u1rb1fvr083227vggwmk,Is there a green/black box artefact?,yes,yes,no,0.5413994193077087,0.3765082359313965,-0.16489118337631226
cl8k2u1s11gov0832d3iqg2tz,Is there a green/black box artefact?,no,no,yes,0.255790650844574,0.748085081577301,0.49229443073272705
cl8k2u1ra1ftj0832buwyhmyc,Is there text?,no,no,yes,0.43369290232658386,0.4865684509277344,0.05287554860115051
clb0lbwykdo7k086u98ml94me,Is there text?,yes,yes,yes,0.1556900143623352,1.3404359817504883,1.184745967388153
cla820glks4ln071u6ufy4pd9,Is this finding easy to detect?,yes,yes,no,0.6579832434654236,0.3149636685848236,-0.3430195748806
cl8k2u1s71gwf08322vzy3rpc,Is there text?,yes,yes,yes,0.12602311372756958,1.8165119886398315,1.690488874912262
clb0lbwzndpdk086u6cav78xl,Is there text?,no,no,no,0.5326232314109802,0.3909514844417572,-0.14167174696922302
clb0lbx03dpy4086uh8di5jc5,Is there text?,yes,yes,yes,0.13984814286231995,1.6083533763885498,1.4685052335262299
cl8k2u1ra1ftb08327dm9ccl5,Have all polyps been removed?,no,no,yes,0.3555847108364105,0.5792823433876038,0.22369763255119324
cla820gl2s3rj071u5pabhsg1,Is there a green/black box artefact?,yes,yes,yes,0.1183258667588234,1.7169106006622314,1.598584733903408
clb0lbx1jdqjc086uer73buqw,Is there a green/black box artefact?,no,no,yes,0.27597540616989136,0.7126473188400269,0.4366719126701355
clbnxtog8bn3a074c8i6t0qed,Does this image contain any finding?,no,no,yes,0.42952585220336914,0.49553781747817993,0.06601196527481079
clbnxtoevbkze074c0lu3c1zb,Does this image contain any finding?,no,no,yes,0.36205291748046875,0.590537965297699,0.22848504781723022
cl8k2u1qh1evz08324f4h7mql,Is there a green/black box artefact?,no,no,yes,0.3623565435409546,0.5532240867614746,0.19086754322052002
cl8k2u1q41ehn08323yd3a1gq,Is there a green/black box artefact?,no,no,no,0.459972083568573,0.4458554685115814,-0.014116615056991577
cl8k2u1qr1f5b083206pj0825,Is this finding easy to detect?,yes,yes,no,0.4704846441745758,0.453319787979126,-0.01716485619544983
clb0lbx1mdqn8086u94co0384,Is there text?,yes,yes,yes,0.12147508561611176,1.969956874847412,1.8484817892313004
clbnxtoxg6vp2079odbv122xt,Does this image contain any finding?,no,no,yes,0.441278338432312,0.47612982988357544,0.03485149145126343
cla820gm9s5gn071u2yjzh6u7,Is this finding easy to detect?,yes,yes,no,0.6515287160873413,0.3226765990257263,-0.328852117061615
clbnxtoetbkvu074che0qavuw,Does this image contain any finding?,no,no,yes,0.4250834882259369,0.5105549097061157,0.08547142148017883
cl8k2u1po1dyj08325qvkfpfy,Is this finding easy to detect?,yes,yes,no,0.8716109991073608,0.23838505148887634,-0.6332259476184845
cl8k2u1r61fo70832f7tc9jmw,Is there a green/black box artefact?,yes,yes,no,0.5905029773712158,0.33917778730392456,-0.25132519006729126
clbnxtowt6uk6079o7r59h8xq,Does this image contain any finding?,no,no,no,0.518065869808197,0.4167659878730774,-0.10129988193511963
cl8k2u1qe1eqr0832ec9eaikw,Is there a green/black box artefact?,no,no,no,0.5633172392845154,0.3595021069049835,-0.20381513237953186
clb0lbwyldo9k086udzl7593i,Is there a green/black box artefact?,no,no,yes,0.4519023299217224,0.4553515911102295,0.00344926118850708
clb0lbx07dq5g086u6fqj9ddc,Is there a green/black box artefact?,no,no,yes,0.1430455595254898,1.5302643775939941,1.3872188180685043
cl8k2u1px1e8708320vdq1kuv,Have all polyps been removed?,no,no,yes,0.2730521857738495,0.7356754541397095,0.46262326836586
cl8k2u1py1e970832b2trgjim,Is this finding easy to detect?,yes,yes,no,0.642450213432312,0.32685989141464233,-0.3155903220176697
cla820gn6s6lz071u7srk70v5,Is this finding easy to detect?,yes,yes,no,0.6288642287254333,0.3347303867340088,-0.29413384199142456
cla820gmus6az071u6d044g0a,Is this finding easy to detect?,yes,yes,no,0.5932032465934753,0.36008918285369873,-0.2331140637397766
clb0lbwz1dooo086u4hkga5fn,Is there a green/black box artefact?,yes,yes,yes,0.13008001446723938,1.5236337184906006,1.3935537040233612
cla820gl6s3x7071u8n2ibyi4,Is there a green/black box artefact?,yes,yes,yes,0.12879018485546112,1.4721853733062744,1.3433951884508133
cl8k2u1ro1ggz0832egsj6ny7,Have all polyps been removed?,no,no,yes,0.26311928033828735,0.7588719725608826,0.4957526922225952
clb0lbwy7dnrk086ug93i0rm3,Is there a green/black box artefact?,no,no,yes,0.4419291317462921,0.4606214761734009,0.018692344427108765
clbnxtog9bn5u074cfazwbd6h,Does this image contain any finding?,no,no,yes,0.22567057609558105,0.848715603351593,0.623045027256012
cla820gn3s6ib071ufzld88d1,Is there text?,no,no,yes,0.2760242521762848,0.7760770916938782,0.5000528395175934
cl8k2u1rg1g470832ewjkhwrs,Have all polyps been removed?,no,no,yes,0.24449147284030914,0.8073978424072266,0.5629063695669174
clbnxtongarh907556xd44k5h,Does this image contain any finding?,no,no,no,0.5935103297233582,0.35757267475128174,-0.23593765497207642
cl8k2u1re1g0308323bo95y7k,Is there text?,yes,yes,yes,0.13402417302131653,1.8131881952285767,1.6791640222072601
clbnxtof7blme074c9vnn0kin,Does this image contain any finding?,no,no,no,0.4628150761127472,0.4620530903339386,-0.0007619857788085938
cla820gm3s58n071ucq812p13,Is this finding easy to detect?,yes,yes,no,0.9520599842071533,0.2195812463760376,-0.7324787378311157
cla820glms4of071u2gl38xwr,Is there a green/black box artefact?,no,no,yes,0.3661237955093384,0.5390234589576721,0.17289966344833374
cla820gl7s3zj071uadm3dpxy,Is this finding easy to detect?,yes,yes,yes,0.31458303332328796,0.6490927934646606,0.3345097601413727
clb0lbwz6dotc086udjvldd3j,Is there a green/black box artefact?,no,no,yes,0.2334612011909485,0.8164053559303284,0.5829441547393799
cl8k2u1q01ebv08327ebv2khq,Is this finding easy to detect?,yes,yes,no,0.6207419037818909,0.3365550935268402,-0.28418681025505066
cla820gl4s3v7071u0fac2ztj,Is there a green/black box artefact?,no,no,no,0.5388571619987488,0.3744857609272003,-0.16437140107154846
clb0lbwzmdpc0086u7trt6yt2,Have all polyps been removed?,no,no,yes,0.27098166942596436,0.7378180623054504,0.4668363928794861
cla820glas43z071ud31lel1f,Is this finding easy to detect?,yes,yes,no,0.5669441223144531,0.3698117733001709,-0.19713234901428223
clb0lbwypdoe0086uha67a3by,Is there text?,yes,yes,yes,0.1430092751979828,1.6677660942077637,1.5247568190097809
clbnxtofablu2074c0nvygv1p,Does this image contain any finding?,no,no,no,0.5198487043380737,0.41189444065093994,-0.10795426368713379
cla820glps4sf071u3ckud9nv,Is there a green/black box artefact?,yes,yes,yes,0.10869523882865906,1.968232274055481,1.859537035226822
cl8k2u1s31grj08329mr9409l,Have all polyps been removed?,no,no,yes,0.22752311825752258,0.8684248924255371,0.6409017741680145
cl8k2u1rk1gaz08321cy426p6,Is this finding easy to detect?,yes,yes,yes,0.4140159487724304,0.5074899792671204,0.09347403049468994
cl8k2u1rj1g8z0832bqte1znp,Have all polyps been removed?,no,no,yes,0.2551993727684021,0.7849506139755249,0.5297512412071228
cl8k2u1rh1g6f0832dohu7p97,Have all polyps been removed?,no,no,yes,0.2515662908554077,0.7877612113952637,0.536194920539856
cl8k2u1rp1gi70832csdda8p7,Is there text?,yes,yes,yes,0.12668931484222412,1.7721798419952393,1.6454905271530151
cla820gm9s5g7071uay192fb7,Is this finding easy to detect?,yes,yes,no,0.5267529487609863,0.40412789583206177,-0.12262505292892456
clb0lbx1ndqpo086ubdnyd1yc,Is there text?,yes,yes,yes,0.133449524641037,1.6866716146469116,1.5532220900058746
clbnxtonjarld0755c3lfduaq,Does this image contain any finding?,no,no,no,0.5452452898025513,0.3936069905757904,-0.15163829922676086
clbnxtogebnfi074chjue0wys,Does this image contain any finding?,no,no,no,0.6605218648910522,0.30894896388053894,-0.3515729010105133
cl8k2u1pv1e5j08325pk11s24,Have all polyps been removed?,no,no,yes,0.2897188365459442,0.6980685591697693,0.4083497226238251
cla820gn3s6if071u2efz098u,Is this finding easy to detect?,yes,yes,no,0.9064083099365234,0.22575779259204865,-0.6806505173444748
clbnxtow86tgy079o655gbnmj,Does this image contain any finding?,no,no,yes,0.45406317710876465,0.47146034240722656,0.017397165298461914
cla820gl2s3rn071u23tn2cc2,Is this finding easy to detect?,yes,yes,no,0.7102978229522705,0.2983440160751343,-0.41195380687713623
cl8k2u1qt1f8b083297364u9l,Is there text?,yes,yes,yes,0.15666717290878296,1.4315255880355835,1.2748584151268005
clb0lbx01dpv0086uernw7j6s,Is there text?,yes,yes,yes,0.14445503056049347,1.4703788757324219,1.3259238451719284
clb0lbwzcdp04086u2ers8b4l,Is this finding easy to detect?,no,no,no,0.6791432499885559,0.30911123752593994,-0.37003201246261597
cla820glys537071u1anh57fb,Is there text?,yes,yes,yes,0.1304369419813156,1.7961434125900269,1.6657064706087112
cl8k2u1s41gsz083292kq3hf4,Have all polyps been removed?,no,no,yes,0.28152555227279663,0.7161353230476379,0.4346097707748413
cl8k2u1qk1ey70832cye0fh94,Is there a green/black box artefact?,yes,yes,yes,0.40018463134765625,0.49578729271888733,0.09560266137123108
clb0lbwzadoyg086u671x4ucx,Is this finding easy to detect?,yes,yes,yes,0.4346137046813965,0.48931586742401123,0.054702162742614746
cla820gl9s42b071uhcii678h,Is there text?,yes,yes,yes,0.1402854472398758,1.7369550466537476,1.5966695994138718
clb0lbx1ddqa8086u2w6mfpx0,Is this finding easy to detect?,yes,yes,no,0.529116153717041,0.3970174193382263,-0.1320987343788147
clbnxtowv6upi079o00uccx1t,Does this image contain any finding?,no,no,no,0.4775694012641907,0.45563411712646484,-0.02193528413772583
clb0lbwy9dnv0086u8q2oc9r9,Is there a green/black box artefact?,no,no,yes,0.2962462902069092,0.6776519417762756,0.38140565156936646
clbnxtogebnfq074ceqiicfiz,Does this image contain any finding?,no,no,yes,0.34325602650642395,0.6331977844238281,0.2899417579174042
clbnxtow76tg6079o67j70bbc,Does this image contain any finding?,no,no,no,0.5531141757965088,0.39098477363586426,-0.16212940216064453
cl8k2u1ro1ggj0832332weon6,Is this finding easy to detect?,yes,yes,no,0.6297215819358826,0.3278381824493408,-0.30188339948654175
clb0lbx1jdqjg086udu7z0rzf,Is there a green/black box artefact?,yes,yes,yes,0.11115817725658417,1.8719696998596191,1.760811522603035
clbnxtofcblye074c23a1gl71,Does this image contain any finding?,no,no,yes,0.37871253490448,0.5542975068092346,0.17558497190475464
cl8k2u1qq1f3n08325d33cse7,Is this finding easy to detect?,yes,yes,no,0.6761597394943237,0.30823829770088196,-0.3679214417934418
cl8k2u1qc1eov083221k12fra,Is this finding easy to detect?,yes,yes,no,0.5404201149940491,0.3907698392868042,-0.14965027570724487
cl8k2u1q51eif08321wv3dfaa,Is there a green/black box artefact?,no,no,yes,0.3124178647994995,0.648016631603241,0.33559876680374146
cla820glos4rf071u3785a7n1,Is there text?,yes,yes,yes,0.19855624437332153,1.0913820266723633,0.8928257822990417
cla820gmss683071u621obu0s,Is this finding easy to detect?,yes,yes,no,0.6430881023406982,0.32396388053894043,-0.3191242218017578
clb0lbwzwdpo0086uhb1n18dn,Is there text?,yes,yes,yes,0.14967405796051025,1.4572659730911255,1.3075919151306152
cl8k2u1re1g0f083216lt8w98,Is this finding easy to detect?,yes,yes,no,0.5269036293029785,0.3959221839904785,-0.1309814453125
clbnxton5ar3107551qy8camm,Does this image contain any finding?,no,no,no,0.4734034538269043,0.4556746184825897,-0.017728835344314575
cla820gl3s3sv071u3qhw492a,Is this finding easy to detect?,yes,yes,yes,0.374088317155838,0.5436233282089233,0.16953501105308533
cl8k2u1rr1glb0832245d8pr0,Have all polyps been removed?,no,no,yes,0.2629920542240143,0.7625797986984253,0.499587744474411
cl8k2u1py1e8j0832618n9noj,Is there a green/black box artefact?,yes,yes,yes,0.4233781397342682,0.4849787950515747,0.06160065531730652
clbnxtowc6tqm079o7nyz54si,Does this image contain any finding?,no,no,no,0.6231738328933716,0.33902156352996826,-0.2841522693634033
cla820gmvs6c7071u67zzc336,Is this finding easy to detect?,yes,yes,no,0.5792044401168823,0.36699795722961426,-0.21220648288726807
cl8k2u1qd1eqj0832arj00yw7,Is there text?,yes,yes,yes,0.13062375783920288,1.775300145149231,1.644676387310028
cl8k2u1qp1f1b0832e5og40wl,Is there a green/black box artefact?,yes,yes,yes,0.18838559091091156,0.9957901835441589,0.8074045926332474
cl8k2u1q31efn08327zz3hzqc,Is this finding easy to detect?,no,no,yes,0.4001477360725403,0.5285934209823608,0.12844568490982056
cl8k2u1r41fkr08329dxqfkbp,Is this finding easy to detect?,yes,yes,no,0.7868943810462952,0.2686866521835327,-0.5182077288627625
cl8k2u1pv1e5j08325pk11s24,Is this finding easy to detect?,yes,yes,no,0.7607892751693726,0.2775938808917999,-0.48319539427757263
cla820gn4s6jb071u969ba8m3,Is there a green/black box artefact?,yes,yes,yes,0.10063941776752472,1.8552436828613281,1.7546042650938034
clbnxtoffbm3a074c11b37tl1,Does this image contain any finding?,no,no,yes,0.4215487241744995,0.5143109560012817,0.09276223182678223
cla820glns4pj071u5zlyfwpr,Is there a green/black box artefact?,yes,yes,yes,0.12942692637443542,1.388970971107483,1.2595440447330475
cl8k2u1rc1fx30832amc695py,Is there text?,yes,yes,yes,0.1501660943031311,1.4666715860366821,1.316505491733551
cl8k2u1qu1fan0832627323ys,Is there a green/black box artefact?,yes,yes,yes,0.2639898955821991,0.7287921905517578,0.4648022949695587
clb0lbwzbdoyw086u4a997ipc,Is this finding easy to detect?,no,no,yes,0.4009210765361786,0.5274217128753662,0.12650063633918762
clbnxtown6u5q079o67nq1ag7,Does this image contain any finding?,no,no,yes,0.36256110668182373,0.6017711162567139,0.23921000957489014
clbnxtofdbm0m074c1ojwhoyb,Does this image contain any finding?,no,no,no,0.4684130549430847,0.45446479320526123,-0.013948261737823486
cla820gl8s41b071u9jv628nz,Is there text?,yes,yes,yes,0.15868991613388062,1.4099514484405518,1.2512615323066711
cl8k2u1rm1gdf08322c548w2q,Is this finding easy to detect?,yes,yes,yes,0.45179682970046997,0.4710836410522461,0.019286811351776123
clbnxtog1bmp6074c3goa507h,Does this image contain any finding?,no,no,no,0.48463892936706543,0.43761393427848816,-0.04702499508857727
clb0lbwzsdpjk086u7mzo6gnv,Have all polyps been removed?,no,no,yes,0.21914426982402802,0.889279305934906,0.670135036110878
cl8k2u1s41gtv08320ad64qcd,Have all polyps been removed?,no,no,yes,0.259913831949234,0.7721014022827148,0.5121875703334808
cla820glas44r071ubx640diy,Is this finding easy to detect?,yes,yes,no,0.8563763499259949,0.24021369218826294,-0.6161626577377319
clbnxtowv6uny079ohm0lgygq,Does this image contain any finding?,no,no,no,0.48829686641693115,0.45547086000442505,-0.032826006412506104
cla820glis4j7071u8wd17ygy,Is there text?,yes,yes,yes,0.16295114159584045,1.380316972732544,1.2173658311367035
cla820gn3s6iv071u8qs4b8eb,Is this finding easy to detect?,yes,yes,no,0.6929028034210205,0.30406656861305237,-0.38883623480796814
cl8k2u1rs1gmn0832cwqb4w10,Is this finding easy to detect?,yes,yes,no,0.4848901033401489,0.4312843978404999,-0.05360570549964905
clbnxtofbblwi074cdvw20gul,Does this image contain any finding?,no,no,no,0.5399914383888245,0.39555785059928894,-0.14443358778953552
cl8k2u1s81gxz0832fmgd2t3q,Is this finding easy to detect?,yes,yes,no,0.48896196484565735,0.43548232316970825,-0.0534796416759491
clb0lbx00dpu8086u2er0f56d,Is there a green/black box artefact?,no,no,no,0.4623371958732605,0.44217798113822937,-0.020159214735031128
clbnxtof9blqq074c47612dhv,Does this image contain any finding?,no,no,yes,0.305310994386673,0.6775377988815308,0.3722268044948578
cla820gmps64b071u1y023dw7,Is there a green/black box artefact?,yes,yes,yes,0.17018131911754608,1.0841200351715088,0.9139387160539627
clbnxtow56tci079oghtta7xy,Does this image contain any finding?,no,no,yes,0.22897040843963623,0.8983968496322632,0.669426441192627
cla820glls4n7071uew2z0t79,Is there a green/black box artefact?,no,no,yes,0.2485896646976471,0.7963646650314331,0.547775000333786
cla820gmss67z071u5qbncwa3,Is this finding easy to detect?,yes,yes,no,0.5155431628227234,0.4121108949184418,-0.10343226790428162
clb0lbx1hdqgg086u57l30yjt,Is there text?,yes,yes,yes,0.1641140729188919,1.2925269603729248,1.128412887454033
clbnxtof8blpy074c2fgg7px3,Does this image contain any finding?,no,no,yes,0.29689374566078186,0.7076504230499268,0.4107566773891449
cla820gl3s3tb071ue9wz6a16,Is there a green/black box artefact?,no,no,yes,0.41783103346824646,0.47636812925338745,0.05853709578514099
clb0lbwztdpl0086u81dm72kp,Is there text?,yes,yes,yes,0.20179587602615356,1.0651450157165527,0.8633491396903992
cl8k2u1s21gqf08326be08lw5,Have all polyps been removed?,no,no,yes,0.23310230672359467,0.8645802140235901,0.6314779072999954
cl8k2u1ps1e0r08324assa60v,Is there text?,yes,yes,yes,0.14443351328372955,1.7359747886657715,1.591541275382042
cl8k2u1qd1epf083290jn05a0,Have all polyps been removed?,no,no,yes,0.2798140048980713,0.7227938771247864,0.4429798722267151
clb0lbwyndobs086u9eb1ckwb,Is this finding easy to detect?,yes,yes,yes,0.42838358879089355,0.48773759603500366,0.05935400724411011
cla820gm5s5bj071ubj8qhjyk,Is there a green/black box artefact?,yes,yes,yes,0.1049724817276001,2.206976890563965,2.1020044088363647
cla820gm1s57f071ubbs03fi2,Is there text?,yes,yes,yes,0.1707928329706192,1.2517626285552979,1.0809697955846786
cla820gmqs64z071udouv858a,Is this finding easy to detect?,yes,yes,yes,0.45218655467033386,0.46336910128593445,0.011182546615600586
cla820glvs4zr071u0uk12gji,Is there a green/black box artefact?,no,no,no,0.6629751324653625,0.296364963054657,-0.36661016941070557
cl8k2u1qe1erf08322me4a5yv,Is there a green/black box artefact?,yes,yes,no,0.5702804923057556,0.35615795850753784,-0.21412253379821777
cl8k2u1s51gu308324cplhtm9,Is there a green/black box artefact?,no,no,yes,0.3482462763786316,0.5799029469490051,0.23165667057037354
cla820gl7s3zb071u5wdp4sgs,Is there a green/black box artefact?,yes,yes,yes,0.15508721768856049,1.1770130395889282,1.0219258219003677
clb0lbx06dq4k086uer1zeoql,Is there a green/black box artefact?,no,no,no,0.639447808265686,0.32192426919937134,-0.3175235390663147
cl8k2u1q31egf0832a34z2u29,Have all polyps been removed?,no,no,yes,0.2406083047389984,0.8272110819816589,0.5866027772426605
clbnxtof2blc6074c1p6k7u0s,Does this image contain any finding?,no,no,no,0.5207763910293579,0.41251400113105774,-0.10826238989830017
clbnxtowx6usy079o0x4ye2lx,Does this image contain any finding?,no,no,no,0.6040534377098083,0.35095441341400146,-0.2530990242958069
clb0lbx1edqc0086u0xjn03dq,Is this finding easy to detect?,yes,yes,yes,0.42486655712127686,0.4887465834617615,0.06388002634048462
clbnxtonyasgp0755eqg9f29y,Does this image contain any finding?,no,no,no,0.5089011788368225,0.42624178528785706,-0.08265939354896545
cl8k2u1r71foj08320sbx3zqj,Is this finding easy to detect?,yes,yes,yes,0.44328975677490234,0.4737861156463623,0.03049635887145996
clbnxtows6uhu079o91rehaar,Does this image contain any finding?,no,no,yes,0.28850045800209045,0.7219587564468384,0.4334582984447479
cla820glts4xj071u5m9x8znu,Is there text?,yes,yes,yes,0.19596680998802185,1.0490292310714722,0.8530624210834503
clb0lbwybdnxo086ug5o9dg4w,Is there a green/black box artefact?,no,no,yes,0.2631002962589264,0.7483440637588501,0.4852437674999237
cl8k2u1ps1e0f0832c8tj1flj,Have all polyps been removed?,no,no,yes,0.27458372712135315,0.7378499507904053,0.4632662236690521
cl8k2u1qb1enj0832bxe6b7mo,Have all polyps been removed?,no,no,yes,0.27359631657600403,0.7463833689689636,0.4727870523929596
cl8k2u1r51fmv08320cwj4mcx,Have all polyps been removed?,no,no,yes,0.2808090150356293,0.7200072407722473,0.43919822573661804
clb0lbwzgdp5o086u4t968knj,Is there a green/black box artefact?,no,no,yes,0.2212778925895691,0.8633524179458618,0.6420745253562927
cl8k2u1rl1gbv08329a8n8h9i,Is there text?,yes,yes,yes,0.16096995770931244,1.3346625566482544,1.173692598938942
cl8k2u1r81frj08324xv53jew,Is there a green/black box artefact?,yes,yes,no,0.6185670495033264,0.3205479681491852,-0.29801908135414124
clb0lbwz6dotg086u3vp53hr9,Is there a green/black box artefact?,no,no,yes,0.28206709027290344,0.7086772918701172,0.42661020159721375
cla820gl9s42r071uerl988wi,Is there text?,yes,yes,yes,0.13891927897930145,1.5526283979415894,1.413709118962288
cla820gl2s3qf071u1ndiftcx,Is there a green/black box artefact?,no,no,no,0.6000280380249023,0.33673718571662903,-0.2632908523082733
clbnxtonuas8p0755csuzg0qf,Does this image contain any finding?,no,no,no,0.5056797862052917,0.42614832520484924,-0.0795314610004425
cla820glcs47f071udxha58s0,Is there text?,no,no,yes,0.17611950635910034,1.180199384689331,1.0040798783302307
clb0lbwz8dovk086ub9nk6cas,Is there a green/black box artefact?,no,no,yes,0.26502102613449097,0.746130645275116,0.481109619140625
cla820gmps63f071u2cjfhr2b,Is there a green/black box artefact?,no,no,yes,0.317660927772522,0.6171082258224487,0.29944729804992676
clb0lbwzndpdc086u6dzhdh2t,Is there a green/black box artefact?,no,no,no,0.5218176245689392,0.393820583820343,-0.1279970407485962
cl8k2u1qz1fhr0832ehhk25dr,Is there text?,no,no,no,0.5018196702003479,0.4195774793624878,-0.08224219083786011
cla820gm7s5dj071uewzs3j6l,Is there a green/black box artefact?,no,no,yes,0.3451821208000183,0.5965085029602051,0.25132638216018677
cl8k2u1rd1fyz0832ht7da4zs,Is there text?,yes,yes,yes,0.1466422975063324,1.4761042594909668,1.3294619619846344
cl8k2u1r31fj70832dpks1mmi,Have all polyps been removed?,no,no,yes,0.3316701650619507,0.6135494709014893,0.2818793058395386
cl8k2u1rm1geb0832g6x6c4bp,Is there a green/black box artefact?,yes,yes,yes,0.1307980865240097,1.4712371826171875,1.3404390960931778
cla820glos4qz071u3xorao72,Is there text?,yes,yes,yes,0.14584915339946747,1.539873480796814,1.3940243273973465
clbnxtog8bn3i074c7x6abmrz,Does this image contain any finding?,no,no,no,0.599090576171875,0.3526001274585724,-0.2464904487133026
clbnxton2aqyh0755g02lenrz,Does this image contain any finding?,no,no,no,0.5978606939315796,0.3639892041683197,-0.2338714897632599
cla820glrs4v7071ufojf8iiu,Is there a green/black box artefact?,yes,yes,yes,0.11230786144733429,1.8789597749710083,1.766651913523674
clb0lbx07dq5s086u5f4sfy08,Is this finding easy to detect?,no,no,yes,0.44631123542785645,0.4773758351802826,0.031064599752426147
cl8k2u1r31fiz0832duwaht8l,Have all polyps been removed?,no,no,yes,0.26982229948043823,0.736025333404541,0.4662030339241028
clb0lbwzgdp5s086u8a4qh105,Is there a green/black box artefact?,no,no,yes,0.34557044506073,0.5822362303733826,0.2366657853126526
cla820glts4xb071uaie56hx1,Is there text?,yes,yes,yes,0.18121647834777832,1.1734683513641357,0.9922518730163574
cla820gmss67j071uaqp2dhsa,Is there a green/black box artefact?,no,no,no,0.5713633894920349,0.35180217027664185,-0.21956121921539307
cl8k2u1qj1exz083283vfacxk,Is there text?,yes,yes,yes,0.12476188689470291,2.036808967590332,1.9120470806956291
cl8k2u1q51eiv08326j957i82,Is there text?,yes,yes,yes,0.17841902375221252,1.1791326999664307,1.0007136762142181
cl8k2u1rf1g370832fs5b22rm,Is this finding easy to detect?,yes,yes,no,0.6801194548606873,0.31134507060050964,-0.3687743842601776
cl8k2u1py1e8z0832gv1t14hb,Is there a green/black box artefact?,no,no,yes,0.3581590950489044,0.5558183789253235,0.19765928387641907
cla820gl1s3pj071u0wta8adz,Is there text?,no,no,yes,0.34198522567749023,0.6150460839271545,0.2730608582496643
cl8k2u1r51fmr08320lkwhxz1,Is there text?,yes,yes,yes,0.1450863480567932,1.5834527015686035,1.4383663535118103
clbnxton4ar0d0755f2lo0d1l,Does this image contain any finding?,no,no,no,0.5886619687080383,0.36766311526298523,-0.2209988534450531
clb0lbx01dpv0086uernw7j6s,Is there a green/black box artefact?,no,no,yes,0.41824036836624146,0.46808961033821106,0.049849241971969604
clb0lbwzndpdk086u6cav78xl,Is there a green/black box artefact?,no,no,yes,0.30006933212280273,0.6681347489356995,0.36806541681289673
cla820gl5s3vz071ua6uggyz6,Is there a green/black box artefact?,no,no,yes,0.40167656540870667,0.5032275319099426,0.10155096650123596
clbnxtoxk6vyu079oc9jmgtlz,Does this image contain any finding?,no,no,yes,0.3859174847602844,0.5676177740097046,0.18170028924942017
cl8k2u1ra1fur0832fdp69ntz,Have all polyps been removed?,no,no,yes,0.29234403371810913,0.6970734596252441,0.404729425907135
cl8k2u1rg1g4r0832c07xflsw,Is there a green/black box artefact?,yes,yes,yes,0.207798033952713,0.9400842189788818,0.7322861850261688
clb0lbx04dq08086ue4sqd8yq,Is there a green/black box artefact?,yes,yes,yes,0.1923818141222,0.984204888343811,0.791823074221611
clbnxtows6uha079o979cc83q,Does this image contain any finding?,no,no,yes,0.28827789425849915,0.7167351841926575,0.4284572899341583
clb0lbwy8dnto086uh9rt9e4a,Is there text?,yes,yes,yes,0.12161528319120407,2.077415943145752,1.9558006599545479
cl8k2u1rr1gl30832apep1dr0,Have all polyps been removed?,no,no,yes,0.2559100091457367,0.778347373008728,0.5224373638629913
cl8k2u1pn1dwj0832bf4714ye,Is there text?,yes,yes,yes,0.13774597644805908,1.6547445058822632,1.516998529434204
clb0lbx09dq9c086u59a8dwgv,Is there text?,yes,yes,yes,0.188090518116951,1.1471961736679077,0.9591056555509567
cl8k2u1rn1gfv08329igrhf83,Have all polyps been removed?,no,no,yes,0.284690797328949,0.7047641277313232,0.42007333040237427
clb0lbwzqdphs086u4w261xr7,Is there a green/black box artefact?,no,no,yes,0.3653452694416046,0.5542392134666443,0.18889394402503967
cl8k2u1qv1fbr08329d4afgs9,Is this finding easy to detect?,yes,yes,yes,0.41286322474479675,0.5147977471351624,0.1019345223903656
clbnxtoxh6vrq079o7at8gosc,Does this image contain any finding?,no,no,no,0.5380345582962036,0.4062086045742035,-0.13182595372200012
cla820glzs54f071u9ct1hd4x,Is there text?,yes,yes,yes,0.1372268795967102,1.7455897331237793,1.608362853527069
clb0lbwyrdofw086u8ij845kq,Is there text?,yes,yes,yes,0.15682478249073029,1.5245821475982666,1.3677573651075363
clbnxtoeybl6q074ccf0z5utu,Does this image contain any finding?,no,no,no,0.6233905553817749,0.3463713526725769,-0.277019202709198
cla820gl8s41f071u1zb7hwyy,Is there a green/black box artefact?,yes,yes,yes,0.14203444123268127,1.289136528968811,1.1471020877361298
clb0lbx1fdqdk086u1q8j7h2h,Is there text?,no,no,yes,0.28316617012023926,0.749236524105072,0.46607035398483276
cl8k2u1rb1fvn08323t0w4toj,Is there a green/black box artefact?,yes,yes,yes,0.12183916568756104,1.7478748559951782,1.6260356903076172
cla820gmqs65z071uaj197630,Is there a green/black box artefact?,yes,yes,yes,0.14297091960906982,1.2808135747909546,1.1378426551818848
cl8k2u1s71gx7083240gwfvv0,Have all polyps been removed?,no,no,yes,0.30367448925971985,0.6732883453369141,0.3696138560771942
clb0lbwzudplw086u4uo411n7,Is there a green/black box artefact?,yes,yes,yes,0.11630737781524658,1.818938136100769,1.7026307582855225
cl8k2u1ps1e0z0832ex969caq,Is there text?,yes,yes,yes,0.14933598041534424,1.4110268354415894,1.2616908550262451
cla820gmos637071u7bd8b3ow,Is there text?,yes,yes,yes,0.22970575094223022,0.9002094268798828,0.6705036759376526
cla820gm3s593071uczd0d0bf,Is there a green/black box artefact?,yes,yes,yes,0.11667849123477936,1.8949849605560303,1.778306469321251
cla820glhs4h3071udw551juj,Is there text?,yes,yes,yes,0.1382596492767334,1.5218931436538696,1.3836334943771362
clbnxtof0bl9y074cfqsg7u0v,Does this image contain any finding?,no,no,no,0.5752826929092407,0.3715078830718994,-0.2037748098373413
cl8k2u1rp1gj70832c9h3h0kj,Have all polyps been removed?,no,no,yes,0.31871315836906433,0.6340125799179077,0.3152994215488434
cl8k2u1rn1gf708326j5r4wu2,Is this finding easy to detect?,yes,yes,no,0.6177797913551331,0.34459254145622253,-0.2731872498989105
cl8k2u1r81fr3083290119sfn,Have all polyps been removed?,no,no,yes,0.3313899636268616,0.6124079823493958,0.2810180187225342
cl8k2u1rc1fx7083295gpgxz0,Is there a green/black box artefact?,yes,yes,yes,0.295747846364975,0.6576135158538818,0.36186566948890686
clbnxtow66td6079o6edsh1v9,Does this image contain any finding?,no,no,no,0.49035462737083435,0.4372910261154175,-0.05306360125541687
cla820gl0s3oj071u5qln6oim,Is there text?,yes,yes,yes,0.14265653491020203,1.545741081237793,1.403084546327591
cl8k2u1rq1gjn0832duoj7ifs,Is this finding easy to detect?,yes,yes,no,0.5397472977638245,0.3896576762199402,-0.15008962154388428
cl8k2u1r71fon0832ck0fghmu,Is there text?,yes,yes,yes,0.16379934549331665,1.3159211874008179,1.1521218419075012
clbnxtowr6uf2079o9f17drwg,Does this image contain any finding?,no,no,yes,0.2723243236541748,0.749953031539917,0.4776287078857422
cla820glss4wr071u9rbsg5ki,Is this finding easy to detect?,yes,yes,no,0.5964138507843018,0.34813418984413147,-0.2482796609401703
cl8k2u1rq1gjz0832cpmb1w6x,Have all polyps been removed?,no,no,yes,0.256136417388916,0.7751365900039673,0.5190001726150513
clb0lbx1ddqag086u4kb82hrg,Is there text?,yes,yes,yes,0.13765926659107208,1.6613037586212158,1.5236444920301437
cla820gm0s56b071ucja7f2bl,Is this finding easy to detect?,yes,yes,no,0.5011363625526428,0.4170442819595337,-0.08409208059310913
clbnxtog2bmri074cazms2am5,Does this image contain any finding?,no,no,yes,0.4394923746585846,0.48267948627471924,0.043187111616134644
cla820glxs52n071u9674doxk,Is this finding easy to detect?,yes,yes,no,0.6516097784042358,0.3209167420864105,-0.3306930363178253
cl8k2u1q21eev0832gm2j64j6,Have all polyps been removed?,no,no,yes,0.2903648614883423,0.6990666389465332,0.4087017774581909
cla820gmzs6gz071ud05s3twl,Is there text?,yes,yes,yes,0.18937838077545166,1.1443811655044556,0.9550027847290039
cla820gl7s3zz071u3y0y2yxs,Is there text?,yes,yes,yes,0.16977781057357788,1.2482471466064453,1.0784693360328674
cl8k2u1qu1f9n08329n830vkj,Is there text?,yes,yes,yes,0.1448630690574646,1.6739815473556519,1.5291184782981873
clb0lbwzkdpac086ug5peh8vr,Is there a green/black box artefact?,no,no,yes,0.31737831234931946,0.6331073641777039,0.3157290518283844
cl8k2u1py1e9n08323ib9897h,Have all polyps been removed?,no,no,yes,0.26547789573669434,0.7537292242050171,0.48825132846832275
clb0lbwykdo7c086u42rybqm8,Is there text?,yes,yes,yes,0.1920681744813919,1.083530306816101,0.8914621323347092
clb0lbwzodpeo086u3mqu69to,Is there text?,yes,yes,yes,0.12977026402950287,1.7941817045211792,1.6644114404916763
cl8k2u1rk1gaj0832eoqw0njl,Is there a green/black box artefact?,yes,yes,no,0.495608389377594,0.40824592113494873,-0.08736246824264526
clbnxtowq6ub6079o96ju1xct,Does this image contain any finding?,no,no,yes,0.3127833306789398,0.7022337317466736,0.38945040106773376
clbnxtoerbkri074cd86r23dp,Does this image contain any finding?,no,no,yes,0.43241772055625916,0.49945545196533203,0.06703773140907288
clb0lbx01dpug086ubdogccs2,Is there text?,yes,yes,yes,0.14623433351516724,1.5794975757598877,1.4332632422447205
cl8k2u1qq1f2n0832eo3v63aq,Is this finding easy to detect?,yes,yes,no,0.9745949506759644,0.21771240234375,-0.7568825483322144
clb0lbwzbdoyw086u4a997ipc,Is there text?,yes,yes,yes,0.13466008007526398,1.7027055025100708,1.5680454224348068
clb0lbwybdnyc086u615667vs,Is there text?,yes,yes,yes,0.16534492373466492,1.322367787361145,1.15702286362648
cla820gn7s6nb071u382u7155,Is there text?,yes,yes,yes,0.13055261969566345,1.8625147342681885,1.731962114572525
clb0lbwyqdoes086u4j7cgh9q,Is there a green/black box artefact?,no,no,no,0.5223926901817322,0.3939160108566284,-0.12847667932510376
clb0lbwzqdpgs086udym11lca,Is this finding easy to detect?,yes,yes,no,0.9181657433509827,0.2259809970855713,-0.6921847462654114
clbnxtoeubkya074ce4xhe4sq,Does this image contain any finding?,no,no,no,0.47900575399398804,0.4506705701351166,-0.02833518385887146
clb0lbwzsdpjg086u2y2s3f2l,Is there text?,no,no,no,0.7659628987312317,0.2653847932815552,-0.5005781054496765
cla820gmys6fn071uf4cp0f8g,Is there text?,yes,yes,yes,0.1289631426334381,1.9055814743041992,1.776618331670761
cl8k2u1px1e7n0832e7p6db2g,Is there a green/black box artefact?,yes,yes,no,0.5880383849143982,0.3495425581932068,-0.2384958267211914
cl8k2u1s71gwv08321e39ec5z,Is there a green/black box artefact?,no,no,yes,0.28922462463378906,0.6834100484848022,0.3941854238510132
clb0lbwyadnw8086u11ci1485,Is this finding easy to detect?,no,no,yes,0.42478519678115845,0.5022240281105042,0.0774388313293457
cla820gmhs5r7071u0jxl775h,Is there text?,yes,yes,yes,0.13022449612617493,1.8406448364257812,1.7104203402996063
clb0lbx1gdqew086ud6zo2xmk,Is this finding easy to detect?,yes,yes,no,0.6238899827003479,0.3405052423477173,-0.2833847403526306
cla820glhs4g7071ud1217l9u,Is this finding easy to detect?,yes,yes,no,0.6451635360717773,0.3281586468219757,-0.31700488924980164
cl8k2u1rp1giv0832eo3o2ax1,Is there text?,yes,yes,yes,0.11678241193294525,2.0633604526519775,1.9465780407190323
cla820glzs54n071u2ojhbs6l,Is this finding easy to detect?,yes,yes,no,0.5436689853668213,0.38560932874679565,-0.15805965662002563
clb0lbwyddo2g086u98qfenit,Is this finding easy to detect?,yes,yes,no,0.6015344262123108,0.34618645906448364,-0.25534796714782715
clb0lbx03dpyg086u4g58d4qc,Is there a green/black box artefact?,yes,yes,yes,0.11934512853622437,1.8380041122436523,1.718658983707428
clb0lbwyzdomk086u3kct35ar,Is there a green/black box artefact?,no,no,yes,0.4005919098854065,0.5164813995361328,0.11588948965072632
clb0lbwycdo0s086u5t968y1p,Is there text?,yes,yes,yes,0.14903895556926727,1.7053364515304565,1.5562974959611893
clbnxtowz6uxy079o58dz3eik,Does this image contain any finding?,no,no,yes,0.40092259645462036,0.5396264791488647,0.13870388269424438
cl8k2u1s71gx30832hzj38n7w,Is there a green/black box artefact?,no,no,yes,0.2853585481643677,0.6968458294868469,0.41148728132247925
cla820gmes5nn071u4li1c0zd,Is there a green/black box artefact?,no,no,yes,0.24020344018936157,0.7630771398544312,0.5228736996650696
cl8k2u1qk1ezn0832fzc5hr77,Is there text?,yes,yes,yes,0.23692859709262848,0.8927833437919617,0.6558547466993332
clb0lbwz7dotw086ua7bn8p2i,Have all polyps been removed?,no,no,yes,0.29159045219421387,0.6861400008201599,0.39454954862594604
clb0lbwzfdp4c086u9bec6mn2,Is there text?,no,no,no,0.6315725445747375,0.32686206698417664,-0.3047104775905609
cl8k2u1r71fpf0832b9of8q9y,Is there text?,yes,yes,yes,0.13335752487182617,1.6647685766220093,1.531411051750183
clb0lbwzydpr0086u5pgn9b0b,Is this finding easy to detect?,yes,yes,no,0.5188326239585876,0.41088905930519104,-0.1079435646533966
cla820gmjs5uj071uan8m7p41,Is this finding easy to detect?,yes,yes,no,0.746505081653595,0.27885472774505615,-0.4676503539085388
clb0lbwyudoig086uav6q2f4t,Is there a green/black box artefact?,no,no,yes,0.3426719605922699,0.5920758843421936,0.2494039237499237
cla820glss4vz071ua1jw6jco,Is there text?,yes,yes,yes,0.18130254745483398,1.1605924367904663,0.9792898893356323
clb0lbwyedo38086ufhqs47rj,Is there text?,yes,yes,yes,0.13195297122001648,1.749582052230835,1.6176290810108185
cl8k2u1ri1g7j0832h5d770bm,Is this finding easy to detect?,yes,yes,no,0.5144926309585571,0.40408629179000854,-0.11040633916854858
clbnxtofdbm0a074c33kl1cdf,Does this image contain any finding?,no,no,yes,0.43268075585365295,0.48607972264289856,0.053398966789245605
cl8k2u1rm1ge308327e69ccxj,Is there text?,yes,yes,yes,0.12107457220554352,1.9327000379562378,1.8116254657506943
clbnxtondard50755achv1nwf,Does this image contain any finding?,no,no,no,0.4829966127872467,0.4392538368701935,-0.04374277591705322
clb0lbwy9dnuw086uf7h250uk,Is this finding easy to detect?,no,no,yes,0.37723737955093384,0.5445736050605774,0.16733622550964355
clb0lbwyjdo70086udxu2avwc,Is there text?,yes,yes,yes,0.14974381029605865,1.4034634828567505,1.2537196725606918
cl8k2u1pz1eaf083297p0e991,Is this finding easy to detect?,yes,yes,yes,0.3668959438800812,0.557889461517334,0.1909935176372528
cl8k2u1s31gsj083269hx1tjd,Is this finding easy to detect?,yes,yes,no,0.5701592564582825,0.36906149983406067,-0.2010977566242218
cl8k2u1qb1emr0832h6yy6zw4,Is there text?,yes,yes,yes,0.1526852548122406,1.5217797756195068,1.3690945208072662
clb0lbwzndpd4086u78j89vms,Is there text?,yes,yes,yes,0.13596294820308685,1.6479625701904297,1.5119996219873428
cla820gmms5yr071u23ef9pdb,Is there text?,yes,yes,yes,0.2381039261817932,0.8975406885147095,0.6594367623329163
cla820glgs4fz071ucke45065,Is there text?,no,no,yes,0.4496888220310211,0.4661916196346283,0.016502797603607178
cl8k2u1qe1err0832hp5137b1,Have all polyps been removed?,no,no,yes,0.3476774990558624,0.5869375467300415,0.23926004767417908
clbnxtox16v2y079og9bearq7,Does this image contain any finding?,no,no,yes,0.3851650059223175,0.5716331601142883,0.18646815419197083
clbnxtowr6uey079o1mi7cbyc,Does this image contain any finding?,no,no,yes,0.2723243236541748,0.749953031539917,0.4776287078857422
clbnxton7ar550755g0vya8dk,Does this image contain any finding?,no,no,no,0.6869109869003296,0.30252495408058167,-0.3843860328197479
cl8k2u1q01eb70832b47m8x2x,Is this finding easy to detect?,yes,yes,no,0.6147724986076355,0.3428231179714203,-0.2719493806362152
cla820gmbs5in071u7b4zc3oz,Is there text?,yes,yes,yes,0.14455145597457886,1.5583055019378662,1.4137540459632874
cl8k2u1qu1fa308321htyc330,Have all polyps been removed?,no,no,yes,0.220571830868721,0.904747724533081,0.68417589366436
cl8k2u1qe1er708327ktw8dys,Is there a green/black box artefact?,no,no,yes,0.24652843177318573,0.7863441705703735,0.5398157387971878
cl8k2u1r81frj08324xv53jew,Is this finding easy to detect?,yes,yes,no,0.4917276203632355,0.42210420966148376,-0.06962341070175171
cla820gl7s3yr071u9kft4435,Is this finding easy to detect?,yes,yes,no,0.6432398557662964,0.32713133096694946,-0.3161085247993469
clbnxtog3bmsa074cbesw1m7m,Does this image contain any finding?,no,no,yes,0.3260898292064667,0.6457481980323792,0.3196583688259125
clb0lbx08dq8s086u5gmy9f0b,Is there a green/black box artefact?,yes,yes,yes,0.10219915211200714,2.099707841873169,1.9975086897611618
clb0lbwzfdp3o086uhiisb4vi,Have all polyps been removed?,yes,yes,yes,0.20288214087486267,0.9630032181739807,0.760121077299118
cla820glis4jj071ub5c57d9g,Is there a green/black box artefact?,no,no,yes,0.2861313223838806,0.7099332809448242,0.4238019585609436
clbnxtowq6uby079ofx61bpkw,Does this image contain any finding?,no,no,yes,0.2760833501815796,0.7830405235290527,0.5069571733474731
clb0lbx1ldqls086uau3sh2cg,Is this finding easy to detect?,yes,yes,yes,0.3822622299194336,0.5319069623947144,0.14964473247528076
clb0lbx06dq3s086u47ms360v,Is there a green/black box artefact?,no,no,yes,0.20781497657299042,0.9241330027580261,0.7163180261850357
clb0lbwzidp7o086u77v11dqa,Is this finding easy to detect?,yes,yes,no,0.7154898643493652,0.2968403697013855,-0.41864949464797974
clbnxtox46vba079o85tncleh,Does this image contain any finding?,no,no,no,0.7580966949462891,0.2827843427658081,-0.47531235218048096
cla820glzs54v071u4zcc03z2,Is this finding easy to detect?,yes,yes,no,0.5008072257041931,0.41693514585494995,-0.08387207984924316
cla820gmms5z3071ufc5u32iq,Is there text?,yes,yes,yes,0.2625172436237335,0.8084954619407654,0.5459782183170319
clbnxtox66vgu079o25gcgcrz,Does this image contain any finding?,no,no,yes,0.44593483209609985,0.4813860356807709,0.03545120358467102
cl8k2u1qe1erf08322me4a5yv,Is this finding easy to detect?,no,no,yes,0.3763052225112915,0.5529080629348755,0.17660284042358398
cla820gl2s3rb071u76w10eu7,Is there a green/black box artefact?,yes,yes,yes,0.11313000321388245,1.7692309617996216,1.6561009585857391
cla820gl1s3p3071udi3n74jf,Is there text?,yes,yes,yes,0.15833796560764313,1.3747000694274902,1.216362103819847
cla820gm8s5ez071u424s0vjg,Is this finding easy to detect?,yes,yes,no,0.5367926955223083,0.39399459958076477,-0.14279809594154358
cla820glcs48b071ueoc59q55,Is there a green/black box artefact?,no,no,yes,0.41137686371803284,0.4843924641609192,0.07301560044288635
clb0lbwykdo7g086uh5h91quq,Is there text?,yes,yes,yes,0.17457938194274902,1.2191996574401855,1.0446202754974365
cl8k2u1qh1evr08325op6gs1q,Is this finding easy to detect?,no,no,no,0.5784065127372742,0.36602720618247986,-0.2123793065547943
clb0lbwzadoy8086u7rog5t28,Have all polyps been removed?,no,no,yes,0.25018927454948425,0.8021780252456665,0.5519887506961823
cl8k2u1pn1dxb0832dcxd14tf,Is there a green/black box artefact?,yes,yes,no,0.5452291965484619,0.37208300828933716,-0.17314618825912476
cl8k2u1ro1gh708327o7x4w30,Have all polyps been removed?,no,no,yes,0.30795249342918396,0.663414716720581,0.3554622232913971
clb0lbx1jdqj4086u99qshtn4,Is there text?,yes,yes,yes,0.1473711133003235,1.5664992332458496,1.4191281199455261
cla820gl1s3pz071u4zyd0ilb,Is there text?,yes,yes,yes,0.14045459032058716,1.7040166854858398,1.5635620951652527
clbnxtofybmhy074cd8cecjuc,Does this image contain any finding?,no,no,no,0.5420600771903992,0.40572744607925415,-0.13633263111114502
clb0lbx1pdqtk086u5ktqbaih,Is there a green/black box artefact?,no,no,yes,0.4481183588504791,0.45821115374565125,0.01009279489517212
clb0lbwzpdpfo086udo7tdj2v,Is there text?,yes,yes,yes,0.13861027359962463,1.5458611249923706,1.407250851392746
cl8k2u1rs1gmz0832gbam70cr,Have all polyps been removed?,no,no,yes,0.2873695194721222,0.7052669525146484,0.41789743304252625
cla820glms4of071u2gl38xwr,Is there text?,yes,yes,yes,0.18710093200206757,1.0844322443008423,0.8973313122987747
cla820gmgs5p7071u49yd2qp7,Is there text?,yes,yes,yes,0.16653500497341156,1.2693387269973755,1.102803722023964
cl8k2u1rc1fxf0832739le3t8,Is there a green/black box artefact?,yes,yes,yes,0.28907617926597595,0.6866396069526672,0.3975634276866913
cl8k2u1qc1eof08328fkx645x,Have all polyps been removed?,no,no,yes,0.29819178581237793,0.6773792505264282,0.3791874647140503
cla820gmgs5q3071udmfyendc,Is there a green/black box artefact?,no,no,yes,0.3934937119483948,0.5150818228721619,0.12158811092376709
clbnxtox76viu079o3jhofhwq,Does this image contain any finding?,no,no,no,0.6119612455368042,0.34126943349838257,-0.27069181203842163
clb0lbwzidp7w086u9bpq7y7v,Is there a green/black box artefact?,no,no,no,0.5003166198730469,0.4128168821334839,-0.08749973773956299
clb0lbwycdo0w086uaqj2gpim,Is there a green/black box artefact?,yes,yes,yes,0.13404634594917297,1.4987555742263794,1.3647092282772064
cl8k2u1pt1e230832e7xl2t9h,Is there text?,yes,yes,yes,0.18655282258987427,1.0972156524658203,0.910662829875946
cl8k2u1ri1g6z0832bhcvbzco,Is this finding easy to detect?,yes,yes,no,0.5177700519561768,0.41114163398742676,-0.10662841796875
cl8k2u1rc1fxj08320z30bgrq,Is this finding easy to detect?,yes,yes,no,0.6647471189498901,0.3202550709247589,-0.3444920480251312
clb0lbx1ldqlg086ugolibrhh,Is there text?,yes,yes,yes,0.1616670936346054,1.3484396934509277,1.1867725998163223
cla820gljs4k7071u3s8vhkea,Is there a green/black box artefact?,no,no,no,0.454243004322052,0.4395827054977417,-0.014660298824310303
clbnxtox36v8i079o5ziudgk3,Does this image contain any finding?,no,no,yes,0.2331843376159668,0.8555799126625061,0.6223955750465393
clbnxtow66tdm079o76ajgly6,Does this image contain any finding?,no,no,no,0.5396550297737122,0.3991983234882355,-0.14045670628547668
clb0lbwzrdpio086ubuf1c6c7,Is there text?,yes,yes,yes,0.363643616437912,0.5681378245353699,0.20449420809745789
clb0lbwyido5c086u435iaf17,Is there text?,yes,yes,yes,0.16312949359416962,1.3194525241851807,1.156323030591011
cl8k2u1pr1dz3083207epgrr5,Is this finding easy to detect?,yes,yes,no,0.5475279092788696,0.3951014578342438,-0.15242645144462585
clbnxtonyasfh0755awhzbj1w,Does this image contain any finding?,no,no,no,0.4734809994697571,0.4541100263595581,-0.019370973110198975
clb0lbx00dpt0086uf4907020,Is there text?,yes,yes,yes,0.12146829068660736,1.7901264429092407,1.6686581522226334
clb0lbx07dq6o086u3l89663z,Is there a green/black box artefact?,no,no,no,0.7604178190231323,0.267214298248291,-0.4932035207748413
cl8k2u1q31egr0832cjtpdq9u,Is there a green/black box artefact?,yes,yes,yes,0.2697851359844208,0.7475076913833618,0.47772255539894104
clb0lbwyido4w086u1nlae1h8,Is this finding easy to detect?,no,no,yes,0.41453176736831665,0.5079726576805115,0.09344089031219482
cla820gmjs5v3071u9fltescr,Is there text?,yes,yes,yes,0.15100592374801636,1.5072999000549316,1.3562939763069153
cl8k2u1r31fjb0832bw8d83oy,Is this finding easy to detect?,yes,yes,no,0.5463091135025024,0.3903399705886841,-0.15596914291381836
clbnxtofybmhq074c6i4sgfkt,Does this image contain any finding?,no,no,no,0.48951223492622375,0.46358564496040344,-0.025926589965820312
cla820glps4rz071u6kspddxw,Is there a green/black box artefact?,yes,yes,yes,0.20615187287330627,0.9140416979789734,0.7078898251056671
cl8k2u1qe1erj08324s8i042l,Is there text?,yes,yes,yes,0.1346396952867508,1.6161930561065674,1.4815533608198166
cl8k2u1ry1gob0832f8bw0zni,Is this finding easy to detect?,yes,yes,no,0.599616289138794,0.35375019907951355,-0.2458660900592804
cla820gmss68f071u24pp1gt4,Is there text?,yes,yes,yes,0.16307133436203003,1.2969642877578735,1.1338929533958435
cla820glys53b071u411hdznp,Is this finding easy to detect?,yes,yes,no,0.5251187682151794,0.3986070156097412,-0.12651175260543823
cl8k2u1qe1er708327ktw8dys,Is this finding easy to detect?,yes,yes,yes,0.4368894398212433,0.48352113366127014,0.046631693840026855
cl8k2u1rl1gcf0832gud17465,Have all polyps been removed?,no,no,yes,0.23252490162849426,0.8501495122909546,0.6176246106624603
cl8k2u1r61fob083282xpdnf5,Is there a green/black box artefact?,yes,yes,no,0.9063861966133118,0.2170741707086563,-0.6893120259046555
cl8k2u1qa1elj08329yf8alew,Have all polyps been removed?,no,no,yes,0.3015252649784088,0.6779406666755676,0.3764154016971588
cla820gl8s41v071u7owiec1u,Is there text?,yes,yes,yes,0.12534986436367035,2.007204055786133,1.8818541914224625
cla820gm6s5c7071u8qxfg8mk,Is there a green/black box artefact?,yes,yes,yes,0.12011489272117615,1.7697675228118896,1.6496526300907135
clbnxtoxn6w6q079o00h02ele,Does this image contain any finding?,no,no,yes,0.3765641450881958,0.5489126443862915,0.1723484992980957
cl8k2u1qx1fef0832b8vzh7wv,Have all polyps been removed?,no,no,yes,0.2408062219619751,0.8259558081626892,0.5851495862007141
clbnxtogfbnhy074caon6aas0,Does this image contain any finding?,no,no,no,0.6951939463615417,0.30837884545326233,-0.3868151009082794
clbnxtonsas3l075548ze9whw,Does this image contain any finding?,no,no,yes,0.41837888956069946,0.5261194705963135,0.10774058103561401
cl8k2u1qj1exf0832aav65cug,Is there a green/black box artefact?,yes,yes,yes,0.35486385226249695,0.5767940282821655,0.22193017601966858
cl8k2u1r91fsr0832779jexmy,Is there a green/black box artefact?,yes,yes,yes,0.11499980092048645,1.700837254524231,1.5858374536037445
clb0lbx1edqc4086ueb99dyo7,Is there a green/black box artefact?,no,no,yes,0.42138540744781494,0.4916215240955353,0.07023611664772034
clbnxtonfarg107556r8acy9r,Does this image contain any finding?,no,no,no,0.6055697202682495,0.35163477063179016,-0.25393494963645935
cla820glns4p7071ucmxog59s,Is there a green/black box artefact?,yes,yes,yes,0.11639411747455597,1.7384746074676514,1.6220804899930954
cla820gmns61b071u1jrtajcx,Is this finding easy to detect?,yes,yes,no,0.5521780848503113,0.3851853907108307,-0.1669926941394806
cla820glcs483071u0w6t0pwq,Is there a green/black box artefact?,no,no,yes,0.3853537142276764,0.5102292895317078,0.12487557530403137
cla820gl2s3rj071u5pabhsg1,Is this finding easy to detect?,yes,yes,yes,0.4362490475177765,0.47691991925239563,0.04067087173461914
cl8k2u1s21gqn08324ii64lnj,Is this finding easy to detect?,yes,yes,no,0.5764334201812744,0.36988377571105957,-0.20654964447021484
cl8k2u1q21edv08329nobdqci,Is this finding easy to detect?,yes,yes,no,0.5868541598320007,0.3613166809082031,-0.2255374789237976
cl8k2u1pw1e6b0832543j3n92,Is this finding easy to detect?,yes,yes,no,0.860502302646637,0.24184690415859222,-0.6186553984880447
cl8k2u1pw1e6j0832cvtlam9l,Have all polyps been removed?,no,no,yes,0.27776142954826355,0.7228282690048218,0.4450668394565582
clbnxtog4bmv2074c874ngw7z,Does this image contain any finding?,no,no,no,0.6002804636955261,0.3674502968788147,-0.23283016681671143
clbnxtonharit0755bmfhctds,Does this image contain any finding?,no,no,yes,0.27490416169166565,0.8022183775901794,0.5273142158985138
cla820gn5s6k7071ua3bs0lo1,Is there text?,yes,yes,yes,0.12967513501644135,1.765318751335144,1.6356436163187027
cl8k2u1qc1eo308322qx60nfq,Is this finding easy to detect?,yes,yes,no,0.5946486592292786,0.35578128695487976,-0.2388673722743988
clb0lbwz3doqs086u0kqy5ut2,Is this finding easy to detect?,yes,yes,no,0.6063706874847412,0.3481086492538452,-0.258262038230896
clb0lbwymdob4086ug6gn690v,Is there a green/black box artefact?,no,no,no,0.560360312461853,0.3697889447212219,-0.1905713677406311
cla820gmys6fj071ugumg685c,Is there text?,no,no,yes,0.24360056221485138,0.855555534362793,0.6119549721479416
clbnxtow96tku079odhojf1uv,Does this image contain any finding?,no,no,no,0.5628750920295715,0.37755924463272095,-0.18531584739685059
cla820gmys6ff071u838uem5s,Is there a green/black box artefact?,yes,yes,yes,0.13237279653549194,1.5731254816055298,1.4407526850700378
clbnxtowq6uau079o8azq3j0o,Does this image contain any finding?,no,no,yes,0.2090068906545639,0.989156186580658,0.780149295926094
cl8k2u1qu1far08329jnfax2r,Have all polyps been removed?,no,no,yes,0.3019336462020874,0.670981228351593,0.3690475821495056
cl8k2u1qf1esn08326ec518st,Is there a green/black box artefact?,no,no,yes,0.3957716226577759,0.5126660466194153,0.1168944239616394
cl8k2u1qz1fhb0832a45y7ian,Is there text?,no,no,no,1.3756122589111328,0.14734122157096863,-1.2282710373401642
cl8k2u1po1dxn08328vz50fyd,Is there a green/black box artefact?,no,no,no,0.45506003499031067,0.4508909583091736,-0.004169076681137085
cla820gn9s6q7071u0z5ifasv,Is this finding easy to detect?,yes,yes,yes,0.447029173374176,0.4729781746864319,0.02594900131225586
cla820gm9s5g7071uay192fb7,Is there a green/black box artefact?,no,no,yes,0.17448565363883972,1.140628695487976,0.9661430418491364
cl8k2u1rm1gdb0832hw3h2f65,Have all polyps been removed?,no,no,yes,0.2623082995414734,0.7643823623657227,0.5020740628242493
clbnxtogcbnam074c3ai01ur6,Does this image contain any finding?,no,no,yes,0.3503364324569702,0.6086468696594238,0.2583104372024536
cl8k2u1qs1f6f0832arqr8c3u,Have all polyps been removed?,no,no,yes,0.26904213428497314,0.7425395250320435,0.4734973907470703
clb0lbwz0domw086ubevgd45t,Is there text?,yes,yes,yes,0.1309073120355606,1.7741352319717407,1.6432279199361801
cl8k2u1qe1eqv08321jx17e0i,Have all polyps been removed?,no,no,yes,0.37595272064208984,0.5500257015228271,0.1740729808807373
clbnxtogibnnm074c3osx31j9,Does this image contain any finding?,no,no,yes,0.3673642873764038,0.586811363697052,0.2194470763206482
cl8k2u1ra1fun08327y67hqks,Is this finding easy to detect?,yes,yes,no,0.7247811555862427,0.2864759564399719,-0.43830519914627075
clb0lbx07dq5w086u40kzgt11,Is there a green/black box artefact?,no,no,yes,0.19259855151176453,0.9224323630332947,0.7298338115215302
cla820gl3s3s7071u8agx3t4t,Is this finding easy to detect?,yes,yes,yes,0.31906771659851074,0.6496323347091675,0.33056461811065674
clb0lbwzhdp6w086uaj6z71yu,Is there text?,yes,yes,yes,0.15507476031780243,1.3623262643814087,1.2072515040636063
cla820gm8s5fv071uhwqz7yqq,Is there a green/black box artefact?,yes,yes,yes,0.11980433762073517,1.8521592617034912,1.732354924082756
clb0lbwykdo7w086u2owp4tdj,Is there a green/black box artefact?,no,no,yes,0.17538797855377197,1.0782560110092163,0.9028680324554443
clb0lbwzhdp6k086udcq3afpc,Is this finding easy to detect?,no,no,no,0.4724971354007721,0.4443003833293915,-0.028196752071380615
cl8k2u1qh1evf083295nk05e6,Is there text?,yes,yes,yes,0.21851342916488647,0.9511595368385315,0.732646107673645
clbnxtox46vbq079o4ethblbh,Does this image contain any finding?,no,no,yes,0.30745938420295715,0.698261022567749,0.39080163836479187
clb0lbwyido50086u8ysn48jj,Is there text?,yes,yes,yes,0.15473604202270508,1.3016191720962524,1.1468831300735474
cl8k2u1q21edz08324ekn60rh,Is this finding easy to detect?,yes,yes,no,0.5586560368537903,0.3787861168384552,-0.17986992001533508
clb0lbwzwdpog086uditu284c,Is there a green/black box artefact?,no,no,no,0.6497774720191956,0.3053397536277771,-0.34443771839141846
clbnxtox36v92079oct6th3vy,Does this image contain any finding?,no,no,yes,0.4603511691093445,0.4806920886039734,0.020340919494628906
cl8k2u1pw1e6n0832bvpu2oxu,Have all polyps been removed?,no,no,yes,0.2409137636423111,0.8176138401031494,0.5767000764608383
cla820glhs4g3071ufew60vx0,Is there text?,yes,yes,yes,0.13775676488876343,1.700037956237793,1.5622811913490295
clb0lbwy9dnuk086ua3zpcu64,Is there a green/black box artefact?,no,no,yes,0.3229818642139435,0.6299315690994263,0.3069497048854828
clbnxtofwbmda074c26tga6e7,Does this image contain any finding?,no,no,no,0.5993577837944031,0.3653962314128876,-0.2339615523815155
clbnxtoerbkt2074cgyoj6lxl,Does this image contain any finding?,no,no,no,0.4845380485057831,0.45489704608917236,-0.029641002416610718
clbnxtows6ug6079o5689bhf8,Does this image contain any finding?,no,no,yes,0.32090356945991516,0.6737821102142334,0.35287854075431824
cl8k2u1py1e8r08323sf5264i,Is there a green/black box artefact?,no,no,yes,0.2042560875415802,0.9633284211158752,0.759072333574295
cl8k2u1qy1ffz08329ve758vm,Is there a green/black box artefact?,yes,yes,yes,0.09908866882324219,2.008085250854492,1.90899658203125
clb0lbwzwdpos086u5ulvhfal,Is there text?,yes,yes,yes,0.220725879073143,0.9494153261184692,0.7286894470453262
cl8k2u1q01ebf08326bac5728,Is this finding easy to detect?,yes,yes,no,0.5376690626144409,0.39599519968032837,-0.14167386293411255
cla820gmts69f071u545hfdja,Have all polyps been removed?,no,no,yes,0.30108848214149475,0.6819627285003662,0.38087424635887146
cl8k2u1q91ekf0832bm4w8g2i,Is there a green/black box artefact?,yes,yes,yes,0.157446950674057,1.2591625452041626,1.1017155945301056
cl8k2u1st1gyv08322bojh2xe,Is this finding easy to detect?,yes,yes,no,0.5721969604492188,0.36964452266693115,-0.2025524377822876
clbnxtox06uzu079o8ksla5q8,Does this image contain any finding?,no,no,yes,0.4077814221382141,0.5223331451416016,0.11455172300338745
clb0lbx1ldqmo086u7y0d4tpf,Is this finding easy to detect?,yes,yes,yes,0.32687634229660034,0.6274209022521973,0.3005445599555969
clbnxton9ar8p07550rzi6r7q,Does this image contain any finding?,no,no,yes,0.4019993543624878,0.5475795865058899,0.1455802321434021
clbnxtowg6tym079og4c48kjo,Does this image contain any finding?,no,no,no,0.48403793573379517,0.45550060272216797,-0.028537333011627197
cla820gmss677071u0i2h5sav,Is there a green/black box artefact?,no,no,yes,0.14797501266002655,1.2609190940856934,1.1129440814256668
cl8k2u1rm1gdn08326xz34jhv,Have all polyps been removed?,no,no,yes,0.22611622512340546,0.8845781683921814,0.6584619432687759
cl8k2u1pv1e4z08320vbv6jzb,Is there a green/black box artefact?,yes,yes,yes,0.3548561632633209,0.566126823425293,0.21127066016197205
clb0lbwyydolc086u91w2b11f,Is this finding easy to detect?,yes,yes,yes,0.3943834900856018,0.5301595330238342,0.13577604293823242
clbnxtoepbkoy074c7bpg4xgx,Does this image contain any finding?,no,no,no,0.6179729700088501,0.3442082703113556,-0.2737646996974945
cl8k2u1pr1dzj0832a0plcwg6,Is this finding easy to detect?,yes,yes,yes,0.428541898727417,0.4910259544849396,0.06248405575752258
cl8k2u1ri1g730832d8mlaw29,Have all polyps been removed?,no,no,yes,0.33062461018562317,0.6137192249298096,0.2830946147441864
cl8k2u1s41gtj08320sb27jjp,Have all polyps been removed?,no,no,yes,0.2905937731266022,0.6955476999282837,0.4049539268016815
cla820glos4qb071u0m84hdq3,Is there text?,yes,yes,yes,0.15686896443367004,1.3446385860443115,1.1877696216106415
cla820gl9s43r071u6vs31s5s,Is there a green/black box artefact?,yes,yes,yes,0.10357719659805298,2.2739086151123047,2.1703314185142517
cla820glcs48v071u663z6ysx,Is this finding easy to detect?,yes,yes,no,0.528663694858551,0.3967716097831726,-0.13189208507537842
cla820gmus6a3071uezzm8dac,Is there text?,yes,yes,yes,0.14297610521316528,1.5268090963363647,1.3838329911231995
cla820glbs46b071u209906at,Is there text?,yes,yes,yes,0.13023503124713898,1.6953802108764648,1.5651451796293259
clbnxtox46vbm079o67xlcrjf,Does this image contain any finding?,no,no,no,0.7226788401603699,0.302438348531723,-0.42024049162864685
clbnxtof3bleq074cawn88mcf,Does this image contain any finding?,no,no,yes,0.43977123498916626,0.49400824308395386,0.0542370080947876
cla820gmxs6dr071ud4avacp9,Is there text?,yes,yes,yes,0.18225176632404327,1.1392182111740112,0.956966444849968
cla820gmms5zb071u6g8k2fhy,Is this finding easy to detect?,yes,yes,no,0.4764145314693451,0.4426056146621704,-0.03380891680717468
clb0lbwyhdo44086ueiggc59q,Is there text?,yes,yes,yes,0.20209194719791412,1.0626122951507568,0.8605203479528427
cla820glus4y7071u0i1774qp,Is there text?,yes,yes,yes,0.13324469327926636,1.7291611433029175,1.5959164500236511
cla820glss4wf071u3tu616sq,Is there text?,yes,yes,yes,0.20383106172084808,1.0574018955230713,0.8535708338022232
clbnxtof7blmu074c9bsj9efn,Does this image contain any finding?,no,no,yes,0.2901940643787384,0.7192570567131042,0.42906299233436584
cla820glas45j071ud174degm,Is there a green/black box artefact?,yes,yes,yes,0.11677438765764236,2.041498899459839,1.9247245118021965
clbnxtowx6usu079og5bt8pk3,Does this image contain any finding?,no,no,no,0.6568241715431213,0.32653096318244934,-0.330293208360672
clb0lbwycdo0k086ugwwd9bqg,Is there a green/black box artefact?,yes,yes,yes,0.1497652232646942,1.1785876750946045,1.0288224518299103
cl8k2u1qa1ekj08323mynb0zq,Have all polyps been removed?,no,no,yes,0.2750392258167267,0.7286249399185181,0.4535857141017914
cla820gmos62n071u7rw4fydn,Is there a green/black box artefact?,no,no,no,0.5200472474098206,0.3913399875164032,-0.12870725989341736
clbnxtoxj6vw6079o0pj55y6s,Does this image contain any finding?,no,no,no,0.6353673338890076,0.3397130072116852,-0.2956543266773224
cl8k2u1rf1g1z08321z7h6j3y,Have all polyps been removed?,no,no,yes,0.3007303476333618,0.6709944009780884,0.37026405334472656
cl8k2u1r41fjz083273b77emz,Is there a green/black box artefact?,yes,yes,yes,0.3380834460258484,0.5878131985664368,0.24972975254058838
cl8k2u1qq1f330832hwyu7xde,Is there a green/black box artefact?,no,no,no,0.4970729947090149,0.41410958766937256,-0.08296340703964233
cl8k2u1rg1g4f083250drf5v0,Is this finding easy to detect?,yes,yes,no,0.5652397871017456,0.37971949577331543,-0.18552029132843018
cl8k2u1qk1ezn0832fzc5hr77,Have all polyps been removed?,no,no,yes,0.2684114873409271,0.7526145577430725,0.4842030704021454
cl8k2u1re1g1j08325fyq98cc,Is this finding easy to detect?,yes,yes,no,0.6693236231803894,0.31242266297340393,-0.3569009602069855
cl8k2u1qc1eon0832a2x85h2w,Have all polyps been removed?,no,no,yes,0.22256699204444885,0.8898489475250244,0.6672819554805756
clb0lbwybdny0086u62gibfu9,Is there text?,yes,yes,yes,0.18187075853347778,1.1300848722457886,0.9482141137123108
cla820gmks5w3071ua58ygkgi,Is there text?,yes,yes,yes,0.16430383920669556,1.2557200193405151,1.0914161801338196
cla820gmcs5kj071uhv1f8dpl,Is there text?,yes,yes,yes,0.2570325434207916,0.8130901455879211,0.5560576021671295
cl8k2u1q31eg708329lf9hkmv,Is there text?,yes,yes,yes,0.18036088347434998,1.183437466621399,1.003076583147049
clb0lbwybdny4086u7yv98xl5,Is there a green/black box artefact?,no,no,no,0.5623435974121094,0.36494144797325134,-0.19740214943885803
cla820gljs4jz071u3awv8vsp,Is this finding easy to detect?,yes,yes,no,0.45679548382759094,0.4537770450115204,-0.0030184388160705566
clb0lbwzpdpg0086uhd7d4n86,Is there a green/black box artefact?,no,no,yes,0.4248649775981903,0.48366278409957886,0.05879780650138855
clb0lbwzidp7w086u9bpq7y7v,Is there text?,yes,yes,yes,0.37367767095565796,0.552322506904602,0.1786448359489441
clb0lbwzkdp9w086u14u8g6v8,Is there text?,yes,yes,yes,0.1486465334892273,1.5269157886505127,1.3782692551612854
clbnxtog1bmo6074c814qh7b1,Does this image contain any finding?,no,no,no,0.5127718448638916,0.41523614525794983,-0.09753569960594177
cl8k2u1ri1g7f083253xaeqpw,Is there a green/black box artefact?,yes,yes,yes,0.2496640682220459,0.7978383302688599,0.548174262046814
cla820glms4ob071ueeum7crv,Is this finding easy to detect?,yes,yes,yes,0.41104912757873535,0.5031645894050598,0.09211546182632446
cl8k2u1qh1evr08325op6gs1q,Is there a green/black box artefact?,no,no,yes,0.33189767599105835,0.6059364080429077,0.27403873205184937
cla820gl6s3x3071uh76zg7uy,Is there a green/black box artefact?,yes,yes,yes,0.11739985644817352,1.834240198135376,1.7168403416872025
cl8k2u1r91frn08328e95fqce,Is this finding easy to detect?,yes,yes,no,0.7400801181793213,0.28406792879104614,-0.45601218938827515
clbnxtoexbl46074ccmnldhnc,Does this image contain any finding?,no,no,no,0.467369019985199,0.4589676260948181,-0.00840139389038086
cl8k2u1ri1g7v08328alv4a61,Is there a green/black box artefact?,yes,yes,yes,0.4420478045940399,0.4608558416366577,0.018808037042617798
cla820glxs52b071u7xpqf5xc,Is there text?,no,no,yes,0.3770105838775635,0.5691099762916565,0.19209939241409302
cl8k2u1ss1gy708328o08gjbh,Have all polyps been removed?,no,no,yes,0.4208301603794098,0.4954044818878174,0.07457432150840759
clb0lbx1fdqd4086u5csjc85o,Is this finding easy to detect?,yes,yes,no,0.6615316867828369,0.3172382414340973,-0.3442934453487396
cl8k2u1rj1g970832ggw5aryx,Is this finding easy to detect?,yes,yes,no,0.609804093837738,0.34110769629478455,-0.2686963975429535
clb0lbx02dpxg086ucsgr9h01,Is there text?,yes,yes,yes,0.1781555414199829,1.2119104862213135,1.0337549448013306
cl8k2u1r91fsn0832f9iybn7t,Is there text?,yes,yes,yes,0.24925297498703003,0.8133470416069031,0.564094066619873
clb0lbx1ddqas086u0msx9rza,Is there text?,yes,yes,yes,0.1764173060655594,1.1920535564422607,1.0156362503767014
cla820gmms5zb071u6g8k2fhy,Is there text?,yes,yes,yes,0.196201354265213,1.0808966159820557,0.8846952617168427
cl8k2u1rc1fyb08329am522dp,Have all polyps been removed?,no,no,yes,0.27056148648262024,0.7348239421844482,0.464262455701828
clbnxtofablti074cb0752jrr,Does this image contain any finding?,no,no,yes,0.24279214441776276,0.8480502367019653,0.6052580922842026
clbnxtof0blaa074c33q7gfrr,Does this image contain any finding?,no,no,no,0.6246907711029053,0.34954631328582764,-0.27514445781707764
cl8k2u1py1e8j0832618n9noj,Is this finding easy to detect?,no,no,no,0.5826575756072998,0.36363187432289124,-0.21902570128440857
clb0lbx06dq48086u6dyle74g,Is there a green/black box artefact?,no,no,yes,0.4508364796638489,0.45820876955986023,0.0073722898960113525
clb0lbwzidp7k086ufkxycrh8,Is this finding easy to detect?,no,no,yes,0.43230143189430237,0.48178982734680176,0.04948839545249939
clbnxtox36v82079ogsqo1p3o,Does this image contain any finding?,no,no,yes,0.2855241298675537,0.7262423038482666,0.4407181739807129
clb0lbwzadoxo086uci28gh2e,Is there text?,yes,yes,yes,0.12924303114414215,1.9242894649505615,1.7950464338064194
cla820glas457071u9vwefrjk,Is this finding easy to detect?,yes,yes,yes,0.38488852977752686,0.5499640703201294,0.16507554054260254
clb0lbwzadoxk086ugkmwg78t,Is this finding easy to detect?,no,no,yes,0.38931044936180115,0.5443750619888306,0.15506461262702942
cl8k2u1qe1es308329s2wgerh,Have all polyps been removed?,no,no,yes,0.27209407091140747,0.7375693917274475,0.46547532081604004
clbnxtoeqbkpq074c7um156on,Does this image contain any finding?,no,no,no,0.4938630759716034,0.4279649555683136,-0.0658981204032898
clbnxtogabn6e074c8gx4bcbf,Does this image contain any finding?,no,no,yes,0.3335459530353546,0.6527708768844604,0.31922492384910583
cl8k2u1s81gxj0832bokx1tpc,Is there text?,yes,yes,yes,0.12930458784103394,1.8032904863357544,1.6739858984947205
clb0lbwz2dopc086uherwfgw6,Is there text?,yes,yes,yes,0.21105298399925232,0.9962835311889648,0.7852305471897125
cla820gl0s3ob071u5z04bn3r,Is there text?,yes,yes,yes,0.21555446088314056,1.009966492652893,0.7944120317697525
cla820gmds5lj071ueefe8bki,Is this finding easy to detect?,yes,yes,no,0.6535813808441162,0.32473650574684143,-0.3288448750972748
clb0lbwyadnwk086u56bx8ult,Is there text?,yes,yes,yes,0.19612431526184082,1.109328031539917,0.9132037162780762
cl8k2u1q21eer0832g5da47u4,Is there a green/black box artefact?,no,no,yes,0.4216693341732025,0.48267918825149536,0.06100985407829285
cla820gm7s5dz071u7v9a7lgv,Is there a green/black box artefact?,no,no,yes,0.4039139747619629,0.4991516172885895,0.09523764252662659
clb0lbwzddp20086u7z026z6z,Is there a green/black box artefact?,no,no,yes,0.31287574768066406,0.6373231410980225,0.3244473934173584
cla820gm0s55f071u8hlqhno2,Is there text?,yes,yes,yes,0.13759386539459229,1.6850658655166626,1.5474720001220703
cl8k2u1q01eb70832b47m8x2x,Have all polyps been removed?,no,no,yes,0.3169064223766327,0.649298369884491,0.3323919475078583
clbnxtox36v8q079o4gkn6kzm,Does this image contain any finding?,no,no,yes,0.46238288283348083,0.4669092893600464,0.004526406526565552
clbnxtoghbnm6074c3l8e6nfe,Does this image contain any finding?,no,no,yes,0.270140141248703,0.7835962772369385,0.5134561359882355
cl8k2u1r61fnz0832akoxafzt,Is there text?,yes,yes,yes,0.13753429055213928,1.545293927192688,1.4077596366405487
clb0lbwytdohk086u8wb8bt1a,Is there a green/black box artefact?,yes,yes,yes,0.11387260258197784,1.873167872428894,1.7592952698469162
cla820gm2s58f071ug6yfd155,Is there text?,yes,yes,yes,0.17364411056041718,1.2761867046356201,1.102542594075203
clbnxtoeobkm6074c817rbs9w,Does this image contain any finding?,no,no,yes,0.4547710716724396,0.4755001664161682,0.020729094743728638
clbnxtonvasad0755alnl26mh,Does this image contain any finding?,no,no,no,0.492372989654541,0.44445937871932983,-0.04791361093521118
cla820gmts69n071ua58s7x39,Is there a green/black box artefact?,no,no,yes,0.4461613893508911,0.45652079582214355,0.010359406471252441
clb0lbwzqdpgw086ueue6gp2m,Is there text?,yes,yes,yes,0.16212773323059082,1.3081971406936646,1.1460694074630737
clb0lbwzzdpro086u8bicd4b8,Is there text?,yes,yes,yes,0.16264654695987701,1.3417848348617554,1.1791382879018784
cla820gmls5xb071u9njcamwn,Is there text?,yes,yes,yes,0.13468500971794128,1.7265732288360596,1.5918882191181183
cla820gmms5zr071ubsmqaxtm,Is there a green/black box artefact?,no,no,yes,0.23489132523536682,0.7902621030807495,0.5553707778453827
cla820glzs553071uemsm11ip,Is there a green/black box artefact?,no,no,yes,0.2237612009048462,0.8691470623016357,0.6453858613967896
cl8k2u1q21eez08326g2d1scs,Is this finding easy to detect?,yes,yes,yes,0.43098458647727966,0.4928259253501892,0.061841338872909546
clb0lbwyudoi8086u1riyee8o,Is there a green/black box artefact?,yes,yes,yes,0.1319408118724823,1.3326679468154907,1.2007271349430084
cl8k2u1qj1exz083283vfacxk,Is this finding easy to detect?,no,no,no,0.6129663586616516,0.34632807970046997,-0.26663827896118164
cla820gn4s6j3071ub2uiei3q,Is there text?,yes,yes,yes,0.1460382640361786,1.5232871770858765,1.3772489130496979
clb0lbwyqdof0086u6b2l68pt,Is this finding easy to detect?,yes,yes,no,0.7664210200309753,0.27258729934692383,-0.4938337206840515
cl8k2u1rn1gev08324sqmblxu,Is this finding easy to detect?,yes,yes,yes,0.4548585116863251,0.46748900413513184,0.012630492448806763
cl8k2u1q41eib0832151yg688,Is there a green/black box artefact?,no,no,no,0.4702994227409363,0.4226003885269165,-0.047699034214019775
cla820gl5s3vr071u7iil4yr1,Is there text?,yes,yes,yes,0.16388407349586487,1.386052131652832,1.2221680581569672
cl8k2u1rl1gbv08329a8n8h9i,Is this finding easy to detect?,yes,yes,no,0.7619966268539429,0.27473241090774536,-0.4872642159461975
clb0lbwz9dowk086uh2wxexpq,Is there text?,yes,yes,yes,0.4416957497596741,0.4724644720554352,0.03076872229576111
clbnxtogfbni6074ccsm8e1ig,Does this image contain any finding?,no,no,no,0.4812873899936676,0.4420877695083618,-0.039199620485305786
clbnxtofybmhm074c5v8ogp45,Does this image contain any finding?,no,no,yes,0.41472485661506653,0.5289281606674194,0.1142033040523529
clbnxtoeubkym074c53hz94mc,Does this image contain any finding?,no,no,yes,0.41113269329071045,0.5209035873413086,0.10977089405059814
cl8k2u1qx1feb0832ex93hgt4,Have all polyps been removed?,no,no,yes,0.24359822273254395,0.8166767358779907,0.5730785131454468
clbnxtowv6una079o5mz21xmm,Does this image contain any finding?,no,no,no,0.5626183152198792,0.392413854598999,-0.17020446062088013
clbnxtow86tgu079og9lnbtze,Does this image contain any finding?,no,no,yes,0.4485102593898773,0.4626474678516388,0.014137208461761475
clb0lbwzsdpk8086ufmsrehdc,Is there text?,yes,yes,yes,0.13349270820617676,1.7457331418991089,1.6122404336929321
clbnxtoeubkyy074c2t8q1y5k,Does this image contain any finding?,no,no,no,0.5135315656661987,0.4179724454879761,-0.09555912017822266
clbnxtox06v1e079ochy408cn,Does this image contain any finding?,no,no,yes,0.21239647269248962,0.916224479675293,0.7038280069828033
clb0lbx1ndqpo086ubdnyd1yc,Is there a green/black box artefact?,no,no,yes,0.20918668806552887,0.8978589773178101,0.6886722892522812
clbnxtog4bmu6074c4vyo23kl,Does this image contain any finding?,no,no,no,0.49090149998664856,0.44361454248428345,-0.04728695750236511
clb0lbwypdoek086u7tem98me,Is this finding easy to detect?,yes,yes,yes,0.41342467069625854,0.5063929557800293,0.09296828508377075
clbnxtonoarvp07558k43cxyo,Does this image contain any finding?,no,no,no,0.5350967049598694,0.4081486761569977,-0.1269480288028717
cla820glls4mr071ud57z5zq2,Is this finding easy to detect?,yes,yes,yes,0.43060827255249023,0.4803926348686218,0.04978436231613159
cla820gmhs5qn071u9bmz8gwt,Is this finding easy to detect?,yes,yes,no,0.8920469284057617,0.22827354073524475,-0.663773387670517
cl8k2u1qw1fd70832ghlb8bfp,Is there a green/black box artefact?,no,no,no,0.4637976288795471,0.4381062388420105,-0.02569139003753662
clbnxtowf6tx6079o03kn3b72,Does this image contain any finding?,no,no,yes,0.41063547134399414,0.5276269912719727,0.11699151992797852
cla820gmps63j071ucq3p6od4,Is there text?,yes,yes,yes,0.16119545698165894,1.4324626922607422,1.2712672352790833
clb0lbwz1doog086ughli8ucd,Is there a green/black box artefact?,yes,yes,yes,0.13260070979595184,1.5008851289749146,1.3682844191789627
cla820gles4cf071ubi4chiqb,Is this finding easy to detect?,yes,yes,no,0.5771822333335876,0.36128896474838257,-0.21589326858520508
cl8k2u1pw1e5r08322cg698b1,Have all polyps been removed?,no,no,yes,0.24407608807086945,0.8165679574012756,0.5724918693304062
cla820gm5s5az071ue4o4fgse,Is there text?,yes,yes,yes,0.14726269245147705,1.4962184429168701,1.348955750465393
cl8k2u1s41gt708329jpt5lhz,Is there a green/black box artefact?,no,no,yes,0.3235597312450409,0.6188415884971619,0.29528185725212097
cl8k2u1q21eez08326g2d1scs,Is there text?,yes,yes,yes,0.20750223100185394,0.9739071130752563,0.7664048820734024
clb0lbx1fdqd8086u7ij8fa1u,Is this finding easy to detect?,yes,yes,no,0.48367220163345337,0.4405823349952698,-0.043089866638183594
clb0lbwyldo98086u4yrn4qmj,Is there a green/black box artefact?,no,no,no,0.7059618830680847,0.28085553646087646,-0.42510634660720825
clbnxtowr6ufq079o48u06dv2,Does this image contain any finding?,no,no,yes,0.460206001996994,0.46852853894233704,0.008322536945343018
clb0lbwz0dong086u15fi8u07,Is there text?,yes,yes,yes,0.11406542360782623,2.032599449157715,1.9185340255498886
clbnxtogdbncm074c76tj8gb1,Does this image contain any finding?,no,no,no,0.6554311513900757,0.3271811306476593,-0.3282500207424164
clbnxtogcbnaq074cb5oo7mrc,Does this image contain any finding?,no,no,no,0.562497079372406,0.37159258127212524,-0.19090449810028076
cla820gmjs5tr071ugp0l1tsm,Is there text?,yes,yes,yes,0.13564921915531158,1.7433971166610718,1.6077478975057602
cl8k2u1rl1gbf08325roe4wmf,Is this finding easy to detect?,yes,yes,yes,0.3212329149246216,0.6387783885002136,0.31754547357559204
clb0lbx1ddqac086ugku182z7,Is there text?,yes,yes,yes,0.17918330430984497,1.179183840751648,1.000000536441803
cla820gl1s3oz071u2ixjf7yk,Is there a green/black box artefact?,no,no,no,0.6234960556030273,0.3240043520927429,-0.2994917035102844
clb0lbx1odqrc086ua2o2d3l2,Is there text?,yes,yes,yes,0.13678209483623505,1.6493622064590454,1.5125801116228104
cla820glgs4fb071ufpu576g9,Is there a green/black box artefact?,yes,yes,yes,0.11939994990825653,1.5858440399169922,1.4664440900087357
cla820gmvs6br071u3o1vggjr,Is there a green/black box artefact?,yes,yes,yes,0.10303671658039093,1.857444405555725,1.7544076889753342
clbnxtoexbl52074c3dyafnp7,Does this image contain any finding?,no,no,no,0.4945826232433319,0.45044249296188354,-0.044140130281448364
cla820gmws6cj071u56un6ke7,Is there a green/black box artefact?,no,no,yes,0.24090801179409027,0.7965779900550842,0.555669978260994
cl8k2u1rg1g4f083250drf5v0,Have all polyps been removed?,no,no,yes,0.3200429081916809,0.6407766342163086,0.3207337260246277
clb0lbwykdo88086ug59e2bpc,Is there a green/black box artefact?,yes,yes,yes,0.1514795571565628,1.284798264503479,1.1333187073469162
cla820gmvs6bz071u3y7hcecb,Is there a green/black box artefact?,no,no,yes,0.1683308631181717,1.0892586708068848,0.9209278076887131
cla820gmps64v071ufqru1pyy,Is there text?,yes,yes,yes,0.12836848199367523,1.9009276628494263,1.772559180855751
cla820gl1s3pn071u6vzxgsxv,Is there text?,yes,yes,yes,0.13038060069084167,1.8806289434432983,1.7502483427524567
cla820glys52r071u1n0wcat3,Is there text?,yes,yes,yes,0.1482851207256317,1.4881929159164429,1.3399077951908112
cla820glbs467071ufumlfdwb,Is there a green/black box artefact?,yes,yes,yes,0.14490202069282532,1.2599316835403442,1.115029662847519
clbnxtog3bmt6074chqrd0ubw,Does this image contain any finding?,no,no,no,0.5480854511260986,0.3800694942474365,-0.1680159568786621
cl8k2u1rc1fxn0832epb45ysp,Is this finding easy to detect?,yes,yes,no,0.6446816921234131,0.3258112668991089,-0.3188704252243042
clbnxtowf6tw2079o5gk26oz9,Does this image contain any finding?,no,no,no,0.5253698825836182,0.42811769247055054,-0.09725219011306763
cla820gmys6fj071ugumg685c,Is this finding easy to detect?,yes,yes,no,0.7695267200469971,0.26705700159072876,-0.5024697184562683
cla820glus4yr071ucrs636hg,Is there text?,yes,yes,yes,0.13017168641090393,1.7655158042907715,1.6353441178798676
clbnxtoevbkzq074chniw5ut5,Does this image contain any finding?,no,no,yes,0.3885803520679474,0.5623400807380676,0.17375972867012024
cl8k2u1qd1epb08329q4w22ch,Is there text?,yes,yes,no,0.6085650324821472,0.3410066068172455,-0.26755842566490173
cl8k2u1qe1erv08322xfkdfxq,Have all polyps been removed?,no,no,yes,0.354044646024704,0.586432933807373,0.23238828778266907
clb0lbwzcdp10086u6id843er,Is there text?,yes,yes,yes,0.12786917388439178,1.906389832496643,1.7785206586122513
cla820gn7s6n7071ud7xg2k8v,Is this finding easy to detect?,yes,yes,yes,0.33469265699386597,0.6216304302215576,0.28693777322769165
cl8k2u1r51flz0832hhctdxge,Have all polyps been removed?,no,no,yes,0.31911659240722656,0.634013831615448,0.31489723920822144
cla820glns4pv071u35kocc2o,Is there text?,no,no,no,0.5595604181289673,0.3777315020561218,-0.18182891607284546
cla820gmps643071ucbbke1k5,Is there text?,yes,yes,yes,0.18833227455615997,1.1229171752929688,0.9345849007368088
clb0lbwybdny4086u7yv98xl5,Is there text?,yes,yes,yes,0.1641509234905243,1.4187579154968262,1.2546069920063019
clb0lbwz1dooc086u09fq5zx7,Is there a green/black box artefact?,no,no,yes,0.13267457485198975,1.4482649564743042,1.3155903816223145
cl8k2u1s11gp308322fqsfoxb,Is there text?,yes,yes,yes,0.1609213650226593,1.3771355152130127,1.2162141501903534
cla820gl7s3z3071u90yh7f7r,Is there a green/black box artefact?,no,no,yes,0.2879764437675476,0.6688441634178162,0.38086771965026855
clbnxtonsas4p07554zzqe21x,Does this image contain any finding?,no,no,no,0.6292722225189209,0.34442079067230225,-0.28485143184661865
clb0lbwysdogs086uftn00rkj,Is there text?,yes,yes,yes,0.19315043091773987,1.059845209121704,0.8666947782039642
cl8k2u1rl1gcr08327ons59cp,Is there a green/black box artefact?,yes,yes,no,0.6326572895050049,0.3175361752510071,-0.3151211142539978
clbnxtog5bmw2074c5xdx3amk,Does this image contain any finding?,no,no,yes,0.4010717272758484,0.5318605899810791,0.1307888627052307
cl8k2u1rn1gfz08329dco29e5,Have all polyps been removed?,no,no,yes,0.2251187562942505,0.8789799213409424,0.6538611650466919
cla820gm9s5h7071ud7kg0v0m,Is there a green/black box artefact?,yes,yes,yes,0.12695129215717316,1.582196593284607,1.4552453011274338
cl8k2u1qr1f4r08323y3d4mne,Is this finding easy to detect?,no,no,no,0.5966277718544006,0.3565819561481476,-0.24004581570625305
cl8k2u1po1dxz0832h21a6yz1,Is this finding easy to detect?,yes,yes,no,0.6206568479537964,0.34418147802352905,-0.27647536993026733
cl8k2u1po1dxv0832hfbd4akk,Is there a green/black box artefact?,no,no,yes,0.43222105503082275,0.4721505641937256,0.03992950916290283
cl8k2u1qw1fdb083248to85y0,Is there a green/black box artefact?,yes,yes,yes,0.2405279278755188,0.7960284948348999,0.5555005669593811
clb0lbwzxdpq0086uctrhft1w,Is this finding easy to detect?,yes,yes,no,0.6045864820480347,0.34515321254730225,-0.2594332695007324
cla820glfs4d7071u447u26s7,Is this finding easy to detect?,yes,yes,yes,0.435638964176178,0.4793146848678589,0.04367572069168091
clb0lbwyhdo4k086u4s634ye4,Is there a green/black box artefact?,no,no,no,0.6137704849243164,0.3352028429508209,-0.2785676419734955
cla820gmws6d7071u107x0f3p,Is there a green/black box artefact?,no,no,yes,0.4223706126213074,0.4865712821483612,0.06420066952705383
cla820gmos62b071ua36s3w9w,Is this finding easy to detect?,yes,yes,no,0.512091338634491,0.4153761863708496,-0.09671515226364136
clbnxtog5bmxm074cct9a2zto,Does this image contain any finding?,no,no,no,0.5056787133216858,0.43119287490844727,-0.07448583841323853
clbnxtoxl6w2a079o1xcq2dgq,Does this image contain any finding?,no,no,no,0.4865431487560272,0.44134238362312317,-0.04520076513290405
cl8k2u1rr1glv08326zeq035r,Is this finding easy to detect?,yes,yes,no,0.7291733026504517,0.2863175868988037,-0.44285571575164795
cl8k2u1pv1e4j08320fao8oka,Is there text?,yes,yes,yes,0.17924225330352783,1.1315451860427856,0.9523029327392578
clbnxtog3bmta074c9e4b3r1l,Does this image contain any finding?,no,no,yes,0.4635494351387024,0.46802958846092224,0.004480153322219849
clbnxtog7bn02074c6x5zcbe6,Does this image contain any finding?,no,no,yes,0.41050979495048523,0.5426247119903564,0.13211491703987122
clb0lbx03dpyc086uehal6n5v,Is there a green/black box artefact?,no,no,yes,0.16974838078022003,1.167815089225769,0.998066708445549
clb0lbx1edqcc086ug34e2tma,Is there a green/black box artefact?,no,no,yes,0.4017764925956726,0.5095828175544739,0.10780632495880127
clbnxtoffbm36074cerd9247f,Does this image contain any finding?,no,no,no,0.6775118112564087,0.3125118911266327,-0.364999920129776
clb0lbwz7dou8086u7y68e7ak,Is there text?,yes,yes,yes,0.1414870321750641,1.6839401721954346,1.5424531400203705
clb0lbx02dpws086u9glchwpa,Is there text?,yes,yes,no,0.49247676134109497,0.4171447157859802,-0.07533204555511475
cla820glrs4vn071u7yachvbo,Is there a green/black box artefact?,yes,yes,yes,0.11544917523860931,1.9457695484161377,1.8303203731775284
cl8k2u1s41gtf0832fx0fe4jl,Have all polyps been removed?,no,no,yes,0.3186818063259125,0.6479862928390503,0.3293044865131378
cl8k2u1rp1giz0832h7bme2sl,Is there text?,yes,yes,yes,0.14168603718280792,1.568652629852295,1.426966592669487
cla820gmms60j071uewclak33,Is there text?,yes,yes,yes,0.1264469027519226,2.061047315597534,1.9346004128456116
clb0lbwzkdpa8086u5xkj8nyh,Is this finding easy to detect?,yes,yes,no,0.4804527461528778,0.4482470750808716,-0.032205671072006226
clb0lbwzsdpkc086u3g6mcfd5,Have all polyps been removed?,no,no,yes,0.2887139618396759,0.6932432651519775,0.40452930331230164
clb0lbwysdogs086uftn00rkj,Is there a green/black box artefact?,yes,yes,yes,0.11023396253585815,1.8203251361846924,1.7100911736488342
clbnxton3aqzd07555xxia189,Does this image contain any finding?,no,no,no,0.6238774657249451,0.3570176959037781,-0.266859769821167
clbnxtofibm96074cgngshx2a,Does this image contain any finding?,no,no,yes,0.2131214290857315,0.9712249636650085,0.758103534579277
clbnxtoxl6w1i079oa82t005d,Does this image contain any finding?,no,no,yes,0.38982051610946655,0.579232931137085,0.1894124150276184
clbnxtowc6tp6079oaxbn4f5c,Does this image contain any finding?,no,no,yes,0.33437344431877136,0.6488710045814514,0.31449756026268005
clbnxtonfargl07557arxbr68,Does this image contain any finding?,no,no,no,0.5675569772720337,0.3833884596824646,-0.1841685175895691
cla820gmgs5pz071u1iikahxn,Is there a green/black box artefact?,no,no,yes,0.3600277304649353,0.5523974299430847,0.19236969947814941
clbnxtoxf6vna079o4w2h6e65,Does this image contain any finding?,no,no,no,0.5220218896865845,0.42215201258659363,-0.09986987709999084
clb0lbwz7dou8086u7y68e7ak,Is this finding easy to detect?,yes,yes,no,0.46806541085243225,0.4508586525917053,-0.01720675826072693
cl8k2u1q31eff08320kg50b9m,Have all polyps been removed?,no,no,yes,0.31591179966926575,0.6434799432754517,0.3275681436061859
cla820glls4mz071u0cuo22tn,Is there text?,yes,yes,yes,0.1869487166404724,1.1166855096817017,0.9297367930412292
cl8k2u1qt1f7n08329epmbzpa,Is this finding easy to detect?,yes,yes,no,0.5627708435058594,0.3720708191394806,-0.19070002436637878
clbnxtox26v6e079ohfcxbet8,Does this image contain any finding?,no,no,yes,0.3150348365306854,0.6638683676719666,0.34883353114128113
cl8k2u1qv1fbf08324esc07fh,Is this finding easy to detect?,no,no,no,0.5751980543136597,0.3703901767730713,-0.20480787754058838
cl8k2u1po1dyf08328p936k73,Is there text?,yes,yes,yes,0.1503470540046692,1.4766054153442383,1.326258361339569
clbnxtoxm6w5a079o9w5j4ttu,Does this image contain any finding?,no,no,yes,0.34383705258369446,0.6198254823684692,0.2759884297847748
cl8k2u1qz1fhr0832ehhk25dr,Is there a green/black box artefact?,yes,yes,no,0.47975873947143555,0.4216207265853882,-0.05813801288604736
cl8k2u1r71foz083278j63qnm,Have all polyps been removed?,no,no,yes,0.26217979192733765,0.7605938911437988,0.4984140992164612
cla820gmss68j071u8cp9bv0v,Is this finding easy to detect?,yes,yes,yes,0.3104422986507416,0.6668705940246582,0.3564282953739166
clb0lbwyadnx0086u3rmy9wt0,Is there a green/black box artefact?,yes,yes,yes,0.12305028736591339,1.607876181602478,1.4848258942365646
cl8k2u1s31gs708321quz9wcf,Is there a green/black box artefact?,yes,yes,yes,0.28196391463279724,0.6906226873397827,0.4086587727069855
clb0lbwzldpbo086u2vfkeh30,Is this finding easy to detect?,yes,yes,no,0.7103273272514343,0.3004736006259918,-0.4098537266254425
clb0lbwywdojo086u10163ue5,Is there text?,yes,yes,yes,0.17029482126235962,1.2793691158294678,1.1090742945671082
cla820gm6s5cj071ucvqjgfy5,Is there text?,yes,yes,yes,0.13241373002529144,1.851806640625,1.7193929105997086
clb0lbwy8dnto086uh9rt9e4a,Is this finding easy to detect?,yes,yes,yes,0.3464805483818054,0.5944087505340576,0.2479282021522522
clbnxtoeqbkqm074c9z7fa5jc,Does this image contain any finding?,no,no,yes,0.4586832523345947,0.48067334294319153,0.021990090608596802
clbnxtowe6tvi079o5ouecfqy,Does this image contain any finding?,no,no,no,0.5766043066978455,0.36624038219451904,-0.21036392450332642
cl8k2u1r71fon0832ck0fghmu,Is this finding easy to detect?,yes,yes,no,0.6994679570198059,0.3011903464794159,-0.39827761054039
cl8k2u1q11edf0832ec1i559j,Is there text?,yes,yes,yes,0.155380979180336,1.4835519790649414,1.3281709998846054
clb0lbx1odqrc086ua2o2d3l2,Is there a green/black box artefact?,yes,yes,yes,0.13402360677719116,1.4547494649887085,1.3207258582115173
cl8k2u1qv1fbv08327e4ybh7i,Is there a green/black box artefact?,yes,yes,yes,0.22386674582958221,0.8350285887718201,0.6111618429422379
clb0lbx01dpuc086u21zt50wi,Is there a green/black box artefact?,no,no,yes,0.20797285437583923,0.948333740234375,0.7403608858585358
cla820glvs4zn071u8dpb59co,Is there text?,yes,yes,yes,0.14053235948085785,1.553973913192749,1.4134415537118912
cl8k2u1s11gor08320n3q649e,Is there a green/black box artefact?,no,no,yes,0.33776959776878357,0.5982406735420227,0.26047107577323914
cla820gmos62v071u8ya47y09,Is there text?,yes,yes,yes,0.17182059586048126,1.2445179224014282,1.072697326540947
cla820glas443071u6ga4fbrw,Is there text?,no,no,no,1.3012566566467285,0.1583603024482727,-1.1428963541984558
clbnxtoewbl2i074c85add4vu,Does this image contain any finding?,no,no,no,0.5071648955345154,0.41560637950897217,-0.09155851602554321
cla820gmis5sn071u538x012x,Is there a green/black box artefact?,no,no,yes,0.4061901271343231,0.49401211738586426,0.08782199025154114
cla820gm1s56f071u6z4x5v2k,Is this finding easy to detect?,yes,yes,no,0.6320377588272095,0.33192750811576843,-0.30011025071144104
clbnxtowz6uye079o89cmer10,Does this image contain any finding?,no,no,yes,0.32041823863983154,0.6628442406654358,0.34242600202560425
clb0lbwzydprc086u5t61536p,Is there a green/black box artefact?,no,no,yes,0.26163870096206665,0.7463207244873047,0.48468202352523804
clbnxtoxh6vsq079o12vwg50m,Does this image contain any finding?,no,no,yes,0.3359944522380829,0.6321898698806763,0.2961954176425934
clbnxtoxs6wae079o1vp058eu,Does this image contain any finding?,no,no,no,0.5445218086242676,0.38558757305145264,-0.15893423557281494
clbnxtowt6uk2079oebal2i09,Does this image contain any finding?,no,no,yes,0.4204311966896057,0.5151591897010803,0.09472799301147461
cla820gmhs5rb071u542the9d,Is this finding easy to detect?,yes,yes,no,0.6936557292938232,0.2965010404586792,-0.39715468883514404
clbnxtoxg6voq079oaqt791ev,Does this image contain any finding?,no,no,no,0.5024587512016296,0.43783068656921387,-0.06462806463241577
cl8k2u1pn1dwj0832bf4714ye,Is this finding easy to detect?,yes,yes,yes,0.42385298013687134,0.5004915595054626,0.07663857936859131
cl8k2u1r81fqr0832eeadej89,Have all polyps been removed?,no,no,yes,0.3468729853630066,0.5949822664260864,0.24810928106307983
cla820glvs4zz071u0v2zdenk,Is this finding easy to detect?,yes,yes,no,0.503720223903656,0.41604945063591003,-0.08767077326774597
clb0lbx1ddqa8086u2w6mfpx0,Is there text?,yes,yes,yes,0.13808363676071167,1.6776056289672852,1.5395219922065735
clbnxtow76tf2079occxj20ug,Does this image contain any finding?,no,no,yes,0.37565356492996216,0.5485631823539734,0.17290961742401123
cl8k2u1rs1gn70832g75k4fpo,Is this finding easy to detect?,yes,yes,no,0.6223885416984558,0.3366404175758362,-0.28574812412261963
cl8k2u1pn1dxb0832dcxd14tf,Is there text?,yes,yes,yes,0.2683115601539612,0.7664375305175781,0.49812597036361694
clbnxtofybmha074c92cad3fc,Does this image contain any finding?,no,no,yes,0.44441261887550354,0.47449180483818054,0.030079185962677002
cl8k2u1ra1fu70832d1b6hud7,Is this finding easy to detect?,yes,yes,no,0.551027774810791,0.385952353477478,-0.165075421333313
clb0lbx1hdqg0086uazu19xjd,Is there text?,yes,yes,yes,0.12505385279655457,1.8272024393081665,1.702148586511612
cla820glws51f071u3fvq7lru,Is there a green/black box artefact?,no,no,yes,0.2838033437728882,0.7074225544929504,0.42361921072006226
clb0lbwzcdp10086u6id843er,Is this finding easy to detect?,yes,yes,yes,0.4422440528869629,0.4722990393638611,0.030054986476898193
cla820gmjs5v7071ucyhpexkk,Is there text?,no,no,yes,0.19760999083518982,1.0461983680725098,0.84858837723732
cl8k2u1qx1fej0832167ihi2j,Is there a green/black box artefact?,yes,yes,no,0.5389167070388794,0.37570708990097046,-0.16320961713790894
cl8k2u1r71foz083278j63qnm,Is this finding easy to detect?,yes,yes,no,0.5496264100074768,0.38225337862968445,-0.16737303137779236
cl8k2u1s31gsb0832cuna6sfu,Have all polyps been removed?,no,no,yes,0.2749382257461548,0.7353402972221375,0.46040207147598267
cl8k2u1qh1ewr08324259funk,Have all polyps been removed?,no,no,yes,0.2972695529460907,0.6822897791862488,0.3850202262401581
clbnxtowg6tze079o7ghe1x9a,Does this image contain any finding?,no,no,no,0.5153087973594666,0.4104561507701874,-0.10485264658927917
cl8k2u1pz1e9v0832ejsrguso,Is there a green/black box artefact?,no,no,yes,0.3411399722099304,0.5706461668014526,0.22950619459152222
cl8k2u1qk1ezj08327ys77tv5,Is this finding easy to detect?,yes,yes,yes,0.4062337577342987,0.5163106918334961,0.11007693409919739
clb0lbx1pdqtk086u5ktqbaih,Is there text?,yes,yes,yes,0.1468234360218048,1.634488821029663,1.4876653850078583
cl8k2u1pv1e5f08322hgfdcr8,Is there text?,yes,yes,yes,0.15969747304916382,1.307407259941101,1.1477097868919373
clb0lbx00dptc086uazarcfm7,Is there text?,yes,yes,yes,0.19099284708499908,1.1144474744796753,0.9234546273946762
clb0lbx1mdqog086u64vo2nkd,Is there text?,yes,yes,yes,0.17959867417812347,1.2017903327941895,1.022191658616066
cl8k2u1s31grb08322hx09n53,Have all polyps been removed?,no,no,yes,0.29534730315208435,0.6905243992805481,0.39517709612846375
cla820gl2s3rr071u0d0f3piv,Is this finding easy to detect?,yes,yes,yes,0.44364258646965027,0.47262847423553467,0.0289858877658844
cla820glss4w3071u08lkfmgu,Is this finding easy to detect?,no,no,no,0.6352673172950745,0.3288644552230835,-0.30640286207199097
clb0lbwykdo7s086ugju0cm0o,Is there text?,yes,yes,yes,0.12443503737449646,1.831804633140564,1.7073695957660675
clb0lbwymdob8086u3j9s5q0a,Is there text?,yes,yes,yes,0.13416139781475067,1.7001571655273438,1.565995767712593
cla820gm4s5an071u7a4o4mv5,Is this finding easy to detect?,yes,yes,no,0.6389971971511841,0.3310540020465851,-0.307943195104599
clb0lbwyudohs086udahwga1n,Is there text?,yes,yes,yes,0.2322225272655487,0.9231902360916138,0.6909677088260651
clbnxtoxi6vui079odwgrax7p,Does this image contain any finding?,no,no,yes,0.4636673331260681,0.4737866520881653,0.010119318962097168
cla820glrs4vb071u5cwo55c1,Is this finding easy to detect?,yes,yes,no,0.6376584768295288,0.33074072003364563,-0.3069177567958832
cla820gmns617071u4e4radys,Is this finding easy to detect?,yes,yes,no,0.6921208500862122,0.3057551383972168,-0.38636571168899536
cl8k2u1ra1fur0832fdp69ntz,Is there a green/black box artefact?,yes,yes,no,0.5135488510131836,0.4001869857311249,-0.11336186528205872
cl8k2u1r51fmj08323olc6u0o,Is there text?,yes,yes,yes,0.12954986095428467,1.7857835292816162,1.6562336683273315
cl8k2u1qw1fcz0832hehic7b5,Is there text?,yes,yes,yes,0.1598528027534485,1.3685396909713745,1.208686888217926
cl8k2u1qt1f8308323y41bu5k,Have all polyps been removed?,no,no,yes,0.25524309277534485,0.7819741368293762,0.5267310440540314
cla820gmvs6c3071ugjeig683,Is there a green/black box artefact?,no,no,yes,0.22278353571891785,0.8711132407188416,0.6483297049999237
cla820gl5s3vv071u18ipbr2h,Is there a green/black box artefact?,yes,yes,yes,0.1289372444152832,1.3628225326538086,1.2338852882385254
cl8k2u1pu1e3n08320i6j9v05,Have all polyps been removed?,no,no,yes,0.22953777015209198,0.865280270576477,0.6357425004243851
cla820gm8s5f3071ugiqd2fod,Is there text?,yes,yes,yes,0.14123813807964325,1.6405678987503052,1.499329760670662
cl8k2u1qf1es708329w7t4chl,Is this finding easy to detect?,yes,yes,yes,0.36617714166641235,0.5788432359695435,0.2126660943031311
clb0lbx1kdqko086u1ikfbb9x,Is there text?,yes,yes,yes,0.13779529929161072,1.6076899766921997,1.469894677400589
clbnxtoncarc907556pyt769b,Does this image contain any finding?,no,no,no,0.5062640905380249,0.4187993109226227,-0.08746477961540222
cla820gm5s5br071uapqa4zrj,Is there a green/black box artefact?,yes,yes,yes,0.13751676678657532,1.3914306163787842,1.2539138495922089
cla820glbs477071u6xqddb6d,Is there text?,yes,yes,yes,0.13928991556167603,1.6797605752944946,1.5404706597328186
cla820glgs4ef071uc71f2gdf,Is this finding easy to detect?,yes,yes,no,0.7040730714797974,0.29782453179359436,-0.406248539686203
clb0lbwzadoy8086u7rog5t28,Is there a green/black box artefact?,yes,yes,yes,0.10744819045066833,2.092230796813965,1.9847826063632965
cla820gm7s5e3071ug5mm5a28,Is this finding easy to detect?,yes,yes,yes,0.33320313692092896,0.6169326305389404,0.2837294936180115
cl8k2u1qp1f1308326g519rp3,Have all polyps been removed?,no,no,yes,0.3005920946598053,0.6764844655990601,0.37589237093925476
clbnxtoerbksm074c0j4t7h2i,Does this image contain any finding?,no,no,yes,0.4299697279930115,0.4846018850803375,0.05463215708732605
clbnxtow96tkm079oa71dhifn,Does this image contain any finding?,no,no,no,0.5515567064285278,0.3916037976741791,-0.15995290875434875
cla820gmws6cz071ugn88edv9,Is this finding easy to detect?,yes,yes,yes,0.3678266704082489,0.555536150932312,0.1877094805240631
cla820glds49n071ub8xd31uc,Is there text?,yes,yes,yes,0.1556442677974701,1.4450054168701172,1.289361149072647
clbnxtonearfh0755diwoh4tw,Does this image contain any finding?,no,no,no,0.5090550184249878,0.4346453845500946,-0.07440963387489319
cla820gl1s3pb071u45lb0snu,Is there text?,yes,yes,yes,0.1489013433456421,1.5321379899978638,1.3832366466522217
clb0lbwycdo08086uaf016oxv,Is this finding easy to detect?,yes,yes,yes,0.4376634955406189,0.4785518944263458,0.04088839888572693
cl8k2u1s51guz083251zies9c,Is this finding easy to detect?,yes,yes,no,0.7688848972320557,0.26925843954086304,-0.4996264576911926
clbnxtonras1x07552oqqbr9a,Does this image contain any finding?,no,no,no,0.5747491717338562,0.3800356090068817,-0.1947135627269745
cl8k2u1rk1ga708329g28ay99,Is there text?,yes,yes,yes,0.1750204712152481,1.2565513849258423,1.0815309137105942
cla820gm9s5gz071uaot51f4q,Is this finding easy to detect?,yes,yes,yes,0.41245707869529724,0.5161114931106567,0.1036544144153595
cl8k2u1rs1gn308321i0neke3,Have all polyps been removed?,no,no,yes,0.23657435178756714,0.8379554152488708,0.6013810634613037
clbnxtows6uhe079od0xr1or8,Does this image contain any finding?,no,no,yes,0.34769952297210693,0.6137980222702026,0.2660984992980957
clb0lbwzldpbg086uc3v9huoc,Is there text?,no,no,no,0.6453156471252441,0.3181976079940796,-0.32711803913116455
cla820gmws6df071uc7su0g06,Is there text?,yes,yes,yes,0.264360636472702,0.8160791993141174,0.5517185628414154
cl8k2u1ri1g6r08324a8v8zyh,Have all polyps been removed?,no,no,yes,0.26734471321105957,0.7505747675895691,0.4832300543785095
cl8k2u1s31gsj083269hx1tjd,Is there text?,yes,yes,yes,0.16245123744010925,1.2834330797195435,1.1209818422794342
clb0lbwzcdp14086u0t0r6l61,Is there a green/black box artefact?,yes,yes,yes,0.11922389268875122,1.4629443883895874,1.3437204957008362
clb0lbx06dq48086u6dyle74g,Is this finding easy to detect?,yes,yes,no,0.5991613268852234,0.35001668334007263,-0.24914464354515076
cl8k2u1rm1ge708329c926y3m,Have all polyps been removed?,no,no,yes,0.24764835834503174,0.8051657676696777,0.557517409324646
clb0lbwyldo8w086u04g2450c,Is there a green/black box artefact?,no,no,yes,0.42400482296943665,0.48313456773757935,0.0591297447681427
cla820gl8s40v071uhg55e4u9,Is this finding easy to detect?,yes,yes,no,0.9384938478469849,0.21687860786914825,-0.7216152399778366
cla820gmvs6cb071ug7zn25qj,Is there a green/black box artefact?,no,no,no,0.6895089745521545,0.29434019327163696,-0.3951687812805176
cla820gmbs5iv071u45v7fxxz,Is this finding easy to detect?,yes,yes,no,0.644005537033081,0.3231317698955536,-0.32087376713752747
cla820gn9s6qv071u23moamvc,Is this finding easy to detect?,yes,yes,yes,0.31746023893356323,0.652109682559967,0.3346494436264038
cla820gmms5z3071ufc5u32iq,Is there a green/black box artefact?,no,no,no,0.49406173825263977,0.41403529047966003,-0.08002644777297974
cl8k2u1rc1fxz0832bxjr4cvo,Is there a green/black box artefact?,yes,yes,yes,0.39253684878349304,0.5190451145172119,0.12650826573371887
cl8k2u1qz1fhz08323xpnfqll,Is there a green/black box artefact?,yes,yes,no,0.6073984503746033,0.33142805099487305,-0.2759703993797302
clbnxtoxr6w96079oa51sds79,Does this image contain any finding?,no,no,yes,0.37746527791023254,0.555417537689209,0.17795225977897644
cla820gl6s3xb071ufo9e9qg4,Is there text?,yes,yes,yes,0.1485472321510315,1.5189465284347534,1.370399296283722
clb0lbx1ndqpk086u2uz653mu,Is there text?,yes,yes,yes,0.18031896650791168,1.1580997705459595,0.9777808040380478
cl8k2u1py1e8v0832668b8xf5,Is there a green/black box artefact?,yes,yes,yes,0.24286402761936188,0.7695544362068176,0.5266904085874557
clbnxtowz6uy6079o3ce0120o,Does this image contain any finding?,no,no,yes,0.4674491584300995,0.47429588437080383,0.006846725940704346
clbnxton5ar1x07551rwb1tky,Does this image contain any finding?,no,no,no,0.6458376049995422,0.3224453330039978,-0.32339227199554443
cla820gmls5yn071uc9dfd6zr,Is there text?,yes,yes,yes,0.12439720332622528,2.1324350833892822,2.008037880063057
clbnxtogbbn92074ccyzg1yw5,Does this image contain any finding?,no,no,no,0.6788082718849182,0.3146958649158478,-0.36411240696907043
cl8k2u1rb1fw30832b9yqeszy,Is there a green/black box artefact?,no,no,yes,0.3822750747203827,0.5335674285888672,0.1512923538684845
cl8k2u1rg1g43083278ahfztb,Is this finding easy to detect?,yes,yes,yes,0.45705464482307434,0.45821326971054077,0.0011586248874664307
clb0lbx1ddqac086ugku182z7,Is this finding easy to detect?,yes,yes,yes,0.4541783332824707,0.45976462960243225,0.005586296319961548
clb0lbwztdpko086ucsmh3qm8,Is this finding easy to detect?,yes,yes,no,0.6083166003227234,0.34716796875,-0.2611486315727234
cl8k2u1qz1fib0832cq440m59,Is there a green/black box artefact?,yes,yes,yes,0.3239673972129822,0.6170328259468079,0.2930654287338257
clb0lbwzkdpa0086u8ttzel2f,Is this finding easy to detect?,yes,yes,no,0.7410349249839783,0.2836194932460785,-0.4574154317378998
clbnxtoewbl32074c1wydgrg5,Does this image contain any finding?,no,no,no,0.5133736729621887,0.4203678369522095,-0.09300583600997925
cl8k2u1px1e7v0832316abodr,Is this finding easy to detect?,yes,yes,no,0.6523860096931458,0.32815998792648315,-0.3242260217666626
cla820gmss67z071u5qbncwa3,Is there text?,yes,yes,yes,0.16001522541046143,1.4128378629684448,1.2528226375579834
clb0lbwz3doqg086ufaduas6f,Is there text?,yes,yes,yes,0.15288159251213074,1.4230588674545288,1.270177274942398
clb0lbwzadoyg086u671x4ucx,Is there text?,yes,yes,yes,0.12052641808986664,2.0625147819519043,1.9419883638620377
cla820gmzs6gz071ud05s3twl,Is there a green/black box artefact?,no,no,yes,0.25484511256217957,0.7875896692276001,0.5327445566654205
cla820glis4ij071uf0lhhgr8,Is there a green/black box artefact?,yes,yes,yes,0.1128627136349678,1.9980230331420898,1.885160319507122
clb0lbwzpdpfw086uhsae839d,Is this finding easy to detect?,yes,yes,yes,0.44904613494873047,0.47223910689353943,0.02319297194480896
cl8k2u1r51fmv08320cwj4mcx,Is this finding easy to detect?,yes,yes,no,0.5443938970565796,0.3972395062446594,-0.14715439081192017
clb0lbwybdnxw086u1gcf5y2h,Is there text?,yes,yes,yes,0.1682003140449524,1.275036334991455,1.1068360209465027
clbnxtog3bmsu074cg5ik2yys,Does this image contain any finding?,no,no,yes,0.2978721559047699,0.7146048545837402,0.41673269867897034
clbnxtonfarg90755ex11e2ep,Does this image contain any finding?,no,no,no,0.5113552212715149,0.41801393032073975,-0.09334129095077515
cl8k2u1pz1ea308323j5wb41g,Is there text?,yes,yes,yes,0.12545621395111084,1.799415946006775,1.673959732055664
cl8k2u1q41ei70832g763g0hx,Is there a green/black box artefact?,yes,yes,yes,0.33625271916389465,0.5887150764465332,0.25246235728263855
cl8k2u1r71foj08320sbx3zqj,Is there a green/black box artefact?,yes,yes,no,0.5653570294380188,0.35849452018737793,-0.20686250925064087
cla820gmrs66z071ubq3f9zbr,Is there text?,yes,yes,yes,0.12734629213809967,1.989296555519104,1.8619502633810043
cla820glis4ij071uf0lhhgr8,Is there text?,no,no,yes,0.44636544585227966,0.4720402956008911,0.02567484974861145
cla820gmrs66v071ubwic2vyi,Is there text?,yes,yes,yes,0.18687960505485535,1.11771821975708,0.9308386147022247
cla820gl4s3uf071u8jle90s0,Is this finding easy to detect?,yes,yes,yes,0.45436540246009827,0.46450915932655334,0.010143756866455078
cl8k2u1r91frn08328e95fqce,Have all polyps been removed?,no,no,yes,0.26460665464401245,0.7539564371109009,0.4893497824668884
clb0lbwyvdoj8086ucu98a8mz,Is this finding easy to detect?,yes,yes,no,0.6241188049316406,0.3435615301132202,-0.2805572748184204
cla820gmfs5o3071u2nyigw5j,Is there text?,yes,yes,yes,0.15918098390102386,1.4094574451446533,1.2502764612436295
cl8k2u1s21gqf08326be08lw5,Is this finding easy to detect?,yes,yes,no,0.6625006198883057,0.3223978281021118,-0.34010279178619385
cl8k2u1s31gsf08324un1e87w,Is this finding easy to detect?,yes,yes,no,0.5745522379875183,0.3650285303592682,-0.20952370762825012
clbnxtow86ti2079o3ack0u2i,Does this image contain any finding?,no,no,yes,0.3193407654762268,0.6701977849006653,0.3508570194244385
clbnxtoxh6vsa079o6rpk89i7,Does this image contain any finding?,no,no,no,0.5947992205619812,0.3628476560115814,-0.23195156455039978
cla820gmas5ij071uftgg5dws,Is this finding easy to detect?,yes,yes,no,0.6648114323616028,0.3197442591190338,-0.34506717324256897
cl8k2u1po1dxv0832hfbd4akk,Have all polyps been removed?,no,no,yes,0.2768627405166626,0.7355992794036865,0.4587365388870239
cla820gn8s6pr071uaw0qdq4x,Is this finding easy to detect?,yes,yes,no,0.6712708473205566,0.3130595088005066,-0.35821133852005005
cla820gm0s55j071u4btx7fzh,Is there text?,yes,yes,yes,0.15108972787857056,1.4378418922424316,1.286752164363861
clb0lbwz8dovs086u7yeq9o4m,Is this finding easy to detect?,yes,yes,no,0.5938659906387329,0.35949406027793884,-0.23437193036079407
cla820gmxs6dv071ug3lxfswl,Is there text?,yes,yes,yes,0.1816949099302292,1.2227014303207397,1.0410065203905106
clb0lbx1jdqik086uh8at2zmv,Is this finding easy to detect?,yes,yes,no,0.4887095093727112,0.43746238946914673,-0.05124711990356445
clbnxtonmarrx0755f1u317cv,Does this image contain any finding?,no,no,no,0.72708660364151,0.2826124429702759,-0.44447416067123413
cla820glas453071udczfcv8r,Is this finding easy to detect?,yes,yes,no,0.4681902825832367,0.45155206322669983,-0.016638219356536865
cla820gmis5sj071ufgntbsg4,Is there a green/black box artefact?,no,no,yes,0.21007896959781647,0.8739403486251831,0.6638613790273666
cla820glys533071uh5p3gbon,Is there text?,yes,yes,yes,0.12831927835941315,1.879904866218567,1.7515855878591537
clbnxtof9blrm074cbq7j2bna,Does this image contain any finding?,no,no,yes,0.25702357292175293,0.778413712978363,0.5213901400566101
clbnxtoxj6vwm079o727q1nl5,Does this image contain any finding?,no,no,yes,0.3752381503582001,0.5727880001068115,0.19754984974861145
cl8k2u1qj1exr08322dao5t99,Is this finding easy to detect?,no,no,no,0.6383408904075623,0.33110886812210083,-0.3072320222854614
cl8k2u1qb1emn08329of3h1wc,Have all polyps been removed?,no,no,yes,0.3259235918521881,0.6311862468719482,0.30526265501976013
cl8k2u1pw1e6j0832cvtlam9l,Is there a green/black box artefact?,yes,yes,no,0.5918445587158203,0.3425421416759491,-0.24930241703987122
cla820glws51b071u5gzk6x1i,Is this finding easy to detect?,yes,yes,no,0.7819065451622009,0.25889986753463745,-0.5230066776275635
cla820gmgs5pr071u61mf27n4,Is there a green/black box artefact?,yes,yes,yes,0.1069130003452301,1.897649884223938,1.7907368838787079
cla820gm0s55b071ugcr951eh,Is there a green/black box artefact?,no,no,yes,0.22865700721740723,0.8398754596710205,0.6112184524536133
cl8k2u1pr1dyv08325mgz8gxa,Have all polyps been removed?,no,no,yes,0.2926689386367798,0.7015869617462158,0.40891802310943604
cla820gm8s5fb071u0bn7dy4k,Is this finding easy to detect?,yes,yes,no,0.5843609571456909,0.35861626267433167,-0.22574469447135925
cla820gm7s5eb071u1vrd4xjm,Is this finding easy to detect?,yes,yes,yes,0.36700156331062317,0.5753087997436523,0.20830723643302917
cl8k2u1ri1g830832e6x32623,Is this finding easy to detect?,yes,yes,no,0.5861659049987793,0.3580968976020813,-0.228069007396698
clb0lbwybdnxs086ubb915hl6,Is there a green/black box artefact?,yes,yes,yes,0.11437137424945831,1.5949853658676147,1.4806139916181564
clbnxtonlarpp075587xg6zc8,Does this image contain any finding?,no,no,no,0.556333601474762,0.39500686526298523,-0.16132673621177673
cl8k2u1qp1f1z083237048hcc,Is this finding easy to detect?,yes,yes,no,0.586676299571991,0.36101168394088745,-0.22566461563110352
clb0lbx1ldqmk086u3bv6d8dl,Is there text?,yes,yes,yes,0.16854816675186157,1.2899905443191528,1.1214423775672913
clb0lbwzpdpg8086u02icbb28,Is this finding easy to detect?,yes,yes,no,0.733209490776062,0.2888767123222351,-0.4443327784538269
clbnxtoxk6vzq079o72ll70bs,Does this image contain any finding?,no,no,no,0.5168904662132263,0.4166133999824524,-0.10027706623077393
clb0lbx03dpzg086ud7oadh1g,Is there a green/black box artefact?,no,no,no,0.5108531713485718,0.3989621698856354,-0.1118910014629364
clbnxtows6ui2079o7dvhhme6,Does this image contain any finding?,no,no,yes,0.4030943512916565,0.55122309923172,0.14812874794006348
clbnxtonvasah0755199r191x,Does this image contain any finding?,no,no,yes,0.430656373500824,0.4947669208049774,0.06411054730415344
cl8k2u1re1g0b08322cmtdswk,Is there text?,yes,yes,yes,0.18014609813690186,1.170486569404602,0.9903404712677002
clb0lbx04dq0g086uapqe2fwv,Is there a green/black box artefact?,no,no,yes,0.16675925254821777,1.2611068487167358,1.094347596168518
clbnxtonlarpl0755hcvx19w6,Does this image contain any finding?,no,no,no,0.5939455628395081,0.35463273525238037,-0.23931282758712769
clbnxtofzbmky074calz0ennp,Does this image contain any finding?,no,no,yes,0.4518758952617645,0.46204912662506104,0.010173231363296509
cl8k2u1qk1eyf08320qyzdhhg,Is there a green/black box artefact?,no,no,yes,0.34507623314857483,0.577311635017395,0.2322354018688202
clbnxtofebm16074c4ou50imr,Does this image contain any finding?,no,no,yes,0.32229089736938477,0.6599467992782593,0.3376559019088745
cl8k2u1qz1fhn083244obgjoy,Is there text?,yes,yes,yes,0.15227976441383362,1.4834561347961426,1.331176370382309
cl8k2u1qz1fh308323bw9eiir,Is there text?,yes,yes,yes,0.15539400279521942,1.5211848020553589,1.3657907992601395
clb0lbwzfdp4o086u65jtds11,Is there text?,yes,yes,yes,0.29782360792160034,0.6917505860328674,0.3939269781112671
clbnxtofablse074c0jfp8do1,Does this image contain any finding?,no,no,yes,0.3824220895767212,0.5602301359176636,0.17780804634094238
cl8k2u1rn1gen08324wbm7h5p,Have all polyps been removed?,no,no,yes,0.2482178807258606,0.8060752153396606,0.5578573346138
cl8k2u1rh1g5j0832ceqfhh0h,Is there text?,yes,yes,yes,0.17633287608623505,1.1740978956222534,0.9977650195360184
cla820gn4s6k3071u09h0775w,Is there a green/black box artefact?,yes,yes,yes,0.17647023499011993,0.9997987151145935,0.8233284801244736
cla820gl8s40f071u27wyhkha,Is there text?,yes,yes,yes,0.13867728412151337,1.6261320114135742,1.4874547272920609
cl8k2u1ps1e0308323868bh89,Is this finding easy to detect?,yes,yes,yes,0.3996926546096802,0.5280982255935669,0.12840557098388672
cl8k2u1q01ebj08325e231z0b,Is this finding easy to detect?,no,no,no,0.626765787601471,0.33604028820991516,-0.2907254993915558
clb0lbwyndocs086uh48t62d7,Is there text?,yes,yes,yes,0.17467983067035675,1.2753980159759521,1.1007181853055954
clbnxtowo6u6i079o6kyz5098,Does this image contain any finding?,no,no,yes,0.4218953847885132,0.5106378793716431,0.08874249458312988
cl8k2u1s51gu708320h7regdq,Is this finding easy to detect?,yes,yes,no,0.8398148417472839,0.2525198459625244,-0.5872949957847595
cla820gl7s3zb071u5wdp4sgs,Is there text?,yes,yes,yes,0.12604311108589172,1.819918155670166,1.6938750445842743
clb0lbx1gdqe0086u6kvaaagk,Is there a green/black box artefact?,no,no,no,0.6520767211914062,0.3099531829357147,-0.34212353825569153
clbnxtowf6txi079o9af7ayu0,Does this image contain any finding?,no,no,no,0.5297473073005676,0.4114203453063965,-0.11832696199417114
clbnxtoxs6w9y079o5ec253lo,Does this image contain any finding?,no,no,yes,0.37929069995880127,0.5646853446960449,0.18539464473724365
cla820gmas5hv071u5cph9r7y,Is this finding easy to detect?,yes,yes,no,0.6074617505073547,0.34175196290016174,-0.265709787607193
cl8k2u1ra1fuj0832fk8adhny,Is this finding easy to detect?,yes,yes,no,0.7070820927619934,0.2951722741127014,-0.411909818649292
cla820gmus6ab071u8iua1wys,Is there text?,yes,yes,yes,0.15216606855392456,1.4020193815231323,1.2498533129692078
cla820gl5s3vn071u08159pwe,Is there a green/black box artefact?,yes,yes,yes,0.1237894594669342,1.569710612297058,1.445921152830124
clb0lbwz6dotk086ue9f0gznv,Is there a green/black box artefact?,no,no,no,0.8833051323890686,0.22514893114566803,-0.6581562012434006
cl8k2u1qo1f0v0832d3i764dd,Is there a green/black box artefact?,yes,yes,yes,0.1892172396183014,0.9486261010169983,0.7594088613986969
cl8k2u1qq1f3f0832gepcg3n4,Is there a green/black box artefact?,yes,yes,no,0.5685282945632935,0.3530002236366272,-0.21552807092666626
cla820glfs4cn071u0m2x8rre,Is there a green/black box artefact?,no,no,yes,0.40781161189079285,0.49909335374832153,0.09128174185752869
clb0lbwzhdp6g086u0josgssz,Is there a green/black box artefact?,no,no,yes,0.19711284339427948,0.9685349464416504,0.7714221030473709
clbnxtoggbnk6074c6qp44ik7,Does this image contain any finding?,no,no,yes,0.2396119385957718,0.8757266998291016,0.6361147612333298
clb0lbwzgdp5o086u4t968knj,Is this finding easy to detect?,yes,yes,no,0.6845690608024597,0.30629077553749084,-0.37827828526496887
clb0lbwyddo30086ughvx06tx,Is there text?,yes,yes,yes,0.16992485523223877,1.2483359575271606,1.0784111022949219
cl8k2u1r71fpn08326u2a6sri,Is this finding easy to detect?,yes,yes,yes,0.450847327709198,0.471407949924469,0.020560622215270996
cl8k2u1pt1e2j08323sseb87a,Have all polyps been removed?,no,no,yes,0.2635742127895355,0.7604907751083374,0.4969165623188019
cl8k2u1rd1fzz08327uzf033k,Is there text?,yes,yes,yes,0.23927755653858185,0.8893985152244568,0.6501209586858749
cl8k2u1rd1fzn0832e4tkd8py,Have all polyps been removed?,no,no,yes,0.24368321895599365,0.8226662874221802,0.5789830684661865
clbnxtonaara50755d6kkdnel,Does this image contain any finding?,no,no,no,0.4972623288631439,0.4478667378425598,-0.049395591020584106
