source,question,answer,img_id,question_norm,question_type,answer_type,qa_text,y_true,y_pred
Ulcerative Colitis,Are there any abnormalities in the image? Check all that are present.,ulcerative colitis,cla820gmks5wf071ubx9nhyo8,are there any abnormalities in the image check all that are present,Yes/No,Token,Are there any abnormalities in the image? Check all that are present. ulcerative colitis,Token,Token
Ulcerative Colitis,Where in the image is the anatomical landmark?,none,cla820glus4zb071u36nf5b4z,where in the image is the anatomical landmark,Location,None/NA,Where in the image is the anatomical landmark? none,None/NA,None/NA
Ulcerative Colitis,Is there text?,yes,cla820gles4bn071u1s4v4uz0,is there text,Yes/No,Yes/No,Is there text? yes,Yes/No,Yes/No
Ulcerative Colitis,Are there any anatomical landmarks in the image? Check all that are present.,none,cla820gmas5i7071u1ml8blal,are there any anatomical landmarks in the image check all that are present,Yes/No,None/NA,Are there any anatomical landmarks in the image? Check all that are present. none,None/NA,None/NA
Ulcerative Colitis,How many instrumnets are in the image?,0,cla820gm8s5ff071u0ga37r2p,how many instrumnets are in the image,Counting,Numeric,How many instrumnets are in the image? 0,Numeric,Numeric
Ulcerative Colitis,Is this finding easy to detect?,yes,cla820glps4t7071u9hr68bum,is this finding easy to detect,Yes/No,Yes/No,Is this finding easy to detect? yes,Yes/No,Yes/No
Ulcerative Colitis,Where in the image is the abnormality?,center; center-left; center-right; lower-center; lower-right; upper-center; upper-left; upper-right,cla820gn6s6m7071u55bo4ffs,where in the image is the abnormality,Location,List,Where in the image is the abnormality? center; center-left; center-right; lower-center; lower-right; upper-center; upper-left; upper-right,List,List
Ulcerative Colitis,Are there any abnormalities in the image? Check all that are present.,ulcerative colitis,cla820gljs4kb071u1b18d156,are there any abnormalities in the image check all that are present,Yes/No,Token,Are there any abnormalities in the image? Check all that are present. ulcerative colitis,Token,Token
Ulcerative Colitis,Is there a green/black box artefact?,no,cla820gl2s3q7071u7ej2fp2n,is there a green black box artefact,Yes/No,Yes/No,Is there a green/black box artefact? no,Yes/No,Yes/No
Ulcerative Colitis,Is there a green/black box artefact?,no,cla820gljs4jv071uck7ne3gg,is there a green black box artefact,Yes/No,Yes/No,Is there a green/black box artefact? no,Yes/No,Yes/No
Ulcerative Colitis,Is this finding easy to detect?,yes,cla820glhs4g3071ufew60vx0,is this finding easy to detect,Yes/No,Yes/No,Is this finding easy to detect? yes,Yes/No,Yes/No
Ulcerative Colitis,What is the size of the polyp?,none,cla820glls4mn071u0jbea274,what is the size of the polyp,Entity,None/NA,What is the size of the polyp? none,None/NA,None/NA
Ulcerative Colitis,Are there any abnormalities in the image? Check all that are present.,ulcerative colitis,cla820glps4sb071ueih8gy1f,are there any abnormalities in the image check all that are present,Yes/No,Token,Are there any abnormalities in the image? Check all that are present. ulcerative colitis,Token,Token
Ulcerative Colitis,How many findings are present?,1,cla820gmjs5u7071u91moec65,how many findings are present,Counting,Numeric,How many findings are present? 1,Numeric,Numeric
Ulcerative Colitis,What color is the abnormality? If more than one separate with ;,pink; red,cla820gl1s3on071u1e7gbeh0,what color is the abnormality if more than one separate with,Color,List,What color is the abnormality? If more than one separate with ; pink; red,List,List
Ulcerative Colitis,Are there any abnormalities in the image? Check all that are present.,ulcerative colitis,cla820gmas5hz071u3wcp2jiq,are there any abnormalities in the image check all that are present,Yes/No,Token,Are there any abnormalities in the image? Check all that are present. ulcerative colitis,Token,Token
Ulcerative Colitis,Are there any anatomical landmarks in the image? Check all that are present.,none,cla820gmjs5tr071ugp0l1tsm,are there any anatomical landmarks in the image check all that are present,Yes/No,None/NA,Are there any anatomical landmarks in the image? Check all that are present. none,None/NA,None/NA
Ulcerative Colitis,Is this finding easy to detect?,yes,cla820glhs4gv071uhfx8hwoo,is this finding easy to detect,Yes/No,Yes/No,Is this finding easy to detect? yes,Yes/No,Yes/No
Ulcerative Colitis,How many findings are present?,1,cla820gmas5ij071uftgg5dws,how many findings are present,Counting,Numeric,How many findings are present? 1,Numeric,Numeric
Ulcerative Colitis,What type of polyp is present?,none,cla820gl5s3vz071ua6uggyz6,what type of polyp is present,Entity,None/NA,What type of polyp is present? none,None/NA,None/NA
Ulcerative Colitis,How many instrumnets are in the image?,0,cla820glds4af071uc0qg6nsg,how many instrumnets are in the image,Counting,Numeric,How many instrumnets are in the image? 0,Numeric,Numeric
Ulcerative Colitis,How many polyps are in the image?,0,cla820gm1s56f071u6z4x5v2k,how many polyps are in the image,Counting,Numeric,How many polyps are in the image? 0,Numeric,Numeric
Ulcerative Colitis,Are there any anatomical landmarks in the image? Check all that are present.,none,cla820gn7s6nr071u0onh2amg,are there any anatomical landmarks in the image check all that are present,Yes/No,None/NA,Are there any anatomical landmarks in the image? Check all that are present. none,None/NA,None/NA
Ulcerative Colitis,Are there any anatomical landmarks in the image? Check all that are present.,none,cla820gmts69b071uhpl3dyhl,are there any anatomical landmarks in the image check all that are present,Yes/No,None/NA,Are there any anatomical landmarks in the image? Check all that are present. none,None/NA,None/NA
Ulcerative Colitis,Is there text?,yes,cla820glxs527071u2rngfl7r,is there text,Yes/No,Yes/No,Is there text? yes,Yes/No,Yes/No
Ulcerative Colitis,Where in the image is the anatomical landmark?,none,cla820glcs47n071uhm1ta3z8,where in the image is the anatomical landmark,Location,None/NA,Where in the image is the anatomical landmark? none,None/NA,None/NA
Ulcerative Colitis,Are there any abnormalities in the image? Check all that are present.,ulcerative colitis,cla820gmss68n071u4d8yd0cy,are there any abnormalities in the image check all that are present,Yes/No,Token,Are there any abnormalities in the image? Check all that are present. ulcerative colitis,Token,Token
Ulcerative Colitis,What is the size of the polyp?,none,cla820glfs4dn071ugbvrazqs,what is the size of the polyp,Entity,None/NA,What is the size of the polyp? none,None/NA,None/NA
Ulcerative Colitis,How many instrumnets are in the image?,0,cla820gl7s40b071u50jx6183,how many instrumnets are in the image,Counting,Numeric,How many instrumnets are in the image? 0,Numeric,Numeric
Ulcerative Colitis,What type of polyp is present?,none,cla820gmss68j071u8cp9bv0v,what type of polyp is present,Entity,None/NA,What type of polyp is present? none,None/NA,None/NA
Ulcerative Colitis,Have all polyps been removed?,not relevant,cla820gmbs5iz071u8fnyfshw,have all polyps been removed,Yes/No,Token,Have all polyps been removed? not relevant,Token,Token
Ulcerative Colitis,Is this finding easy to detect?,yes,cla820gmas5hn071u5m0l1bk6,is this finding easy to detect,Yes/No,Yes/No,Is this finding easy to detect? yes,Yes/No,Yes/No
Ulcerative Colitis,What type of procedure is the image taken from?,colonoscopy,cla820gmns617071u4e4radys,what type of procedure is the image taken from,Entity,Token,What type of procedure is the image taken from? colonoscopy,Token,Token
Ulcerative Colitis,Where in the image is the abnormality?,center; center-left; center-right; lower-center; lower-left; lower-right; upper-center; upper-left; upper-right,cla820glns4pn071u7mnodtz6,where in the image is the abnormality,Location,List,Where in the image is the abnormality? center; center-left; center-right; lower-center; lower-left; lower-right; upper-center; upper-left; upper-right,List,List
Ulcerative Colitis,Have all polyps been removed?,not relevant,cla820glis4ij071uf0lhhgr8,have all polyps been removed,Yes/No,Token,Have all polyps been removed? not relevant,Token,Token
Ulcerative Colitis,Where in the image is the abnormality?,center; center-left; center-right; lower-center; lower-left; lower-right; upper-center; upper-left; upper-right,cla820gmss68f071u24pp1gt4,where in the image is the abnormality,Location,List,Where in the image is the abnormality? center; center-left; center-right; lower-center; lower-left; lower-right; upper-center; upper-left; upper-right,List,List
Ulcerative Colitis,How many polyps are in the image?,0,cla820glts4xr071u9foy06vh,how many polyps are in the image,Counting,Numeric,How many polyps are in the image? 0,Numeric,Numeric
Ulcerative Colitis,Is there text?,yes,cla820gmxs6ez071ug5c7c9hd,is there text,Yes/No,Yes/No,Is there text? yes,Yes/No,Yes/No
Ulcerative Colitis,Are there any anatomical landmarks in the image? Check all that are present.,cecum,cla820gmas5i3071u7q9ra7of,are there any anatomical landmarks in the image check all that are present,Yes/No,Token,Are there any anatomical landmarks in the image? Check all that are present. cecum,Token,Token
Ulcerative Colitis,Is there text?,yes,cla820glns4pn071u7mnodtz6,is there text,Yes/No,Yes/No,Is there text? yes,Yes/No,Yes/No
Ulcerative Colitis,Where in the image is the abnormality?,center; center-left; center-right; lower-center; lower-left; lower-right; upper-center; upper-left; upper-right,cla820glns4pz071ubjw56e77,where in the image is the abnormality,Location,List,Where in the image is the abnormality? center; center-left; center-right; lower-center; lower-left; lower-right; upper-center; upper-left; upper-right,List,List
Ulcerative Colitis,What color is the abnormality? If more than one separate with ;,pink; red,cla820glgs4ef071uc71f2gdf,what color is the abnormality if more than one separate with,Color,List,What color is the abnormality? If more than one separate with ; pink; red,List,List
Ulcerative Colitis,How many polyps are in the image?,0,cla820gmgs5pr071u61mf27n4,how many polyps are in the image,Counting,Numeric,How many polyps are in the image? 0,Numeric,Numeric
Ulcerative Colitis,How many instrumnets are in the image?,0,cla820gmns60z071uhu19bapy,how many instrumnets are in the image,Counting,Numeric,How many instrumnets are in the image? 0,Numeric,Numeric
Ulcerative Colitis,What is the size of the polyp?,none,cla820gmxs6e7071u6sysf7po,what is the size of the polyp,Entity,None/NA,What is the size of the polyp? none,None/NA,None/NA
Ulcerative Colitis,Where in the image is the instrument?,none,cla820glws51f071u3fvq7lru,where in the image is the instrument,Location,None/NA,Where in the image is the instrument? none,None/NA,None/NA
Ulcerative Colitis,Are there any anatomical landmarks in the image? Check all that are present.,none,cla820gl8s41f071u1zb7hwyy,are there any anatomical landmarks in the image check all that are present,Yes/No,None/NA,Are there any anatomical landmarks in the image? Check all that are present. none,None/NA,None/NA
Ulcerative Colitis,How many instrumnets are in the image?,0,cla820gm4s5ab071u7i219k5t,how many instrumnets are in the image,Counting,Numeric,How many instrumnets are in the image? 0,Numeric,Numeric
Ulcerative Colitis,What type of procedure is the image taken from?,colonoscopy,cla820gmbs5jf071u67p08abp,what type of procedure is the image taken from,Entity,Token,What type of procedure is the image taken from? colonoscopy,Token,Token
Ulcerative Colitis,What type of procedure is the image taken from?,colonoscopy,cla820glos4rr071u0ozt8mdm,what type of procedure is the image taken from,Entity,Token,What type of procedure is the image taken from? colonoscopy,Token,Token
Ulcerative Colitis,What color is the abnormality? If more than one separate with ;,pink; red; white,cla820glrs4vn071u7yachvbo,what color is the abnormality if more than one separate with,Color,List,What color is the abnormality? If more than one separate with ; pink; red; white,List,List
Ulcerative Colitis,Where in the image is the abnormality?,center; center-left; center-right; lower-center; lower-left; lower-right; upper-center; upper-left; upper-right,cla820glxs52f071u5huf69gh,where in the image is the abnormality,Location,List,Where in the image is the abnormality? center; center-left; center-right; lower-center; lower-left; lower-right; upper-center; upper-left; upper-right,List,List
Ulcerative Colitis,Where in the image is the instrument?,none,cla820glls4mv071u765tggf2,where in the image is the instrument,Location,None/NA,Where in the image is the instrument? none,None/NA,None/NA
Ulcerative Colitis,What color is the abnormality? If more than one separate with ;,pink; red,cla820gmxs6e7071u6sysf7po,what color is the abnormality if more than one separate with,Color,List,What color is the abnormality? If more than one separate with ; pink; red,List,List
Ulcerative Colitis,Where in the image is the abnormality?,center; center-left; center-right; lower-center; lower-right; upper-center; upper-left; upper-right,cla820gn5s6kz071u8vnjhh8o,where in the image is the abnormality,Location,List,Where in the image is the abnormality? center; center-left; center-right; lower-center; lower-right; upper-center; upper-left; upper-right,List,List
Ulcerative Colitis,What color is the abnormality? If more than one separate with ;,pink; red; white,cla820glms4nz071u1nfwfqxg,what color is the abnormality if more than one separate with,Color,List,What color is the abnormality? If more than one separate with ; pink; red; white,List,List
Ulcerative Colitis,Where in the image is the anatomical landmark?,none,cla820gm9s5gr071u949bgib3,where in the image is the anatomical landmark,Location,None/NA,Where in the image is the anatomical landmark? none,None/NA,None/NA
Ulcerative Colitis,Is there text?,no,cla820glgs4f7071u3pow4akf,is there text,Yes/No,Yes/No,Is there text? no,Yes/No,Yes/No
Ulcerative Colitis,What is the size of the polyp?,none,cla820gmks5vf071uhewahx6h,what is the size of the polyp,Entity,None/NA,What is the size of the polyp? none,None/NA,None/NA
Ulcerative Colitis,Where in the image is the anatomical landmark?,none,cla820gn7s6nz071ucibt4ct0,where in the image is the anatomical landmark,Location,None/NA,Where in the image is the anatomical landmark? none,None/NA,None/NA
Ulcerative Colitis,What type of procedure is the image taken from?,colonoscopy,cla820glds493071u6bri4kdd,what type of procedure is the image taken from,Entity,Token,What type of procedure is the image taken from? colonoscopy,Token,Token
Ulcerative Colitis,What is the size of the polyp?,none,cla820glus4yr071ucrs636hg,what is the size of the polyp,Entity,None/NA,What is the size of the polyp? none,None/NA,None/NA
Ulcerative Colitis,Have all polyps been removed?,not relevant,cla820gl5s3wj071uhfhf8ijv,have all polyps been removed,Yes/No,Token,Have all polyps been removed? not relevant,Token,Token
Ulcerative Colitis,Is there text?,yes,cla820gn6s6lz071u7srk70v5,is there text,Yes/No,Yes/No,Is there text? yes,Yes/No,Yes/No
Ulcerative Colitis,Where in the image is the instrument?,none,cla820gm4s59v071u2nxhcgt2,where in the image is the instrument,Location,None/NA,Where in the image is the instrument? none,None/NA,None/NA
Ulcerative Colitis,Where in the image is the abnormality?,center; center-left; center-right; lower-center; lower-left; lower-right; upper-center; upper-left; upper-right,cla820gn2s6hb071u8wnnh6cc,where in the image is the abnormality,Location,List,Where in the image is the abnormality? center; center-left; center-right; lower-center; lower-left; lower-right; upper-center; upper-left; upper-right,List,List
Ulcerative Colitis,How many instrumnets are in the image?,0,cla820glos4rj071u0hew2srm,how many instrumnets are in the image,Counting,Numeric,How many instrumnets are in the image? 0,Numeric,Numeric
Ulcerative Colitis,What type of procedure is the image taken from?,colonoscopy,cla820gl5s3vj071u7opg6tc0,what type of procedure is the image taken from,Entity,Token,What type of procedure is the image taken from? colonoscopy,Token,Token
Ulcerative Colitis,How many instrumnets are in the image?,0,cla820glls4mv071u765tggf2,how many instrumnets are in the image,Counting,Numeric,How many instrumnets are in the image? 0,Numeric,Numeric
Ulcerative Colitis,How many findings are present?,1,cla820gm1s56j071uevs5f59z,how many findings are present,Counting,Numeric,How many findings are present? 1,Numeric,Numeric
Ulcerative Colitis,What type of polyp is present?,none,cla820glss4w3071u08lkfmgu,what type of polyp is present,Entity,None/NA,What type of polyp is present? none,None/NA,None/NA
Ulcerative Colitis,What type of polyp is present?,none,cla820glcs47b071ug3cs15a1,what type of polyp is present,Entity,None/NA,What type of polyp is present? none,None/NA,None/NA
Ulcerative Colitis,Have all polyps been removed?,not relevant,cla820gmss68f071u24pp1gt4,have all polyps been removed,Yes/No,Token,Have all polyps been removed? not relevant,Token,Token
Ulcerative Colitis,Where in the image is the abnormality?,center; center-left; center-right; lower-center; lower-left; lower-right; upper-center; upper-left; upper-right,cla820glqs4tz071udmfo1d5m,where in the image is the abnormality,Location,List,Where in the image is the abnormality? center; center-left; center-right; lower-center; lower-left; lower-right; upper-center; upper-left; upper-right,List,List
Ulcerative Colitis,Where in the image is the abnormality?,center; center-left; center-right; lower-center; lower-right; upper-center; upper-left; upper-right,cla820gl4s3uv071u4pdi22dx,where in the image is the abnormality,Location,List,Where in the image is the abnormality? center; center-left; center-right; lower-center; lower-right; upper-center; upper-left; upper-right,List,List
Ulcerative Colitis,Are there any instruments in the image? Check all that are present.,none,cla820glfs4e3071ucwo1fphn,are there any instruments in the image check all that are present,Yes/No,None/NA,Are there any instruments in the image? Check all that are present. none,None/NA,None/NA
Ulcerative Colitis,Is there a green/black box artefact?,no,cla820gmns61b071u1jrtajcx,is there a green black box artefact,Yes/No,Yes/No,Is there a green/black box artefact? no,Yes/No,Yes/No
Ulcerative Colitis,What type of procedure is the image taken from?,colonoscopy,cla820gmys6f3071u1oh36llx,what type of procedure is the image taken from,Entity,Token,What type of procedure is the image taken from? colonoscopy,Token,Token
Ulcerative Colitis,Are there any anatomical landmarks in the image? Check all that are present.,cecum,cla820glts4xb071uaie56hx1,are there any anatomical landmarks in the image check all that are present,Yes/No,Token,Are there any anatomical landmarks in the image? Check all that are present. cecum,Token,Token
Ulcerative Colitis,What is the size of the polyp?,none,cla820glts4xn071u7oh30ira,what is the size of the polyp,Entity,None/NA,What is the size of the polyp? none,None/NA,None/NA
Ulcerative Colitis,What type of procedure is the image taken from?,colonoscopy,cla820gles4c3071u4ctg8u80,what type of procedure is the image taken from,Entity,Token,What type of procedure is the image taken from? colonoscopy,Token,Token
Ulcerative Colitis,How many findings are present?,1,cla820gm0s55r071u2gze3vr6,how many findings are present,Counting,Numeric,How many findings are present? 1,Numeric,Numeric
Ulcerative Colitis,Are there any abnormalities in the image? Check all that are present.,ulcerative colitis,cla820gm1s56j071uevs5f59z,are there any abnormalities in the image check all that are present,Yes/No,Token,Are there any abnormalities in the image? Check all that are present. ulcerative colitis,Token,Token
Ulcerative Colitis,Are there any abnormalities in the image? Check all that are present.,ulcerative colitis,cla820gl3s3sj071u5wz74zhy,are there any abnormalities in the image check all that are present,Yes/No,Token,Are there any abnormalities in the image? Check all that are present. ulcerative colitis,Token,Token
Ulcerative Colitis,Where in the image is the anatomical landmark?,none,cla820gljs4kb071u1b18d156,where in the image is the anatomical landmark,Location,None/NA,Where in the image is the anatomical landmark? none,None/NA,None/NA
Ulcerative Colitis,Is this finding easy to detect?,yes,cla820glxs52b071u7xpqf5xc,is this finding easy to detect,Yes/No,Yes/No,Is this finding easy to detect? yes,Yes/No,Yes/No
Ulcerative Colitis,Where in the image is the anatomical landmark?,none,cla820gl7s3zv071u2ak0ee69,where in the image is the anatomical landmark,Location,None/NA,Where in the image is the anatomical landmark? none,None/NA,None/NA
Ulcerative Colitis,What is the size of the polyp?,none,cla820glcs48j071u0z8kelgt,what is the size of the polyp,Entity,None/NA,What is the size of the polyp? none,None/NA,None/NA
Ulcerative Colitis,What type of procedure is the image taken from?,colonoscopy,cla820gljs4jz071u3awv8vsp,what type of procedure is the image taken from,Entity,Token,What type of procedure is the image taken from? colonoscopy,Token,Token
Ulcerative Colitis,What color is the abnormality? If more than one separate with ;,pink; red; white,cla820glds49z071u2jyvcspl,what color is the abnormality if more than one separate with,Color,List,What color is the abnormality? If more than one separate with ; pink; red; white,List,List
Ulcerative Colitis,Have all polyps been removed?,not relevant,cla820gm2s583071udee247gq,have all polyps been removed,Yes/No,Token,Have all polyps been removed? not relevant,Token,Token
Ulcerative Colitis,What color is the abnormality? If more than one separate with ;,pink; red; white,cla820gn7s6nb071u382u7155,what color is the abnormality if more than one separate with,Color,List,What color is the abnormality? If more than one separate with ; pink; red; white,List,List
Ulcerative Colitis,Is this finding easy to detect?,yes,cla820gmms60j071uewclak33,is this finding easy to detect,Yes/No,Yes/No,Is this finding easy to detect? yes,Yes/No,Yes/No
Ulcerative Colitis,Are there any anatomical landmarks in the image? Check all that are present.,none,cla820gmes5nj071u0v1l3e23,are there any anatomical landmarks in the image check all that are present,Yes/No,None/NA,Are there any anatomical landmarks in the image? Check all that are present. none,None/NA,None/NA
Ulcerative Colitis,What type of polyp is present?,none,cla820gmqs65v071ubbawf0bx,what type of polyp is present,Entity,None/NA,What type of polyp is present? none,None/NA,None/NA
Ulcerative Colitis,Where in the image is the abnormality?,center; center-left; center-right; lower-center; lower-left; lower-right; upper-center; upper-left; upper-right,cla820gn8s6or071u786c9nd0,where in the image is the abnormality,Location,List,Where in the image is the abnormality? center; center-left; center-right; lower-center; lower-left; lower-right; upper-center; upper-left; upper-right,List,List
Ulcerative Colitis,What color is the abnormality? If more than one separate with ;,pink; red; yellow; white,cla820gm2s587071u5rub5yy5,what color is the abnormality if more than one separate with,Color,List,What color is the abnormality? If more than one separate with ; pink; red; yellow; white,List,List
Ulcerative Colitis,Is there a green/black box artefact?,yes,cla820gn6s6mr071u3jesgrht,is there a green black box artefact,Yes/No,Yes/No,Is there a green/black box artefact? yes,Yes/No,Yes/No
Ulcerative Colitis,What type of polyp is present?,none,cla820gmms5zb071u6g8k2fhy,what type of polyp is present,Entity,None/NA,What type of polyp is present? none,None/NA,None/NA
Ulcerative Colitis,Have all polyps been removed?,not relevant,cla820gles4bv071u0g5iddis,have all polyps been removed,Yes/No,Token,Have all polyps been removed? not relevant,Token,Token
Ulcerative Colitis,What color is the abnormality? If more than one separate with ;,pink; red,cla820glps4t3071u3cfnegcf,what color is the abnormality if more than one separate with,Color,List,What color is the abnormality? If more than one separate with ; pink; red,List,List
Ulcerative Colitis,Where in the image is the instrument?,none,cla820gmgs5pv071ubu4gcmgh,where in the image is the instrument,Location,None/NA,Where in the image is the instrument? none,None/NA,None/NA
Ulcerative Colitis,Are there any abnormalities in the image? Check all that are present.,ulcerative colitis,cla820gmgs5pb071uev6pcbwt,are there any abnormalities in the image check all that are present,Yes/No,Token,Are there any abnormalities in the image? Check all that are present. ulcerative colitis,Token,Token
Ulcerative Colitis,How many findings are present?,1,cla820gmjs5uv071uahbr8usm,how many findings are present,Counting,Numeric,How many findings are present? 1,Numeric,Numeric
Ulcerative Colitis,How many findings are present?,1,cla820glhs4g7071ud1217l9u,how many findings are present,Counting,Numeric,How many findings are present? 1,Numeric,Numeric
Ulcerative Colitis,Is there a green/black box artefact?,no,cla820glws51f071u3fvq7lru,is there a green black box artefact,Yes/No,Yes/No,Is there a green/black box artefact? no,Yes/No,Yes/No
Ulcerative Colitis,Where in the image is the instrument?,none,cla820gm8s5ff071u0ga37r2p,where in the image is the instrument,Location,None/NA,Where in the image is the instrument? none,None/NA,None/NA
Ulcerative Colitis,Is this finding easy to detect?,yes,cla820gm4s59v071u2nxhcgt2,is this finding easy to detect,Yes/No,Yes/No,Is this finding easy to detect? yes,Yes/No,Yes/No
Ulcerative Colitis,What type of polyp is present?,none,cla820gl5s3vn071u08159pwe,what type of polyp is present,Entity,None/NA,What type of polyp is present? none,None/NA,None/NA
Ulcerative Colitis,How many polyps are in the image?,0,cla820gn9s6pz071uhblk0r4p,how many polyps are in the image,Counting,Numeric,How many polyps are in the image? 0,Numeric,Numeric
Ulcerative Colitis,How many findings are present?,1,cla820glls4nj071uczhd0lu8,how many findings are present,Counting,Numeric,How many findings are present? 1,Numeric,Numeric
Ulcerative Colitis,How many polyps are in the image?,0,cla820glcs48n071ucc8e8fht,how many polyps are in the image,Counting,Numeric,How many polyps are in the image? 0,Numeric,Numeric
Ulcerative Colitis,Are there any anatomical landmarks in the image? Check all that are present.,cecum,cla820gmas5hf071u8wl4hv2g,are there any anatomical landmarks in the image check all that are present,Yes/No,Token,Are there any anatomical landmarks in the image? Check all that are present. cecum,Token,Token
Ulcerative Colitis,What type of polyp is present?,none,cla820gn4s6k3071u09h0775w,what type of polyp is present,Entity,None/NA,What type of polyp is present? none,None/NA,None/NA
Ulcerative Colitis,What type of polyp is present?,none,cla820gmts697071u39li2hv7,what type of polyp is present,Entity,None/NA,What type of polyp is present? none,None/NA,None/NA
Ulcerative Colitis,What color is the abnormality? If more than one separate with ;,pink; red,cla820glls4mr071ud57z5zq2,what color is the abnormality if more than one separate with,Color,List,What color is the abnormality? If more than one separate with ; pink; red,List,List
Ulcerative Colitis,Have all polyps been removed?,not relevant,cla820gn7s6nf071u7txg9xwi,have all polyps been removed,Yes/No,Token,Have all polyps been removed? not relevant,Token,Token
Ulcerative Colitis,How many polyps are in the image?,0,cla820glps4sj071ug75952ul,how many polyps are in the image,Counting,Numeric,How many polyps are in the image? 0,Numeric,Numeric
Ulcerative Colitis,How many polyps are in the image?,0,cla820gn3s6i3071u7ohg3qbj,how many polyps are in the image,Counting,Numeric,How many polyps are in the image? 0,Numeric,Numeric
Ulcerative Colitis,Where in the image is the anatomical landmark?,none,cla820gm7s5e3071ug5mm5a28,where in the image is the anatomical landmark,Location,None/NA,Where in the image is the anatomical landmark? none,None/NA,None/NA
Ulcerative Colitis,How many findings are present?,1,cla820gl7s40b071u50jx6183,how many findings are present,Counting,Numeric,How many findings are present? 1,Numeric,Numeric
Ulcerative Colitis,Is there text?,yes,cla820gn8s6pb071ubvughf2p,is there text,Yes/No,Yes/No,Is there text? yes,Yes/No,Yes/No
Ulcerative Colitis,What is the size of the polyp?,none,cla820gm6s5cv071u72qtfz4h,what is the size of the polyp,Entity,None/NA,What is the size of the polyp? none,None/NA,None/NA
Ulcerative Colitis,Where in the image is the instrument?,none,cla820gl3s3sb071uhkrfhgt7,where in the image is the instrument,Location,None/NA,Where in the image is the instrument? none,None/NA,None/NA
Ulcerative Colitis,Are there any anatomical landmarks in the image? Check all that are present.,none,cla820gmts69v071u5vji03hy,are there any anatomical landmarks in the image check all that are present,Yes/No,None/NA,Are there any anatomical landmarks in the image? Check all that are present. none,None/NA,None/NA
Ulcerative Colitis,How many instrumnets are in the image?,0,cla820glps4rv071u8ch490cp,how many instrumnets are in the image,Counting,Numeric,How many instrumnets are in the image? 0,Numeric,Numeric
Ulcerative Colitis,Where in the image is the abnormality?,center; center-left; center-right; lower-center; lower-right; upper-center; upper-left; upper-right,cla820gm6s5db071u99xohsru,where in the image is the abnormality,Location,List,Where in the image is the abnormality? center; center-left; center-right; lower-center; lower-right; upper-center; upper-left; upper-right,List,List
Ulcerative Colitis,What type of procedure is the image taken from?,colonoscopy,cla820glrs4uv071u49oceotk,what type of procedure is the image taken from,Entity,Token,What type of procedure is the image taken from? colonoscopy,Token,Token
Ulcerative Colitis,Are there any instruments in the image? Check all that are present.,none,cla820glys53b071u411hdznp,are there any instruments in the image check all that are present,Yes/No,None/NA,Are there any instruments in the image? Check all that are present. none,None/NA,None/NA
Ulcerative Colitis,Is there a green/black box artefact?,yes,cla820glns4p7071ucmxog59s,is there a green black box artefact,Yes/No,Yes/No,Is there a green/black box artefact? yes,Yes/No,Yes/No
Ulcerative Colitis,How many findings are present?,1,cla820gmis5sv071u7zh6hi8k,how many findings are present,Counting,Numeric,How many findings are present? 1,Numeric,Numeric
Ulcerative Colitis,Are there any anatomical landmarks in the image? Check all that are present.,none,cla820gl6s3xn071uhm0a3y1n,are there any anatomical landmarks in the image check all that are present,Yes/No,None/NA,Are there any anatomical landmarks in the image? Check all that are present. none,None/NA,None/NA
Ulcerative Colitis,Is there text?,no,cla820gn5s6lf071ufahb4qov,is there text,Yes/No,Yes/No,Is there text? no,Yes/No,Yes/No
Ulcerative Colitis,What is the size of the polyp?,none,cla820gmis5sr071ufbc4913j,what is the size of the polyp,Entity,None/NA,What is the size of the polyp? none,None/NA,None/NA
Ulcerative Colitis,Is this finding easy to detect?,yes,cla820gmes5nj071u0v1l3e23,is this finding easy to detect,Yes/No,Yes/No,Is this finding easy to detect? yes,Yes/No,Yes/No
Ulcerative Colitis,How many instrumnets are in the image?,0,cla820glys52r071u1n0wcat3,how many instrumnets are in the image,Counting,Numeric,How many instrumnets are in the image? 0,Numeric,Numeric
Ulcerative Colitis,Where in the image is the anatomical landmark?,none,cla820gmos62b071ua36s3w9w,where in the image is the anatomical landmark,Location,None/NA,Where in the image is the anatomical landmark? none,None/NA,None/NA
Ulcerative Colitis,Is there text?,yes,cla820gm8s5en071u9fhm2284,is there text,Yes/No,Yes/No,Is there text? yes,Yes/No,Yes/No
Ulcerative Colitis,Where in the image is the instrument?,none,cla820gmrs667071uab1of9e2,where in the image is the instrument,Location,None/NA,Where in the image is the instrument? none,None/NA,None/NA
Ulcerative Colitis,Is there text?,yes,cla820gmhs5rn071ucpqpbrnc,is there text,Yes/No,Yes/No,Is there text? yes,Yes/No,Yes/No
Ulcerative Colitis,How many findings are present?,1,cla820gn7s6nj071u6ox5563e,how many findings are present,Counting,Numeric,How many findings are present? 1,Numeric,Numeric
Ulcerative Colitis,Have all polyps been removed?,not relevant,cla820gm2s58f071ug6yfd155,have all polyps been removed,Yes/No,Token,Have all polyps been removed? not relevant,Token,Token
Ulcerative Colitis,Is there text?,yes,cla820glos4rn071uevt9c8rh,is there text,Yes/No,Yes/No,Is there text? yes,Yes/No,Yes/No
Ulcerative Colitis,What type of polyp is present?,none,cla820glms4o7071udkoj0vl4,what type of polyp is present,Entity,None/NA,What type of polyp is present? none,None/NA,None/NA
Ulcerative Colitis,What is the size of the polyp?,none,cla820gm7s5e7071u45cwfvua,what is the size of the polyp,Entity,None/NA,What is the size of the polyp? none,None/NA,None/NA
Ulcerative Colitis,Where in the image is the anatomical landmark?,none,cla820gmks5wr071u4vun8yst,where in the image is the anatomical landmark,Location,None/NA,Where in the image is the anatomical landmark? none,None/NA,None/NA
Ulcerative Colitis,How many polyps are in the image?,0,cla820gl6s3yb071u4x8bg1hq,how many polyps are in the image,Counting,Numeric,How many polyps are in the image? 0,Numeric,Numeric
Ulcerative Colitis,Where in the image is the instrument?,none,cla820glls4n7071uew2z0t79,where in the image is the instrument,Location,None/NA,Where in the image is the instrument? none,None/NA,None/NA
Ulcerative Colitis,How many instrumnets are in the image?,0,cla820gmrs66f071u2e0m0unl,how many instrumnets are in the image,Counting,Numeric,How many instrumnets are in the image? 0,Numeric,Numeric
Ulcerative Colitis,What color is the abnormality? If more than one separate with ;,pink; yellow; white,cla820gm0s55z071u6bws6y9p,what color is the abnormality if more than one separate with,Color,List,What color is the abnormality? If more than one separate with ; pink; yellow; white,List,List
Ulcerative Colitis,What type of procedure is the image taken from?,colonoscopy,cla820gmzs6h3071u6g38fbxc,what type of procedure is the image taken from,Entity,Token,What type of procedure is the image taken from? colonoscopy,Token,Token
Ulcerative Colitis,How many polyps are in the image?,0,cla820gmjs5uv071uahbr8usm,how many polyps are in the image,Counting,Numeric,How many polyps are in the image? 0,Numeric,Numeric
Ulcerative Colitis,Are there any abnormalities in the image? Check all that are present.,ulcerative colitis,cla820glzs547071udexh8064,are there any abnormalities in the image check all that are present,Yes/No,Token,Are there any abnormalities in the image? Check all that are present. ulcerative colitis,Token,Token
Ulcerative Colitis,Where in the image is the anatomical landmark?,none,cla820gl8s40j071u4rhhc5an,where in the image is the anatomical landmark,Location,None/NA,Where in the image is the anatomical landmark? none,None/NA,None/NA
Ulcerative Colitis,Is there text?,yes,cla820gmms5zr071ubsmqaxtm,is there text,Yes/No,Yes/No,Is there text? yes,Yes/No,Yes/No
Ulcerative Colitis,What color is the abnormality? If more than one separate with ;,red,cla820glfs4cr071ueoca9u0i,what color is the abnormality if more than one separate with,Color,Token,What color is the abnormality? If more than one separate with ; red,Token,Token
Ulcerative Colitis,Where in the image is the abnormality?,center; center-left; center-right; lower-center; lower-left; lower-right; upper-center; upper-left; upper-right,cla820gm4s5a7071uedgy8hov,where in the image is the abnormality,Location,List,Where in the image is the abnormality? center; center-left; center-right; lower-center; lower-left; lower-right; upper-center; upper-left; upper-right,List,List
Ulcerative Colitis,Is there a green/black box artefact?,no,cla820gl2s3qr071u67g3c2fe,is there a green black box artefact,Yes/No,Yes/No,Is there a green/black box artefact? no,Yes/No,Yes/No
Ulcerative Colitis,Is there text?,yes,cla820gmxs6dv071ug3lxfswl,is there text,Yes/No,Yes/No,Is there text? yes,Yes/No,Yes/No
Ulcerative Colitis,How many findings are present?,1,cla820gl9s42j071ue8yx2zh5,how many findings are present,Counting,Numeric,How many findings are present? 1,Numeric,Numeric
Ulcerative Colitis,Are there any instruments in the image? Check all that are present.,none,cla820gmos637071u7bd8b3ow,are there any instruments in the image check all that are present,Yes/No,None/NA,Are there any instruments in the image? Check all that are present. none,None/NA,None/NA
Ulcerative Colitis,Is this finding easy to detect?,yes,cla820gmds5lv071u2prbaqhq,is this finding easy to detect,Yes/No,Yes/No,Is this finding easy to detect? yes,Yes/No,Yes/No
Ulcerative Colitis,How many findings are present?,1,cla820gmis5sj071ufgntbsg4,how many findings are present,Counting,Numeric,How many findings are present? 1,Numeric,Numeric
Ulcerative Colitis,Are there any abnormalities in the image? Check all that are present.,ulcerative colitis,cla820gmps63z071u9nfpaxel,are there any abnormalities in the image check all that are present,Yes/No,Token,Are there any abnormalities in the image? Check all that are present. ulcerative colitis,Token,Token
Ulcerative Colitis,Are there any abnormalities in the image? Check all that are present.,ulcerative colitis,cla820glhs4hf071uc9p9a8v6,are there any abnormalities in the image check all that are present,Yes/No,Token,Are there any abnormalities in the image? Check all that are present. ulcerative colitis,Token,Token
Ulcerative Colitis,What type of procedure is the image taken from?,colonoscopy,cla820glzs54n071u2ojhbs6l,what type of procedure is the image taken from,Entity,Token,What type of procedure is the image taken from? colonoscopy,Token,Token
Ulcerative Colitis,Are there any anatomical landmarks in the image? Check all that are present.,none,cla820gl3s3sn071u6jb8eyyl,are there any anatomical landmarks in the image check all that are present,Yes/No,None/NA,Are there any anatomical landmarks in the image? Check all that are present. none,None/NA,None/NA
Ulcerative Colitis,How many findings are present?,1,cla820glys53z071u0kdfg268,how many findings are present,Counting,Numeric,How many findings are present? 1,Numeric,Numeric
Ulcerative Colitis,What type of procedure is the image taken from?,colonoscopy,cla820glgs4ej071u4bkd4px4,what type of procedure is the image taken from,Entity,Token,What type of procedure is the image taken from? colonoscopy,Token,Token
Ulcerative Colitis,How many polyps are in the image?,0,cla820gm0s55b071ugcr951eh,how many polyps are in the image,Counting,Numeric,How many polyps are in the image? 0,Numeric,Numeric
Ulcerative Colitis,What type of polyp is present?,none,cla820glfs4e3071ucwo1fphn,what type of polyp is present,Entity,None/NA,What type of polyp is present? none,None/NA,None/NA
Ulcerative Colitis,How many polyps are in the image?,0,cla820gn7s6nj071u6ox5563e,how many polyps are in the image,Counting,Numeric,How many polyps are in the image? 0,Numeric,Numeric
Ulcerative Colitis,How many polyps are in the image?,0,cla820gn5s6k7071ua3bs0lo1,how many polyps are in the image,Counting,Numeric,How many polyps are in the image? 0,Numeric,Numeric
Ulcerative Colitis,Is there text?,no,cla820gmgs5pf071u3vm4gt1z,is there text,Yes/No,Yes/No,Is there text? no,Yes/No,Yes/No
Ulcerative Colitis,Is there text?,yes,cla820gl7s3z7071ugh7p0ke2,is there text,Yes/No,Yes/No,Is there text? yes,Yes/No,Yes/No
Ulcerative Colitis,Is there a green/black box artefact?,no,cla820gmjs5ub071uhshz8wlc,is there a green black box artefact,Yes/No,Yes/No,Is there a green/black box artefact? no,Yes/No,Yes/No
Ulcerative Colitis,What color is the abnormality? If more than one separate with ;,pink; red; white,cla820glas43v071u1ndvbm1h,what color is the abnormality if more than one separate with,Color,List,What color is the abnormality? If more than one separate with ; pink; red; white,List,List
Ulcerative Colitis,What type of procedure is the image taken from?,colonoscopy,cla820gl7s3yr071u9kft4435,what type of procedure is the image taken from,Entity,Token,What type of procedure is the image taken from? colonoscopy,Token,Token
Ulcerative Colitis,Where in the image is the anatomical landmark?,none,cla820gmls5xj071uarbihlni,where in the image is the anatomical landmark,Location,None/NA,Where in the image is the anatomical landmark? none,None/NA,None/NA
Ulcerative Colitis,What is the size of the polyp?,none,cla820gm4s5an071u7a4o4mv5,what is the size of the polyp,Entity,None/NA,What is the size of the polyp? none,None/NA,None/NA
Ulcerative Colitis,Where in the image is the instrument?,none,cla820glqs4tr071u8yh6havq,where in the image is the instrument,Location,None/NA,Where in the image is the instrument? none,None/NA,None/NA
Ulcerative Colitis,Have all polyps been removed?,not relevant,cla820glks4m3071ubdpv709c,have all polyps been removed,Yes/No,Token,Have all polyps been removed? not relevant,Token,Token
Ulcerative Colitis,Is this finding easy to detect?,yes,cla820gm0s55b071ugcr951eh,is this finding easy to detect,Yes/No,Yes/No,Is this finding easy to detect? yes,Yes/No,Yes/No
Ulcerative Colitis,Is this finding easy to detect?,yes,cla820gmts69r071u43ysgnkv,is this finding easy to detect,Yes/No,Yes/No,Is this finding easy to detect? yes,Yes/No,Yes/No
Ulcerative Colitis,Where in the image is the abnormality?,center; center-left; center-right; lower-center; lower-left; lower-right; upper-center; upper-left; upper-right,cla820gl7s3zz071u3y0y2yxs,where in the image is the abnormality,Location,List,Where in the image is the abnormality? center; center-left; center-right; lower-center; lower-left; lower-right; upper-center; upper-left; upper-right,List,List
Ulcerative Colitis,Have all polyps been removed?,not relevant,cla820gn8s6ov071u3wbifj86,have all polyps been removed,Yes/No,Token,Have all polyps been removed? not relevant,Token,Token
Ulcerative Colitis,Where in the image is the anatomical landmark?,none,cla820gmms5yz071ud3hed2un,where in the image is the anatomical landmark,Location,None/NA,Where in the image is the anatomical landmark? none,None/NA,None/NA
Ulcerative Colitis,Where in the image is the anatomical landmark?,none,cla820glas447071u55ve4t2p,where in the image is the anatomical landmark,Location,None/NA,Where in the image is the anatomical landmark? none,None/NA,None/NA
Ulcerative Colitis,Have all polyps been removed?,not relevant,cla820gmhs5rb071u542the9d,have all polyps been removed,Yes/No,Token,Have all polyps been removed? not relevant,Token,Token
Ulcerative Colitis,How many findings are present?,1,cla820glfs4cj071u5kek6b66,how many findings are present,Counting,Numeric,How many findings are present? 1,Numeric,Numeric
Ulcerative Colitis,How many instrumnets are in the image?,0,cla820gm1s56v071u7cwvakrg,how many instrumnets are in the image,Counting,Numeric,How many instrumnets are in the image? 0,Numeric,Numeric
Ulcerative Colitis,How many findings are present?,1,cla820glds49v071u08w57r94,how many findings are present,Counting,Numeric,How many findings are present? 1,Numeric,Numeric
Ulcerative Colitis,What type of procedure is the image taken from?,colonoscopy,cla820glqs4u7071u4pgn24jp,what type of procedure is the image taken from,Entity,Token,What type of procedure is the image taken from? colonoscopy,Token,Token
Ulcerative Colitis,Where in the image is the anatomical landmark?,none,cla820gmhs5rb071u542the9d,where in the image is the anatomical landmark,Location,None/NA,Where in the image is the anatomical landmark? none,None/NA,None/NA
Ulcerative Colitis,Are there any abnormalities in the image? Check all that are present.,ulcerative colitis,cla820gmos62j071ud19cak7f,are there any abnormalities in the image check all that are present,Yes/No,Token,Are there any abnormalities in the image? Check all that are present. ulcerative colitis,Token,Token
Ulcerative Colitis,Are there any abnormalities in the image? Check all that are present.,ulcerative colitis,cla820glgs4fn071u5ifkd24r,are there any abnormalities in the image check all that are present,Yes/No,Token,Are there any abnormalities in the image? Check all that are present. ulcerative colitis,Token,Token
Ulcerative Colitis,Are there any anatomical landmarks in the image? Check all that are present.,none,cla820gmbs5jj071uhbn0b19h,are there any anatomical landmarks in the image check all that are present,Yes/No,None/NA,Are there any anatomical landmarks in the image? Check all that are present. none,None/NA,None/NA
Ulcerative Colitis,Have all polyps been removed?,not relevant,cla820gmks5wf071ubx9nhyo8,have all polyps been removed,Yes/No,Token,Have all polyps been removed? not relevant,Token,Token
Ulcerative Colitis,How many findings are present?,1,cla820gmrs66v071ubwic2vyi,how many findings are present,Counting,Numeric,How many findings are present? 1,Numeric,Numeric
Ulcerative Colitis,How many polyps are in the image?,0,cla820glvs50f071ufkhtf8we,how many polyps are in the image,Counting,Numeric,How many polyps are in the image? 0,Numeric,Numeric
Ulcerative Colitis,Are there any anatomical landmarks in the image? Check all that are present.,none,cla820gmds5m7071uciyxc0uh,are there any anatomical landmarks in the image check all that are present,Yes/No,None/NA,Are there any anatomical landmarks in the image? Check all that are present. none,None/NA,None/NA
Ulcerative Colitis,Are there any anatomical landmarks in the image? Check all that are present.,none,cla820gmys6fj071ugumg685c,are there any anatomical landmarks in the image check all that are present,Yes/No,None/NA,Are there any anatomical landmarks in the image? Check all that are present. none,None/NA,None/NA
Ulcerative Colitis,Are there any abnormalities in the image? Check all that are present.,ulcerative colitis,cla820glfs4cr071ueoca9u0i,are there any abnormalities in the image check all that are present,Yes/No,Token,Are there any abnormalities in the image? Check all that are present. ulcerative colitis,Token,Token
Ulcerative Colitis,Is there text?,yes,cla820gmis5sb071u1rhdgg2r,is there text,Yes/No,Yes/No,Is there text? yes,Yes/No,Yes/No
Ulcerative Colitis,How many polyps are in the image?,0,cla820gn2s6hf071ufso11lvs,how many polyps are in the image,Counting,Numeric,How many polyps are in the image? 0,Numeric,Numeric
Ulcerative Colitis,How many polyps are in the image?,0,cla820gmps64n071ughf3929p,how many polyps are in the image,Counting,Numeric,How many polyps are in the image? 0,Numeric,Numeric
Ulcerative Colitis,What type of procedure is the image taken from?,colonoscopy,cla820gmms5yr071u23ef9pdb,what type of procedure is the image taken from,Entity,Token,What type of procedure is the image taken from? colonoscopy,Token,Token
Ulcerative Colitis,What type of polyp is present?,none,cla820glbs46r071u1j9thrz3,what type of polyp is present,Entity,None/NA,What type of polyp is present? none,None/NA,None/NA
Ulcerative Colitis,Are there any instruments in the image? Check all that are present.,none,cla820gl9s43n071u50v7gmsx,are there any instruments in the image check all that are present,Yes/No,None/NA,Are there any instruments in the image? Check all that are present. none,None/NA,None/NA
Ulcerative Colitis,How many findings are present?,1,cla820glts4xz071u6b7n1x9y,how many findings are present,Counting,Numeric,How many findings are present? 1,Numeric,Numeric
Ulcerative Colitis,Are there any abnormalities in the image? Check all that are present.,ulcerative colitis,cla820gmus6an071ugxsl64ea,are there any abnormalities in the image check all that are present,Yes/No,Token,Are there any abnormalities in the image? Check all that are present. ulcerative colitis,Token,Token
Ulcerative Colitis,What type of procedure is the image taken from?,colonoscopy,cla820gn9s6q7071u0z5ifasv,what type of procedure is the image taken from,Entity,Token,What type of procedure is the image taken from? colonoscopy,Token,Token
Ulcerative Colitis,What type of polyp is present?,none,cla820gmos62f071ubes021vi,what type of polyp is present,Entity,None/NA,What type of polyp is present? none,None/NA,None/NA
Ulcerative Colitis,What color is the abnormality? If more than one separate with ;,pink; red; white; yellow,cla820gmes5n7071u8o6u0p6p,what color is the abnormality if more than one separate with,Color,List,What color is the abnormality? If more than one separate with ; pink; red; white; yellow,List,List
Ulcerative Colitis,Where in the image is the anatomical landmark?,none,cla820gl1s3pr071u2vi94r92,where in the image is the anatomical landmark,Location,None/NA,Where in the image is the anatomical landmark? none,None/NA,None/NA
Ulcerative Colitis,What type of polyp is present?,none,cla820glks4lr071u6gschk16,what type of polyp is present,Entity,None/NA,What type of polyp is present? none,None/NA,None/NA
Ulcerative Colitis,What color is the abnormality? If more than one separate with ;,pink; red,cla820glqs4u3071u57j2f3kj,what color is the abnormality if more than one separate with,Color,List,What color is the abnormality? If more than one separate with ; pink; red,List,List
Ulcerative Colitis,How many instrumnets are in the image?,0,cla820gm1s56n071u59x1e4fa,how many instrumnets are in the image,Counting,Numeric,How many instrumnets are in the image? 0,Numeric,Numeric
Ulcerative Colitis,Is there a green/black box artefact?,yes,cla820glos4r7071u67756tdr,is there a green black box artefact,Yes/No,Yes/No,Is there a green/black box artefact? yes,Yes/No,Yes/No
Ulcerative Colitis,Where in the image is the instrument?,none,cla820gn8s6p3071u4m5yajd3,where in the image is the instrument,Location,None/NA,Where in the image is the instrument? none,None/NA,None/NA
Ulcerative Colitis,How many polyps are in the image?,0,cla820gm4s5af071u73oz3q14,how many polyps are in the image,Counting,Numeric,How many polyps are in the image? 0,Numeric,Numeric
Ulcerative Colitis,Are there any instruments in the image? Check all that are present.,none,cla820gl5s3vv071u18ipbr2h,are there any instruments in the image check all that are present,Yes/No,None/NA,Are there any instruments in the image? Check all that are present. none,None/NA,None/NA
Ulcerative Colitis,Is there a green/black box artefact?,yes,cla820glns4q3071u6zhl5smg,is there a green black box artefact,Yes/No,Yes/No,Is there a green/black box artefact? yes,Yes/No,Yes/No
Ulcerative Colitis,What type of procedure is the image taken from?,colonoscopy,cla820gljs4l3071u9i3o4zmr,what type of procedure is the image taken from,Entity,Token,What type of procedure is the image taken from? colonoscopy,Token,Token
Ulcerative Colitis,Are there any abnormalities in the image? Check all that are present.,ulcerative colitis,cla820gl4s3uz071u7o0za9ab,are there any abnormalities in the image check all that are present,Yes/No,Token,Are there any abnormalities in the image? Check all that are present. ulcerative colitis,Token,Token
Ulcerative Colitis,What type of polyp is present?,none,cla820glgs4fz071ucke45065,what type of polyp is present,Entity,None/NA,What type of polyp is present? none,None/NA,None/NA
Ulcerative Colitis,What type of polyp is present?,none,cla820gmts69j071uczyi0fbb,what type of polyp is present,Entity,None/NA,What type of polyp is present? none,None/NA,None/NA
Ulcerative Colitis,Where in the image is the abnormality?,center; center-left; center-right; lower-center; lower-left; lower-right; upper-center; upper-left; upper-right,cla820gmqs65n071u0wmf7n3d,where in the image is the abnormality,Location,List,Where in the image is the abnormality? center; center-left; center-right; lower-center; lower-left; lower-right; upper-center; upper-left; upper-right,List,List
Ulcerative Colitis,How many polyps are in the image?,0,cla820glws517071u73qm5d88,how many polyps are in the image,Counting,Numeric,How many polyps are in the image? 0,Numeric,Numeric
Ulcerative Colitis,What is the size of the polyp?,none,cla820glvs503071ufonj6f1j,what is the size of the polyp,Entity,None/NA,What is the size of the polyp? none,None/NA,None/NA
Ulcerative Colitis,Are there any anatomical landmarks in the image? Check all that are present.,none,cla820gmes5nb071u8xs2d2wu,are there any anatomical landmarks in the image check all that are present,Yes/No,None/NA,Are there any anatomical landmarks in the image? Check all that are present. none,None/NA,None/NA
Ulcerative Colitis,Have all polyps been removed?,not relevant,cla820gmws6cz071ugn88edv9,have all polyps been removed,Yes/No,Token,Have all polyps been removed? not relevant,Token,Token
Ulcerative Colitis,How many findings are present?,1,cla820gmes5mj071u01y7gh34,how many findings are present,Counting,Numeric,How many findings are present? 1,Numeric,Numeric
Ulcerative Colitis,Is there text?,yes,cla820gl8s41n071uanbv7xro,is there text,Yes/No,Yes/No,Is there text? yes,Yes/No,Yes/No
Ulcerative Colitis,What type of procedure is the image taken from?,colonoscopy,cla820glos4qv071u0rzk1tdi,what type of procedure is the image taken from,Entity,Token,What type of procedure is the image taken from? colonoscopy,Token,Token
Ulcerative Colitis,How many instrumnets are in the image?,0,cla820gl5s3vn071u08159pwe,how many instrumnets are in the image,Counting,Numeric,How many instrumnets are in the image? 0,Numeric,Numeric
Ulcerative Colitis,Where in the image is the instrument?,none,cla820gmxs6en071uev1o2fzc,where in the image is the instrument,Location,None/NA,Where in the image is the instrument? none,None/NA,None/NA
Ulcerative Colitis,Are there any abnormalities in the image? Check all that are present.,ulcerative colitis,cla820gmks5vv071uc9yu02fh,are there any abnormalities in the image check all that are present,Yes/No,Token,Are there any abnormalities in the image? Check all that are present. ulcerative colitis,Token,Token
Ulcerative Colitis,Are there any anatomical landmarks in the image? Check all that are present.,none,cla820gl8s417071u5nc66zi3,are there any anatomical landmarks in the image check all that are present,Yes/No,None/NA,Are there any anatomical landmarks in the image? Check all that are present. none,None/NA,None/NA
Ulcerative Colitis,Are there any instruments in the image? Check all that are present.,none,cla820gmjs5uz071uajgi1xsj,are there any instruments in the image check all that are present,Yes/No,None/NA,Are there any instruments in the image? Check all that are present. none,None/NA,None/NA
Ulcerative Colitis,What color is the abnormality? If more than one separate with ;,pink; red,cla820gmrs667071uab1of9e2,what color is the abnormality if more than one separate with,Color,List,What color is the abnormality? If more than one separate with ; pink; red,List,List
Ulcerative Colitis,Are there any instruments in the image? Check all that are present.,none,cla820gljs4k3071u70un91au,are there any instruments in the image check all that are present,Yes/No,None/NA,Are there any instruments in the image? Check all that are present. none,None/NA,None/NA
Ulcerative Colitis,What color is the abnormality? If more than one separate with ;,pink; red; white,cla820gmks5wb071u3ekp8y39,what color is the abnormality if more than one separate with,Color,List,What color is the abnormality? If more than one separate with ; pink; red; white,List,List
Ulcerative Colitis,How many findings are present?,1,cla820gl4s3uj071u8so1gxth,how many findings are present,Counting,Numeric,How many findings are present? 1,Numeric,Numeric
Ulcerative Colitis,What is the size of the polyp?,none,cla820glks4lz071ubsuc0pzr,what is the size of the polyp,Entity,None/NA,What is the size of the polyp? none,None/NA,None/NA
Ulcerative Colitis,What type of polyp is present?,none,cla820gljs4kr071u2qbo8zyu,what type of polyp is present,Entity,None/NA,What type of polyp is present? none,None/NA,None/NA
Ulcerative Colitis,What color is the abnormality? If more than one separate with ;,pink; red; yellow; white,cla820gmls5wz071u2rajex2s,what color is the abnormality if more than one separate with,Color,List,What color is the abnormality? If more than one separate with ; pink; red; yellow; white,List,List
Ulcerative Colitis,Is this finding easy to detect?,no,cla820gmfs5nz071ucpw9dejr,is this finding easy to detect,Yes/No,Yes/No,Is this finding easy to detect? no,Yes/No,Token
Ulcerative Colitis,Have all polyps been removed?,not relevant,cla820gl4s3tj071uakhw1bd9,have all polyps been removed,Yes/No,Token,Have all polyps been removed? not relevant,Token,Token
Ulcerative Colitis,What type of procedure is the image taken from?,colonoscopy,cla820gmbs5jr071u0j9f6bnj,what type of procedure is the image taken from,Entity,Token,What type of procedure is the image taken from? colonoscopy,Token,Token
Ulcerative Colitis,Where in the image is the abnormality?,center; center-left; center-right; lower-center; lower-left; lower-right; upper-center; upper-left; upper-right,cla820glis4iv071u1m100ttj,where in the image is the abnormality,Location,List,Where in the image is the abnormality? center; center-left; center-right; lower-center; lower-left; lower-right; upper-center; upper-left; upper-right,List,List
Ulcerative Colitis,Is there text?,yes,cla820gmys6gf071u9oicd9z0,is there text,Yes/No,Yes/No,Is there text? yes,Yes/No,Yes/No
Ulcerative Colitis,Where in the image is the anatomical landmark?,none,cla820glis4iv071u1m100ttj,where in the image is the anatomical landmark,Location,None/NA,Where in the image is the anatomical landmark? none,None/NA,None/NA
Ulcerative Colitis,What is the size of the polyp?,none,cla820gmbs5in071u7b4zc3oz,what is the size of the polyp,Entity,None/NA,What is the size of the polyp? none,None/NA,None/NA
Ulcerative Colitis,Are there any instruments in the image? Check all that are present.,none,cla820gl4s3ur071ucbq5ar57,are there any instruments in the image check all that are present,Yes/No,None/NA,Are there any instruments in the image? Check all that are present. none,None/NA,None/NA
Ulcerative Colitis,How many polyps are in the image?,0,cla820gmbs5j7071u8ip985x7,how many polyps are in the image,Counting,Numeric,How many polyps are in the image? 0,Numeric,Numeric
Ulcerative Colitis,Is this finding easy to detect?,yes,cla820gm1s56r071u92oy36ol,is this finding easy to detect,Yes/No,Yes/No,Is this finding easy to detect? yes,Yes/No,Yes/No
Ulcerative Colitis,Have all polyps been removed?,not relevant,cla820gmms5z7071ub7pfau3k,have all polyps been removed,Yes/No,Token,Have all polyps been removed? not relevant,Token,Token
Ulcerative Colitis,Where in the image is the abnormality?,center; center-left; center-right; lower-center; lower-left; lower-right; upper-center; upper-left; upper-right,cla820gmws6cj071u56un6ke7,where in the image is the abnormality,Location,List,Where in the image is the abnormality? center; center-left; center-right; lower-center; lower-left; lower-right; upper-center; upper-left; upper-right,List,List
Ulcerative Colitis,What type of procedure is the image taken from?,colonoscopy,cla820gl3s3sr071uc4152r95,what type of procedure is the image taken from,Entity,Token,What type of procedure is the image taken from? colonoscopy,Token,Token
Ulcerative Colitis,What color is the abnormality? If more than one separate with ;,pink; red; white,cla820gmjs5ub071uhshz8wlc,what color is the abnormality if more than one separate with,Color,List,What color is the abnormality? If more than one separate with ; pink; red; white,List,List
Ulcerative Colitis,What type of procedure is the image taken from?,colonoscopy,cla820gl7s3zv071u2ak0ee69,what type of procedure is the image taken from,Entity,Token,What type of procedure is the image taken from? colonoscopy,Token,Token
Ulcerative Colitis,What type of polyp is present?,none,cla820gl2s3qj071u9e3efd6z,what type of polyp is present,Entity,None/NA,What type of polyp is present? none,None/NA,None/NA
Ulcerative Colitis,How many polyps are in the image?,0,cla820gn9s6pv071u36npapxb,how many polyps are in the image,Counting,Numeric,How many polyps are in the image? 0,Numeric,Numeric
Ulcerative Colitis,Where in the image is the abnormality?,center; center-left; center-right; lower-right; upper-center; upper-left; upper-right,cla820glds4an071ucysb3w23,where in the image is the abnormality,Location,List,Where in the image is the abnormality? center; center-left; center-right; lower-right; upper-center; upper-left; upper-right,List,List
Ulcerative Colitis,How many findings are present?,1,cla820gmns61n071u81lr2utd,how many findings are present,Counting,Numeric,How many findings are present? 1,Numeric,Numeric
Ulcerative Colitis,What is the size of the polyp?,none,cla820gmls5yn071uc9dfd6zr,what is the size of the polyp,Entity,None/NA,What is the size of the polyp? none,None/NA,None/NA
Ulcerative Colitis,What is the size of the polyp?,none,cla820gmgs5pb071uev6pcbwt,what is the size of the polyp,Entity,None/NA,What is the size of the polyp? none,None/NA,None/NA
Ulcerative Colitis,How many instrumnets are in the image?,0,cla820gm9s5g3071u29zr9o3n,how many instrumnets are in the image,Counting,Numeric,How many instrumnets are in the image? 0,Numeric,Numeric
Ulcerative Colitis,Where in the image is the abnormality?,center; center-left; center-right; lower-center; lower-left; lower-right; upper-center; upper-left; upper-right,cla820glps4sv071udmh87zer,where in the image is the abnormality,Location,List,Where in the image is the abnormality? center; center-left; center-right; lower-center; lower-left; lower-right; upper-center; upper-left; upper-right,List,List
Ulcerative Colitis,What type of polyp is present?,none,cla820gmgs5pn071u9szz715u,what type of polyp is present,Entity,None/NA,What type of polyp is present? none,None/NA,None/NA
Ulcerative Colitis,What color is the abnormality? If more than one separate with ;,pink; red,cla820gl1s3pv071u6kb331te,what color is the abnormality if more than one separate with,Color,List,What color is the abnormality? If more than one separate with ; pink; red,List,List
Ulcerative Colitis,Are there any anatomical landmarks in the image? Check all that are present.,none,cla820gmps63f071u2cjfhr2b,are there any anatomical landmarks in the image check all that are present,Yes/No,None/NA,Are there any anatomical landmarks in the image? Check all that are present. none,None/NA,None/NA
Ulcerative Colitis,Is there text?,yes,cla820gmjs5uz071uajgi1xsj,is there text,Yes/No,Yes/No,Is there text? yes,Yes/No,Yes/No
Ulcerative Colitis,Where in the image is the abnormality?,center; center-left; center-right; lower-center; lower-left; lower-right; upper-center; upper-left; upper-right,cla820gmks5wv071u35op55hi,where in the image is the abnormality,Location,List,Where in the image is the abnormality? center; center-left; center-right; lower-center; lower-left; lower-right; upper-center; upper-left; upper-right,List,List
Ulcerative Colitis,How many findings are present?,1,cla820gmls5x7071u05un80ef,how many findings are present,Counting,Numeric,How many findings are present? 1,Numeric,Numeric
Ulcerative Colitis,Are there any anatomical landmarks in the image? Check all that are present.,none,cla820gljs4kn071ubqx68a5p,are there any anatomical landmarks in the image check all that are present,Yes/No,None/NA,Are there any anatomical landmarks in the image? Check all that are present. none,None/NA,None/NA
Ulcerative Colitis,Is there text?,yes,cla820gmns61b071u1jrtajcx,is there text,Yes/No,Yes/No,Is there text? yes,Yes/No,Yes/No
Ulcerative Colitis,How many polyps are in the image?,0,cla820glrs4v7071ufojf8iiu,how many polyps are in the image,Counting,Numeric,How many polyps are in the image? 0,Numeric,Numeric
Ulcerative Colitis,What color is the abnormality? If more than one separate with ;,pink; red,cla820glos4rr071u0ozt8mdm,what color is the abnormality if more than one separate with,Color,List,What color is the abnormality? If more than one separate with ; pink; red,List,List
Ulcerative Colitis,What type of polyp is present?,none,cla820gljs4kz071uaa8h1tjs,what type of polyp is present,Entity,None/NA,What type of polyp is present? none,None/NA,None/NA
Ulcerative Colitis,Is there text?,yes,cla820gmis5t7071u6um08c20,is there text,Yes/No,Yes/No,Is there text? yes,Yes/No,Yes/No
Ulcerative Colitis,Where in the image is the abnormality?,center; center-left; center-right; lower-center; lower-left; lower-right; upper-center; upper-left; upper-right,cla820glgs4fz071ucke45065,where in the image is the abnormality,Location,List,Where in the image is the abnormality? center; center-left; center-right; lower-center; lower-left; lower-right; upper-center; upper-left; upper-right,List,List
Ulcerative Colitis,How many findings are present?,1,cla820gl0s3ob071u5z04bn3r,how many findings are present,Counting,Numeric,How many findings are present? 1,Numeric,Numeric
Ulcerative Colitis,What type of polyp is present?,none,cla820gl7s403071uhl071dze,what type of polyp is present,Entity,None/NA,What type of polyp is present? none,None/NA,None/NA
Ulcerative Colitis,How many instrumnets are in the image?,0,cla820gl2s3qn071ucguna2um,how many instrumnets are in the image,Counting,Numeric,How many instrumnets are in the image? 0,Numeric,Numeric
Ulcerative Colitis,How many polyps are in the image?,0,cla820gmvs6b7071u80pp5llt,how many polyps are in the image,Counting,Numeric,How many polyps are in the image? 0,Numeric,Numeric
Ulcerative Colitis,How many instrumnets are in the image?,0,cla820gl9s42b071uhcii678h,how many instrumnets are in the image,Counting,Numeric,How many instrumnets are in the image? 0,Numeric,Numeric
Ulcerative Colitis,What type of procedure is the image taken from?,colonoscopy,cla820gm1s577071u0wnkg8sk,what type of procedure is the image taken from,Entity,Token,What type of procedure is the image taken from? colonoscopy,Token,Token
Ulcerative Colitis,How many polyps are in the image?,0,cla820gmos62b071ua36s3w9w,how many polyps are in the image,Counting,Numeric,How many polyps are in the image? 0,Numeric,Numeric
Ulcerative Colitis,Is this finding easy to detect?,yes,cla820gl5s3vz071ua6uggyz6,is this finding easy to detect,Yes/No,Yes/No,Is this finding easy to detect? yes,Yes/No,Yes/No
Ulcerative Colitis,What type of polyp is present?,none,cla820gl2s3qf071u1ndiftcx,what type of polyp is present,Entity,None/NA,What type of polyp is present? none,None/NA,None/NA
Ulcerative Colitis,Are there any instruments in the image? Check all that are present.,none,cla820gm5s5b7071ubt3dd1vj,are there any instruments in the image check all that are present,Yes/No,None/NA,Are there any instruments in the image? Check all that are present. none,None/NA,None/NA
Ulcerative Colitis,Have all polyps been removed?,not relevant,cla820gn3s6iv071u8qs4b8eb,have all polyps been removed,Yes/No,Token,Have all polyps been removed? not relevant,Token,Token
Ulcerative Colitis,Is there text?,yes,cla820glps4rz071u6kspddxw,is there text,Yes/No,Yes/No,Is there text? yes,Yes/No,Yes/No
Ulcerative Colitis,What type of procedure is the image taken from?,colonoscopy,cla820gmts68v071u6o2xebr1,what type of procedure is the image taken from,Entity,Token,What type of procedure is the image taken from? colonoscopy,Token,Token
Ulcerative Colitis,Are there any anatomical landmarks in the image? Check all that are present.,cecum,cla820gn9s6qv071u23moamvc,are there any anatomical landmarks in the image check all that are present,Yes/No,Token,Are there any anatomical landmarks in the image? Check all that are present. cecum,Token,Token
Ulcerative Colitis,Have all polyps been removed?,not relevant,cla820glas457071u9vwefrjk,have all polyps been removed,Yes/No,Token,Have all polyps been removed? not relevant,Token,Token
Ulcerative Colitis,Where in the image is the abnormality?,center; center-left; center-right; lower-center; lower-left; lower-right; upper-center; upper-left; upper-right,cla820gn7s6nn071u689g17m8,where in the image is the abnormality,Location,List,Where in the image is the abnormality? center; center-left; center-right; lower-center; lower-left; lower-right; upper-center; upper-left; upper-right,List,List
Ulcerative Colitis,Where in the image is the abnormality?,center; center-left; center-right; lower-center; lower-left; lower-right; upper-center; upper-left; upper-right,cla820gmms5zn071u9lqc9ywi,where in the image is the abnormality,Location,List,Where in the image is the abnormality? center; center-left; center-right; lower-center; lower-left; lower-right; upper-center; upper-left; upper-right,List,List
Ulcerative Colitis,Where in the image is the instrument?,none,cla820gmzs6gn071ua9ul7wji,where in the image is the instrument,Location,None/NA,Where in the image is the instrument? none,None/NA,None/NA
Ulcerative Colitis,How many findings are present?,2,cla820glis4jj071ub5c57d9g,how many findings are present,Counting,Numeric,How many findings are present? 2,Numeric,Numeric
Ulcerative Colitis,Are there any instruments in the image? Check all that are present.,none,cla820gn3s6ir071u1ltt30bv,are there any instruments in the image check all that are present,Yes/No,None/NA,Are there any instruments in the image? Check all that are present. none,None/NA,None/NA
Ulcerative Colitis,What type of procedure is the image taken from?,colonoscopy,cla820glks4ln071u6ufy4pd9,what type of procedure is the image taken from,Entity,Token,What type of procedure is the image taken from? colonoscopy,Token,Token
Ulcerative Colitis,How many polyps are in the image?,0,cla820gmfs5or071u3sdpg32k,how many polyps are in the image,Counting,Numeric,How many polyps are in the image? 0,Numeric,Numeric
Ulcerative Colitis,What is the size of the polyp?,none,cla820glps4rz071u6kspddxw,what is the size of the polyp,Entity,None/NA,What is the size of the polyp? none,None/NA,None/NA
Ulcerative Colitis,Is there a green/black box artefact?,no,cla820gmps63r071ubhdh4alg,is there a green black box artefact,Yes/No,Yes/No,Is there a green/black box artefact? no,Yes/No,Yes/No
Ulcerative Colitis,Is this finding easy to detect?,yes,cla820gmks5wf071ubx9nhyo8,is this finding easy to detect,Yes/No,Yes/No,Is this finding easy to detect? yes,Yes/No,Yes/No
Ulcerative Colitis,What is the size of the polyp?,none,cla820gmss677071u0i2h5sav,what is the size of the polyp,Entity,None/NA,What is the size of the polyp? none,None/NA,None/NA
Ulcerative Colitis,What color is the abnormality? If more than one separate with ;,pink; red,cla820glms4nv071ug2s4hc8z,what color is the abnormality if more than one separate with,Color,List,What color is the abnormality? If more than one separate with ; pink; red,List,List
Ulcerative Colitis,How many polyps are in the image?,0,cla820glgs4ef071uc71f2gdf,how many polyps are in the image,Counting,Numeric,How many polyps are in the image? 0,Numeric,Numeric
Ulcerative Colitis,What type of procedure is the image taken from?,colonoscopy,cla820glgs4fj071ugt8ohlwm,what type of procedure is the image taken from,Entity,Token,What type of procedure is the image taken from? colonoscopy,Token,Token
Ulcerative Colitis,Are there any anatomical landmarks in the image? Check all that are present.,none,cla820glns4pz071ubjw56e77,are there any anatomical landmarks in the image check all that are present,Yes/No,None/NA,Are there any anatomical landmarks in the image? Check all that are present. none,None/NA,None/NA
Ulcerative Colitis,Are there any anatomical landmarks in the image? Check all that are present.,none,cla820glys53r071ub64d5s10,are there any anatomical landmarks in the image check all that are present,Yes/No,None/NA,Are there any anatomical landmarks in the image? Check all that are present. none,None/NA,None/NA
Ulcerative Colitis,What type of procedure is the image taken from?,colonoscopy,cla820glys52z071u710gh37o,what type of procedure is the image taken from,Entity,Token,What type of procedure is the image taken from? colonoscopy,Token,Token
Ulcerative Colitis,What type of procedure is the image taken from?,colonoscopy,cla820gmfs5or071u3sdpg32k,what type of procedure is the image taken from,Entity,Token,What type of procedure is the image taken from? colonoscopy,Token,Token
Ulcerative Colitis,Have all polyps been removed?,not relevant,cla820gm5s5bf071u6yppfvdo,have all polyps been removed,Yes/No,Token,Have all polyps been removed? not relevant,Token,Token
Ulcerative Colitis,Are there any anatomical landmarks in the image? Check all that are present.,none,cla820glbs477071u6xqddb6d,are there any anatomical landmarks in the image check all that are present,Yes/No,None/NA,Are there any anatomical landmarks in the image? Check all that are present. none,None/NA,None/NA
Ulcerative Colitis,Are there any instruments in the image? Check all that are present.,none,cla820gl7s3z3071u90yh7f7r,are there any instruments in the image check all that are present,Yes/No,None/NA,Are there any instruments in the image? Check all that are present. none,None/NA,None/NA
Ulcerative Colitis,Is there a green/black box artefact?,no,cla820glhs4h7071ufsvccrv7,is there a green black box artefact,Yes/No,Yes/No,Is there a green/black box artefact? no,Yes/No,Yes/No
Ulcerative Colitis,Are there any anatomical landmarks in the image? Check all that are present.,none,cla820glos4qf071ucr136se5,are there any anatomical landmarks in the image check all that are present,Yes/No,None/NA,Are there any anatomical landmarks in the image? Check all that are present. none,None/NA,None/NA
Ulcerative Colitis,Is this finding easy to detect?,no,cla820gmes5mj071u01y7gh34,is this finding easy to detect,Yes/No,Yes/No,Is this finding easy to detect? no,Yes/No,Token
Ulcerative Colitis,What type of procedure is the image taken from?,colonoscopy,cla820gn7s6nr071u0onh2amg,what type of procedure is the image taken from,Entity,Token,What type of procedure is the image taken from? colonoscopy,Token,Token
Ulcerative Colitis,Are there any anatomical landmarks in the image? Check all that are present.,none,cla820gm3s58n071ucq812p13,are there any anatomical landmarks in the image check all that are present,Yes/No,None/NA,Are there any anatomical landmarks in the image? Check all that are present. none,None/NA,None/NA
Ulcerative Colitis,Where in the image is the abnormality?,center; center-left; center-right; lower-center; lower-left; lower-right; upper-center; upper-left; upper-right,cla820gm6s5cj071ucvqjgfy5,where in the image is the abnormality,Location,List,Where in the image is the abnormality? center; center-left; center-right; lower-center; lower-left; lower-right; upper-center; upper-left; upper-right,List,List
Ulcerative Colitis,Are there any instruments in the image? Check all that are present.,none,cla820gmss67z071u5qbncwa3,are there any instruments in the image check all that are present,Yes/No,None/NA,Are there any instruments in the image? Check all that are present. none,None/NA,None/NA
Ulcerative Colitis,How many instrumnets are in the image?,0,cla820gl2s3qj071u9e3efd6z,how many instrumnets are in the image,Counting,Numeric,How many instrumnets are in the image? 0,Numeric,Numeric
Ulcerative Colitis,Are there any anatomical landmarks in the image? Check all that are present.,none,cla820glzs54f071u9ct1hd4x,are there any anatomical landmarks in the image check all that are present,Yes/No,None/NA,Are there any anatomical landmarks in the image? Check all that are present. none,None/NA,None/NA
Ulcerative Colitis,What is the size of the polyp?,none,cla820gl5s3vz071ua6uggyz6,what is the size of the polyp,Entity,None/NA,What is the size of the polyp? none,None/NA,None/NA
Ulcerative Colitis,Is this finding easy to detect?,yes,cla820gmds5l7071ucfhi2562,is this finding easy to detect,Yes/No,Yes/No,Is this finding easy to detect? yes,Yes/No,Yes/No
Ulcerative Colitis,Are there any anatomical landmarks in the image? Check all that are present.,none,cla820glds4af071uc0qg6nsg,are there any anatomical landmarks in the image check all that are present,Yes/No,None/NA,Are there any anatomical landmarks in the image? Check all that are present. none,None/NA,None/NA
Ulcerative Colitis,Where in the image is the abnormality?,center; center-left; center-right; lower-center; lower-left; lower-right; upper-center; upper-left; upper-right,cla820glss4wz071u7qgp9jb8,where in the image is the abnormality,Location,List,Where in the image is the abnormality? center; center-left; center-right; lower-center; lower-left; lower-right; upper-center; upper-left; upper-right,List,List
Ulcerative Colitis,Where in the image is the instrument?,none,cla820gn8s6of071u5bae3ift,where in the image is the instrument,Location,None/NA,Where in the image is the instrument? none,None/NA,None/NA
Ulcerative Colitis,How many instrumnets are in the image?,0,cla820gmss67b071u3h7o5k3t,how many instrumnets are in the image,Counting,Numeric,How many instrumnets are in the image? 0,Numeric,Numeric
Ulcerative Colitis,Where in the image is the abnormality?,center; center-left; center-right; lower-center; lower-left; lower-right; upper-center; upper-left; upper-right,cla820gmds5mb071u5kkaguei,where in the image is the abnormality,Location,List,Where in the image is the abnormality? center; center-left; center-right; lower-center; lower-left; lower-right; upper-center; upper-left; upper-right,List,List
Ulcerative Colitis,Is there text?,no,cla820glrs4v7071ufojf8iiu,is there text,Yes/No,Yes/No,Is there text? no,Yes/No,Yes/No
Ulcerative Colitis,Are there any abnormalities in the image? Check all that are present.,ulcerative colitis,cla820gmvs6c3071ugjeig683,are there any abnormalities in the image check all that are present,Yes/No,Token,Are there any abnormalities in the image? Check all that are present. ulcerative colitis,Token,Token
Ulcerative Colitis,Are there any instruments in the image? Check all that are present.,none,cla820gmis5sf071uczzb4rze,are there any instruments in the image check all that are present,Yes/No,None/NA,Are there any instruments in the image? Check all that are present. none,None/NA,None/NA
Ulcerative Colitis,Are there any anatomical landmarks in the image? Check all that are present.,none,cla820gmcs5l3071uhkswgbyf,are there any anatomical landmarks in the image check all that are present,Yes/No,None/NA,Are there any anatomical landmarks in the image? Check all that are present. none,None/NA,None/NA
Ulcerative Colitis,Where in the image is the abnormality?,center; center-left; center-right; lower-center; lower-left; lower-right; upper-center; upper-left; upper-right,cla820gm2s57z071uewjf8x03,where in the image is the abnormality,Location,List,Where in the image is the abnormality? center; center-left; center-right; lower-center; lower-left; lower-right; upper-center; upper-left; upper-right,List,List
Ulcerative Colitis,How many polyps are in the image?,0,cla820gn5s6kn071u8pacbjav,how many polyps are in the image,Counting,Numeric,How many polyps are in the image? 0,Numeric,Numeric
Ulcerative Colitis,Have all polyps been removed?,not relevant,cla820gm5s5b7071ubt3dd1vj,have all polyps been removed,Yes/No,Token,Have all polyps been removed? not relevant,Token,Token
Ulcerative Colitis,Are there any anatomical landmarks in the image? Check all that are present.,none,cla820gmjs5ub071uhshz8wlc,are there any anatomical landmarks in the image check all that are present,Yes/No,None/NA,Are there any anatomical landmarks in the image? Check all that are present. none,None/NA,None/NA
Ulcerative Colitis,Where in the image is the instrument?,none,cla820gl8s40f071u27wyhkha,where in the image is the instrument,Location,None/NA,Where in the image is the instrument? none,None/NA,None/NA
Ulcerative Colitis,How many findings are present?,1,cla820gl2s3qb071u5u6c3vmq,how many findings are present,Counting,Numeric,How many findings are present? 1,Numeric,Numeric
Ulcerative Colitis,What color is the abnormality? If more than one separate with ;,pink; red; white,cla820gl7s3yz071u8j1a4nms,what color is the abnormality if more than one separate with,Color,List,What color is the abnormality? If more than one separate with ; pink; red; white,List,List
Ulcerative Colitis,Is there text?,yes,cla820gm9s5gz071uaot51f4q,is there text,Yes/No,Yes/No,Is there text? yes,Yes/No,Yes/No
Ulcerative Colitis,How many instrumnets are in the image?,0,cla820gmqs65b071u8uo82ra7,how many instrumnets are in the image,Counting,Numeric,How many instrumnets are in the image? 0,Numeric,Numeric
Ulcerative Colitis,Are there any abnormalities in the image? Check all that are present.,ulcerative colitis,cla820gmbs5in071u7b4zc3oz,are there any abnormalities in the image check all that are present,Yes/No,Token,Are there any abnormalities in the image? Check all that are present. ulcerative colitis,Token,Token
Ulcerative Colitis,Where in the image is the anatomical landmark?,none,cla820gmrs66v071ubwic2vyi,where in the image is the anatomical landmark,Location,None/NA,Where in the image is the anatomical landmark? none,None/NA,None/NA
Ulcerative Colitis,Is this finding easy to detect?,yes,cla820gl3s3rz071uct37bliv,is this finding easy to detect,Yes/No,Yes/No,Is this finding easy to detect? yes,Yes/No,Yes/No
Ulcerative Colitis,Is there a green/black box artefact?,no,cla820gmxs6dr071ud4avacp9,is there a green black box artefact,Yes/No,Yes/No,Is there a green/black box artefact? no,Yes/No,Yes/No
Ulcerative Colitis,How many polyps are in the image?,0,cla820glhs4hj071u12yyex9f,how many polyps are in the image,Counting,Numeric,How many polyps are in the image? 0,Numeric,Numeric
Ulcerative Colitis,Are there any anatomical landmarks in the image? Check all that are present.,none,cla820gmns60v071u3wm1gp4o,are there any anatomical landmarks in the image check all that are present,Yes/No,None/NA,Are there any anatomical landmarks in the image? Check all that are present. none,None/NA,None/NA
Ulcerative Colitis,Where in the image is the instrument?,center-right; lower-right; upper-right,cla820gl5s3vr071u7iil4yr1,where in the image is the instrument,Location,List,Where in the image is the instrument? center-right; lower-right; upper-right,List,List
Ulcerative Colitis,Is there a green/black box artefact?,no,cla820gmes5mz071u10w11oe2,is there a green black box artefact,Yes/No,Yes/No,Is there a green/black box artefact? no,Yes/No,Yes/No
Ulcerative Colitis,Where in the image is the abnormality?,center; center-left; center-right; lower-center; lower-left; lower-right; upper-center; upper-left; upper-right,cla820gmrs663071uduamb53p,where in the image is the abnormality,Location,List,Where in the image is the abnormality? center; center-left; center-right; lower-center; lower-left; lower-right; upper-center; upper-left; upper-right,List,List
Ulcerative Colitis,Are there any anatomical landmarks in the image? Check all that are present.,none,cla820glqs4tr071u8yh6havq,are there any anatomical landmarks in the image check all that are present,Yes/No,None/NA,Are there any anatomical landmarks in the image? Check all that are present. none,None/NA,None/NA
Ulcerative Colitis,What type of polyp is present?,none,cla820glss4wf071u3tu616sq,what type of polyp is present,Entity,None/NA,What type of polyp is present? none,None/NA,None/NA
Ulcerative Colitis,Where in the image is the anatomical landmark?,none,cla820gn8s6or071u786c9nd0,where in the image is the anatomical landmark,Location,None/NA,Where in the image is the anatomical landmark? none,None/NA,None/NA
Ulcerative Colitis,Are there any anatomical landmarks in the image? Check all that are present.,none,cla820gmys6f7071u4py0f9we,are there any anatomical landmarks in the image check all that are present,Yes/No,None/NA,Are there any anatomical landmarks in the image? Check all that are present. none,None/NA,None/NA
Ulcerative Colitis,Are there any abnormalities in the image? Check all that are present.,ulcerative colitis,cla820gn5s6l3071ugdoc9ujy,are there any abnormalities in the image check all that are present,Yes/No,Token,Are there any abnormalities in the image? Check all that are present. ulcerative colitis,Token,Token
Ulcerative Colitis,Have all polyps been removed?,not relevant,cla820glts4xn071u7oh30ira,have all polyps been removed,Yes/No,Token,Have all polyps been removed? not relevant,Token,Token
Ulcerative Colitis,Is there text?,yes,cla820gm4s5ab071u7i219k5t,is there text,Yes/No,Yes/No,Is there text? yes,Yes/No,Yes/No
Ulcerative Colitis,Are there any instruments in the image? Check all that are present.,none,cla820gmls5xr071uhyv8887o,are there any instruments in the image check all that are present,Yes/No,None/NA,Are there any instruments in the image? Check all that are present. none,None/NA,None/NA
Ulcerative Colitis,Are there any instruments in the image? Check all that are present.,none,cla820glps4sr071u1o199ajk,are there any instruments in the image check all that are present,Yes/No,None/NA,Are there any instruments in the image? Check all that are present. none,None/NA,None/NA
Ulcerative Colitis,Where in the image is the anatomical landmark?,none,cla820gljs4kz071uaa8h1tjs,where in the image is the anatomical landmark,Location,None/NA,Where in the image is the anatomical landmark? none,None/NA,None/NA
Ulcerative Colitis,How many polyps are in the image?,0,cla820gmys6g3071ubra6dfgr,how many polyps are in the image,Counting,Numeric,How many polyps are in the image? 0,Numeric,Numeric
Ulcerative Colitis,Where in the image is the abnormality?,center; center-left; center-right; lower-center; lower-left; lower-right; upper-center; upper-left; upper-right,cla820gm8s5ev071uda60flrc,where in the image is the abnormality,Location,List,Where in the image is the abnormality? center; center-left; center-right; lower-center; lower-left; lower-right; upper-center; upper-left; upper-right,List,List
Ulcerative Colitis,What type of procedure is the image taken from?,colonoscopy,cla820gmws6cv071uextx3dk4,what type of procedure is the image taken from,Entity,Token,What type of procedure is the image taken from? colonoscopy,Token,Token
Ulcerative Colitis,Are there any abnormalities in the image? Check all that are present.,ulcerative colitis,cla820gm4s59r071u3r8o1qbf,are there any abnormalities in the image check all that are present,Yes/No,Token,Are there any abnormalities in the image? Check all that are present. ulcerative colitis,Token,Token
Ulcerative Colitis,Are there any anatomical landmarks in the image? Check all that are present.,none,cla820gm9s5gj071udvwndv0s,are there any anatomical landmarks in the image check all that are present,Yes/No,None/NA,Are there any anatomical landmarks in the image? Check all that are present. none,None/NA,None/NA
Ulcerative Colitis,How many instrumnets are in the image?,0,cla820glis4ij071uf0lhhgr8,how many instrumnets are in the image,Counting,Numeric,How many instrumnets are in the image? 0,Numeric,Numeric
Ulcerative Colitis,How many findings are present?,1,cla820gles4b7071u3ryl9tjq,how many findings are present,Counting,Numeric,How many findings are present? 1,Numeric,Numeric
Ulcerative Colitis,What is the size of the polyp?,none,cla820glos4qn071u5xdug8zw,what is the size of the polyp,Entity,None/NA,What is the size of the polyp? none,None/NA,None/NA
Ulcerative Colitis,What type of polyp is present?,none,cla820gm3s59n071u5g9p1bll,what type of polyp is present,Entity,None/NA,What type of polyp is present? none,None/NA,None/NA
Ulcerative Colitis,Are there any anatomical landmarks in the image? Check all that are present.,none,cla820gl6s3xz071ubrzzdd9a,are there any anatomical landmarks in the image check all that are present,Yes/No,None/NA,Are there any anatomical landmarks in the image? Check all that are present. none,None/NA,None/NA
Ulcerative Colitis,How many instrumnets are in the image?,0,cla820gl4s3u7071u1ccm7nxt,how many instrumnets are in the image,Counting,Numeric,How many instrumnets are in the image? 0,Numeric,Numeric
Ulcerative Colitis,What type of procedure is the image taken from?,colonoscopy,cla820gmts68r071u3rz09961,what type of procedure is the image taken from,Entity,Token,What type of procedure is the image taken from? colonoscopy,Token,Token
Ulcerative Colitis,Is there text?,yes,cla820gn5s6k7071ua3bs0lo1,is there text,Yes/No,Yes/No,Is there text? yes,Yes/No,Yes/No
Ulcerative Colitis,Where in the image is the instrument?,none,cla820glus4z7071u8ibo003f,where in the image is the instrument,Location,None/NA,Where in the image is the instrument? none,None/NA,None/NA
Ulcerative Colitis,What color is the abnormality? If more than one separate with ;,pink; red; white; yellow,cla820gl5s3vv071u18ipbr2h,what color is the abnormality if more than one separate with,Color,List,What color is the abnormality? If more than one separate with ; pink; red; white; yellow,List,List
Ulcerative Colitis,What is the size of the polyp?,none,cla820gljs4l3071u9i3o4zmr,what is the size of the polyp,Entity,None/NA,What is the size of the polyp? none,None/NA,None/NA
Ulcerative Colitis,Are there any instruments in the image? Check all that are present.,none,cla820gmos62f071ubes021vi,are there any instruments in the image check all that are present,Yes/No,None/NA,Are there any instruments in the image? Check all that are present. none,None/NA,None/NA
Ulcerative Colitis,Is there text?,yes,cla820glds4aj071u7k0ec1xd,is there text,Yes/No,Yes/No,Is there text? yes,Yes/No,Yes/No
Ulcerative Colitis,Is this finding easy to detect?,yes,cla820gmhs5r3071u9kex46xk,is this finding easy to detect,Yes/No,Yes/No,Is this finding easy to detect? yes,Yes/No,Yes/No
Ulcerative Colitis,Where in the image is the instrument?,none,cla820gmis5tf071u3h5cde18,where in the image is the instrument,Location,None/NA,Where in the image is the instrument? none,None/NA,None/NA
Ulcerative Colitis,How many instrumnets are in the image?,0,cla820gm1s56z071uejuucfjw,how many instrumnets are in the image,Counting,Numeric,How many instrumnets are in the image? 0,Numeric,Numeric
Ulcerative Colitis,Are there any abnormalities in the image? Check all that are present.,ulcerative colitis,cla820gl6s3xv071u8lpe4sj3,are there any abnormalities in the image check all that are present,Yes/No,Token,Are there any abnormalities in the image? Check all that are present. ulcerative colitis,Token,Token
Ulcerative Colitis,Have all polyps been removed?,not relevant,cla820gmos627071uc11qby84,have all polyps been removed,Yes/No,Token,Have all polyps been removed? not relevant,Token,Token
Ulcerative Colitis,Where in the image is the abnormality?,center; center-left; center-right; lower-center; lower-left; lower-right; upper-center; upper-left; upper-right,cla820glvs50f071ufkhtf8we,where in the image is the abnormality,Location,List,Where in the image is the abnormality? center; center-left; center-right; lower-center; lower-left; lower-right; upper-center; upper-left; upper-right,List,List
Ulcerative Colitis,What type of procedure is the image taken from?,colonoscopy,cla820gmjs5tr071ugp0l1tsm,what type of procedure is the image taken from,Entity,Token,What type of procedure is the image taken from? colonoscopy,Token,Token
Ulcerative Colitis,Are there any abnormalities in the image? Check all that are present.,ulcerative colitis,cla820gmzs6gv071u5m461t7v,are there any abnormalities in the image check all that are present,Yes/No,Token,Are there any abnormalities in the image? Check all that are present. ulcerative colitis,Token,Token
Ulcerative Colitis,Where in the image is the anatomical landmark?,none,cla820gmvs6bj071u6anxd2pj,where in the image is the anatomical landmark,Location,None/NA,Where in the image is the anatomical landmark? none,None/NA,None/NA
Ulcerative Colitis,Where in the image is the instrument?,none,cla820gn5s6lr071u6oieammx,where in the image is the instrument,Location,None/NA,Where in the image is the instrument? none,None/NA,None/NA
Ulcerative Colitis,What is the size of the polyp?,none,cla820glws51j071ubeeebxf0,what is the size of the polyp,Entity,None/NA,What is the size of the polyp? none,None/NA,None/NA
Ulcerative Colitis,Where in the image is the abnormality?,center; center-left; center-right; lower-center; lower-left; lower-right; upper-center; upper-left; upper-right,cla820gmss677071u0i2h5sav,where in the image is the abnormality,Location,List,Where in the image is the abnormality? center; center-left; center-right; lower-center; lower-left; lower-right; upper-center; upper-left; upper-right,List,List
Ulcerative Colitis,Is this finding easy to detect?,yes,cla820gmks5wv071u35op55hi,is this finding easy to detect,Yes/No,Yes/No,Is this finding easy to detect? yes,Yes/No,Yes/No
Ulcerative Colitis,Is there text?,yes,cla820glus4yn071uhk5o6ktu,is there text,Yes/No,Yes/No,Is there text? yes,Yes/No,Yes/No
Ulcerative Colitis,How many instrumnets are in the image?,0,cla820gmhs5rr071u3ba0f0er,how many instrumnets are in the image,Counting,Numeric,How many instrumnets are in the image? 0,Numeric,Numeric
Ulcerative Colitis,What type of polyp is present?,none,cla820gm0s567071u1ep0fwvf,what type of polyp is present,Entity,None/NA,What type of polyp is present? none,None/NA,None/NA
Ulcerative Colitis,Is this finding easy to detect?,yes,cla820glis4ib071u1i14a7ce,is this finding easy to detect,Yes/No,Yes/No,Is this finding easy to detect? yes,Yes/No,Yes/No
Ulcerative Colitis,Are there any abnormalities in the image? Check all that are present.,ulcerative colitis,cla820gm4s5an071u7a4o4mv5,are there any abnormalities in the image check all that are present,Yes/No,Token,Are there any abnormalities in the image? Check all that are present. ulcerative colitis,Token,Token
Ulcerative Colitis,How many instrumnets are in the image?,0,cla820gmhs5qn071u9bmz8gwt,how many instrumnets are in the image,Counting,Numeric,How many instrumnets are in the image? 0,Numeric,Numeric
Ulcerative Colitis,What is the size of the polyp?,none,cla820glus4yf071ufp7e4p4s,what is the size of the polyp,Entity,None/NA,What is the size of the polyp? none,None/NA,None/NA
Ulcerative Colitis,Are there any instruments in the image? Check all that are present.,none,cla820gl9s43r071u6vs31s5s,are there any instruments in the image check all that are present,Yes/No,None/NA,Are there any instruments in the image? Check all that are present. none,None/NA,None/NA
Ulcerative Colitis,What type of procedure is the image taken from?,colonoscopy,cla820gl7s407071u0j1bd6ly,what type of procedure is the image taken from,Entity,Token,What type of procedure is the image taken from? colonoscopy,Token,Token
Ulcerative Colitis,Are there any anatomical landmarks in the image? Check all that are present.,none,cla820gmzs6h7071u78aw3et5,are there any anatomical landmarks in the image check all that are present,Yes/No,None/NA,Are there any anatomical landmarks in the image? Check all that are present. none,None/NA,None/NA
Ulcerative Colitis,How many polyps are in the image?,0,cla820gn5s6kb071u2tupfhco,how many polyps are in the image,Counting,Numeric,How many polyps are in the image? 0,Numeric,Numeric
Ulcerative Colitis,Are there any anatomical landmarks in the image? Check all that are present.,none,cla820glxs527071u2rngfl7r,are there any anatomical landmarks in the image check all that are present,Yes/No,None/NA,Are there any anatomical landmarks in the image? Check all that are present. none,None/NA,None/NA
Ulcerative Colitis,What type of procedure is the image taken from?,colonoscopy,cla820gmes5mj071u01y7gh34,what type of procedure is the image taken from,Entity,Token,What type of procedure is the image taken from? colonoscopy,Token,Token
Ulcerative Colitis,Are there any abnormalities in the image? Check all that are present.,ulcerative colitis,cla820gles4bj071u6rxicrf7,are there any abnormalities in the image check all that are present,Yes/No,Token,Are there any abnormalities in the image? Check all that are present. ulcerative colitis,Token,Token
Ulcerative Colitis,Is there text?,yes,cla820glzs547071udexh8064,is there text,Yes/No,Yes/No,Is there text? yes,Yes/No,Yes/No
Ulcerative Colitis,What is the size of the polyp?,none,cla820glrs4uv071u49oceotk,what is the size of the polyp,Entity,None/NA,What is the size of the polyp? none,None/NA,None/NA
Ulcerative Colitis,What type of polyp is present?,none,cla820glls4mb071uflw5cath,what type of polyp is present,Entity,None/NA,What type of polyp is present? none,None/NA,None/NA
Ulcerative Colitis,What type of polyp is present?,none,cla820gmas5if071uey8f56yv,what type of polyp is present,Entity,None/NA,What type of polyp is present? none,None/NA,None/NA
Ulcerative Colitis,Where in the image is the abnormality?,center; center-left; center-right; lower-center; lower-left; lower-right; upper-center; upper-left; upper-right,cla820gmrs66r071u8n7g1xdn,where in the image is the abnormality,Location,List,Where in the image is the abnormality? center; center-left; center-right; lower-center; lower-left; lower-right; upper-center; upper-left; upper-right,List,List
Ulcerative Colitis,Is there text?,yes,cla820glys53j071u5tsm31dz,is there text,Yes/No,Yes/No,Is there text? yes,Yes/No,Yes/No
Ulcerative Colitis,How many instrumnets are in the image?,0,cla820glis4jb071u9dny0zkz,how many instrumnets are in the image,Counting,Numeric,How many instrumnets are in the image? 0,Numeric,Numeric
Ulcerative Colitis,Is there a green/black box artefact?,no,cla820gl8s423071u90jodevy,is there a green black box artefact,Yes/No,Yes/No,Is there a green/black box artefact? no,Yes/No,Yes/No
Ulcerative Colitis,What type of polyp is present?,none,cla820gn5s6kf071u3m1g4b7i,what type of polyp is present,Entity,None/NA,What type of polyp is present? none,None/NA,None/NA
Ulcerative Colitis,What color is the abnormality? If more than one separate with ;,pink; red,cla820gl1s3or071udurk9106,what color is the abnormality if more than one separate with,Color,List,What color is the abnormality? If more than one separate with ; pink; red,List,List
Ulcerative Colitis,Is this finding easy to detect?,yes,cla820gn7s6nn071u689g17m8,is this finding easy to detect,Yes/No,Yes/No,Is this finding easy to detect? yes,Yes/No,Yes/No
Ulcerative Colitis,What type of procedure is the image taken from?,colonoscopy,cla820gl9s43b071u1unh2a0t,what type of procedure is the image taken from,Entity,Token,What type of procedure is the image taken from? colonoscopy,Token,Token
Ulcerative Colitis,What type of polyp is present?,none,cla820glgs4ef071uc71f2gdf,what type of polyp is present,Entity,None/NA,What type of polyp is present? none,None/NA,None/NA
Ulcerative Colitis,Where in the image is the instrument?,none,cla820gmjs5uv071uahbr8usm,where in the image is the instrument,Location,None/NA,Where in the image is the instrument? none,None/NA,None/NA
Ulcerative Colitis,Where in the image is the instrument?,none,cla820glgs4ev071u2jy8d6d0,where in the image is the instrument,Location,None/NA,Where in the image is the instrument? none,None/NA,None/NA
Ulcerative Colitis,Where in the image is the abnormality?,center; center-left; center-right; lower-center; lower-left; lower-right; upper-center; upper-left; upper-right,cla820gl5s3vb071u5qsbatev,where in the image is the abnormality,Location,List,Where in the image is the abnormality? center; center-left; center-right; lower-center; lower-left; lower-right; upper-center; upper-left; upper-right,List,List
Ulcerative Colitis,How many instrumnets are in the image?,0,cla820glgs4f3071u9cuffv0z,how many instrumnets are in the image,Counting,Numeric,How many instrumnets are in the image? 0,Numeric,Numeric
Ulcerative Colitis,Have all polyps been removed?,not relevant,cla820gm0s567071u1ep0fwvf,have all polyps been removed,Yes/No,Token,Have all polyps been removed? not relevant,Token,Token
Ulcerative Colitis,Where in the image is the abnormality?,center; center-left; center-right; lower-center; lower-left; lower-right; upper-center; upper-left; upper-right,cla820gn4s6iz071ubcq6d2mi,where in the image is the abnormality,Location,List,Where in the image is the abnormality? center; center-left; center-right; lower-center; lower-left; lower-right; upper-center; upper-left; upper-right,List,List
Ulcerative Colitis,Is there text?,yes,cla820glcs47v071u0n7i11qa,is there text,Yes/No,Yes/No,Is there text? yes,Yes/No,Yes/No
Ulcerative Colitis,Where in the image is the anatomical landmark?,none,cla820gm9s5gv071ucr51e9hs,where in the image is the anatomical landmark,Location,None/NA,Where in the image is the anatomical landmark? none,None/NA,None/NA
Ulcerative Colitis,Is there a green/black box artefact?,yes,cla820gn4s6jr071uco5u8wbg,is there a green black box artefact,Yes/No,Yes/No,Is there a green/black box artefact? yes,Yes/No,Yes/No
Ulcerative Colitis,How many findings are present?,1,cla820glws51f071u3fvq7lru,how many findings are present,Counting,Numeric,How many findings are present? 1,Numeric,Numeric
Ulcerative Colitis,How many instrumnets are in the image?,0,cla820glhs4gz071u8nte4r4w,how many instrumnets are in the image,Counting,Numeric,How many instrumnets are in the image? 0,Numeric,Numeric
Ulcerative Colitis,How many findings are present?,1,cla820glis4ib071u1i14a7ce,how many findings are present,Counting,Numeric,How many findings are present? 1,Numeric,Numeric
Ulcerative Colitis,What type of procedure is the image taken from?,colonoscopy,cla820glgs4ff071u8us5dw3j,what type of procedure is the image taken from,Entity,Token,What type of procedure is the image taken from? colonoscopy,Token,Token
Ulcerative Colitis,How many findings are present?,1,cla820gmws6dn071u3rb67z6t,how many findings are present,Counting,Numeric,How many findings are present? 1,Numeric,Numeric
Ulcerative Colitis,Where in the image is the abnormality?,center; center-left; center-right; lower-center; lower-left; lower-right; upper-center; upper-left; upper-right,cla820glrs4vb071u5cwo55c1,where in the image is the abnormality,Location,List,Where in the image is the abnormality? center; center-left; center-right; lower-center; lower-left; lower-right; upper-center; upper-left; upper-right,List,List
Ulcerative Colitis,Where in the image is the anatomical landmark?,none,cla820gn9s6qr071u7jpp60l3,where in the image is the anatomical landmark,Location,None/NA,Where in the image is the anatomical landmark? none,None/NA,None/NA
Ulcerative Colitis,Is this finding easy to detect?,no,cla820gm5s5bb071u0cc7gqjg,is this finding easy to detect,Yes/No,Yes/No,Is this finding easy to detect? no,Yes/No,Token
Ulcerative Colitis,What type of polyp is present?,none,cla820gmcs5kf071uct5r5v2n,what type of polyp is present,Entity,None/NA,What type of polyp is present? none,None/NA,None/NA
Ulcerative Colitis,Where in the image is the abnormality?,center; center-left; center-right; lower-center; lower-left; lower-right; upper-center; upper-left; upper-right,cla820glfs4e7071u35tje04s,where in the image is the abnormality,Location,List,Where in the image is the abnormality? center; center-left; center-right; lower-center; lower-left; lower-right; upper-center; upper-left; upper-right,List,List
Ulcerative Colitis,What color is the abnormality? If more than one separate with ;,pink; red; white; yellow,cla820glxs52f071u5huf69gh,what color is the abnormality if more than one separate with,Color,List,What color is the abnormality? If more than one separate with ; pink; red; white; yellow,List,List
Ulcerative Colitis,Is there text?,yes,cla820gl6s3yb071u4x8bg1hq,is there text,Yes/No,Yes/No,Is there text? yes,Yes/No,Yes/No
Ulcerative Colitis,What type of polyp is present?,none,cla820glfs4d7071u447u26s7,what type of polyp is present,Entity,None/NA,What type of polyp is present? none,None/NA,None/NA
Ulcerative Colitis,Is this finding easy to detect?,yes,cla820glss4w7071u3x1d69h6,is this finding easy to detect,Yes/No,Yes/No,Is this finding easy to detect? yes,Yes/No,Yes/No
Ulcerative Colitis,Are there any instruments in the image? Check all that are present.,none,cla820glis4jb071u9dny0zkz,are there any instruments in the image check all that are present,Yes/No,None/NA,Are there any instruments in the image? Check all that are present. none,None/NA,None/NA
Ulcerative Colitis,How many findings are present?,1,cla820gn4s6j3071ub2uiei3q,how many findings are present,Counting,Numeric,How many findings are present? 1,Numeric,Numeric
Ulcerative Colitis,Where in the image is the instrument?,none,cla820glbs46z071ue1ct0nh8,where in the image is the instrument,Location,None/NA,Where in the image is the instrument? none,None/NA,None/NA
Ulcerative Colitis,What type of procedure is the image taken from?,colonoscopy,cla820glms4o7071udkoj0vl4,what type of procedure is the image taken from,Entity,Token,What type of procedure is the image taken from? colonoscopy,Token,Token
Ulcerative Colitis,Where in the image is the abnormality?,center; center-left; center-right; lower-center; lower-left; lower-right; upper-center; upper-left; upper-right,cla820gmws6df071uc7su0g06,where in the image is the abnormality,Location,List,Where in the image is the abnormality? center; center-left; center-right; lower-center; lower-left; lower-right; upper-center; upper-left; upper-right,List,List
Ulcerative Colitis,Are there any abnormalities in the image? Check all that are present.,ulcerative colitis,cla820gl4s3tr071u12w3g0nk,are there any abnormalities in the image check all that are present,Yes/No,Token,Are there any abnormalities in the image? Check all that are present. ulcerative colitis,Token,Token
Ulcerative Colitis,What type of polyp is present?,none,cla820glgs4fn071u5ifkd24r,what type of polyp is present,Entity,None/NA,What type of polyp is present? none,None/NA,None/NA
Ulcerative Colitis,What color is the abnormality? If more than one separate with ;,pink; red,cla820gmps647071u1ctnfhp0,what color is the abnormality if more than one separate with,Color,List,What color is the abnormality? If more than one separate with ; pink; red,List,List
Ulcerative Colitis,What type of polyp is present?,none,cla820gmbs5in071u7b4zc3oz,what type of polyp is present,Entity,None/NA,What type of polyp is present? none,None/NA,None/NA
Ulcerative Colitis,Are there any instruments in the image? Check all that are present.,none,cla820gmms60b071uh0x1b2mr,are there any instruments in the image check all that are present,Yes/No,None/NA,Are there any instruments in the image? Check all that are present. none,None/NA,None/NA
Ulcerative Colitis,Is this finding easy to detect?,yes,cla820gl8s40j071u4rhhc5an,is this finding easy to detect,Yes/No,Yes/No,Is this finding easy to detect? yes,Yes/No,Yes/No
Ulcerative Colitis,Is there text?,yes,cla820gmys6gb071u28r049um,is there text,Yes/No,Yes/No,Is there text? yes,Yes/No,Yes/No
Ulcerative Colitis,What type of procedure is the image taken from?,colonoscopy,cla820glds497071u4nznh6kl,what type of procedure is the image taken from,Entity,Token,What type of procedure is the image taken from? colonoscopy,Token,Token
Ulcerative Colitis,Are there any anatomical landmarks in the image? Check all that are present.,none,cla820glos4qz071u3xorao72,are there any anatomical landmarks in the image check all that are present,Yes/No,None/NA,Are there any anatomical landmarks in the image? Check all that are present. none,None/NA,None/NA
Ulcerative Colitis,Is this finding easy to detect?,yes,cla820glys53r071ub64d5s10,is this finding easy to detect,Yes/No,Yes/No,Is this finding easy to detect? yes,Yes/No,Yes/No
Ulcerative Colitis,How many instrumnets are in the image?,0,cla820glms4ov071uase2f3kh,how many instrumnets are in the image,Counting,Numeric,How many instrumnets are in the image? 0,Numeric,Numeric
Ulcerative Colitis,Is there text?,yes,cla820gmys6f3071u1oh36llx,is there text,Yes/No,Yes/No,Is there text? yes,Yes/No,Yes/No
Ulcerative Colitis,Are there any instruments in the image? Check all that are present.,none,cla820glus4z3071uhi6tfu56,are there any instruments in the image check all that are present,Yes/No,None/NA,Are there any instruments in the image? Check all that are present. none,None/NA,None/NA
Ulcerative Colitis,Where in the image is the instrument?,none,cla820glts4xv071ufq9pdvhl,where in the image is the instrument,Location,None/NA,Where in the image is the instrument? none,None/NA,None/NA
Ulcerative Colitis,How many findings are present?,1,cla820gmls5yb071ugt229jm2,how many findings are present,Counting,Numeric,How many findings are present? 1,Numeric,Numeric
Ulcerative Colitis,How many polyps are in the image?,0,cla820gm4s59z071uc73c9xe5,how many polyps are in the image,Counting,Numeric,How many polyps are in the image? 0,Numeric,Numeric
Ulcerative Colitis,Is there text?,no,cla820glrs4vf071u1j3n0v9l,is there text,Yes/No,Yes/No,Is there text? no,Yes/No,Yes/No
Ulcerative Colitis,Where in the image is the abnormality?,center; center-left; center-right; lower-center; lower-left; lower-right; upper-center; upper-left; upper-right,cla820gmms607071udo435157,where in the image is the abnormality,Location,List,Where in the image is the abnormality? center; center-left; center-right; lower-center; lower-left; lower-right; upper-center; upper-left; upper-right,List,List
Ulcerative Colitis,Where in the image is the abnormality?,center; center-left; center-right; lower-center; lower-left; lower-right; upper-center; upper-left; upper-right,cla820glis4jb071u9dny0zkz,where in the image is the abnormality,Location,List,Where in the image is the abnormality? center; center-left; center-right; lower-center; lower-left; lower-right; upper-center; upper-left; upper-right,List,List
Ulcerative Colitis,How many polyps are in the image?,0,cla820gmfs5oj071u095r5i8n,how many polyps are in the image,Counting,Numeric,How many polyps are in the image? 0,Numeric,Numeric
Ulcerative Colitis,What type of procedure is the image taken from?,colonoscopy,cla820gl4s3uv071u4pdi22dx,what type of procedure is the image taken from,Entity,Token,What type of procedure is the image taken from? colonoscopy,Token,Token
Ulcerative Colitis,Have all polyps been removed?,not relevant,cla820glps4rv071u8ch490cp,have all polyps been removed,Yes/No,Token,Have all polyps been removed? not relevant,Token,Token
Ulcerative Colitis,What type of procedure is the image taken from?,colonoscopy,cla820glgs4fv071uf4ux93ks,what type of procedure is the image taken from,Entity,Token,What type of procedure is the image taken from? colonoscopy,Token,Token
Ulcerative Colitis,Where in the image is the abnormality?,center; center-left; center-right; lower-center; lower-left; lower-right; upper-center; upper-left; upper-right,cla820gmfs5on071u38ap5a7s,where in the image is the abnormality,Location,List,Where in the image is the abnormality? center; center-left; center-right; lower-center; lower-left; lower-right; upper-center; upper-left; upper-right,List,List
Ulcerative Colitis,Is there a green/black box artefact?,no,cla820gl1s3on071u1e7gbeh0,is there a green black box artefact,Yes/No,Yes/No,Is there a green/black box artefact? no,Yes/No,Yes/No
Ulcerative Colitis,Is this finding easy to detect?,yes,cla820gl6s3xv071u8lpe4sj3,is this finding easy to detect,Yes/No,Yes/No,Is this finding easy to detect? yes,Yes/No,Yes/No
Ulcerative Colitis,Where in the image is the instrument?,none,cla820gmts69b071uhpl3dyhl,where in the image is the instrument,Location,None/NA,Where in the image is the instrument? none,None/NA,None/NA
Ulcerative Colitis,Where in the image is the instrument?,none,cla820gm2s58j071udmuf4j00,where in the image is the instrument,Location,None/NA,Where in the image is the instrument? none,None/NA,None/NA
Ulcerative Colitis,What color is the abnormality? If more than one separate with ;,pink; red; white,cla820glfs4e3071ucwo1fphn,what color is the abnormality if more than one separate with,Color,List,What color is the abnormality? If more than one separate with ; pink; red; white,List,List
Ulcerative Colitis,What type of procedure is the image taken from?,colonoscopy,cla820glbs46b071u209906at,what type of procedure is the image taken from,Entity,Token,What type of procedure is the image taken from? colonoscopy,Token,Token
Ulcerative Colitis,Are there any abnormalities in the image? Check all that are present.,ulcerative colitis,cla820glhs4gv071uhfx8hwoo,are there any abnormalities in the image check all that are present,Yes/No,Token,Are there any abnormalities in the image? Check all that are present. ulcerative colitis,Token,Token
Ulcerative Colitis,Are there any abnormalities in the image? Check all that are present.,ulcerative colitis,cla820gl7s407071u0j1bd6ly,are there any abnormalities in the image check all that are present,Yes/No,Token,Are there any abnormalities in the image? Check all that are present. ulcerative colitis,Token,Token
Ulcerative Colitis,Have all polyps been removed?,not relevant,cla820gmgs5pz071u1iikahxn,have all polyps been removed,Yes/No,Token,Have all polyps been removed? not relevant,Token,Token
Ulcerative Colitis,What is the size of the polyp?,none,cla820glgs4ej071u4bkd4px4,what is the size of the polyp,Entity,None/NA,What is the size of the polyp? none,None/NA,None/NA
Ulcerative Colitis,Is this finding easy to detect?,yes,cla820gn5s6l3071ugdoc9ujy,is this finding easy to detect,Yes/No,Yes/No,Is this finding easy to detect? yes,Yes/No,Yes/No
Ulcerative Colitis,Have all polyps been removed?,not relevant,cla820gl9s42z071uhd2r9pt1,have all polyps been removed,Yes/No,Token,Have all polyps been removed? not relevant,Token,Token
Ulcerative Colitis,Are there any abnormalities in the image? Check all that are present.,ulcerative colitis,cla820glhs4gb071u0lgxbuwy,are there any abnormalities in the image check all that are present,Yes/No,Token,Are there any abnormalities in the image? Check all that are present. ulcerative colitis,Token,Token
Ulcerative Colitis,What type of polyp is present?,none,cla820gm8s5ev071uda60flrc,what type of polyp is present,Entity,None/NA,What type of polyp is present? none,None/NA,None/NA
Ulcerative Colitis,Where in the image is the anatomical landmark?,none,cla820glms4ob071ueeum7crv,where in the image is the anatomical landmark,Location,None/NA,Where in the image is the anatomical landmark? none,None/NA,None/NA
Ulcerative Colitis,What type of procedure is the image taken from?,colonoscopy,cla820gm6s5c7071u8qxfg8mk,what type of procedure is the image taken from,Entity,Token,What type of procedure is the image taken from? colonoscopy,Token,Token
Ulcerative Colitis,What type of polyp is present?,none,cla820glps4t7071u9hr68bum,what type of polyp is present,Entity,None/NA,What type of polyp is present? none,None/NA,None/NA
Ulcerative Colitis,How many instrumnets are in the image?,0,cla820glis4ir071u2kjr3vd4,how many instrumnets are in the image,Counting,Numeric,How many instrumnets are in the image? 0,Numeric,Numeric
Ulcerative Colitis,Where in the image is the instrument?,lower-center; lower-right,cla820gm0s55j071u4btx7fzh,where in the image is the instrument,Location,List,Where in the image is the instrument? lower-center; lower-right,List,List
Ulcerative Colitis,What type of polyp is present?,none,cla820gl4s3uj071u8so1gxth,what type of polyp is present,Entity,None/NA,What type of polyp is present? none,None/NA,None/NA
Ulcerative Colitis,What type of polyp is present?,none,cla820gljs4k3071u70un91au,what type of polyp is present,Entity,None/NA,What type of polyp is present? none,None/NA,None/NA
Ulcerative Colitis,What type of procedure is the image taken from?,colonoscopy,cla820gn2s6hv071u3e0j24qo,what type of procedure is the image taken from,Entity,Token,What type of procedure is the image taken from? colonoscopy,Token,Token
Ulcerative Colitis,Are there any instruments in the image? Check all that are present.,none,cla820gl4s3u7071u1ccm7nxt,are there any instruments in the image check all that are present,Yes/No,None/NA,Are there any instruments in the image? Check all that are present. none,None/NA,None/NA
Ulcerative Colitis,What type of polyp is present?,none,cla820gl7s3z3071u90yh7f7r,what type of polyp is present,Entity,None/NA,What type of polyp is present? none,None/NA,None/NA
Ulcerative Colitis,What type of polyp is present?,none,cla820glus4yj071udps24xeu,what type of polyp is present,Entity,None/NA,What type of polyp is present? none,None/NA,None/NA
Ulcerative Colitis,How many instrumnets are in the image?,0,cla820gmas5if071uey8f56yv,how many instrumnets are in the image,Counting,Numeric,How many instrumnets are in the image? 0,Numeric,Numeric
Ulcerative Colitis,What type of polyp is present?,none,cla820gn4s6jn071uaxcb24w9,what type of polyp is present,Entity,None/NA,What type of polyp is present? none,None/NA,None/NA
Ulcerative Colitis,Is there a green/black box artefact?,yes,cla820glhs4gr071u8ww4c6gf,is there a green black box artefact,Yes/No,Yes/No,Is there a green/black box artefact? yes,Yes/No,Yes/No
Ulcerative Colitis,What color is the abnormality? If more than one separate with ;,pink; red,cla820glfs4db071u3kfi3wqj,what color is the abnormality if more than one separate with,Color,List,What color is the abnormality? If more than one separate with ; pink; red,List,List
Ulcerative Colitis,Is this finding easy to detect?,no,cla820glus4z7071u8ibo003f,is this finding easy to detect,Yes/No,Yes/No,Is this finding easy to detect? no,Yes/No,Token
Ulcerative Colitis,Have all polyps been removed?,not relevant,cla820gl6s3xz071ubrzzdd9a,have all polyps been removed,Yes/No,Token,Have all polyps been removed? not relevant,Token,Token
Ulcerative Colitis,What type of polyp is present?,none,cla820gl6s3y3071u6gxs1pgc,what type of polyp is present,Entity,None/NA,What type of polyp is present? none,None/NA,None/NA
Ulcerative Colitis,Are there any instruments in the image? Check all that are present.,none,cla820glfs4cj071u5kek6b66,are there any instruments in the image check all that are present,Yes/No,None/NA,Are there any instruments in the image? Check all that are present. none,None/NA,None/NA
Ulcerative Colitis,Are there any anatomical landmarks in the image? Check all that are present.,cecum,cla820gmms5zj071u3igl0m5n,are there any anatomical landmarks in the image check all that are present,Yes/No,Token,Are there any anatomical landmarks in the image? Check all that are present. cecum,Token,Token
Ulcerative Colitis,What type of polyp is present?,none,cla820glvs50f071ufkhtf8we,what type of polyp is present,Entity,None/NA,What type of polyp is present? none,None/NA,None/NA
Ulcerative Colitis,Are there any abnormalities in the image? Check all that are present.,ulcerative colitis,cla820glps4sf071u3ckud9nv,are there any abnormalities in the image check all that are present,Yes/No,Token,Are there any abnormalities in the image? Check all that are present. ulcerative colitis,Token,Token
Ulcerative Colitis,Are there any abnormalities in the image? Check all that are present.,ulcerative colitis,cla820gmqs65j071u3fib56er,are there any abnormalities in the image check all that are present,Yes/No,Token,Are there any abnormalities in the image? Check all that are present. ulcerative colitis,Token,Token
Ulcerative Colitis,Are there any anatomical landmarks in the image? Check all that are present.,none,cla820gmrs66b071u9rag0g8i,are there any anatomical landmarks in the image check all that are present,Yes/No,None/NA,Are there any anatomical landmarks in the image? Check all that are present. none,None/NA,None/NA
Ulcerative Colitis,Is there a green/black box artefact?,no,cla820glys53b071u411hdznp,is there a green black box artefact,Yes/No,Yes/No,Is there a green/black box artefact? no,Yes/No,Yes/No
Ulcerative Colitis,How many polyps are in the image?,0,cla820gmhs5qn071u9bmz8gwt,how many polyps are in the image,Counting,Numeric,How many polyps are in the image? 0,Numeric,Numeric
Ulcerative Colitis,Is this finding easy to detect?,yes,cla820gl5s3wn071ua5gg1mx6,is this finding easy to detect,Yes/No,Yes/No,Is this finding easy to detect? yes,Yes/No,Yes/No
Ulcerative Colitis,What color is the abnormality? If more than one separate with ;,pink; red; yellow; black,cla820gmis5sb071u1rhdgg2r,what color is the abnormality if more than one separate with,Color,List,What color is the abnormality? If more than one separate with ; pink; red; yellow; black,List,List
Ulcerative Colitis,What type of polyp is present?,none,cla820gmhs5rv071uhnuicypm,what type of polyp is present,Entity,None/NA,What type of polyp is present? none,None/NA,None/NA
Ulcerative Colitis,How many instrumnets are in the image?,0,cla820gm5s5br071uapqa4zrj,how many instrumnets are in the image,Counting,Numeric,How many instrumnets are in the image? 0,Numeric,Numeric
Ulcerative Colitis,Are there any abnormalities in the image? Check all that are present.,ulcerative colitis,cla820gmts69r071u43ysgnkv,are there any abnormalities in the image check all that are present,Yes/No,Token,Are there any abnormalities in the image? Check all that are present. ulcerative colitis,Token,Token
Ulcerative Colitis,Where in the image is the anatomical landmark?,none,cla820glvs50f071ufkhtf8we,where in the image is the anatomical landmark,Location,None/NA,Where in the image is the anatomical landmark? none,None/NA,None/NA
Ulcerative Colitis,Are there any anatomical landmarks in the image? Check all that are present.,none,cla820glfs4dj071u1y9ba7ic,are there any anatomical landmarks in the image check all that are present,Yes/No,None/NA,Are there any anatomical landmarks in the image? Check all that are present. none,None/NA,None/NA
Ulcerative Colitis,Is this finding easy to detect?,yes,cla820gmls5y7071u6sa46fd2,is this finding easy to detect,Yes/No,Yes/No,Is this finding easy to detect? yes,Yes/No,Yes/No
Ulcerative Colitis,Are there any anatomical landmarks in the image? Check all that are present.,none,cla820gmvs6bf071uano0717m,are there any anatomical landmarks in the image check all that are present,Yes/No,None/NA,Are there any anatomical landmarks in the image? Check all that are present. none,None/NA,None/NA
Ulcerative Colitis,What is the size of the polyp?,none,cla820gl9s43b071u1unh2a0t,what is the size of the polyp,Entity,None/NA,What is the size of the polyp? none,None/NA,None/NA
Ulcerative Colitis,What type of polyp is present?,none,cla820gn3s6in071u7joec7ds,what type of polyp is present,Entity,None/NA,What type of polyp is present? none,None/NA,None/NA
Ulcerative Colitis,Where in the image is the abnormality?,center; center-left; center-right; lower-center; lower-left; lower-right; upper-center; upper-left; upper-right,cla820glws513071uc5v00me8,where in the image is the abnormality,Location,List,Where in the image is the abnormality? center; center-left; center-right; lower-center; lower-left; lower-right; upper-center; upper-left; upper-right,List,List
Ulcerative Colitis,What type of polyp is present?,none,cla820gmys6fn071uf4cp0f8g,what type of polyp is present,Entity,None/NA,What type of polyp is present? none,None/NA,None/NA
Ulcerative Colitis,Are there any instruments in the image? Check all that are present.,none,cla820glgs4fj071ugt8ohlwm,are there any instruments in the image check all that are present,Yes/No,None/NA,Are there any instruments in the image? Check all that are present. none,None/NA,None/NA
Ulcerative Colitis,Where in the image is the anatomical landmark?,none,cla820glns4q3071u6zhl5smg,where in the image is the anatomical landmark,Location,None/NA,Where in the image is the anatomical landmark? none,None/NA,None/NA
Ulcerative Colitis,Is this finding easy to detect?,yes,cla820gm6s5db071u99xohsru,is this finding easy to detect,Yes/No,Yes/No,Is this finding easy to detect? yes,Yes/No,Yes/No
Ulcerative Colitis,Have all polyps been removed?,not relevant,cla820gmhs5qn071u9bmz8gwt,have all polyps been removed,Yes/No,Token,Have all polyps been removed? not relevant,Token,Token
Ulcerative Colitis,How many findings are present?,1,cla820glvs507071u1r6khfwv,how many findings are present,Counting,Numeric,How many findings are present? 1,Numeric,Numeric
Ulcerative Colitis,Are there any instruments in the image? Check all that are present.,none,cla820glus4yr071ucrs636hg,are there any instruments in the image check all that are present,Yes/No,None/NA,Are there any instruments in the image? Check all that are present. none,None/NA,None/NA
Ulcerative Colitis,Where in the image is the instrument?,none,cla820glis4jr071u609j0v6b,where in the image is the instrument,Location,None/NA,Where in the image is the instrument? none,None/NA,None/NA
Ulcerative Colitis,How many findings are present?,1,cla820gm1s577071u0wnkg8sk,how many findings are present,Counting,Numeric,How many findings are present? 1,Numeric,Numeric
Ulcerative Colitis,Is this finding easy to detect?,yes,cla820glzs54n071u2ojhbs6l,is this finding easy to detect,Yes/No,Yes/No,Is this finding easy to detect? yes,Yes/No,Yes/No
Ulcerative Colitis,How many polyps are in the image?,0,cla820gmhs5rf071u2s5f90ry,how many polyps are in the image,Counting,Numeric,How many polyps are in the image? 0,Numeric,Numeric
Ulcerative Colitis,What type of procedure is the image taken from?,colonoscopy,cla820gmxs6e3071u2ioi80b5,what type of procedure is the image taken from,Entity,Token,What type of procedure is the image taken from? colonoscopy,Token,Token
Ulcerative Colitis,Is this finding easy to detect?,yes,cla820glys53b071u411hdznp,is this finding easy to detect,Yes/No,Yes/No,Is this finding easy to detect? yes,Yes/No,Yes/No
Ulcerative Colitis,How many polyps are in the image?,0,cla820glcs47n071uhm1ta3z8,how many polyps are in the image,Counting,Numeric,How many polyps are in the image? 0,Numeric,Numeric
Ulcerative Colitis,How many findings are present?,1,cla820gm3s59f071ucoov917k,how many findings are present,Counting,Numeric,How many findings are present? 1,Numeric,Numeric
Ulcerative Colitis,Where in the image is the abnormality?,center; center-left; center-right; lower-center; lower-left; lower-right; upper-center; upper-left; upper-right,cla820gmks5wn071u8uoz7uq7,where in the image is the abnormality,Location,List,Where in the image is the abnormality? center; center-left; center-right; lower-center; lower-left; lower-right; upper-center; upper-left; upper-right,List,List
Ulcerative Colitis,What is the size of the polyp?,none,cla820glws50v071u2l7oeiz3,what is the size of the polyp,Entity,None/NA,What is the size of the polyp? none,None/NA,None/NA
Ulcerative Colitis,What color is the abnormality? If more than one separate with ;,pink; white,cla820gmes5nn071u4li1c0zd,what color is the abnormality if more than one separate with,Color,List,What color is the abnormality? If more than one separate with ; pink; white,List,List
Ulcerative Colitis,How many polyps are in the image?,0,cla820glks4lr071u6gschk16,how many polyps are in the image,Counting,Numeric,How many polyps are in the image? 0,Numeric,Numeric
Ulcerative Colitis,Is there text?,yes,cla820gl2s3rr071u0d0f3piv,is there text,Yes/No,Yes/No,Is there text? yes,Yes/No,Yes/No
Ulcerative Colitis,What type of procedure is the image taken from?,colonoscopy,cla820glas447071u55ve4t2p,what type of procedure is the image taken from,Entity,Token,What type of procedure is the image taken from? colonoscopy,Token,Token
Ulcerative Colitis,How many polyps are in the image?,0,cla820glls4nb071u3qtv0ops,how many polyps are in the image,Counting,Numeric,How many polyps are in the image? 0,Numeric,Numeric
Ulcerative Colitis,Are there any anatomical landmarks in the image? Check all that are present.,cecum,cla820gmms5zr071ubsmqaxtm,are there any anatomical landmarks in the image check all that are present,Yes/No,Token,Are there any anatomical landmarks in the image? Check all that are present. cecum,Token,Token
Ulcerative Colitis,Is there a green/black box artefact?,yes,cla820gmjs5tz071u48f0gw74,is there a green black box artefact,Yes/No,Yes/No,Is there a green/black box artefact? yes,Yes/No,Yes/No
Ulcerative Colitis,Is there text?,yes,cla820gl4s3uf071u8jle90s0,is there text,Yes/No,Yes/No,Is there text? yes,Yes/No,Yes/No
Ulcerative Colitis,Is there a green/black box artefact?,no,cla820glvs4zj071uh60z79xm,is there a green black box artefact,Yes/No,Yes/No,Is there a green/black box artefact? no,Yes/No,Yes/No
Ulcerative Colitis,Where in the image is the abnormality?,center; center-left; center-right; lower-center; lower-right; upper-center; upper-left; upper-right,cla820gmzs6h3071u6g38fbxc,where in the image is the abnormality,Location,List,Where in the image is the abnormality? center; center-left; center-right; lower-center; lower-right; upper-center; upper-left; upper-right,List,List
Ulcerative Colitis,Is there text?,yes,cla820gm3s58r071u0xv040pb,is there text,Yes/No,Yes/No,Is there text? yes,Yes/No,Yes/No
Ulcerative Colitis,Where in the image is the instrument?,none,cla820gl2s3qb071u5u6c3vmq,where in the image is the instrument,Location,None/NA,Where in the image is the instrument? none,None/NA,None/NA
Ulcerative Colitis,What color is the abnormality? If more than one separate with ;,pink; red,cla820gmjs5u3071u8i965h3h,what color is the abnormality if more than one separate with,Color,List,What color is the abnormality? If more than one separate with ; pink; red,List,List
Ulcerative Colitis,Have all polyps been removed?,not relevant,cla820glds49z071u2jyvcspl,have all polyps been removed,Yes/No,Token,Have all polyps been removed? not relevant,Token,Token
Ulcerative Colitis,Is there a green/black box artefact?,no,cla820gmks5wj071ufomv96u5,is there a green black box artefact,Yes/No,Yes/No,Is there a green/black box artefact? no,Yes/No,Yes/No
Ulcerative Colitis,Have all polyps been removed?,not relevant,cla820gm0s55r071u2gze3vr6,have all polyps been removed,Yes/No,Token,Have all polyps been removed? not relevant,Token,Token
Ulcerative Colitis,How many findings are present?,1,cla820gl1s3oz071u2ixjf7yk,how many findings are present,Counting,Numeric,How many findings are present? 1,Numeric,Numeric
Ulcerative Colitis,Have all polyps been removed?,not relevant,cla820gmks5w3071ua58ygkgi,have all polyps been removed,Yes/No,Token,Have all polyps been removed? not relevant,Token,Token
Ulcerative Colitis,Where in the image is the abnormality?,center; center-left; center-right; lower-center; lower-left; lower-right; upper-center; upper-left; upper-right,cla820gmns61r071u1iky106v,where in the image is the abnormality,Location,List,Where in the image is the abnormality? center; center-left; center-right; lower-center; lower-left; lower-right; upper-center; upper-left; upper-right,List,List
Ulcerative Colitis,Is there text?,yes,cla820glhs4gf071ua2c3a0gs,is there text,Yes/No,Yes/No,Is there text? yes,Yes/No,Yes/No
Ulcerative Colitis,What type of polyp is present?,none,cla820gl1s3p7071u7m8c1gl7,what type of polyp is present,Entity,None/NA,What type of polyp is present? none,None/NA,None/NA
Ulcerative Colitis,Where in the image is the anatomical landmark?,center-right; upper-right,cla820gm6s5cb071u6dbacwxh,where in the image is the anatomical landmark,Location,List,Where in the image is the anatomical landmark? center-right; upper-right,List,List
Ulcerative Colitis,Is there a green/black box artefact?,no,cla820gmks5vr071ubza08sdw,is there a green black box artefact,Yes/No,Yes/No,Is there a green/black box artefact? no,Yes/No,Yes/No
Ulcerative Colitis,How many polyps are in the image?,0,cla820gmms5zb071u6g8k2fhy,how many polyps are in the image,Counting,Numeric,How many polyps are in the image? 0,Numeric,Numeric
Ulcerative Colitis,Where in the image is the anatomical landmark?,center-left; lower-left,cla820glrs4vb071u5cwo55c1,where in the image is the anatomical landmark,Location,List,Where in the image is the anatomical landmark? center-left; lower-left,List,List
Ulcerative Colitis,How many polyps are in the image?,0,cla820gmys6fj071ugumg685c,how many polyps are in the image,Counting,Numeric,How many polyps are in the image? 0,Numeric,Numeric
Ulcerative Colitis,Is there text?,yes,cla820glzs54b071uavsmcevb,is there text,Yes/No,Yes/No,Is there text? yes,Yes/No,Yes/No
Ulcerative Colitis,What color is the abnormality? If more than one separate with ;,pink; red; white,cla820gm8s5fv071uhwqz7yqq,what color is the abnormality if more than one separate with,Color,List,What color is the abnormality? If more than one separate with ; pink; red; white,List,List
Ulcerative Colitis,Are there any instruments in the image? Check all that are present.,none,cla820gm1s56r071u92oy36ol,are there any instruments in the image check all that are present,Yes/No,None/NA,Are there any instruments in the image? Check all that are present. none,None/NA,None/NA
Ulcerative Colitis,How many instrumnets are in the image?,0,cla820gles4c3071u4ctg8u80,how many instrumnets are in the image,Counting,Numeric,How many instrumnets are in the image? 0,Numeric,Numeric
Ulcerative Colitis,What is the size of the polyp?,none,cla820gmes5nj071u0v1l3e23,what is the size of the polyp,Entity,None/NA,What is the size of the polyp? none,None/NA,None/NA
Ulcerative Colitis,Where in the image is the instrument?,none,cla820gn6s6mr071u3jesgrht,where in the image is the instrument,Location,None/NA,Where in the image is the instrument? none,None/NA,None/NA
Ulcerative Colitis,What type of procedure is the image taken from?,colonoscopy,cla820glrs4v3071u41toe6lv,what type of procedure is the image taken from,Entity,Token,What type of procedure is the image taken from? colonoscopy,Token,Token
Ulcerative Colitis,Are there any anatomical landmarks in the image? Check all that are present.,none,cla820gl5s3w7071uh47a2dxy,are there any anatomical landmarks in the image check all that are present,Yes/No,None/NA,Are there any anatomical landmarks in the image? Check all that are present. none,None/NA,None/NA
Ulcerative Colitis,Is there a green/black box artefact?,yes,cla820gl1s3pr071u2vi94r92,is there a green black box artefact,Yes/No,Yes/No,Is there a green/black box artefact? yes,Yes/No,Yes/No
Ulcerative Colitis,How many findings are present?,1,cla820gm6s5cb071u6dbacwxh,how many findings are present,Counting,Numeric,How many findings are present? 1,Numeric,Numeric
Ulcerative Colitis,Are there any instruments in the image? Check all that are present.,none,cla820gmms60j071uewclak33,are there any instruments in the image check all that are present,Yes/No,None/NA,Are there any instruments in the image? Check all that are present. none,None/NA,None/NA
Ulcerative Colitis,Where in the image is the anatomical landmark?,none,cla820glks4ln071u6ufy4pd9,where in the image is the anatomical landmark,Location,None/NA,Where in the image is the anatomical landmark? none,None/NA,None/NA
Ulcerative Colitis,What type of polyp is present?,none,cla820gl9s42f071ucqtt9qsy,what type of polyp is present,Entity,None/NA,What type of polyp is present? none,None/NA,None/NA
Ulcerative Colitis,Is there text?,yes,cla820gm5s5br071uapqa4zrj,is there text,Yes/No,Yes/No,Is there text? yes,Yes/No,Yes/No
Ulcerative Colitis,What is the size of the polyp?,none,cla820gl0s3o7071u4ouwcitb,what is the size of the polyp,Entity,None/NA,What is the size of the polyp? none,None/NA,None/NA
Ulcerative Colitis,What is the size of the polyp?,none,cla820gm9s5gf071udqs442df,what is the size of the polyp,Entity,None/NA,What is the size of the polyp? none,None/NA,None/NA
Ulcerative Colitis,What type of procedure is the image taken from?,colonoscopy,cla820gmps64n071ughf3929p,what type of procedure is the image taken from,Entity,Token,What type of procedure is the image taken from? colonoscopy,Token,Token
Ulcerative Colitis,Have all polyps been removed?,not relevant,cla820glrs4vr071u5ll2ej77,have all polyps been removed,Yes/No,Token,Have all polyps been removed? not relevant,Token,Token
Ulcerative Colitis,How many polyps are in the image?,0,cla820gmks5wj071ufomv96u5,how many polyps are in the image,Counting,Numeric,How many polyps are in the image? 0,Numeric,Numeric
Ulcerative Colitis,Where in the image is the instrument?,none,cla820gn5s6lf071ufahb4qov,where in the image is the instrument,Location,None/NA,Where in the image is the instrument? none,None/NA,None/NA
Ulcerative Colitis,Is this finding easy to detect?,yes,cla820gm5s5bz071u7e4e3kqi,is this finding easy to detect,Yes/No,Yes/No,Is this finding easy to detect? yes,Yes/No,Yes/No
Ulcerative Colitis,Is this finding easy to detect?,yes,cla820glks4ln071u6ufy4pd9,is this finding easy to detect,Yes/No,Yes/No,Is this finding easy to detect? yes,Yes/No,Yes/No
Ulcerative Colitis,Is this finding easy to detect?,yes,cla820gles4b3071uf3ys5xf3,is this finding easy to detect,Yes/No,Yes/No,Is this finding easy to detect? yes,Yes/No,Yes/No
Ulcerative Colitis,Where in the image is the instrument?,none,cla820gn9s6q3071u1ntnad6g,where in the image is the instrument,Location,None/NA,Where in the image is the instrument? none,None/NA,None/NA
Ulcerative Colitis,Are there any instruments in the image? Check all that are present.,none,cla820gmws6dj071uey0p2c5e,are there any instruments in the image check all that are present,Yes/No,None/NA,Are there any instruments in the image? Check all that are present. none,None/NA,None/NA
Ulcerative Colitis,Where in the image is the abnormality?,center; center-left; center-right; lower-center; lower-left; lower-right; upper-center; upper-left; upper-right,cla820gl7s3z7071ugh7p0ke2,where in the image is the abnormality,Location,List,Where in the image is the abnormality? center; center-left; center-right; lower-center; lower-left; lower-right; upper-center; upper-left; upper-right,List,List
Ulcerative Colitis,What type of procedure is the image taken from?,colonoscopy,cla820gl6s3y3071u6gxs1pgc,what type of procedure is the image taken from,Entity,Token,What type of procedure is the image taken from? colonoscopy,Token,Token
Ulcerative Colitis,Where in the image is the instrument?,none,cla820glcs48n071ucc8e8fht,where in the image is the instrument,Location,None/NA,Where in the image is the instrument? none,None/NA,None/NA
Ulcerative Colitis,Where in the image is the anatomical landmark?,none,cla820gl1s3on071u1e7gbeh0,where in the image is the anatomical landmark,Location,None/NA,Where in the image is the anatomical landmark? none,None/NA,None/NA
Ulcerative Colitis,Are there any abnormalities in the image? Check all that are present.,ulcerative colitis,cla820gmvs6bf071uano0717m,are there any abnormalities in the image check all that are present,Yes/No,Token,Are there any abnormalities in the image? Check all that are present. ulcerative colitis,Token,Token
Ulcerative Colitis,Is there text?,yes,cla820gmps64f071uanz7g9ta,is there text,Yes/No,Yes/No,Is there text? yes,Yes/No,Yes/No
Ulcerative Colitis,What type of procedure is the image taken from?,colonoscopy,cla820glcs48v071u663z6ysx,what type of procedure is the image taken from,Entity,Token,What type of procedure is the image taken from? colonoscopy,Token,Token
Ulcerative Colitis,Is there a green/black box artefact?,no,cla820glds49f071uelg59ub0,is there a green black box artefact,Yes/No,Yes/No,Is there a green/black box artefact? no,Yes/No,Yes/No
Ulcerative Colitis,What type of polyp is present?,none,cla820gm4s59v071u2nxhcgt2,what type of polyp is present,Entity,None/NA,What type of polyp is present? none,None/NA,None/NA
Ulcerative Colitis,What is the size of the polyp?,none,cla820glfs4cv071u0btu07hy,what is the size of the polyp,Entity,None/NA,What is the size of the polyp? none,None/NA,None/NA
Ulcerative Colitis,How many polyps are in the image?,0,cla820glbs45n071ubr5deoxc,how many polyps are in the image,Counting,Numeric,How many polyps are in the image? 0,Numeric,Numeric
Ulcerative Colitis,Where in the image is the instrument?,none,cla820glps4sz071u35jbgcpc,where in the image is the instrument,Location,None/NA,Where in the image is the instrument? none,None/NA,None/NA
Ulcerative Colitis,What is the size of the polyp?,none,cla820gn7s6nb071u382u7155,what is the size of the polyp,Entity,None/NA,What is the size of the polyp? none,None/NA,None/NA
Ulcerative Colitis,Where in the image is the abnormality?,center; center-left; center-right; lower-center; lower-left; lower-right; upper-center; upper-left; upper-right,cla820glls4mj071uaz64hgj3,where in the image is the abnormality,Location,List,Where in the image is the abnormality? center; center-left; center-right; lower-center; lower-left; lower-right; upper-center; upper-left; upper-right,List,List
Ulcerative Colitis,Are there any instruments in the image? Check all that are present.,none,cla820glgs4fb071ufpu576g9,are there any instruments in the image check all that are present,Yes/No,None/NA,Are there any instruments in the image? Check all that are present. none,None/NA,None/NA
Ulcerative Colitis,Where in the image is the anatomical landmark?,center; center-left; lower-center; lower-left,cla820gmjs5v3071u9fltescr,where in the image is the anatomical landmark,Location,List,Where in the image is the anatomical landmark? center; center-left; lower-center; lower-left,List,List
Ulcerative Colitis,Have all polyps been removed?,not relevant,cla820gn7s6n7071ud7xg2k8v,have all polyps been removed,Yes/No,Token,Have all polyps been removed? not relevant,Token,Token
Ulcerative Colitis,Where in the image is the anatomical landmark?,none,cla820glbs467071ufumlfdwb,where in the image is the anatomical landmark,Location,None/NA,Where in the image is the anatomical landmark? none,None/NA,None/NA
Ulcerative Colitis,How many polyps are in the image?,0,cla820gmhs5s3071uepw7afkz,how many polyps are in the image,Counting,Numeric,How many polyps are in the image? 0,Numeric,Numeric
Ulcerative Colitis,How many findings are present?,1,cla820gl6s3xn071uhm0a3y1n,how many findings are present,Counting,Numeric,How many findings are present? 1,Numeric,Numeric
Ulcerative Colitis,What type of procedure is the image taken from?,colonoscopy,cla820gl8s41f071u1zb7hwyy,what type of procedure is the image taken from,Entity,Token,What type of procedure is the image taken from? colonoscopy,Token,Token
Ulcerative Colitis,Is there a green/black box artefact?,yes,cla820gmys6fb071u2ebz8kde,is there a green black box artefact,Yes/No,Yes/No,Is there a green/black box artefact? yes,Yes/No,Yes/No
Ulcerative Colitis,Is there a green/black box artefact?,no,cla820gl2s3rr071u0d0f3piv,is there a green black box artefact,Yes/No,Yes/No,Is there a green/black box artefact? no,Yes/No,Yes/No
Ulcerative Colitis,Have all polyps been removed?,not relevant,cla820gn4s6jr071uco5u8wbg,have all polyps been removed,Yes/No,Token,Have all polyps been removed? not relevant,Token,Token
Ulcerative Colitis,Have all polyps been removed?,not relevant,cla820glws50j071ud36oh1m6,have all polyps been removed,Yes/No,Token,Have all polyps been removed? not relevant,Token,Token
Ulcerative Colitis,How many polyps are in the image?,0,cla820glis4hz071u07tyhe3a,how many polyps are in the image,Counting,Numeric,How many polyps are in the image? 0,Numeric,Numeric
Ulcerative Colitis,What type of procedure is the image taken from?,colonoscopy,cla820gmms60f071ug0ffbpq6,what type of procedure is the image taken from,Entity,Token,What type of procedure is the image taken from? colonoscopy,Token,Token
Ulcerative Colitis,What type of procedure is the image taken from?,colonoscopy,cla820gn4s6jb071u969ba8m3,what type of procedure is the image taken from,Entity,Token,What type of procedure is the image taken from? colonoscopy,Token,Token
Ulcerative Colitis,Is this finding easy to detect?,yes,cla820gmss68j071u8cp9bv0v,is this finding easy to detect,Yes/No,Yes/No,Is this finding easy to detect? yes,Yes/No,Yes/No
Ulcerative Colitis,Where in the image is the anatomical landmark?,center-right; upper-right,cla820glps4t7071u9hr68bum,where in the image is the anatomical landmark,Location,List,Where in the image is the anatomical landmark? center-right; upper-right,List,List
Ulcerative Colitis,Is this finding easy to detect?,yes,cla820gmos62n071u7rw4fydn,is this finding easy to detect,Yes/No,Yes/No,Is this finding easy to detect? yes,Yes/No,Yes/No
Ulcerative Colitis,Is there text?,yes,cla820glzs54f071u9ct1hd4x,is there text,Yes/No,Yes/No,Is there text? yes,Yes/No,Yes/No
Ulcerative Colitis,Where in the image is the instrument?,none,cla820gles4bz071u8fr012hd,where in the image is the instrument,Location,None/NA,Where in the image is the instrument? none,None/NA,None/NA
Ulcerative Colitis,How many instrumnets are in the image?,0,cla820gn7s6nz071ucibt4ct0,how many instrumnets are in the image,Counting,Numeric,How many instrumnets are in the image? 0,Numeric,Numeric
Ulcerative Colitis,Is this finding easy to detect?,yes,cla820glhs4gz071u8nte4r4w,is this finding easy to detect,Yes/No,Yes/No,Is this finding easy to detect? yes,Yes/No,Yes/No
Ulcerative Colitis,How many instrumnets are in the image?,0,cla820glns4pj071u5zlyfwpr,how many instrumnets are in the image,Counting,Numeric,How many instrumnets are in the image? 0,Numeric,Numeric
Ulcerative Colitis,What is the size of the polyp?,none,cla820gm6s5c7071u8qxfg8mk,what is the size of the polyp,Entity,None/NA,What is the size of the polyp? none,None/NA,None/NA
Ulcerative Colitis,What color is the abnormality? If more than one separate with ;,pink; red,cla820gmys6ff071u838uem5s,what color is the abnormality if more than one separate with,Color,List,What color is the abnormality? If more than one separate with ; pink; red,List,List
Ulcerative Colitis,Is there a green/black box artefact?,no,cla820gmms60b071uh0x1b2mr,is there a green black box artefact,Yes/No,Yes/No,Is there a green/black box artefact? no,Yes/No,Yes/No
Ulcerative Colitis,Where in the image is the anatomical landmark?,none,cla820glhs4g3071ufew60vx0,where in the image is the anatomical landmark,Location,None/NA,Where in the image is the anatomical landmark? none,None/NA,None/NA
Ulcerative Colitis,Are there any anatomical landmarks in the image? Check all that are present.,none,cla820gl4s3ur071ucbq5ar57,are there any anatomical landmarks in the image check all that are present,Yes/No,None/NA,Are there any anatomical landmarks in the image? Check all that are present. none,None/NA,None/NA
Ulcerative Colitis,Is this finding easy to detect?,yes,cla820gmxs6eb071u60l982sj,is this finding easy to detect,Yes/No,Yes/No,Is this finding easy to detect? yes,Yes/No,Yes/No
Ulcerative Colitis,Is there text?,yes,cla820gm3s58v071u2hykeacd,is there text,Yes/No,Yes/No,Is there text? yes,Yes/No,Yes/No
Ulcerative Colitis,Where in the image is the instrument?,none,cla820glhs4gb071u0lgxbuwy,where in the image is the instrument,Location,None/NA,Where in the image is the instrument? none,None/NA,None/NA
Ulcerative Colitis,Is there text?,yes,cla820gn5s6kn071u8pacbjav,is there text,Yes/No,Yes/No,Is there text? yes,Yes/No,Yes/No
Ulcerative Colitis,How many instrumnets are in the image?,0,cla820gl1s3pz071u4zyd0ilb,how many instrumnets are in the image,Counting,Numeric,How many instrumnets are in the image? 0,Numeric,Numeric
Ulcerative Colitis,How many instrumnets are in the image?,0,cla820gn6s6mr071u3jesgrht,how many instrumnets are in the image,Counting,Numeric,How many instrumnets are in the image? 0,Numeric,Numeric
Ulcerative Colitis,What type of procedure is the image taken from?,colonoscopy,cla820glds4aj071u7k0ec1xd,what type of procedure is the image taken from,Entity,Token,What type of procedure is the image taken from? colonoscopy,Token,Token
Ulcerative Colitis,How many findings are present?,1,cla820gmes5nj071u0v1l3e23,how many findings are present,Counting,Numeric,How many findings are present? 1,Numeric,Numeric
Ulcerative Colitis,Have all polyps been removed?,not relevant,cla820glgs4fz071ucke45065,have all polyps been removed,Yes/No,Token,Have all polyps been removed? not relevant,Token,Token
Ulcerative Colitis,Are there any anatomical landmarks in the image? Check all that are present.,none,cla820glgs4fr071u8va312m9,are there any anatomical landmarks in the image check all that are present,Yes/No,None/NA,Are there any anatomical landmarks in the image? Check all that are present. none,None/NA,None/NA
Ulcerative Colitis,What type of polyp is present?,none,cla820gmis5tn071udd9zfu8l,what type of polyp is present,Entity,None/NA,What type of polyp is present? none,None/NA,None/NA
Ulcerative Colitis,Is there text?,no,cla820gmas5if071uey8f56yv,is there text,Yes/No,Yes/No,Is there text? no,Yes/No,Yes/No
Ulcerative Colitis,How many polyps are in the image?,0,cla820glps4tb071u2su05ukg,how many polyps are in the image,Counting,Numeric,How many polyps are in the image? 0,Numeric,Numeric
Ulcerative Colitis,Have all polyps been removed?,not relevant,cla820gl6s3yf071ugolc8gg0,have all polyps been removed,Yes/No,Token,Have all polyps been removed? not relevant,Token,Token
Ulcerative Colitis,Where in the image is the instrument?,none,cla820gmys6fj071ugumg685c,where in the image is the instrument,Location,None/NA,Where in the image is the instrument? none,None/NA,None/NA
Ulcerative Colitis,Is there text?,yes,cla820gm0s55r071u2gze3vr6,is there text,Yes/No,Yes/No,Is there text? yes,Yes/No,Yes/No
Ulcerative Colitis,What is the size of the polyp?,none,cla820glqs4tj071u15ft4s4m,what is the size of the polyp,Entity,None/NA,What is the size of the polyp? none,None/NA,None/NA
Ulcerative Colitis,What is the size of the polyp?,none,cla820glxs527071u2rngfl7r,what is the size of the polyp,Entity,None/NA,What is the size of the polyp? none,None/NA,None/NA
Ulcerative Colitis,Are there any abnormalities in the image? Check all that are present.,ulcerative colitis,cla820gmzs6h7071u78aw3et5,are there any abnormalities in the image check all that are present,Yes/No,Token,Are there any abnormalities in the image? Check all that are present. ulcerative colitis,Token,Token
Ulcerative Colitis,Is there text?,yes,cla820gl6s3xf071uhz1s3rac,is there text,Yes/No,Yes/No,Is there text? yes,Yes/No,Yes/No
Ulcerative Colitis,Where in the image is the instrument?,none,cla820glws50r071ucawv6lg5,where in the image is the instrument,Location,None/NA,Where in the image is the instrument? none,None/NA,None/NA
Ulcerative Colitis,How many findings are present?,1,cla820gm6s5cn071u175vd987,how many findings are present,Counting,Numeric,How many findings are present? 1,Numeric,Numeric
Ulcerative Colitis,Where in the image is the instrument?,none,cla820gn7s6nb071u382u7155,where in the image is the instrument,Location,None/NA,Where in the image is the instrument? none,None/NA,None/NA
Ulcerative Colitis,What color is the abnormality? If more than one separate with ;,pink; red; white; grey,cla820gm3s59n071u5g9p1bll,what color is the abnormality if more than one separate with,Color,List,What color is the abnormality? If more than one separate with ; pink; red; white; grey,List,List
Ulcerative Colitis,Is there text?,yes,cla820gmms5zf071udvkw936t,is there text,Yes/No,Yes/No,Is there text? yes,Yes/No,Yes/No
Ulcerative Colitis,Have all polyps been removed?,not relevant,cla820glis4ir071u2kjr3vd4,have all polyps been removed,Yes/No,Token,Have all polyps been removed? not relevant,Token,Token
Ulcerative Colitis,Is this finding easy to detect?,yes,cla820gm9s5h7071ud7kg0v0m,is this finding easy to detect,Yes/No,Yes/No,Is this finding easy to detect? yes,Yes/No,Yes/No
Ulcerative Colitis,Where in the image is the instrument?,none,cla820gl2s3rj071u5pabhsg1,where in the image is the instrument,Location,None/NA,Where in the image is the instrument? none,None/NA,None/NA
Ulcerative Colitis,Are there any instruments in the image? Check all that are present.,none,cla820glds49f071uelg59ub0,are there any instruments in the image check all that are present,Yes/No,None/NA,Are there any instruments in the image? Check all that are present. none,None/NA,None/NA
Ulcerative Colitis,What type of polyp is present?,none,cla820glss4wn071ugbqr124v,what type of polyp is present,Entity,None/NA,What type of polyp is present? none,None/NA,None/NA
Ulcerative Colitis,Are there any anatomical landmarks in the image? Check all that are present.,none,cla820gn7s6n7071ud7xg2k8v,are there any anatomical landmarks in the image check all that are present,Yes/No,None/NA,Are there any anatomical landmarks in the image? Check all that are present. none,None/NA,None/NA
Ulcerative Colitis,Where in the image is the anatomical landmark?,none,cla820gmws6db071u02pd62n2,where in the image is the anatomical landmark,Location,None/NA,Where in the image is the anatomical landmark? none,None/NA,None/NA
Ulcerative Colitis,What is the size of the polyp?,none,cla820gmws6d3071u7f54d5go,what is the size of the polyp,Entity,None/NA,What is the size of the polyp? none,None/NA,None/NA
Ulcerative Colitis,What is the size of the polyp?,none,cla820gn5s6kv071u3g621gv4,what is the size of the polyp,Entity,None/NA,What is the size of the polyp? none,None/NA,None/NA
Ulcerative Colitis,What type of procedure is the image taken from?,colonoscopy,cla820glzs54z071u31x20k37,what type of procedure is the image taken from,Entity,Token,What type of procedure is the image taken from? colonoscopy,Token,Token
Ulcerative Colitis,Is there a green/black box artefact?,no,cla820glls4nb071u3qtv0ops,is there a green black box artefact,Yes/No,Yes/No,Is there a green/black box artefact? no,Yes/No,Yes/No
Ulcerative Colitis,Is there text?,no,cla820gmds5ln071u9le6ht60,is there text,Yes/No,Yes/No,Is there text? no,Yes/No,Yes/No
Ulcerative Colitis,Are there any instruments in the image? Check all that are present.,none,cla820gmxs6ef071u04rl1l3a,are there any instruments in the image check all that are present,Yes/No,None/NA,Are there any instruments in the image? Check all that are present. none,None/NA,None/NA
Ulcerative Colitis,What is the size of the polyp?,none,cla820gn9s6qf071u7p31bq1g,what is the size of the polyp,Entity,None/NA,What is the size of the polyp? none,None/NA,None/NA
Ulcerative Colitis,What is the size of the polyp?,none,cla820gmqs64z071udouv858a,what is the size of the polyp,Entity,None/NA,What is the size of the polyp? none,None/NA,None/NA
Ulcerative Colitis,Where in the image is the abnormality?,center; center-left; center-right; lower-center; lower-left; lower-right; upper-center; upper-left; upper-right,cla820glos4qv071u0rzk1tdi,where in the image is the abnormality,Location,List,Where in the image is the abnormality? center; center-left; center-right; lower-center; lower-left; lower-right; upper-center; upper-left; upper-right,List,List
Ulcerative Colitis,Where in the image is the instrument?,none,cla820glds4an071ucysb3w23,where in the image is the instrument,Location,None/NA,Where in the image is the instrument? none,None/NA,None/NA
Ulcerative Colitis,How many findings are present?,1,cla820gm7s5e3071ug5mm5a28,how many findings are present,Counting,Numeric,How many findings are present? 1,Numeric,Numeric
Ulcerative Colitis,How many instrumnets are in the image?,0,cla820glhs4gv071uhfx8hwoo,how many instrumnets are in the image,Counting,Numeric,How many instrumnets are in the image? 0,Numeric,Numeric
Ulcerative Colitis,Are there any instruments in the image? Check all that are present.,none,cla820gm7s5ej071ucq1vab9h,are there any instruments in the image check all that are present,Yes/No,None/NA,Are there any instruments in the image? Check all that are present. none,None/NA,None/NA
Ulcerative Colitis,Is there text?,yes,cla820gl8s41v071u7owiec1u,is there text,Yes/No,Yes/No,Is there text? yes,Yes/No,Yes/No
Ulcerative Colitis,What is the size of the polyp?,none,cla820gmws6cn071u6esibke1,what is the size of the polyp,Entity,None/NA,What is the size of the polyp? none,None/NA,None/NA
Ulcerative Colitis,What type of polyp is present?,none,cla820gmxs6e3071u2ioi80b5,what type of polyp is present,Entity,None/NA,What type of polyp is present? none,None/NA,None/NA
Ulcerative Colitis,Are there any abnormalities in the image? Check all that are present.,ulcerative colitis,cla820gl1s3pf071ue7ja2fur,are there any abnormalities in the image check all that are present,Yes/No,Token,Are there any abnormalities in the image? Check all that are present. ulcerative colitis,Token,Token
Ulcerative Colitis,Where in the image is the instrument?,none,cla820gmas5hr071uh5ftaiov,where in the image is the instrument,Location,None/NA,Where in the image is the instrument? none,None/NA,None/NA
Ulcerative Colitis,How many findings are present?,1,cla820gl5s3w7071uh47a2dxy,how many findings are present,Counting,Numeric,How many findings are present? 1,Numeric,Numeric
Ulcerative Colitis,Is this finding easy to detect?,yes,cla820gm3s58n071ucq812p13,is this finding easy to detect,Yes/No,Yes/No,Is this finding easy to detect? yes,Yes/No,Yes/No
Ulcerative Colitis,What color is the abnormality? If more than one separate with ;,pink; red; white,cla820gl6s3yb071u4x8bg1hq,what color is the abnormality if more than one separate with,Color,List,What color is the abnormality? If more than one separate with ; pink; red; white,List,List
Ulcerative Colitis,Where in the image is the anatomical landmark?,upper-left,cla820gm5s5bb071u0cc7gqjg,where in the image is the anatomical landmark,Location,Token,Where in the image is the anatomical landmark? upper-left,Token,Token
Ulcerative Colitis,How many polyps are in the image?,0,cla820glzs54v071u4zcc03z2,how many polyps are in the image,Counting,Numeric,How many polyps are in the image? 0,Numeric,Numeric
Ulcerative Colitis,Where in the image is the anatomical landmark?,none,cla820gl5s3wb071u5ekcdloz,where in the image is the anatomical landmark,Location,None/NA,Where in the image is the anatomical landmark? none,None/NA,None/NA
Ulcerative Colitis,Where in the image is the instrument?,none,cla820gm5s5bj071ubj8qhjyk,where in the image is the instrument,Location,None/NA,Where in the image is the instrument? none,None/NA,None/NA
Ulcerative Colitis,Is this finding easy to detect?,yes,cla820gl1s3pn071u6vzxgsxv,is this finding easy to detect,Yes/No,Yes/No,Is this finding easy to detect? yes,Yes/No,Yes/No
Ulcerative Colitis,How many findings are present?,1,cla820glzs547071udexh8064,how many findings are present,Counting,Numeric,How many findings are present? 1,Numeric,Numeric
Ulcerative Colitis,Are there any abnormalities in the image? Check all that are present.,ulcerative colitis,cla820glss4wn071ugbqr124v,are there any abnormalities in the image check all that are present,Yes/No,Token,Are there any abnormalities in the image? Check all that are present. ulcerative colitis,Token,Token
Ulcerative Colitis,How many polyps are in the image?,0,cla820gmis5tn071udd9zfu8l,how many polyps are in the image,Counting,Numeric,How many polyps are in the image? 0,Numeric,Numeric
Ulcerative Colitis,Are there any abnormalities in the image? Check all that are present.,ulcerative colitis,cla820glfs4e7071u35tje04s,are there any abnormalities in the image check all that are present,Yes/No,Token,Are there any abnormalities in the image? Check all that are present. ulcerative colitis,Token,Token
Ulcerative Colitis,Is there text?,yes,cla820gmcs5l3071uhkswgbyf,is there text,Yes/No,Yes/No,Is there text? yes,Yes/No,Yes/No
Ulcerative Colitis,Is this finding easy to detect?,yes,cla820glqs4un071ug08jc5ar,is this finding easy to detect,Yes/No,Yes/No,Is this finding easy to detect? yes,Yes/No,Yes/No
Ulcerative Colitis,What type of polyp is present?,none,cla820gm5s5bn071u010n5jb7,what type of polyp is present,Entity,None/NA,What type of polyp is present? none,None/NA,None/NA
Ulcerative Colitis,Are there any anatomical landmarks in the image? Check all that are present.,none,cla820glis4jf071u1vl5gjhg,are there any anatomical landmarks in the image check all that are present,Yes/No,None/NA,Are there any anatomical landmarks in the image? Check all that are present. none,None/NA,None/NA
Ulcerative Colitis,Is there text?,yes,cla820gmfs5ob071u4r09f589,is there text,Yes/No,Yes/No,Is there text? yes,Yes/No,Yes/No
Ulcerative Colitis,How many polyps are in the image?,0,cla820gm7s5e7071u45cwfvua,how many polyps are in the image,Counting,Numeric,How many polyps are in the image? 0,Numeric,Numeric
Ulcerative Colitis,Is this finding easy to detect?,yes,cla820gn8s6ov071u3wbifj86,is this finding easy to detect,Yes/No,Yes/No,Is this finding easy to detect? yes,Yes/No,Yes/No
Ulcerative Colitis,What type of polyp is present?,none,cla820gn4s6jb071u969ba8m3,what type of polyp is present,Entity,None/NA,What type of polyp is present? none,None/NA,None/NA
Ulcerative Colitis,Have all polyps been removed?,not relevant,cla820gmqs65f071ubmlm8ia9,have all polyps been removed,Yes/No,Token,Have all polyps been removed? not relevant,Token,Token
Ulcerative Colitis,What color is the abnormality? If more than one separate with ;,pink; red; white,cla820gl5s3w7071uh47a2dxy,what color is the abnormality if more than one separate with,Color,List,What color is the abnormality? If more than one separate with ; pink; red; white,List,List
Ulcerative Colitis,What type of procedure is the image taken from?,colonoscopy,cla820glxs523071uc2xq43by,what type of procedure is the image taken from,Entity,Token,What type of procedure is the image taken from? colonoscopy,Token,Token
Ulcerative Colitis,What color is the abnormality? If more than one separate with ;,pink; red; white,cla820gn3s6iv071u8qs4b8eb,what color is the abnormality if more than one separate with,Color,List,What color is the abnormality? If more than one separate with ; pink; red; white,List,List
Ulcerative Colitis,How many instrumnets are in the image?,0,cla820gmus6an071ugxsl64ea,how many instrumnets are in the image,Counting,Numeric,How many instrumnets are in the image? 0,Numeric,Numeric
Ulcerative Colitis,Have all polyps been removed?,not relevant,cla820gmps64n071ughf3929p,have all polyps been removed,Yes/No,Token,Have all polyps been removed? not relevant,Token,Token
Ulcerative Colitis,How many instrumnets are in the image?,0,cla820gmks5w3071ua58ygkgi,how many instrumnets are in the image,Counting,Numeric,How many instrumnets are in the image? 0,Numeric,Numeric
Ulcerative Colitis,Is this finding easy to detect?,yes,cla820gmfs5o3071u2nyigw5j,is this finding easy to detect,Yes/No,Yes/No,Is this finding easy to detect? yes,Yes/No,Yes/No
Ulcerative Colitis,Where in the image is the instrument?,none,cla820gmgs5pj071u704xdemn,where in the image is the instrument,Location,None/NA,Where in the image is the instrument? none,None/NA,None/NA
Ulcerative Colitis,How many polyps are in the image?,0,cla820glbs46f071uh7hu9bwy,how many polyps are in the image,Counting,Numeric,How many polyps are in the image? 0,Numeric,Numeric
Ulcerative Colitis,Where in the image is the instrument?,none,cla820glys537071u1anh57fb,where in the image is the instrument,Location,None/NA,Where in the image is the instrument? none,None/NA,None/NA
Ulcerative Colitis,Have all polyps been removed?,not relevant,cla820gm4s5ab071u7i219k5t,have all polyps been removed,Yes/No,Token,Have all polyps been removed? not relevant,Token,Token
Ulcerative Colitis,Are there any instruments in the image? Check all that are present.,none,cla820glcs483071u0w6t0pwq,are there any instruments in the image check all that are present,Yes/No,None/NA,Are there any instruments in the image? Check all that are present. none,None/NA,None/NA
Ulcerative Colitis,What color is the abnormality? If more than one separate with ;,pink; red; yellow,cla820gn5s6kj071uawhg5t93,what color is the abnormality if more than one separate with,Color,List,What color is the abnormality? If more than one separate with ; pink; red; yellow,List,List
Ulcerative Colitis,What type of polyp is present?,none,cla820glqs4u7071u4pgn24jp,what type of polyp is present,Entity,None/NA,What type of polyp is present? none,None/NA,None/NA
Ulcerative Colitis,Is this finding easy to detect?,yes,cla820gmas5hj071u4wazety8,is this finding easy to detect,Yes/No,Yes/No,Is this finding easy to detect? yes,Yes/No,Yes/No
Ulcerative Colitis,Have all polyps been removed?,not relevant,cla820gmks5vn071ua5scaqdh,have all polyps been removed,Yes/No,Token,Have all polyps been removed? not relevant,Token,Token
Ulcerative Colitis,Is this finding easy to detect?,yes,cla820gn4s6iz071ubcq6d2mi,is this finding easy to detect,Yes/No,Yes/No,Is this finding easy to detect? yes,Yes/No,Yes/No
Ulcerative Colitis,Are there any instruments in the image? Check all that are present.,none,cla820gmxs6e3071u2ioi80b5,are there any instruments in the image check all that are present,Yes/No,None/NA,Are there any instruments in the image? Check all that are present. none,None/NA,None/NA
Ulcerative Colitis,What type of procedure is the image taken from?,colonoscopy,cla820gm6s5d7071ubncv3h34,what type of procedure is the image taken from,Entity,Token,What type of procedure is the image taken from? colonoscopy,Token,Token
Ulcerative Colitis,What is the size of the polyp?,none,cla820gljs4kf071u74o51olo,what is the size of the polyp,Entity,None/NA,What is the size of the polyp? none,None/NA,None/NA
Ulcerative Colitis,What color is the abnormality? If more than one separate with ;,pink; red; yellow; white,cla820gmks5wj071ufomv96u5,what color is the abnormality if more than one separate with,Color,List,What color is the abnormality? If more than one separate with ; pink; red; yellow; white,List,List
Ulcerative Colitis,How many findings are present?,1,cla820glvs4zn071u8dpb59co,how many findings are present,Counting,Numeric,How many findings are present? 1,Numeric,Numeric
Ulcerative Colitis,Are there any instruments in the image? Check all that are present.,none,cla820gmys6fn071uf4cp0f8g,are there any instruments in the image check all that are present,Yes/No,None/NA,Are there any instruments in the image? Check all that are present. none,None/NA,None/NA
Ulcerative Colitis,What type of polyp is present?,none,cla820gn5s6lf071ufahb4qov,what type of polyp is present,Entity,None/NA,What type of polyp is present? none,None/NA,None/NA
Ulcerative Colitis,What type of procedure is the image taken from?,colonoscopy,cla820gmes5mf071u7mhk0wpr,what type of procedure is the image taken from,Entity,Token,What type of procedure is the image taken from? colonoscopy,Token,Token
Ulcerative Colitis,How many polyps are in the image?,0,cla820glfs4cv071u0btu07hy,how many polyps are in the image,Counting,Numeric,How many polyps are in the image? 0,Numeric,Numeric
Ulcerative Colitis,How many findings are present?,1,cla820gm5s5b3071uc8r7gnts,how many findings are present,Counting,Numeric,How many findings are present? 1,Numeric,Numeric
Ulcerative Colitis,What type of procedure is the image taken from?,colonoscopy,cla820gmss67r071ubbdsb48i,what type of procedure is the image taken from,Entity,Token,What type of procedure is the image taken from? colonoscopy,Token,Token
Ulcerative Colitis,Are there any instruments in the image? Check all that are present.,none,cla820gmys6f7071u4py0f9we,are there any instruments in the image check all that are present,Yes/No,None/NA,Are there any instruments in the image? Check all that are present. none,None/NA,None/NA
Ulcerative Colitis,Are there any anatomical landmarks in the image? Check all that are present.,cecum,cla820glms4or071u3gr770w6,are there any anatomical landmarks in the image check all that are present,Yes/No,Token,Are there any anatomical landmarks in the image? Check all that are present. cecum,Token,Token
Ulcerative Colitis,Are there any anatomical landmarks in the image? Check all that are present.,none,cla820glms4ov071uase2f3kh,are there any anatomical landmarks in the image check all that are present,Yes/No,None/NA,Are there any anatomical landmarks in the image? Check all that are present. none,None/NA,None/NA
Ulcerative Colitis,Where in the image is the abnormality?,center; center-left; center-right; lower-center; lower-left; lower-right; upper-center; upper-left; upper-right,cla820glks4lr071u6gschk16,where in the image is the abnormality,Location,List,Where in the image is the abnormality? center; center-left; center-right; lower-center; lower-left; lower-right; upper-center; upper-left; upper-right,List,List
Ulcerative Colitis,Where in the image is the instrument?,none,cla820gmgs5q7071udblle3jw,where in the image is the instrument,Location,None/NA,Where in the image is the instrument? none,None/NA,None/NA
Ulcerative Colitis,Are there any anatomical landmarks in the image? Check all that are present.,none,cla820glgs4f7071u3pow4akf,are there any anatomical landmarks in the image check all that are present,Yes/No,None/NA,Are there any anatomical landmarks in the image? Check all that are present. none,None/NA,None/NA
Ulcerative Colitis,Is there a green/black box artefact?,no,cla820glas44b071ufopccjcq,is there a green black box artefact,Yes/No,Yes/No,Is there a green/black box artefact? no,Yes/No,Yes/No
Ulcerative Colitis,Where in the image is the abnormality?,center; center-left; center-right; lower-center; lower-left; lower-right; upper-center; upper-left; upper-right,cla820gmfs5of071udcpz4q0o,where in the image is the abnormality,Location,List,Where in the image is the abnormality? center; center-left; center-right; lower-center; lower-left; lower-right; upper-center; upper-left; upper-right,List,List
Ulcerative Colitis,What type of procedure is the image taken from?,colonoscopy,cla820glos4qf071ucr136se5,what type of procedure is the image taken from,Entity,Token,What type of procedure is the image taken from? colonoscopy,Token,Token
Ulcerative Colitis,Where in the image is the anatomical landmark?,none,cla820glos4qj071uc3pnajc8,where in the image is the anatomical landmark,Location,None/NA,Where in the image is the anatomical landmark? none,None/NA,None/NA
Ulcerative Colitis,Are there any abnormalities in the image? Check all that are present.,ulcerative colitis,cla820gmws6cv071uextx3dk4,are there any abnormalities in the image check all that are present,Yes/No,Token,Are there any abnormalities in the image? Check all that are present. ulcerative colitis,Token,Token
Ulcerative Colitis,How many findings are present?,1,cla820gn3s6ir071u1ltt30bv,how many findings are present,Counting,Numeric,How many findings are present? 1,Numeric,Numeric
Ulcerative Colitis,What is the size of the polyp?,none,cla820gl1s3p7071u7m8c1gl7,what is the size of the polyp,Entity,None/NA,What is the size of the polyp? none,None/NA,None/NA
Ulcerative Colitis,Where in the image is the instrument?,none,cla820gm2s57r071uf58bcj96,where in the image is the instrument,Location,None/NA,Where in the image is the instrument? none,None/NA,None/NA
Ulcerative Colitis,What type of procedure is the image taken from?,colonoscopy,cla820gmjs5tz071u48f0gw74,what type of procedure is the image taken from,Entity,Token,What type of procedure is the image taken from? colonoscopy,Token,Token
Ulcerative Colitis,Have all polyps been removed?,not relevant,cla820gn5s6kj071uawhg5t93,have all polyps been removed,Yes/No,Token,Have all polyps been removed? not relevant,Token,Token
Ulcerative Colitis,Where in the image is the anatomical landmark?,none,cla820gn5s6kf071u3m1g4b7i,where in the image is the anatomical landmark,Location,None/NA,Where in the image is the anatomical landmark? none,None/NA,None/NA
Ulcerative Colitis,Are there any abnormalities in the image? Check all that are present.,ulcerative colitis,cla820gmts69b071uhpl3dyhl,are there any abnormalities in the image check all that are present,Yes/No,Token,Are there any abnormalities in the image? Check all that are present. ulcerative colitis,Token,Token
Ulcerative Colitis,Where in the image is the abnormality?,center; center-left; center-right; lower-center; lower-left; lower-right; upper-center; upper-left; upper-right,cla820glls4nj071uczhd0lu8,where in the image is the abnormality,Location,List,Where in the image is the abnormality? center; center-left; center-right; lower-center; lower-left; lower-right; upper-center; upper-left; upper-right,List,List
Ulcerative Colitis,Where in the image is the anatomical landmark?,upper-right,cla820gm5s5b7071ubt3dd1vj,where in the image is the anatomical landmark,Location,Token,Where in the image is the anatomical landmark? upper-right,Token,Token
Ulcerative Colitis,Are there any anatomical landmarks in the image? Check all that are present.,none,cla820gmws6dn071u3rb67z6t,are there any anatomical landmarks in the image check all that are present,Yes/No,None/NA,Are there any anatomical landmarks in the image? Check all that are present. none,None/NA,None/NA
Ulcerative Colitis,Have all polyps been removed?,not relevant,cla820gmis5sb071u1rhdgg2r,have all polyps been removed,Yes/No,Token,Have all polyps been removed? not relevant,Token,Token
Ulcerative Colitis,Is there a green/black box artefact?,no,cla820gn3s6i3071u7ohg3qbj,is there a green black box artefact,Yes/No,Yes/No,Is there a green/black box artefact? no,Yes/No,Yes/No
Ulcerative Colitis,How many polyps are in the image?,0,cla820glts4xn071u7oh30ira,how many polyps are in the image,Counting,Numeric,How many polyps are in the image? 0,Numeric,Numeric
Ulcerative Colitis,Are there any instruments in the image? Check all that are present.,none,cla820gm9s5g7071uay192fb7,are there any instruments in the image check all that are present,Yes/No,None/NA,Are there any instruments in the image? Check all that are present. none,None/NA,None/NA
Ulcerative Colitis,Is this finding easy to detect?,yes,cla820gmqs65v071ubbawf0bx,is this finding easy to detect,Yes/No,Yes/No,Is this finding easy to detect? yes,Yes/No,Yes/No
Ulcerative Colitis,What is the size of the polyp?,none,cla820gn7s6o7071ucxfnd1dy,what is the size of the polyp,Entity,None/NA,What is the size of the polyp? none,None/NA,None/NA
Ulcerative Colitis,Is there text?,yes,cla820gn7s6o7071ucxfnd1dy,is there text,Yes/No,Yes/No,Is there text? yes,Yes/No,Yes/No
Ulcerative Colitis,Are there any abnormalities in the image? Check all that are present.,ulcerative colitis,cla820gmws6d3071u7f54d5go,are there any abnormalities in the image check all that are present,Yes/No,Token,Are there any abnormalities in the image? Check all that are present. ulcerative colitis,Token,Token
Ulcerative Colitis,What is the size of the polyp?,none,cla820glis4ib071u1i14a7ce,what is the size of the polyp,Entity,None/NA,What is the size of the polyp? none,None/NA,None/NA
Ulcerative Colitis,What color is the abnormality? If more than one separate with ;,pink; red; orange; brown,cla820gn9s6pz071uhblk0r4p,what color is the abnormality if more than one separate with,Color,List,What color is the abnormality? If more than one separate with ; pink; red; orange; brown,List,List
Ulcerative Colitis,Have all polyps been removed?,not relevant,cla820gmjs5un071ug4fuf5y6,have all polyps been removed,Yes/No,Token,Have all polyps been removed? not relevant,Token,Token
Ulcerative Colitis,How many polyps are in the image?,0,cla820gm9s5h3071ugeql71t8,how many polyps are in the image,Counting,Numeric,How many polyps are in the image? 0,Numeric,Numeric
Ulcerative Colitis,Is this finding easy to detect?,yes,cla820gl8s41f071u1zb7hwyy,is this finding easy to detect,Yes/No,Yes/No,Is this finding easy to detect? yes,Yes/No,Yes/No
Ulcerative Colitis,Have all polyps been removed?,not relevant,cla820gn8s6pb071ubvughf2p,have all polyps been removed,Yes/No,Token,Have all polyps been removed? not relevant,Token,Token
Ulcerative Colitis,What color is the abnormality? If more than one separate with ;,pink; red,cla820gmms5zj071u3igl0m5n,what color is the abnormality if more than one separate with,Color,List,What color is the abnormality? If more than one separate with ; pink; red,List,List
Ulcerative Colitis,Where in the image is the abnormality?,center; center-left; center-right; lower-center; lower-left; lower-right; upper-center; upper-left; upper-right,cla820gm6s5d3071ue18mak4h,where in the image is the abnormality,Location,List,Where in the image is the abnormality? center; center-left; center-right; lower-center; lower-left; lower-right; upper-center; upper-left; upper-right,List,List
Ulcerative Colitis,What is the size of the polyp?,none,cla820gl7s3zf071ueloh0xir,what is the size of the polyp,Entity,None/NA,What is the size of the polyp? none,None/NA,None/NA
Ulcerative Colitis,How many polyps are in the image?,0,cla820gn9s6qj071u0dyq6axe,how many polyps are in the image,Counting,Numeric,How many polyps are in the image? 0,Numeric,Numeric
Ulcerative Colitis,Is there text?,yes,cla820gmws6d3071u7f54d5go,is there text,Yes/No,Yes/No,Is there text? yes,Yes/No,Yes/No
Ulcerative Colitis,Are there any abnormalities in the image? Check all that are present.,ulcerative colitis,cla820gl2s3qr071u67g3c2fe,are there any abnormalities in the image check all that are present,Yes/No,Token,Are there any abnormalities in the image? Check all that are present. ulcerative colitis,Token,Token
Ulcerative Colitis,What is the size of the polyp?,none,cla820gmks5vr071ubza08sdw,what is the size of the polyp,Entity,None/NA,What is the size of the polyp? none,None/NA,None/NA
Ulcerative Colitis,Where in the image is the anatomical landmark?,none,cla820glds4ab071ucfnb4ifa,where in the image is the anatomical landmark,Location,None/NA,Where in the image is the anatomical landmark? none,None/NA,None/NA
Ulcerative Colitis,Is there text?,yes,cla820gmss67b071u3h7o5k3t,is there text,Yes/No,Yes/No,Is there text? yes,Yes/No,Yes/No
Ulcerative Colitis,Is there text?,yes,cla820gmos62v071u8ya47y09,is there text,Yes/No,Yes/No,Is there text? yes,Yes/No,Yes/No
Ulcerative Colitis,Is this finding easy to detect?,yes,cla820gm4s5av071uaaahh9j3,is this finding easy to detect,Yes/No,Yes/No,Is this finding easy to detect? yes,Yes/No,Yes/No
Ulcerative Colitis,How many findings are present?,1,cla820glgs4ej071u4bkd4px4,how many findings are present,Counting,Numeric,How many findings are present? 1,Numeric,Numeric
Ulcerative Colitis,What is the size of the polyp?,none,cla820gm2s57v071u2vobeeor,what is the size of the polyp,Entity,None/NA,What is the size of the polyp? none,None/NA,None/NA
Ulcerative Colitis,Are there any abnormalities in the image? Check all that are present.,ulcerative colitis,cla820glps4tb071u2su05ukg,are there any abnormalities in the image check all that are present,Yes/No,Token,Are there any abnormalities in the image? Check all that are present. ulcerative colitis,Token,Token
Ulcerative Colitis,What type of procedure is the image taken from?,colonoscopy,cla820glms4oj071uf2agdqy3,what type of procedure is the image taken from,Entity,Token,What type of procedure is the image taken from? colonoscopy,Token,Token
Ulcerative Colitis,What is the size of the polyp?,none,cla820glds4a7071uf7564y7a,what is the size of the polyp,Entity,None/NA,What is the size of the polyp? none,None/NA,None/NA
Ulcerative Colitis,How many instrumnets are in the image?,0,cla820glbs46v071u6gyo8zmj,how many instrumnets are in the image,Counting,Numeric,How many instrumnets are in the image? 0,Numeric,Numeric
Ulcerative Colitis,Are there any anatomical landmarks in the image? Check all that are present.,none,cla820gm2s57n071ufhsm9vri,are there any anatomical landmarks in the image check all that are present,Yes/No,None/NA,Are there any anatomical landmarks in the image? Check all that are present. none,None/NA,None/NA
Ulcerative Colitis,How many polyps are in the image?,0,cla820glos4rf071u3785a7n1,how many polyps are in the image,Counting,Numeric,How many polyps are in the image? 0,Numeric,Numeric
Ulcerative Colitis,Are there any anatomical landmarks in the image? Check all that are present.,none,cla820gljs4jz071u3awv8vsp,are there any anatomical landmarks in the image check all that are present,Yes/No,None/NA,Are there any anatomical landmarks in the image? Check all that are present. none,None/NA,None/NA
Ulcerative Colitis,Have all polyps been removed?,not relevant,cla820gn3s6in071u7joec7ds,have all polyps been removed,Yes/No,Token,Have all polyps been removed? not relevant,Token,Token
Ulcerative Colitis,What type of polyp is present?,none,cla820gn9s6qj071u0dyq6axe,what type of polyp is present,Entity,None/NA,What type of polyp is present? none,None/NA,None/NA
Ulcerative Colitis,What type of polyp is present?,none,cla820gl4s3tz071u1ewe1zbv,what type of polyp is present,Entity,None/NA,What type of polyp is present? none,None/NA,None/NA
Ulcerative Colitis,Is there text?,yes,cla820gn5s6kj071uawhg5t93,is there text,Yes/No,Yes/No,Is there text? yes,Yes/No,Yes/No
Ulcerative Colitis,How many instrumnets are in the image?,0,cla820glws50v071u2l7oeiz3,how many instrumnets are in the image,Counting,Numeric,How many instrumnets are in the image? 0,Numeric,Numeric
Ulcerative Colitis,Where in the image is the abnormality?,center; center-left; center-right; lower-center; lower-left; lower-right; upper-center; upper-left; upper-right,cla820gmgs5pv071ubu4gcmgh,where in the image is the abnormality,Location,List,Where in the image is the abnormality? center; center-left; center-right; lower-center; lower-left; lower-right; upper-center; upper-left; upper-right,List,List
Ulcerative Colitis,What type of procedure is the image taken from?,colonoscopy,cla820glcs48f071uaeot7zw6,what type of procedure is the image taken from,Entity,Token,What type of procedure is the image taken from? colonoscopy,Token,Token
Ulcerative Colitis,What type of procedure is the image taken from?,colonoscopy,cla820glss4w3071u08lkfmgu,what type of procedure is the image taken from,Entity,Token,What type of procedure is the image taken from? colonoscopy,Token,Token
Ulcerative Colitis,What type of procedure is the image taken from?,colonoscopy,cla820gm9s5gj071udvwndv0s,what type of procedure is the image taken from,Entity,Token,What type of procedure is the image taken from? colonoscopy,Token,Token
Ulcerative Colitis,Is this finding easy to detect?,yes,cla820gn9s6qv071u23moamvc,is this finding easy to detect,Yes/No,Yes/No,Is this finding easy to detect? yes,Yes/No,Yes/No
Ulcerative Colitis,Is there text?,yes,cla820gmxs6en071uev1o2fzc,is there text,Yes/No,Yes/No,Is there text? yes,Yes/No,Yes/No
Ulcerative Colitis,What type of polyp is present?,none,cla820gm4s5a7071uedgy8hov,what type of polyp is present,Entity,None/NA,What type of polyp is present? none,None/NA,None/NA
Ulcerative Colitis,Is this finding easy to detect?,yes,cla820gmws6d3071u7f54d5go,is this finding easy to detect,Yes/No,Yes/No,Is this finding easy to detect? yes,Yes/No,Yes/No
Ulcerative Colitis,How many polyps are in the image?,0,cla820gmms60b071uh0x1b2mr,how many polyps are in the image,Counting,Numeric,How many polyps are in the image? 0,Numeric,Numeric
Ulcerative Colitis,How many instrumnets are in the image?,0,cla820gmls5yf071u422gbrab,how many instrumnets are in the image,Counting,Numeric,How many instrumnets are in the image? 0,Numeric,Numeric
Ulcerative Colitis,Are there any instruments in the image? Check all that are present.,none,cla820gm1s573071uboxn339w,are there any instruments in the image check all that are present,Yes/No,None/NA,Are there any instruments in the image? Check all that are present. none,None/NA,None/NA
Ulcerative Colitis,Where in the image is the abnormality?,center; center-left; center-right; lower-center; lower-left; lower-right; upper-center; upper-left; upper-right,cla820gljs4kv071ugpko5fhz,where in the image is the abnormality,Location,List,Where in the image is the abnormality? center; center-left; center-right; lower-center; lower-left; lower-right; upper-center; upper-left; upper-right,List,List
Ulcerative Colitis,What color is the abnormality? If more than one separate with ;,pink; red; white,cla820gl6s3xz071ubrzzdd9a,what color is the abnormality if more than one separate with,Color,List,What color is the abnormality? If more than one separate with ; pink; red; white,List,List
Ulcerative Colitis,What type of procedure is the image taken from?,colonoscopy,cla820gm1s57b071u12v541lw,what type of procedure is the image taken from,Entity,Token,What type of procedure is the image taken from? colonoscopy,Token,Token
Ulcerative Colitis,How many instrumnets are in the image?,0,cla820gm8s5fn071u32oc67ik,how many instrumnets are in the image,Counting,Numeric,How many instrumnets are in the image? 0,Numeric,Numeric
Ulcerative Colitis,Is this finding easy to detect?,yes,cla820gm8s5fn071u32oc67ik,is this finding easy to detect,Yes/No,Yes/No,Is this finding easy to detect? yes,Yes/No,Yes/No
Ulcerative Colitis,What type of procedure is the image taken from?,colonoscopy,cla820gm0s563071u1wfnfv5i,what type of procedure is the image taken from,Entity,Token,What type of procedure is the image taken from? colonoscopy,Token,Token
Ulcerative Colitis,Is there text?,yes,cla820gl4s3tj071uakhw1bd9,is there text,Yes/No,Yes/No,Is there text? yes,Yes/No,Yes/No
Ulcerative Colitis,How many instrumnets are in the image?,0,cla820gmhs5r7071u0jxl775h,how many instrumnets are in the image,Counting,Numeric,How many instrumnets are in the image? 0,Numeric,Numeric
Ulcerative Colitis,Where in the image is the abnormality?,center; center-left; center-right; lower-center; lower-right; upper-center; upper-left; upper-right,cla820gn4s6jv071u2uaj0y9r,where in the image is the abnormality,Location,List,Where in the image is the abnormality? center; center-left; center-right; lower-center; lower-right; upper-center; upper-left; upper-right,List,List
Ulcerative Colitis,How many instrumnets are in the image?,0,cla820gl3s3sz071u3u7aelb1,how many instrumnets are in the image,Counting,Numeric,How many instrumnets are in the image? 0,Numeric,Numeric
Ulcerative Colitis,How many instrumnets are in the image?,0,cla820glcs47b071ug3cs15a1,how many instrumnets are in the image,Counting,Numeric,How many instrumnets are in the image? 0,Numeric,Numeric
Ulcerative Colitis,Is there text?,yes,cla820gm4s59z071uc73c9xe5,is there text,Yes/No,Yes/No,Is there text? yes,Yes/No,Yes/No
Ulcerative Colitis,How many polyps are in the image?,0,cla820gmls5y3071ufytcckxb,how many polyps are in the image,Counting,Numeric,How many polyps are in the image? 0,Numeric,Numeric
Ulcerative Colitis,What type of polyp is present?,none,cla820gl7s3yr071u9kft4435,what type of polyp is present,Entity,None/NA,What type of polyp is present? none,None/NA,None/NA
Ulcerative Colitis,Is this finding easy to detect?,yes,cla820gl2s3qf071u1ndiftcx,is this finding easy to detect,Yes/No,Yes/No,Is this finding easy to detect? yes,Yes/No,Yes/No
Ulcerative Colitis,What color is the abnormality? If more than one separate with ;,pink; red; white,cla820gmms5z7071ub7pfau3k,what color is the abnormality if more than one separate with,Color,List,What color is the abnormality? If more than one separate with ; pink; red; white,List,List
Ulcerative Colitis,Where in the image is the anatomical landmark?,none,cla820gmls5xn071uc5g3czha,where in the image is the anatomical landmark,Location,None/NA,Where in the image is the anatomical landmark? none,None/NA,None/NA
Ulcerative Colitis,Is there text?,yes,cla820gn8s6oz071u9rtd5ve1,is there text,Yes/No,Yes/No,Is there text? yes,Yes/No,Yes/No
Ulcerative Colitis,How many findings are present?,1,cla820gles4bn071u1s4v4uz0,how many findings are present,Counting,Numeric,How many findings are present? 1,Numeric,Numeric
Ulcerative Colitis,What type of procedure is the image taken from?,colonoscopy,cla820glgs4fz071ucke45065,what type of procedure is the image taken from,Entity,Token,What type of procedure is the image taken from? colonoscopy,Token,Token
Ulcerative Colitis,Is there text?,yes,cla820glks4lf071u6fy1d5ov,is there text,Yes/No,Yes/No,Is there text? yes,Yes/No,Yes/No
Ulcerative Colitis,Is this finding easy to detect?,yes,cla820gl6s3xz071ubrzzdd9a,is this finding easy to detect,Yes/No,Yes/No,Is this finding easy to detect? yes,Yes/No,Yes/No
Ulcerative Colitis,Is this finding easy to detect?,yes,cla820glos4rb071uhwed5mbb,is this finding easy to detect,Yes/No,Yes/No,Is this finding easy to detect? yes,Yes/No,Yes/No
Ulcerative Colitis,Where in the image is the abnormality?,center; center-left; center-right; lower-center; lower-left; lower-right; upper-center; upper-left; upper-right,cla820gmqs653071u19205h77,where in the image is the abnormality,Location,List,Where in the image is the abnormality? center; center-left; center-right; lower-center; lower-left; lower-right; upper-center; upper-left; upper-right,List,List
Ulcerative Colitis,Have all polyps been removed?,not relevant,cla820gmys6gj071u6j7760jv,have all polyps been removed,Yes/No,Token,Have all polyps been removed? not relevant,Token,Token
Ulcerative Colitis,What type of polyp is present?,none,cla820glhs4gb071u0lgxbuwy,what type of polyp is present,Entity,None/NA,What type of polyp is present? none,None/NA,None/NA
Ulcerative Colitis,How many findings are present?,1,cla820glcs47v071u0n7i11qa,how many findings are present,Counting,Numeric,How many findings are present? 1,Numeric,Numeric
Ulcerative Colitis,Have all polyps been removed?,not relevant,cla820glds49n071ub8xd31uc,have all polyps been removed,Yes/No,Token,Have all polyps been removed? not relevant,Token,Token
Ulcerative Colitis,Are there any instruments in the image? Check all that are present.,none,cla820gm5s5bz071u7e4e3kqi,are there any instruments in the image check all that are present,Yes/No,None/NA,Are there any instruments in the image? Check all that are present. none,None/NA,None/NA
Ulcerative Colitis,What color is the abnormality? If more than one separate with ;,pink; red,cla820glks4lz071ubsuc0pzr,what color is the abnormality if more than one separate with,Color,List,What color is the abnormality? If more than one separate with ; pink; red,List,List
Ulcerative Colitis,Where in the image is the anatomical landmark?,none,cla820glps4s7071uhu686qbm,where in the image is the anatomical landmark,Location,None/NA,Where in the image is the anatomical landmark? none,None/NA,None/NA
Ulcerative Colitis,Where in the image is the instrument?,none,cla820gm1s56j071uevs5f59z,where in the image is the instrument,Location,None/NA,Where in the image is the instrument? none,None/NA,None/NA
Ulcerative Colitis,Are there any abnormalities in the image? Check all that are present.,ulcerative colitis,cla820glcs48f071uaeot7zw6,are there any abnormalities in the image check all that are present,Yes/No,Token,Are there any abnormalities in the image? Check all that are present. ulcerative colitis,Token,Token
Ulcerative Colitis,How many polyps are in the image?,0,cla820gmms5z7071ub7pfau3k,how many polyps are in the image,Counting,Numeric,How many polyps are in the image? 0,Numeric,Numeric
Ulcerative Colitis,What is the size of the polyp?,none,cla820gl6s3yn071u1z4u1dh6,what is the size of the polyp,Entity,None/NA,What is the size of the polyp? none,None/NA,None/NA
Ulcerative Colitis,How many polyps are in the image?,0,cla820gmxs6eb071u60l982sj,how many polyps are in the image,Counting,Numeric,How many polyps are in the image? 0,Numeric,Numeric
Ulcerative Colitis,What type of polyp is present?,none,cla820gmas5hv071u5cph9r7y,what type of polyp is present,Entity,None/NA,What type of polyp is present? none,None/NA,None/NA
Ulcerative Colitis,Is this finding easy to detect?,yes,cla820gm0s55z071u6bws6y9p,is this finding easy to detect,Yes/No,Yes/No,Is this finding easy to detect? yes,Yes/No,Yes/No
Ulcerative Colitis,Is there a green/black box artefact?,yes,cla820gmjs5u7071u91moec65,is there a green black box artefact,Yes/No,Yes/No,Is there a green/black box artefact? yes,Yes/No,Yes/No
Ulcerative Colitis,Have all polyps been removed?,not relevant,cla820glps4t7071u9hr68bum,have all polyps been removed,Yes/No,Token,Have all polyps been removed? not relevant,Token,Token
Ulcerative Colitis,What is the size of the polyp?,none,cla820gn5s6kb071u2tupfhco,what is the size of the polyp,Entity,None/NA,What is the size of the polyp? none,None/NA,None/NA
Ulcerative Colitis,What is the size of the polyp?,none,cla820gmbs5j7071u8ip985x7,what is the size of the polyp,Entity,None/NA,What is the size of the polyp? none,None/NA,None/NA
Ulcerative Colitis,Is there a green/black box artefact?,no,cla820gmls5y3071ufytcckxb,is there a green black box artefact,Yes/No,Yes/No,Is there a green/black box artefact? no,Yes/No,Yes/No
Ulcerative Colitis,What is the size of the polyp?,none,cla820gm0s55f071u8hlqhno2,what is the size of the polyp,Entity,None/NA,What is the size of the polyp? none,None/NA,None/NA
Ulcerative Colitis,How many polyps are in the image?,0,cla820gl5s3wb071u5ekcdloz,how many polyps are in the image,Counting,Numeric,How many polyps are in the image? 0,Numeric,Numeric
Ulcerative Colitis,What color is the abnormality? If more than one separate with ;,pink; white,cla820gmjs5u7071u91moec65,what color is the abnormality if more than one separate with,Color,List,What color is the abnormality? If more than one separate with ; pink; white,List,List
Ulcerative Colitis,Are there any abnormalities in the image? Check all that are present.,ulcerative colitis,cla820gmcs5kr071ubtem3zb1,are there any abnormalities in the image check all that are present,Yes/No,Token,Are there any abnormalities in the image? Check all that are present. ulcerative colitis,Token,Token
Ulcerative Colitis,How many polyps are in the image?,0,cla820gmbs5jv071u2nr79rfo,how many polyps are in the image,Counting,Numeric,How many polyps are in the image? 0,Numeric,Numeric
Ulcerative Colitis,How many instrumnets are in the image?,0,cla820gm6s5cz071udwjhayjc,how many instrumnets are in the image,Counting,Numeric,How many instrumnets are in the image? 0,Numeric,Numeric
Ulcerative Colitis,Are there any abnormalities in the image? Check all that are present.,ulcerative colitis,cla820gmes5mf071u7mhk0wpr,are there any abnormalities in the image check all that are present,Yes/No,Token,Are there any abnormalities in the image? Check all that are present. ulcerative colitis,Token,Token
Ulcerative Colitis,Have all polyps been removed?,not relevant,cla820gn3s6if071u2efz098u,have all polyps been removed,Yes/No,Token,Have all polyps been removed? not relevant,Token,Token
Ulcerative Colitis,Are there any instruments in the image? Check all that are present.,none,cla820gn9s6q3071u1ntnad6g,are there any instruments in the image check all that are present,Yes/No,None/NA,Are there any instruments in the image? Check all that are present. none,None/NA,None/NA
Ulcerative Colitis,Are there any anatomical landmarks in the image? Check all that are present.,none,cla820glws50n071uc0iu30z0,are there any anatomical landmarks in the image check all that are present,Yes/No,None/NA,Are there any anatomical landmarks in the image? Check all that are present. none,None/NA,None/NA
Ulcerative Colitis,What is the size of the polyp?,none,cla820gmgs5pj071u704xdemn,what is the size of the polyp,Entity,None/NA,What is the size of the polyp? none,None/NA,None/NA
Ulcerative Colitis,What type of polyp is present?,none,cla820glis4in071uh54x4ih5,what type of polyp is present,Entity,None/NA,What type of polyp is present? none,None/NA,None/NA
Ulcerative Colitis,Is this finding easy to detect?,yes,cla820gl3s3t3071udcwfd8g1,is this finding easy to detect,Yes/No,Yes/No,Is this finding easy to detect? yes,Yes/No,Yes/No
Ulcerative Colitis,How many instrumnets are in the image?,0,cla820glrs4v7071ufojf8iiu,how many instrumnets are in the image,Counting,Numeric,How many instrumnets are in the image? 0,Numeric,Numeric
Ulcerative Colitis,Is there a green/black box artefact?,no,cla820glus4yn071uhk5o6ktu,is there a green black box artefact,Yes/No,Yes/No,Is there a green/black box artefact? no,Yes/No,Yes/No
Ulcerative Colitis,What color is the abnormality? If more than one separate with ;,pink; red,cla820glks4ln071u6ufy4pd9,what color is the abnormality if more than one separate with,Color,List,What color is the abnormality? If more than one separate with ; pink; red,List,List
Ulcerative Colitis,Is this finding easy to detect?,yes,cla820gl4s3uv071u4pdi22dx,is this finding easy to detect,Yes/No,Yes/No,Is this finding easy to detect? yes,Yes/No,Yes/No
Ulcerative Colitis,How many polyps are in the image?,0,cla820gmas5hf071u8wl4hv2g,how many polyps are in the image,Counting,Numeric,How many polyps are in the image? 0,Numeric,Numeric
Ulcerative Colitis,Are there any instruments in the image? Check all that are present.,none,cla820gmas5i3071u7q9ra7of,are there any instruments in the image check all that are present,Yes/No,None/NA,Are there any instruments in the image? Check all that are present. none,None/NA,None/NA
Ulcerative Colitis,Are there any instruments in the image? Check all that are present.,none,cla820glns4p3071uhtoi5f6r,are there any instruments in the image check all that are present,Yes/No,None/NA,Are there any instruments in the image? Check all that are present. none,None/NA,None/NA
Ulcerative Colitis,Are there any anatomical landmarks in the image? Check all that are present.,none,cla820gn2s6hz071u8lie4sjt,are there any anatomical landmarks in the image check all that are present,Yes/No,None/NA,Are there any anatomical landmarks in the image? Check all that are present. none,None/NA,None/NA
Ulcerative Colitis,Is there a green/black box artefact?,yes,cla820gmms60j071uewclak33,is there a green black box artefact,Yes/No,Yes/No,Is there a green/black box artefact? yes,Yes/No,Yes/No
Ulcerative Colitis,Where in the image is the instrument?,none,cla820gmys6ff071u838uem5s,where in the image is the instrument,Location,None/NA,Where in the image is the instrument? none,None/NA,None/NA
Ulcerative Colitis,Are there any instruments in the image? Check all that are present.,none,cla820gmjs5ub071uhshz8wlc,are there any instruments in the image check all that are present,Yes/No,None/NA,Are there any instruments in the image? Check all that are present. none,None/NA,None/NA
Ulcerative Colitis,Are there any abnormalities in the image? Check all that are present.,ulcerative colitis,cla820gn3s6ir071u1ltt30bv,are there any abnormalities in the image check all that are present,Yes/No,Token,Are there any abnormalities in the image? Check all that are present. ulcerative colitis,Token,Token
Ulcerative Colitis,What is the size of the polyp?,none,cla820gl7s3yv071u0z3o93jw,what is the size of the polyp,Entity,None/NA,What is the size of the polyp? none,None/NA,None/NA
Ulcerative Colitis,Is there a green/black box artefact?,yes,cla820gmzs6h3071u6g38fbxc,is there a green black box artefact,Yes/No,Yes/No,Is there a green/black box artefact? yes,Yes/No,Yes/No
Ulcerative Colitis,Have all polyps been removed?,not relevant,cla820glbs46r071u1j9thrz3,have all polyps been removed,Yes/No,Token,Have all polyps been removed? not relevant,Token,Token
Ulcerative Colitis,Are there any abnormalities in the image? Check all that are present.,ulcerative colitis,cla820glds49n071ub8xd31uc,are there any abnormalities in the image check all that are present,Yes/No,Token,Are there any abnormalities in the image? Check all that are present. ulcerative colitis,Token,Token
Ulcerative Colitis,Are there any instruments in the image? Check all that are present.,none,cla820glys53n071uhthh6bvs,are there any instruments in the image check all that are present,Yes/No,None/NA,Are there any instruments in the image? Check all that are present. none,None/NA,None/NA
Ulcerative Colitis,Where in the image is the instrument?,none,cla820gmfs5nz071ucpw9dejr,where in the image is the instrument,Location,None/NA,Where in the image is the instrument? none,None/NA,None/NA
Ulcerative Colitis,What type of procedure is the image taken from?,colonoscopy,cla820gl2s3r7071u4iwl78ry,what type of procedure is the image taken from,Entity,Token,What type of procedure is the image taken from? colonoscopy,Token,Token
Ulcerative Colitis,Are there any abnormalities in the image? Check all that are present.,ulcerative colitis,cla820gl1s3pv071u6kb331te,are there any abnormalities in the image check all that are present,Yes/No,Token,Are there any abnormalities in the image? Check all that are present. ulcerative colitis,Token,Token
Ulcerative Colitis,What type of polyp is present?,none,cla820gmls5yf071u422gbrab,what type of polyp is present,Entity,None/NA,What type of polyp is present? none,None/NA,None/NA
Ulcerative Colitis,How many polyps are in the image?,0,cla820gmxs6dv071ug3lxfswl,how many polyps are in the image,Counting,Numeric,How many polyps are in the image? 0,Numeric,Numeric
Ulcerative Colitis,What is the size of the polyp?,none,cla820gmvs6cf071ufbgw0jqu,what is the size of the polyp,Entity,None/NA,What is the size of the polyp? none,None/NA,None/NA
Ulcerative Colitis,Where in the image is the instrument?,none,cla820gm0s55n071ubuk7hvyx,where in the image is the instrument,Location,None/NA,Where in the image is the instrument? none,None/NA,None/NA
Ulcerative Colitis,How many polyps are in the image?,0,cla820glas44v071u6740gysk,how many polyps are in the image,Counting,Numeric,How many polyps are in the image? 0,Numeric,Numeric
Ulcerative Colitis,How many instrumnets are in the image?,0,cla820glss4vv071u4yuq7en0,how many instrumnets are in the image,Counting,Numeric,How many instrumnets are in the image? 0,Numeric,Numeric
Ulcerative Colitis,Have all polyps been removed?,not relevant,cla820glus4yf071ufp7e4p4s,have all polyps been removed,Yes/No,Token,Have all polyps been removed? not relevant,Token,Token
Ulcerative Colitis,What type of procedure is the image taken from?,colonoscopy,cla820gn5s6lf071ufahb4qov,what type of procedure is the image taken from,Entity,Token,What type of procedure is the image taken from? colonoscopy,Token,Token
Ulcerative Colitis,Is this finding easy to detect?,yes,cla820gmvs6c7071u67zzc336,is this finding easy to detect,Yes/No,Yes/No,Is this finding easy to detect? yes,Yes/No,Yes/No
Ulcerative Colitis,What color is the abnormality? If more than one separate with ;,pink; white; yellow,cla820glys53j071u5tsm31dz,what color is the abnormality if more than one separate with,Color,List,What color is the abnormality? If more than one separate with ; pink; white; yellow,List,List
Ulcerative Colitis,How many findings are present?,1,cla820glys533071uh5p3gbon,how many findings are present,Counting,Numeric,How many findings are present? 1,Numeric,Numeric
Ulcerative Colitis,What type of procedure is the image taken from?,colonoscopy,cla820glxs51n071u7cqd831x,what type of procedure is the image taken from,Entity,Token,What type of procedure is the image taken from? colonoscopy,Token,Token
Ulcerative Colitis,Where in the image is the instrument?,none,cla820gmrs66n071u430dgpmx,where in the image is the instrument,Location,None/NA,Where in the image is the instrument? none,None/NA,None/NA
Ulcerative Colitis,How many findings are present?,1,cla820glcs487071u563nd6ui,how many findings are present,Counting,Numeric,How many findings are present? 1,Numeric,Numeric
Ulcerative Colitis,Where in the image is the instrument?,none,cla820gmhs5rr071u3ba0f0er,where in the image is the instrument,Location,None/NA,Where in the image is the instrument? none,None/NA,None/NA
Ulcerative Colitis,Are there any anatomical landmarks in the image? Check all that are present.,none,cla820gn5s6kv071u3g621gv4,are there any anatomical landmarks in the image check all that are present,Yes/No,None/NA,Are there any anatomical landmarks in the image? Check all that are present. none,None/NA,None/NA
Ulcerative Colitis,What is the size of the polyp?,none,cla820glas44r071ubx640diy,what is the size of the polyp,Entity,None/NA,What is the size of the polyp? none,None/NA,None/NA
Ulcerative Colitis,Where in the image is the instrument?,none,cla820glts4x3071ufc7p0x89,where in the image is the instrument,Location,None/NA,Where in the image is the instrument? none,None/NA,None/NA
Ulcerative Colitis,How many polyps are in the image?,0,cla820gmis5tb071u8iygepwo,how many polyps are in the image,Counting,Numeric,How many polyps are in the image? 0,Numeric,Numeric
Ulcerative Colitis,Are there any instruments in the image? Check all that are present.,none,cla820gmis5sz071u81qe9qny,are there any instruments in the image check all that are present,Yes/No,None/NA,Are there any instruments in the image? Check all that are present. none,None/NA,None/NA
Ulcerative Colitis,Have all polyps been removed?,not relevant,cla820gn5s6lb071ugv6jabuo,have all polyps been removed,Yes/No,Token,Have all polyps been removed? not relevant,Token,Token
Ulcerative Colitis,Are there any abnormalities in the image? Check all that are present.,ulcerative colitis,cla820gmts697071u39li2hv7,are there any abnormalities in the image check all that are present,Yes/No,Token,Are there any abnormalities in the image? Check all that are present. ulcerative colitis,Token,Token
Ulcerative Colitis,What color is the abnormality? If more than one separate with ;,pink; red; white,cla820gm1s57f071ubbs03fi2,what color is the abnormality if more than one separate with,Color,List,What color is the abnormality? If more than one separate with ; pink; red; white,List,List
Ulcerative Colitis,How many findings are present?,1,cla820gl2s3rn071u23tn2cc2,how many findings are present,Counting,Numeric,How many findings are present? 1,Numeric,Numeric
Ulcerative Colitis,Is there text?,no,cla820glis4ib071u1i14a7ce,is there text,Yes/No,Yes/No,Is there text? no,Yes/No,Yes/No
Ulcerative Colitis,What type of procedure is the image taken from?,colonoscopy,cla820gm9s5hb071u7ap0dcxl,what type of procedure is the image taken from,Entity,Token,What type of procedure is the image taken from? colonoscopy,Token,Token
Ulcerative Colitis,Where in the image is the abnormality?,center; center-left; center-right; lower-center; lower-left; lower-right; upper-center; upper-left; upper-right,cla820gn7s6nj071u6ox5563e,where in the image is the abnormality,Location,List,Where in the image is the abnormality? center; center-left; center-right; lower-center; lower-left; lower-right; upper-center; upper-left; upper-right,List,List
Ulcerative Colitis,Where in the image is the anatomical landmark?,none,cla820glls4mr071ud57z5zq2,where in the image is the anatomical landmark,Location,None/NA,Where in the image is the anatomical landmark? none,None/NA,None/NA
Ulcerative Colitis,Where in the image is the abnormality?,center; center-left; center-right; lower-center; lower-left; lower-right; upper-center; upper-left; upper-right,cla820gn8s6p3071u4m5yajd3,where in the image is the abnormality,Location,List,Where in the image is the abnormality? center; center-left; center-right; lower-center; lower-left; lower-right; upper-center; upper-left; upper-right,List,List
Ulcerative Colitis,Have all polyps been removed?,not relevant,cla820glis4jr071u609j0v6b,have all polyps been removed,Yes/No,Token,Have all polyps been removed? not relevant,Token,Token
Ulcerative Colitis,Are there any abnormalities in the image? Check all that are present.,ulcerative colitis,cla820gmfs5oj071u095r5i8n,are there any abnormalities in the image check all that are present,Yes/No,Token,Are there any abnormalities in the image? Check all that are present. ulcerative colitis,Token,Token
Ulcerative Colitis,What color is the abnormality? If more than one separate with ;,pink; red,cla820glps4tb071u2su05ukg,what color is the abnormality if more than one separate with,Color,List,What color is the abnormality? If more than one separate with ; pink; red,List,List
Ulcerative Colitis,Where in the image is the abnormality?,center; center-left; center-right; lower-center; lower-left; lower-right; upper-center; upper-left; upper-right,cla820gn5s6kj071uawhg5t93,where in the image is the abnormality,Location,List,Where in the image is the abnormality? center; center-left; center-right; lower-center; lower-left; lower-right; upper-center; upper-left; upper-right,List,List
Ulcerative Colitis,Have all polyps been removed?,not relevant,cla820glzs54f071u9ct1hd4x,have all polyps been removed,Yes/No,Token,Have all polyps been removed? not relevant,Token,Token
Ulcerative Colitis,Is this finding easy to detect?,yes,cla820gl8s41j071u1d8t428t,is this finding easy to detect,Yes/No,Yes/No,Is this finding easy to detect? yes,Yes/No,Yes/No
Ulcerative Colitis,What type of polyp is present?,none,cla820gmes5nj071u0v1l3e23,what type of polyp is present,Entity,None/NA,What type of polyp is present? none,None/NA,None/NA
Ulcerative Colitis,Is there text?,yes,cla820glis4iv071u1m100ttj,is there text,Yes/No,Yes/No,Is there text? yes,Yes/No,Yes/No
Ulcerative Colitis,What type of polyp is present?,none,cla820gmls5xz071u4jk39r9t,what type of polyp is present,Entity,None/NA,What type of polyp is present? none,None/NA,None/NA
Ulcerative Colitis,What type of polyp is present?,none,cla820gmds5lv071u2prbaqhq,what type of polyp is present,Entity,None/NA,What type of polyp is present? none,None/NA,None/NA
Ulcerative Colitis,Is there text?,yes,cla820gl1s3pb071u45lb0snu,is there text,Yes/No,Yes/No,Is there text? yes,Yes/No,Yes/No
Ulcerative Colitis,How many polyps are in the image?,0,cla820gm5s5bn071u010n5jb7,how many polyps are in the image,Counting,Numeric,How many polyps are in the image? 0,Numeric,Numeric
Ulcerative Colitis,Is there text?,yes,cla820gljs4l3071u9i3o4zmr,is there text,Yes/No,Yes/No,Is there text? yes,Yes/No,Yes/No
Ulcerative Colitis,What type of procedure is the image taken from?,colonoscopy,cla820gn5s6kr071ue6jighxj,what type of procedure is the image taken from,Entity,Token,What type of procedure is the image taken from? colonoscopy,Token,Token
Ulcerative Colitis,What type of procedure is the image taken from?,colonoscopy,cla820gm3s58n071ucq812p13,what type of procedure is the image taken from,Entity,Token,What type of procedure is the image taken from? colonoscopy,Token,Token
Ulcerative Colitis,What type of procedure is the image taken from?,colonoscopy,cla820glws51f071u3fvq7lru,what type of procedure is the image taken from,Entity,Token,What type of procedure is the image taken from? colonoscopy,Token,Token
Ulcerative Colitis,Where in the image is the instrument?,none,cla820gmqs65z071uaj197630,where in the image is the instrument,Location,None/NA,Where in the image is the instrument? none,None/NA,None/NA
Ulcerative Colitis,Is this finding easy to detect?,yes,cla820glrs4vb071u5cwo55c1,is this finding easy to detect,Yes/No,Yes/No,Is this finding easy to detect? yes,Yes/No,Yes/No
Ulcerative Colitis,Are there any abnormalities in the image? Check all that are present.,ulcerative colitis,cla820gl5s3w7071uh47a2dxy,are there any abnormalities in the image check all that are present,Yes/No,Token,Are there any abnormalities in the image? Check all that are present. ulcerative colitis,Token,Token
Ulcerative Colitis,Are there any anatomical landmarks in the image? Check all that are present.,none,cla820gm6s5cz071udwjhayjc,are there any anatomical landmarks in the image check all that are present,Yes/No,None/NA,Are there any anatomical landmarks in the image? Check all that are present. none,None/NA,None/NA
Ulcerative Colitis,Are there any anatomical landmarks in the image? Check all that are present.,none,cla820gmxs6ej071u0wzqg505,are there any anatomical landmarks in the image check all that are present,Yes/No,None/NA,Are there any anatomical landmarks in the image? Check all that are present. none,None/NA,None/NA
Ulcerative Colitis,What type of procedure is the image taken from?,colonoscopy,cla820gm1s56f071u6z4x5v2k,what type of procedure is the image taken from,Entity,Token,What type of procedure is the image taken from? colonoscopy,Token,Token
Ulcerative Colitis,Is there text?,yes,cla820gmhs5rz071u2pbpd86q,is there text,Yes/No,Yes/No,Is there text? yes,Yes/No,Yes/No
Ulcerative Colitis,How many instrumnets are in the image?,0,cla820glos4qv071u0rzk1tdi,how many instrumnets are in the image,Counting,Numeric,How many instrumnets are in the image? 0,Numeric,Numeric
Ulcerative Colitis,Are there any abnormalities in the image? Check all that are present.,ulcerative colitis,cla820gl1s3pr071u2vi94r92,are there any abnormalities in the image check all that are present,Yes/No,Token,Are there any abnormalities in the image? Check all that are present. ulcerative colitis,Token,Token
Ulcerative Colitis,What is the size of the polyp?,none,cla820gn2s6hv071u3e0j24qo,what is the size of the polyp,Entity,None/NA,What is the size of the polyp? none,None/NA,None/NA
Ulcerative Colitis,Are there any instruments in the image? Check all that are present.,none,cla820glds49j071uez9p75w9,are there any instruments in the image check all that are present,Yes/No,None/NA,Are there any instruments in the image? Check all that are present. none,None/NA,None/NA
Ulcerative Colitis,Are there any anatomical landmarks in the image? Check all that are present.,none,cla820glos4r3071u3sp7523c,are there any anatomical landmarks in the image check all that are present,Yes/No,None/NA,Are there any anatomical landmarks in the image? Check all that are present. none,None/NA,None/NA
Ulcerative Colitis,Where in the image is the instrument?,none,cla820glss4wr071u9rbsg5ki,where in the image is the instrument,Location,None/NA,Where in the image is the instrument? none,None/NA,None/NA
Ulcerative Colitis,What type of polyp is present?,none,cla820gljs4kj071ufgaectxo,what type of polyp is present,Entity,None/NA,What type of polyp is present? none,None/NA,None/NA
Ulcerative Colitis,Is there text?,yes,cla820glbs45v071ua0sq8o9d,is there text,Yes/No,Yes/No,Is there text? yes,Yes/No,Yes/No
Ulcerative Colitis,How many instrumnets are in the image?,0,cla820gm5s5b3071uc8r7gnts,how many instrumnets are in the image,Counting,Numeric,How many instrumnets are in the image? 0,Numeric,Numeric
Ulcerative Colitis,Are there any anatomical landmarks in the image? Check all that are present.,none,cla820gmhs5rn071ucpqpbrnc,are there any anatomical landmarks in the image check all that are present,Yes/No,None/NA,Are there any anatomical landmarks in the image? Check all that are present. none,None/NA,None/NA
Ulcerative Colitis,How many findings are present?,1,cla820gl7s407071u0j1bd6ly,how many findings are present,Counting,Numeric,How many findings are present? 1,Numeric,Numeric
Ulcerative Colitis,Are there any anatomical landmarks in the image? Check all that are present.,none,cla820gm7s5dz071u7v9a7lgv,are there any anatomical landmarks in the image check all that are present,Yes/No,None/NA,Are there any anatomical landmarks in the image? Check all that are present. none,None/NA,None/NA
Ulcerative Colitis,How many polyps are in the image?,0,cla820gljs4kr071u2qbo8zyu,how many polyps are in the image,Counting,Numeric,How many polyps are in the image? 0,Numeric,Numeric
Ulcerative Colitis,Are there any instruments in the image? Check all that are present.,tube,cla820gmws6cn071u6esibke1,are there any instruments in the image check all that are present,Yes/No,Token,Are there any instruments in the image? Check all that are present. tube,Token,Token
Ulcerative Colitis,Is this finding easy to detect?,yes,cla820gm1s57f071ubbs03fi2,is this finding easy to detect,Yes/No,Yes/No,Is this finding easy to detect? yes,Yes/No,Yes/No
Ulcerative Colitis,Are there any anatomical landmarks in the image? Check all that are present.,none,cla820gn5s6kn071u8pacbjav,are there any anatomical landmarks in the image check all that are present,Yes/No,None/NA,Are there any anatomical landmarks in the image? Check all that are present. none,None/NA,None/NA
Ulcerative Colitis,Where in the image is the abnormality?,center; center-left; center-right; lower-center; lower-left; lower-right; upper-center; upper-left; upper-right,cla820glgs4fj071ugt8ohlwm,where in the image is the abnormality,Location,List,Where in the image is the abnormality? center; center-left; center-right; lower-center; lower-left; lower-right; upper-center; upper-left; upper-right,List,List
Ulcerative Colitis,What is the size of the polyp?,none,cla820gmas5if071uey8f56yv,what is the size of the polyp,Entity,None/NA,What is the size of the polyp? none,None/NA,None/NA
Ulcerative Colitis,What is the size of the polyp?,none,cla820glus4z3071uhi6tfu56,what is the size of the polyp,Entity,None/NA,What is the size of the polyp? none,None/NA,None/NA
Ulcerative Colitis,What color is the abnormality? If more than one separate with ;,pink; red; white; brown,cla820gn7s6nz071ucibt4ct0,what color is the abnormality if more than one separate with,Color,List,What color is the abnormality? If more than one separate with ; pink; red; white; brown,List,List
Ulcerative Colitis,How many findings are present?,1,cla820glfs4dr071u4szgddq4,how many findings are present,Counting,Numeric,How many findings are present? 1,Numeric,Numeric
Ulcerative Colitis,Are there any instruments in the image? Check all that are present.,none,cla820gmgs5pv071ubu4gcmgh,are there any instruments in the image check all that are present,Yes/No,None/NA,Are there any instruments in the image? Check all that are present. none,None/NA,None/NA
Ulcerative Colitis,Where in the image is the instrument?,none,cla820gmjs5un071ug4fuf5y6,where in the image is the instrument,Location,None/NA,Where in the image is the instrument? none,None/NA,None/NA
Ulcerative Colitis,What type of polyp is present?,none,cla820glys52v071u8z0u422w,what type of polyp is present,Entity,None/NA,What type of polyp is present? none,None/NA,None/NA
Ulcerative Colitis,Have all polyps been removed?,not relevant,cla820glhs4g7071ud1217l9u,have all polyps been removed,Yes/No,Token,Have all polyps been removed? not relevant,Token,Token
Ulcerative Colitis,Are there any instruments in the image? Check all that are present.,none,cla820gmgs5pr071u61mf27n4,are there any instruments in the image check all that are present,Yes/No,None/NA,Are there any instruments in the image? Check all that are present. none,None/NA,None/NA
Ulcerative Colitis,How many findings are present?,1,cla820gm8s5er071u33i1h1yg,how many findings are present,Counting,Numeric,How many findings are present? 1,Numeric,Numeric
Ulcerative Colitis,How many instrumnets are in the image?,0,cla820glps4t3071u3cfnegcf,how many instrumnets are in the image,Counting,Numeric,How many instrumnets are in the image? 0,Numeric,Numeric
Ulcerative Colitis,Where in the image is the instrument?,none,cla820gljs4kb071u1b18d156,where in the image is the instrument,Location,None/NA,Where in the image is the instrument? none,None/NA,None/NA
Ulcerative Colitis,Are there any anatomical landmarks in the image? Check all that are present.,none,cla820glks4lz071ubsuc0pzr,are there any anatomical landmarks in the image check all that are present,Yes/No,None/NA,Are there any anatomical landmarks in the image? Check all that are present. none,None/NA,None/NA
Ulcerative Colitis,What color is the abnormality? If more than one separate with ;,pink; red; white,cla820gl7s3zj071uadm3dpxy,what color is the abnormality if more than one separate with,Color,List,What color is the abnormality? If more than one separate with ; pink; red; white,List,List
Ulcerative Colitis,Is this finding easy to detect?,yes,cla820gmvs6bn071u88vj64ou,is this finding easy to detect,Yes/No,Yes/No,Is this finding easy to detect? yes,Yes/No,Yes/No
Ulcerative Colitis,What type of polyp is present?,none,cla820gmes5n7071u8o6u0p6p,what type of polyp is present,Entity,None/NA,What type of polyp is present? none,None/NA,None/NA
Ulcerative Colitis,Where in the image is the abnormality?,center; center-left; center-right; lower-center; lower-left; lower-right; upper-center; upper-left; upper-right,cla820gm5s5bv071u5q119mtp,where in the image is the abnormality,Location,List,Where in the image is the abnormality? center; center-left; center-right; lower-center; lower-left; lower-right; upper-center; upper-left; upper-right,List,List
Ulcerative Colitis,What type of procedure is the image taken from?,colonoscopy,cla820gn4s6j7071u58if9aat,what type of procedure is the image taken from,Entity,Token,What type of procedure is the image taken from? colonoscopy,Token,Token
Ulcerative Colitis,How many instrumnets are in the image?,0,cla820gl6s3xb071ufo9e9qg4,how many instrumnets are in the image,Counting,Numeric,How many instrumnets are in the image? 0,Numeric,Numeric
Ulcerative Colitis,What type of procedure is the image taken from?,colonoscopy,cla820gmms5zn071u9lqc9ywi,what type of procedure is the image taken from,Entity,Token,What type of procedure is the image taken from? colonoscopy,Token,Token
Ulcerative Colitis,Where in the image is the instrument?,none,cla820gl3s3rz071uct37bliv,where in the image is the instrument,Location,None/NA,Where in the image is the instrument? none,None/NA,None/NA
Ulcerative Colitis,Where in the image is the anatomical landmark?,none,cla820gmqs65n071u0wmf7n3d,where in the image is the anatomical landmark,Location,None/NA,Where in the image is the anatomical landmark? none,None/NA,None/NA
Ulcerative Colitis,What type of procedure is the image taken from?,colonoscopy,cla820glns4pb071u9oqm4npr,what type of procedure is the image taken from,Entity,Token,What type of procedure is the image taken from? colonoscopy,Token,Token
Ulcerative Colitis,How many instrumnets are in the image?,0,cla820gmvs6c7071u67zzc336,how many instrumnets are in the image,Counting,Numeric,How many instrumnets are in the image? 0,Numeric,Numeric
Ulcerative Colitis,What is the size of the polyp?,none,cla820glys537071u1anh57fb,what is the size of the polyp,Entity,None/NA,What is the size of the polyp? none,None/NA,None/NA
Ulcerative Colitis,Have all polyps been removed?,not relevant,cla820glfs4dn071ugbvrazqs,have all polyps been removed,Yes/No,Token,Have all polyps been removed? not relevant,Token,Token
Ulcerative Colitis,What type of polyp is present?,none,cla820gmes5n3071u39nr2p8w,what type of polyp is present,Entity,None/NA,What type of polyp is present? none,None/NA,None/NA
Ulcerative Colitis,Is there text?,yes,cla820glis4j3071u0zef4fft,is there text,Yes/No,Yes/No,Is there text? yes,Yes/No,Yes/No
Ulcerative Colitis,What type of polyp is present?,none,cla820gmis5t3071u646u1onx,what type of polyp is present,Entity,None/NA,What type of polyp is present? none,None/NA,None/NA
Ulcerative Colitis,What color is the abnormality? If more than one separate with ;,pink; red,cla820gljs4kj071ufgaectxo,what color is the abnormality if more than one separate with,Color,List,What color is the abnormality? If more than one separate with ; pink; red,List,List
Ulcerative Colitis,What type of polyp is present?,none,cla820glls4nf071u5311ciqa,what type of polyp is present,Entity,None/NA,What type of polyp is present? none,None/NA,None/NA
Ulcerative Colitis,Is there text?,yes,cla820gl3s3tf071uekna420b,is there text,Yes/No,Yes/No,Is there text? yes,Yes/No,Yes/No
Ulcerative Colitis,How many instrumnets are in the image?,0,cla820glks4lb071u2xo3309v,how many instrumnets are in the image,Counting,Numeric,How many instrumnets are in the image? 0,Numeric,Numeric
Ulcerative Colitis,Are there any instruments in the image? Check all that are present.,none,cla820glxs52j071u46eo0au1,are there any instruments in the image check all that are present,Yes/No,None/NA,Are there any instruments in the image? Check all that are present. none,None/NA,None/NA
Ulcerative Colitis,Have all polyps been removed?,not relevant,cla820glns4p7071ucmxog59s,have all polyps been removed,Yes/No,Token,Have all polyps been removed? not relevant,Token,Token
Ulcerative Colitis,Are there any anatomical landmarks in the image? Check all that are present.,none,cla820gn8s6or071u786c9nd0,are there any anatomical landmarks in the image check all that are present,Yes/No,None/NA,Are there any anatomical landmarks in the image? Check all that are present. none,None/NA,None/NA
Ulcerative Colitis,What is the size of the polyp?,none,cla820gmvs6bf071uano0717m,what is the size of the polyp,Entity,None/NA,What is the size of the polyp? none,None/NA,None/NA
Ulcerative Colitis,How many findings are present?,1,cla820glis4j3071u0zef4fft,how many findings are present,Counting,Numeric,How many findings are present? 1,Numeric,Numeric
Ulcerative Colitis,Where in the image is the anatomical landmark?,none,cla820gmjs5uj071uan8m7p41,where in the image is the anatomical landmark,Location,None/NA,Where in the image is the anatomical landmark? none,None/NA,None/NA
Ulcerative Colitis,Are there any instruments in the image? Check all that are present.,none,cla820glxs527071u2rngfl7r,are there any instruments in the image check all that are present,Yes/No,None/NA,Are there any instruments in the image? Check all that are present. none,None/NA,None/NA
Ulcerative Colitis,How many instrumnets are in the image?,0,cla820gm6s5c7071u8qxfg8mk,how many instrumnets are in the image,Counting,Numeric,How many instrumnets are in the image? 0,Numeric,Numeric
Ulcerative Colitis,Is this finding easy to detect?,yes,cla820glds49f071uelg59ub0,is this finding easy to detect,Yes/No,Yes/No,Is this finding easy to detect? yes,Yes/No,Yes/No
Ulcerative Colitis,Have all polyps been removed?,not relevant,cla820gmws6db071u02pd62n2,have all polyps been removed,Yes/No,Token,Have all polyps been removed? not relevant,Token,Token
Ulcerative Colitis,Where in the image is the instrument?,none,cla820gmls5xr071uhyv8887o,where in the image is the instrument,Location,None/NA,Where in the image is the instrument? none,None/NA,None/NA
Ulcerative Colitis,Is this finding easy to detect?,yes,cla820gmfs5or071u3sdpg32k,is this finding easy to detect,Yes/No,Yes/No,Is this finding easy to detect? yes,Yes/No,Yes/No
Ulcerative Colitis,What is the size of the polyp?,none,cla820glms4nz071u1nfwfqxg,what is the size of the polyp,Entity,None/NA,What is the size of the polyp? none,None/NA,None/NA
Ulcerative Colitis,What type of polyp is present?,none,cla820gmus6aj071ued5vd2yg,what type of polyp is present,Entity,None/NA,What type of polyp is present? none,None/NA,None/NA
Ulcerative Colitis,Where in the image is the anatomical landmark?,none,cla820gmes5mn071u9qmv00ns,where in the image is the anatomical landmark,Location,None/NA,Where in the image is the anatomical landmark? none,None/NA,None/NA
Ulcerative Colitis,What type of polyp is present?,none,cla820gl6s3xv071u8lpe4sj3,what type of polyp is present,Entity,None/NA,What type of polyp is present? none,None/NA,None/NA
Ulcerative Colitis,Are there any anatomical landmarks in the image? Check all that are present.,cecum,cla820glss4w7071u3x1d69h6,are there any anatomical landmarks in the image check all that are present,Yes/No,Token,Are there any anatomical landmarks in the image? Check all that are present. cecum,Token,Token
Ulcerative Colitis,Are there any instruments in the image? Check all that are present.,none,cla820gmas5hf071u8wl4hv2g,are there any instruments in the image check all that are present,Yes/No,None/NA,Are there any instruments in the image? Check all that are present. none,None/NA,None/NA
Ulcerative Colitis,Is this finding easy to detect?,yes,cla820glhs4hr071uhjwycgv7,is this finding easy to detect,Yes/No,Yes/No,Is this finding easy to detect? yes,Yes/No,Yes/No
Ulcerative Colitis,Is there text?,yes,cla820gm8s5fb071u0bn7dy4k,is there text,Yes/No,Yes/No,Is there text? yes,Yes/No,Yes/No
Ulcerative Colitis,What color is the abnormality? If more than one separate with ;,pink; red,cla820glhs4gb071u0lgxbuwy,what color is the abnormality if more than one separate with,Color,List,What color is the abnormality? If more than one separate with ; pink; red,List,List
Ulcerative Colitis,How many instrumnets are in the image?,0,cla820gmis5sv071u7zh6hi8k,how many instrumnets are in the image,Counting,Numeric,How many instrumnets are in the image? 0,Numeric,Numeric
Ulcerative Colitis,Is there text?,yes,cla820gmas5hn071u5m0l1bk6,is there text,Yes/No,Yes/No,Is there text? yes,Yes/No,Yes/No
Ulcerative Colitis,How many instrumnets are in the image?,0,cla820gmts68z071u5vbz89tw,how many instrumnets are in the image,Counting,Numeric,How many instrumnets are in the image? 0,Numeric,Numeric
Ulcerative Colitis,How many instrumnets are in the image?,0,cla820glfs4db071u3kfi3wqj,how many instrumnets are in the image,Counting,Numeric,How many instrumnets are in the image? 0,Numeric,Numeric
Ulcerative Colitis,Are there any anatomical landmarks in the image? Check all that are present.,none,cla820gmrs66f071u2e0m0unl,are there any anatomical landmarks in the image check all that are present,Yes/No,None/NA,Are there any anatomical landmarks in the image? Check all that are present. none,None/NA,None/NA
Ulcerative Colitis,How many findings are present?,1,cla820gmvs6c3071ugjeig683,how many findings are present,Counting,Numeric,How many findings are present? 1,Numeric,Numeric
Ulcerative Colitis,Where in the image is the instrument?,none,cla820gmrs66v071ubwic2vyi,where in the image is the instrument,Location,None/NA,Where in the image is the instrument? none,None/NA,None/NA
Ulcerative Colitis,What is the size of the polyp?,none,cla820gmms60b071uh0x1b2mr,what is the size of the polyp,Entity,None/NA,What is the size of the polyp? none,None/NA,None/NA
Ulcerative Colitis,Have all polyps been removed?,not relevant,cla820glgs4ef071uc71f2gdf,have all polyps been removed,Yes/No,Token,Have all polyps been removed? not relevant,Token,Token
Ulcerative Colitis,Is this finding easy to detect?,yes,cla820gn2s6hr071u48c9f4x3,is this finding easy to detect,Yes/No,Yes/No,Is this finding easy to detect? yes,Yes/No,Yes/No
Ulcerative Colitis,Where in the image is the instrument?,none,cla820gl8s41n071uanbv7xro,where in the image is the instrument,Location,None/NA,Where in the image is the instrument? none,None/NA,None/NA
Ulcerative Colitis,Is this finding easy to detect?,yes,cla820gmls5xf071u5v8va9fa,is this finding easy to detect,Yes/No,Yes/No,Is this finding easy to detect? yes,Yes/No,Yes/No
Ulcerative Colitis,What is the size of the polyp?,none,cla820gmfs5or071u3sdpg32k,what is the size of the polyp,Entity,None/NA,What is the size of the polyp? none,None/NA,None/NA
Ulcerative Colitis,How many instrumnets are in the image?,0,cla820gmhs5qj071u3snmf7ak,how many instrumnets are in the image,Counting,Numeric,How many instrumnets are in the image? 0,Numeric,Numeric
Ulcerative Colitis,Are there any abnormalities in the image? Check all that are present.,ulcerative colitis,cla820gn7s6o7071ucxfnd1dy,are there any abnormalities in the image check all that are present,Yes/No,Token,Are there any abnormalities in the image? Check all that are present. ulcerative colitis,Token,Token
Ulcerative Colitis,Have all polyps been removed?,not relevant,cla820gl6s3xr071ufbe6hwzb,have all polyps been removed,Yes/No,Token,Have all polyps been removed? not relevant,Token,Token
Ulcerative Colitis,What color is the abnormality? If more than one separate with ;,pink; red; white,cla820gm6s5cz071udwjhayjc,what color is the abnormality if more than one separate with,Color,List,What color is the abnormality? If more than one separate with ; pink; red; white,List,List
Ulcerative Colitis,Is there a green/black box artefact?,no,cla820gm3s597071ugbnr1100,is there a green black box artefact,Yes/No,Yes/No,Is there a green/black box artefact? no,Yes/No,Yes/No
Ulcerative Colitis,Is there a green/black box artefact?,yes,cla820glks4lb071u2xo3309v,is there a green black box artefact,Yes/No,Yes/No,Is there a green/black box artefact? yes,Yes/No,Yes/No
Ulcerative Colitis,How many instrumnets are in the image?,0,cla820glzs54b071uavsmcevb,how many instrumnets are in the image,Counting,Numeric,How many instrumnets are in the image? 0,Numeric,Numeric
Ulcerative Colitis,Have all polyps been removed?,not relevant,cla820glss4wn071ugbqr124v,have all polyps been removed,Yes/No,Token,Have all polyps been removed? not relevant,Token,Token
Ulcerative Colitis,Is there text?,yes,cla820gles4az071u42vp9mmx,is there text,Yes/No,Yes/No,Is there text? yes,Yes/No,Yes/No
Ulcerative Colitis,Is there text?,yes,cla820glbs46r071u1j9thrz3,is there text,Yes/No,Yes/No,Is there text? yes,Yes/No,Yes/No
Ulcerative Colitis,How many instrumnets are in the image?,0,cla820gn8s6pb071ubvughf2p,how many instrumnets are in the image,Counting,Numeric,How many instrumnets are in the image? 0,Numeric,Numeric
Ulcerative Colitis,Where in the image is the abnormality?,center; center-left; center-right; lower-center; lower-left; lower-right; upper-center; upper-left; upper-right,cla820gmms5zz071uchi02ycl,where in the image is the abnormality,Location,List,Where in the image is the abnormality? center; center-left; center-right; lower-center; lower-left; lower-right; upper-center; upper-left; upper-right,List,List
Ulcerative Colitis,Have all polyps been removed?,not relevant,cla820glas44n071u28gw6bch,have all polyps been removed,Yes/No,Token,Have all polyps been removed? not relevant,Token,Token
Ulcerative Colitis,How many polyps are in the image?,0,cla820gm3s59f071ucoov917k,how many polyps are in the image,Counting,Numeric,How many polyps are in the image? 0,Numeric,Numeric
Ulcerative Colitis,Have all polyps been removed?,not relevant,cla820gl1s3oz071u2ixjf7yk,have all polyps been removed,Yes/No,Token,Have all polyps been removed? not relevant,Token,Token
Ulcerative Colitis,Where in the image is the abnormality?,center; center-left; center-right; lower-center; lower-left; lower-right; upper-center; upper-left; upper-right,cla820gmzs6gr071u9ojuew52,where in the image is the abnormality,Location,List,Where in the image is the abnormality? center; center-left; center-right; lower-center; lower-left; lower-right; upper-center; upper-left; upper-right,List,List
Ulcerative Colitis,Are there any instruments in the image? Check all that are present.,tube,cla820gl5s3vr071u7iil4yr1,are there any instruments in the image check all that are present,Yes/No,Token,Are there any instruments in the image? Check all that are present. tube,Token,Token
Ulcerative Colitis,Are there any anatomical landmarks in the image? Check all that are present.,none,cla820gles4b3071uf3ys5xf3,are there any anatomical landmarks in the image check all that are present,Yes/No,None/NA,Are there any anatomical landmarks in the image? Check all that are present. none,None/NA,None/NA
Ulcerative Colitis,Are there any instruments in the image? Check all that are present.,none,cla820glbs467071ufumlfdwb,are there any instruments in the image check all that are present,Yes/No,None/NA,Are there any instruments in the image? Check all that are present. none,None/NA,None/NA
Ulcerative Colitis,What type of procedure is the image taken from?,colonoscopy,cla820glcs48n071ucc8e8fht,what type of procedure is the image taken from,Entity,Token,What type of procedure is the image taken from? colonoscopy,Token,Token
Ulcerative Colitis,Have all polyps been removed?,not relevant,cla820gmjs5uz071uajgi1xsj,have all polyps been removed,Yes/No,Token,Have all polyps been removed? not relevant,Token,Token
Ulcerative Colitis,How many findings are present?,1,cla820gn8s6pr071uaw0qdq4x,how many findings are present,Counting,Numeric,How many findings are present? 1,Numeric,Numeric
Ulcerative Colitis,What is the size of the polyp?,none,cla820gn8s6or071u786c9nd0,what is the size of the polyp,Entity,None/NA,What is the size of the polyp? none,None/NA,None/NA
Ulcerative Colitis,Are there any abnormalities in the image? Check all that are present.,ulcerative colitis,cla820gmxs6e7071u6sysf7po,are there any abnormalities in the image check all that are present,Yes/No,Token,Are there any abnormalities in the image? Check all that are present. ulcerative colitis,Token,Token
Ulcerative Colitis,Is there text?,yes,cla820glys533071uh5p3gbon,is there text,Yes/No,Yes/No,Is there text? yes,Yes/No,Yes/No
Ulcerative Colitis,Where in the image is the instrument?,none,cla820gl2s3qn071ucguna2um,where in the image is the instrument,Location,None/NA,Where in the image is the instrument? none,None/NA,None/NA
Ulcerative Colitis,Have all polyps been removed?,not relevant,cla820gmws6cv071uextx3dk4,have all polyps been removed,Yes/No,Token,Have all polyps been removed? not relevant,Token,Token
Ulcerative Colitis,What is the size of the polyp?,none,cla820gm2s587071u5rub5yy5,what is the size of the polyp,Entity,None/NA,What is the size of the polyp? none,None/NA,None/NA
Ulcerative Colitis,Where in the image is the anatomical landmark?,none,cla820gm0s55n071ubuk7hvyx,where in the image is the anatomical landmark,Location,None/NA,Where in the image is the anatomical landmark? none,None/NA,None/NA
Ulcerative Colitis,How many polyps are in the image?,0,cla820gl8s40z071u0iu04nv7,how many polyps are in the image,Counting,Numeric,How many polyps are in the image? 0,Numeric,Numeric
Ulcerative Colitis,Where in the image is the instrument?,none,cla820gmys6f3071u1oh36llx,where in the image is the instrument,Location,None/NA,Where in the image is the instrument? none,None/NA,None/NA
Ulcerative Colitis,Is there a green/black box artefact?,no,cla820gl0s3o7071u4ouwcitb,is there a green black box artefact,Yes/No,Yes/No,Is there a green/black box artefact? no,Yes/No,Yes/No
Ulcerative Colitis,Where in the image is the anatomical landmark?,none,cla820glks4m3071ubdpv709c,where in the image is the anatomical landmark,Location,None/NA,Where in the image is the anatomical landmark? none,None/NA,None/NA
Ulcerative Colitis,Are there any abnormalities in the image? Check all that are present.,ulcerative colitis,cla820glts4xn071u7oh30ira,are there any abnormalities in the image check all that are present,Yes/No,Token,Are there any abnormalities in the image? Check all that are present. ulcerative colitis,Token,Token
Ulcerative Colitis,How many polyps are in the image?,0,cla820glas44b071ufopccjcq,how many polyps are in the image,Counting,Numeric,How many polyps are in the image? 0,Numeric,Numeric
Ulcerative Colitis,What type of procedure is the image taken from?,colonoscopy,cla820gm9s5gf071udqs442df,what type of procedure is the image taken from,Entity,Token,What type of procedure is the image taken from? colonoscopy,Token,Token
Ulcerative Colitis,Have all polyps been removed?,not relevant,cla820gm0s55f071u8hlqhno2,have all polyps been removed,Yes/No,Token,Have all polyps been removed? not relevant,Token,Token
Ulcerative Colitis,What type of procedure is the image taken from?,colonoscopy,cla820glds4a3071uh8e7cjrw,what type of procedure is the image taken from,Entity,Token,What type of procedure is the image taken from? colonoscopy,Token,Token
Ulcerative Colitis,Have all polyps been removed?,not relevant,cla820glgs4fb071ufpu576g9,have all polyps been removed,Yes/No,Token,Have all polyps been removed? not relevant,Token,Token
Ulcerative Colitis,How many instrumnets are in the image?,0,cla820gmss68f071u24pp1gt4,how many instrumnets are in the image,Counting,Numeric,How many instrumnets are in the image? 0,Numeric,Numeric
Ulcerative Colitis,What is the size of the polyp?,none,cla820gmws6cj071u56un6ke7,what is the size of the polyp,Entity,None/NA,What is the size of the polyp? none,None/NA,None/NA
Ulcerative Colitis,How many findings are present?,1,cla820gl2s3rr071u0d0f3piv,how many findings are present,Counting,Numeric,How many findings are present? 1,Numeric,Numeric
Ulcerative Colitis,What color is the abnormality? If more than one separate with ;,pink; red; white,cla820gn4s6jj071u8fhj9kq4,what color is the abnormality if more than one separate with,Color,List,What color is the abnormality? If more than one separate with ; pink; red; white,List,List
Ulcerative Colitis,How many polyps are in the image?,0,cla820gmzs6gr071u9ojuew52,how many polyps are in the image,Counting,Numeric,How many polyps are in the image? 0,Numeric,Numeric
Ulcerative Colitis,Where in the image is the instrument?,none,cla820glcs48b071ueoc59q55,where in the image is the instrument,Location,None/NA,Where in the image is the instrument? none,None/NA,None/NA
Ulcerative Colitis,Where in the image is the instrument?,none,cla820gmgs5pz071u1iikahxn,where in the image is the instrument,Location,None/NA,Where in the image is the instrument? none,None/NA,None/NA
Ulcerative Colitis,What type of polyp is present?,none,cla820glus4yz071ugct55hvr,what type of polyp is present,Entity,None/NA,What type of polyp is present? none,None/NA,None/NA
Ulcerative Colitis,Where in the image is the anatomical landmark?,none,cla820gn9s6qf071u7p31bq1g,where in the image is the anatomical landmark,Location,None/NA,Where in the image is the anatomical landmark? none,None/NA,None/NA
Ulcerative Colitis,How many instrumnets are in the image?,0,cla820gl1s3pj071u0wta8adz,how many instrumnets are in the image,Counting,Numeric,How many instrumnets are in the image? 0,Numeric,Numeric
Ulcerative Colitis,Are there any instruments in the image? Check all that are present.,none,cla820gm5s5br071uapqa4zrj,are there any instruments in the image check all that are present,Yes/No,None/NA,Are there any instruments in the image? Check all that are present. none,None/NA,None/NA
Ulcerative Colitis,Are there any anatomical landmarks in the image? Check all that are present.,none,cla820glas44r071ubx640diy,are there any anatomical landmarks in the image check all that are present,Yes/No,None/NA,Are there any anatomical landmarks in the image? Check all that are present. none,None/NA,None/NA
Ulcerative Colitis,Are there any abnormalities in the image? Check all that are present.,ulcerative colitis,cla820gmss68b071u8m268bbr,are there any abnormalities in the image check all that are present,Yes/No,Token,Are there any abnormalities in the image? Check all that are present. ulcerative colitis,Token,Token
Ulcerative Colitis,Where in the image is the instrument?,none,cla820gn3s6ij071uf1bv3jbu,where in the image is the instrument,Location,None/NA,Where in the image is the instrument? none,None/NA,None/NA
Ulcerative Colitis,How many findings are present?,1,cla820glzs54r071udfzp9q0y,how many findings are present,Counting,Numeric,How many findings are present? 1,Numeric,Numeric
Ulcerative Colitis,How many polyps are in the image?,0,cla820gl4s3tn071u0pfr2b9j,how many polyps are in the image,Counting,Numeric,How many polyps are in the image? 0,Numeric,Numeric
Ulcerative Colitis,Is there text?,yes,cla820glbs477071u6xqddb6d,is there text,Yes/No,Yes/No,Is there text? yes,Yes/No,Yes/No
Ulcerative Colitis,What type of procedure is the image taken from?,colonoscopy,cla820gn8s6or071u786c9nd0,what type of procedure is the image taken from,Entity,Token,What type of procedure is the image taken from? colonoscopy,Token,Token
Ulcerative Colitis,How many polyps are in the image?,0,cla820glos4qf071ucr136se5,how many polyps are in the image,Counting,Numeric,How many polyps are in the image? 0,Numeric,Numeric
Ulcerative Colitis,How many instrumnets are in the image?,0,cla820gmfs5nr071ueghc9d0l,how many instrumnets are in the image,Counting,Numeric,How many instrumnets are in the image? 0,Numeric,Numeric
Ulcerative Colitis,Are there any abnormalities in the image? Check all that are present.,ulcerative colitis,cla820gl3s3sb071uhkrfhgt7,are there any abnormalities in the image check all that are present,Yes/No,Token,Are there any abnormalities in the image? Check all that are present. ulcerative colitis,Token,Token
Ulcerative Colitis,What type of procedure is the image taken from?,colonoscopy,cla820glys53b071u411hdznp,what type of procedure is the image taken from,Entity,Token,What type of procedure is the image taken from? colonoscopy,Token,Token
Ulcerative Colitis,What color is the abnormality? If more than one separate with ;,pink; red,cla820gmos62j071ud19cak7f,what color is the abnormality if more than one separate with,Color,List,What color is the abnormality? If more than one separate with ; pink; red,List,List
Ulcerative Colitis,How many instrumnets are in the image?,0,cla820glgs4ff071u8us5dw3j,how many instrumnets are in the image,Counting,Numeric,How many instrumnets are in the image? 0,Numeric,Numeric
Ulcerative Colitis,What color is the abnormality? If more than one separate with ;,pink; red; white,cla820gmts69z071u86tsartr,what color is the abnormality if more than one separate with,Color,List,What color is the abnormality? If more than one separate with ; pink; red; white,List,List
Ulcerative Colitis,Where in the image is the anatomical landmark?,upper-center; upper-right,cla820glps4rz071u6kspddxw,where in the image is the anatomical landmark,Location,List,Where in the image is the anatomical landmark? upper-center; upper-right,List,List
Ulcerative Colitis,Is there text?,yes,cla820gl9s433071udkafa6fr,is there text,Yes/No,Yes/No,Is there text? yes,Yes/No,Yes/No
Ulcerative Colitis,Are there any instruments in the image? Check all that are present.,none,cla820glvs503071ufonj6f1j,are there any instruments in the image check all that are present,Yes/No,None/NA,Are there any instruments in the image? Check all that are present. none,None/NA,None/NA
Ulcerative Colitis,What color is the abnormality? If more than one separate with ;,pink; red,cla820glls4nn071u8mb6hls1,what color is the abnormality if more than one separate with,Color,List,What color is the abnormality? If more than one separate with ; pink; red,List,List
Ulcerative Colitis,What is the size of the polyp?,none,cla820gl6s3y7071u9k638dv6,what is the size of the polyp,Entity,None/NA,What is the size of the polyp? none,None/NA,None/NA
Ulcerative Colitis,What type of procedure is the image taken from?,colonoscopy,cla820gmns60r071u963pb90r,what type of procedure is the image taken from,Entity,Token,What type of procedure is the image taken from? colonoscopy,Token,Token
Ulcerative Colitis,What is the size of the polyp?,none,cla820glfs4cz071u1fgq28zx,what is the size of the polyp,Entity,None/NA,What is the size of the polyp? none,None/NA,None/NA
Ulcerative Colitis,How many polyps are in the image?,0,cla820glns4pb071u9oqm4npr,how many polyps are in the image,Counting,Numeric,How many polyps are in the image? 0,Numeric,Numeric
Ulcerative Colitis,What type of polyp is present?,none,cla820glcs48n071ucc8e8fht,what type of polyp is present,Entity,None/NA,What type of polyp is present? none,None/NA,None/NA
Ulcerative Colitis,Where in the image is the instrument?,none,cla820glds49v071u08w57r94,where in the image is the instrument,Location,None/NA,Where in the image is the instrument? none,None/NA,None/NA
Ulcerative Colitis,What is the size of the polyp?,none,cla820glhs4gn071u52j3hlkn,what is the size of the polyp,Entity,None/NA,What is the size of the polyp? none,None/NA,None/NA
Ulcerative Colitis,Have all polyps been removed?,not relevant,cla820gn8s6pr071uaw0qdq4x,have all polyps been removed,Yes/No,Token,Have all polyps been removed? not relevant,Token,Token
Ulcerative Colitis,Where in the image is the abnormality?,center; center-left; center-right; lower-center; lower-left; lower-right; upper-center; upper-left; upper-right,cla820gmps643071ucbbke1k5,where in the image is the abnormality,Location,List,Where in the image is the abnormality? center; center-left; center-right; lower-center; lower-left; lower-right; upper-center; upper-left; upper-right,List,List
Ulcerative Colitis,Is there text?,yes,cla820glas43v071u1ndvbm1h,is there text,Yes/No,Yes/No,Is there text? yes,Yes/No,Yes/No
Ulcerative Colitis,Have all polyps been removed?,not relevant,cla820glas45f071uds2u97yk,have all polyps been removed,Yes/No,Token,Have all polyps been removed? not relevant,Token,Token
Ulcerative Colitis,What type of polyp is present?,none,cla820gmps64n071ughf3929p,what type of polyp is present,Entity,None/NA,What type of polyp is present? none,None/NA,None/NA
Ulcerative Colitis,Where in the image is the anatomical landmark?,upper-center,cla820glgs4ff071u8us5dw3j,where in the image is the anatomical landmark,Location,Token,Where in the image is the anatomical landmark? upper-center,Token,Token
Ulcerative Colitis,What type of polyp is present?,none,cla820gm3s597071ugbnr1100,what type of polyp is present,Entity,None/NA,What type of polyp is present? none,None/NA,None/NA
Ulcerative Colitis,Where in the image is the abnormality?,center; center-left; center-right; lower-center; lower-left; lower-right; upper-center; upper-left,cla820glcs47b071ug3cs15a1,where in the image is the abnormality,Location,List,Where in the image is the abnormality? center; center-left; center-right; lower-center; lower-left; lower-right; upper-center; upper-left,List,List
Ulcerative Colitis,Are there any anatomical landmarks in the image? Check all that are present.,none,cla820gn2s6hn071ughyqhcy2,are there any anatomical landmarks in the image check all that are present,Yes/No,None/NA,Are there any anatomical landmarks in the image? Check all that are present. none,None/NA,None/NA
Ulcerative Colitis,Where in the image is the instrument?,none,cla820glus4yj071udps24xeu,where in the image is the instrument,Location,None/NA,Where in the image is the instrument? none,None/NA,None/NA
Ulcerative Colitis,Where in the image is the abnormality?,center; center-left; center-right; lower-center; lower-left; lower-right; upper-center; upper-left; upper-right,cla820gm3s58v071u2hykeacd,where in the image is the abnormality,Location,List,Where in the image is the abnormality? center; center-left; center-right; lower-center; lower-left; lower-right; upper-center; upper-left; upper-right,List,List
Ulcerative Colitis,Is this finding easy to detect?,yes,cla820gmos61v071ub165cjhh,is this finding easy to detect,Yes/No,Yes/No,Is this finding easy to detect? yes,Yes/No,Yes/No
Ulcerative Colitis,Is this finding easy to detect?,yes,cla820gn8s6p7071u0a2bcv1n,is this finding easy to detect,Yes/No,Yes/No,Is this finding easy to detect? yes,Yes/No,Yes/No
Ulcerative Colitis,What type of polyp is present?,none,cla820glms4nv071ug2s4hc8z,what type of polyp is present,Entity,None/NA,What type of polyp is present? none,None/NA,None/NA
Ulcerative Colitis,How many findings are present?,1,cla820gm2s58b071uc7pvb8v5,how many findings are present,Counting,Numeric,How many findings are present? 1,Numeric,Numeric
Ulcerative Colitis,Are there any anatomical landmarks in the image? Check all that are present.,none,cla820gl4s3un071uck4cg79b,are there any anatomical landmarks in the image check all that are present,Yes/No,None/NA,Are there any anatomical landmarks in the image? Check all that are present. none,None/NA,None/NA
Ulcerative Colitis,Is there text?,yes,cla820glys53n071uhthh6bvs,is there text,Yes/No,Yes/No,Is there text? yes,Yes/No,Yes/No
Ulcerative Colitis,What color is the abnormality? If more than one separate with ;,pink; red; white; yellow; brown,cla820gmss68j071u8cp9bv0v,what color is the abnormality if more than one separate with,Color,List,What color is the abnormality? If more than one separate with ; pink; red; white; yellow; brown,List,List
Ulcerative Colitis,What color is the abnormality? If more than one separate with ;,pink; red,cla820glus4yn071uhk5o6ktu,what color is the abnormality if more than one separate with,Color,List,What color is the abnormality? If more than one separate with ; pink; red,List,List
Ulcerative Colitis,Are there any instruments in the image? Check all that are present.,none,cla820glbs473071u1468er6g,are there any instruments in the image check all that are present,Yes/No,None/NA,Are there any instruments in the image? Check all that are present. none,None/NA,None/NA
Ulcerative Colitis,Is there text?,yes,cla820gmgs5pz071u1iikahxn,is there text,Yes/No,Yes/No,Is there text? yes,Yes/No,Yes/No
Ulcerative Colitis,Are there any instruments in the image? Check all that are present.,none,cla820gl4s3un071uck4cg79b,are there any instruments in the image check all that are present,Yes/No,None/NA,Are there any instruments in the image? Check all that are present. none,None/NA,None/NA
Ulcerative Colitis,Is this finding easy to detect?,yes,cla820glzs54v071u4zcc03z2,is this finding easy to detect,Yes/No,Yes/No,Is this finding easy to detect? yes,Yes/No,Yes/No
Ulcerative Colitis,What color is the abnormality? If more than one separate with ;,pink; red; white,cla820gm5s5br071uapqa4zrj,what color is the abnormality if more than one separate with,Color,List,What color is the abnormality? If more than one separate with ; pink; red; white,List,List
Ulcerative Colitis,How many instrumnets are in the image?,0,cla820gmxs6ez071ug5c7c9hd,how many instrumnets are in the image,Counting,Numeric,How many instrumnets are in the image? 0,Numeric,Numeric
Ulcerative Colitis,What type of polyp is present?,none,cla820gmys6gj071u6j7760jv,what type of polyp is present,Entity,None/NA,What type of polyp is present? none,None/NA,None/NA
Ulcerative Colitis,What is the size of the polyp?,none,cla820glms4o3071u7c667svz,what is the size of the polyp,Entity,None/NA,What is the size of the polyp? none,None/NA,None/NA
Ulcerative Colitis,Where in the image is the instrument?,none,cla820glls4n3071ub1dx9cxn,where in the image is the instrument,Location,None/NA,Where in the image is the instrument? none,None/NA,None/NA
Ulcerative Colitis,What type of procedure is the image taken from?,colonoscopy,cla820gn5s6kz071u8vnjhh8o,what type of procedure is the image taken from,Entity,Token,What type of procedure is the image taken from? colonoscopy,Token,Token
Ulcerative Colitis,Where in the image is the abnormality?,center; center-left; center-right; lower-center; lower-right; upper-center; upper-left; upper-right,cla820gl8s41b071u9jv628nz,where in the image is the abnormality,Location,List,Where in the image is the abnormality? center; center-left; center-right; lower-center; lower-right; upper-center; upper-left; upper-right,List,List
Ulcerative Colitis,Where in the image is the instrument?,none,cla820gmds5lb071ug0oedfn0,where in the image is the instrument,Location,None/NA,Where in the image is the instrument? none,None/NA,None/NA
Ulcerative Colitis,Is there text?,no,cla820gm0s563071u1wfnfv5i,is there text,Yes/No,Yes/No,Is there text? no,Yes/No,Yes/No
Ulcerative Colitis,Is there a green/black box artefact?,yes,cla820gl8s40f071u27wyhkha,is there a green black box artefact,Yes/No,Yes/No,Is there a green/black box artefact? yes,Yes/No,Yes/No
Ulcerative Colitis,What color is the abnormality? If more than one separate with ;,pink; yellow,cla820gmbs5iz071u8fnyfshw,what color is the abnormality if more than one separate with,Color,List,What color is the abnormality? If more than one separate with ; pink; yellow,List,List
Ulcerative Colitis,How many instrumnets are in the image?,0,cla820glcs48f071uaeot7zw6,how many instrumnets are in the image,Counting,Numeric,How many instrumnets are in the image? 0,Numeric,Numeric
Ulcerative Colitis,Is this finding easy to detect?,no,cla820gmjs5tr071ugp0l1tsm,is this finding easy to detect,Yes/No,Yes/No,Is this finding easy to detect? no,Yes/No,Token
Ulcerative Colitis,Have all polyps been removed?,not relevant,cla820glos4qr071ubtmjga43,have all polyps been removed,Yes/No,Token,Have all polyps been removed? not relevant,Token,Token
Ulcerative Colitis,How many instrumnets are in the image?,0,cla820gmws6df071uc7su0g06,how many instrumnets are in the image,Counting,Numeric,How many instrumnets are in the image? 0,Numeric,Numeric
Ulcerative Colitis,What is the size of the polyp?,none,cla820gn6s6lz071u7srk70v5,what is the size of the polyp,Entity,None/NA,What is the size of the polyp? none,None/NA,None/NA
Ulcerative Colitis,Is there text?,yes,cla820gn5s6ln071u0vyk3pkt,is there text,Yes/No,Yes/No,Is there text? yes,Yes/No,Yes/No
Ulcerative Colitis,Where in the image is the anatomical landmark?,none,cla820gmjs5u3071u8i965h3h,where in the image is the anatomical landmark,Location,None/NA,Where in the image is the anatomical landmark? none,None/NA,None/NA
Ulcerative Colitis,Is this finding easy to detect?,yes,cla820gmss67j071uaqp2dhsa,is this finding easy to detect,Yes/No,Yes/No,Is this finding easy to detect? yes,Yes/No,Yes/No
Ulcerative Colitis,Is there a green/black box artefact?,yes,cla820gmcs5kf071uct5r5v2n,is there a green black box artefact,Yes/No,Yes/No,Is there a green/black box artefact? yes,Yes/No,Yes/No
Ulcerative Colitis,What type of polyp is present?,none,cla820gm5s5b3071uc8r7gnts,what type of polyp is present,Entity,None/NA,What type of polyp is present? none,None/NA,None/NA
Ulcerative Colitis,Where in the image is the abnormality?,center; center-left; center-right; lower-center; lower-left; lower-right; upper-center; upper-left; upper-right,cla820glas44b071ufopccjcq,where in the image is the abnormality,Location,List,Where in the image is the abnormality? center; center-left; center-right; lower-center; lower-left; lower-right; upper-center; upper-left; upper-right,List,List
Ulcerative Colitis,Have all polyps been removed?,not relevant,cla820glqs4tf071uebf256qf,have all polyps been removed,Yes/No,Token,Have all polyps been removed? not relevant,Token,Token
Ulcerative Colitis,What color is the abnormality? If more than one separate with ;,pink; red,cla820glis4hz071u07tyhe3a,what color is the abnormality if more than one separate with,Color,List,What color is the abnormality? If more than one separate with ; pink; red,List,List
Ulcerative Colitis,Where in the image is the anatomical landmark?,none,cla820gm9s5gf071udqs442df,where in the image is the anatomical landmark,Location,None/NA,Where in the image is the anatomical landmark? none,None/NA,None/NA
Ulcerative Colitis,What type of polyp is present?,none,cla820gmys6gf071u9oicd9z0,what type of polyp is present,Entity,None/NA,What type of polyp is present? none,None/NA,None/NA
Ulcerative Colitis,What type of polyp is present?,none,cla820glcs47f071udxha58s0,what type of polyp is present,Entity,None/NA,What type of polyp is present? none,None/NA,None/NA
Ulcerative Colitis,What type of procedure is the image taken from?,colonoscopy,cla820gm9s5gv071ucr51e9hs,what type of procedure is the image taken from,Entity,Token,What type of procedure is the image taken from? colonoscopy,Token,Token
Ulcerative Colitis,How many findings are present?,1,cla820glvs4zf071u1wsq069a,how many findings are present,Counting,Numeric,How many findings are present? 1,Numeric,Numeric
Ulcerative Colitis,Is this finding easy to detect?,yes,cla820gm8s5ev071uda60flrc,is this finding easy to detect,Yes/No,Yes/No,Is this finding easy to detect? yes,Yes/No,Yes/No
Ulcerative Colitis,What type of polyp is present?,none,cla820gmos637071u7bd8b3ow,what type of polyp is present,Entity,None/NA,What type of polyp is present? none,None/NA,None/NA
Ulcerative Colitis,Where in the image is the instrument?,none,cla820gl3s3sn071u6jb8eyyl,where in the image is the instrument,Location,None/NA,Where in the image is the instrument? none,None/NA,None/NA
Ulcerative Colitis,What color is the abnormality? If more than one separate with ;,pink; red; white,cla820gmgs5pr071u61mf27n4,what color is the abnormality if more than one separate with,Color,List,What color is the abnormality? If more than one separate with ; pink; red; white,List,List
Ulcerative Colitis,How many polyps are in the image?,0,cla820gmws6dn071u3rb67z6t,how many polyps are in the image,Counting,Numeric,How many polyps are in the image? 0,Numeric,Numeric
Ulcerative Colitis,What color is the abnormality? If more than one separate with ;,pink; red,cla820gmys6fv071ue1mbagdk,what color is the abnormality if more than one separate with,Color,List,What color is the abnormality? If more than one separate with ; pink; red,List,List
Ulcerative Colitis,Is there text?,yes,cla820glws50n071uc0iu30z0,is there text,Yes/No,Yes/No,Is there text? yes,Yes/No,Yes/No
Ulcerative Colitis,Are there any abnormalities in the image? Check all that are present.,ulcerative colitis,cla820glgs4fz071ucke45065,are there any abnormalities in the image check all that are present,Yes/No,Token,Are there any abnormalities in the image? Check all that are present. ulcerative colitis,Token,Token
Ulcerative Colitis,What type of procedure is the image taken from?,colonoscopy,cla820gl7s3z3071u90yh7f7r,what type of procedure is the image taken from,Entity,Token,What type of procedure is the image taken from? colonoscopy,Token,Token
Ulcerative Colitis,What type of polyp is present?,none,cla820glrs4vj071ucq6z2u3z,what type of polyp is present,Entity,None/NA,What type of polyp is present? none,None/NA,None/NA
Ulcerative Colitis,What type of polyp is present?,none,cla820gm3s59b071uezzp36cf,what type of polyp is present,Entity,None/NA,What type of polyp is present? none,None/NA,None/NA
Ulcerative Colitis,What type of polyp is present?,none,cla820gmfs5oj071u095r5i8n,what type of polyp is present,Entity,None/NA,What type of polyp is present? none,None/NA,None/NA
Ulcerative Colitis,How many findings are present?,1,cla820glps4t3071u3cfnegcf,how many findings are present,Counting,Numeric,How many findings are present? 1,Numeric,Numeric
Ulcerative Colitis,Have all polyps been removed?,not relevant,cla820glrs4uv071u49oceotk,have all polyps been removed,Yes/No,Token,Have all polyps been removed? not relevant,Token,Token
Ulcerative Colitis,How many findings are present?,1,cla820gles4bb071u28nkgev6,how many findings are present,Counting,Numeric,How many findings are present? 1,Numeric,Numeric
Ulcerative Colitis,Where in the image is the anatomical landmark?,none,cla820gn6s6mr071u3jesgrht,where in the image is the anatomical landmark,Location,None/NA,Where in the image is the anatomical landmark? none,None/NA,None/NA
Ulcerative Colitis,How many findings are present?,1,cla820gn8s6pn071u98pkb1ku,how many findings are present,Counting,Numeric,How many findings are present? 1,Numeric,Numeric
Ulcerative Colitis,How many instrumnets are in the image?,0,cla820glns4pz071ubjw56e77,how many instrumnets are in the image,Counting,Numeric,How many instrumnets are in the image? 0,Numeric,Numeric
Ulcerative Colitis,Where in the image is the instrument?,none,cla820gm0s55v071u4c586lps,where in the image is the instrument,Location,None/NA,Where in the image is the instrument? none,None/NA,None/NA
Ulcerative Colitis,Is there a green/black box artefact?,yes,cla820gn5s6lf071ufahb4qov,is there a green black box artefact,Yes/No,Yes/No,Is there a green/black box artefact? yes,Yes/No,Yes/No
Ulcerative Colitis,Are there any anatomical landmarks in the image? Check all that are present.,none,cla820glas453071udczfcv8r,are there any anatomical landmarks in the image check all that are present,Yes/No,None/NA,Are there any anatomical landmarks in the image? Check all that are present. none,None/NA,None/NA
Ulcerative Colitis,How many findings are present?,1,cla820glos4rn071uevt9c8rh,how many findings are present,Counting,Numeric,How many findings are present? 1,Numeric,Numeric
Ulcerative Colitis,Where in the image is the instrument?,none,cla820glcs47z071ufhkj1xgb,where in the image is the instrument,Location,None/NA,Where in the image is the instrument? none,None/NA,None/NA
Ulcerative Colitis,What color is the abnormality? If more than one separate with ;,pink; red; white,cla820gl7s3z7071ugh7p0ke2,what color is the abnormality if more than one separate with,Color,List,What color is the abnormality? If more than one separate with ; pink; red; white,List,List
Ulcerative Colitis,What is the size of the polyp?,none,cla820glws50n071uc0iu30z0,what is the size of the polyp,Entity,None/NA,What is the size of the polyp? none,None/NA,None/NA
Ulcerative Colitis,Is there a green/black box artefact?,yes,cla820gmfs5o7071ug59i2age,is there a green black box artefact,Yes/No,Yes/No,Is there a green/black box artefact? yes,Yes/No,Yes/No
Ulcerative Colitis,Where in the image is the instrument?,none,cla820gmvs6bz071u3y7hcecb,where in the image is the instrument,Location,None/NA,Where in the image is the instrument? none,None/NA,None/NA
Ulcerative Colitis,Is there text?,yes,cla820glfs4cn071u0m2x8rre,is there text,Yes/No,Yes/No,Is there text? yes,Yes/No,Yes/No
Ulcerative Colitis,What color is the abnormality? If more than one separate with ;,pink; red,cla820gmxs6ej071u0wzqg505,what color is the abnormality if more than one separate with,Color,List,What color is the abnormality? If more than one separate with ; pink; red,List,List
Ulcerative Colitis,Where in the image is the abnormality?,center; center-left; center-right; lower-center; lower-left; lower-right; upper-center; upper-left; upper-right,cla820gl9s43n071u50v7gmsx,where in the image is the abnormality,Location,List,Where in the image is the abnormality? center; center-left; center-right; lower-center; lower-left; lower-right; upper-center; upper-left; upper-right,List,List
Ulcerative Colitis,Is this finding easy to detect?,yes,cla820gm8s5fr071udxew39tr,is this finding easy to detect,Yes/No,Yes/No,Is this finding easy to detect? yes,Yes/No,Yes/No
Ulcerative Colitis,Is there text?,yes,cla820gn2s6hz071u8lie4sjt,is there text,Yes/No,Yes/No,Is there text? yes,Yes/No,Yes/No
Ulcerative Colitis,Are there any abnormalities in the image? Check all that are present.,ulcerative colitis,cla820glzs54r071udfzp9q0y,are there any abnormalities in the image check all that are present,Yes/No,Token,Are there any abnormalities in the image? Check all that are present. ulcerative colitis,Token,Token
Ulcerative Colitis,What type of polyp is present?,none,cla820gmes5mn071u9qmv00ns,what type of polyp is present,Entity,None/NA,What type of polyp is present? none,None/NA,None/NA
Ulcerative Colitis,Have all polyps been removed?,not relevant,cla820glds49j071uez9p75w9,have all polyps been removed,Yes/No,Token,Have all polyps been removed? not relevant,Token,Token
Ulcerative Colitis,Is there a green/black box artefact?,no,cla820glas44f071ubwqy4eeg,is there a green black box artefact,Yes/No,Yes/No,Is there a green/black box artefact? no,Yes/No,Yes/No
Ulcerative Colitis,How many instrumnets are in the image?,0,cla820gmis5sn071u538x012x,how many instrumnets are in the image,Counting,Numeric,How many instrumnets are in the image? 0,Numeric,Numeric
Ulcerative Colitis,How many findings are present?,1,cla820gn8s6p3071u4m5yajd3,how many findings are present,Counting,Numeric,How many findings are present? 1,Numeric,Numeric
Ulcerative Colitis,Are there any instruments in the image? Check all that are present.,none,cla820gmcs5k3071u6se0ha5o,are there any instruments in the image check all that are present,Yes/No,None/NA,Are there any instruments in the image? Check all that are present. none,None/NA,None/NA
Ulcerative Colitis,Is there text?,yes,cla820gmfs5o3071u2nyigw5j,is there text,Yes/No,Yes/No,Is there text? yes,Yes/No,Yes/No
Ulcerative Colitis,Have all polyps been removed?,not relevant,cla820gmhs5rj071u2hj42bmw,have all polyps been removed,Yes/No,Token,Have all polyps been removed? not relevant,Token,Token
Ulcerative Colitis,Is there text?,yes,cla820gmis5t3071u646u1onx,is there text,Yes/No,Yes/No,Is there text? yes,Yes/No,Yes/No
Ulcerative Colitis,Is there a green/black box artefact?,no,cla820glvs503071ufonj6f1j,is there a green black box artefact,Yes/No,Yes/No,Is there a green/black box artefact? no,Yes/No,Yes/No
Ulcerative Colitis,Have all polyps been removed?,not relevant,cla820glfs4cv071u0btu07hy,have all polyps been removed,Yes/No,Token,Have all polyps been removed? not relevant,Token,Token
Ulcerative Colitis,How many polyps are in the image?,0,cla820gl4s3tz071u1ewe1zbv,how many polyps are in the image,Counting,Numeric,How many polyps are in the image? 0,Numeric,Numeric
Ulcerative Colitis,Where in the image is the instrument?,none,cla820gmis5sj071ufgntbsg4,where in the image is the instrument,Location,None/NA,Where in the image is the instrument? none,None/NA,None/NA
Ulcerative Colitis,What type of procedure is the image taken from?,colonoscopy,cla820gmps63v071u5ir39wzu,what type of procedure is the image taken from,Entity,Token,What type of procedure is the image taken from? colonoscopy,Token,Token
Ulcerative Colitis,Where in the image is the instrument?,none,cla820gn2s6hv071u3e0j24qo,where in the image is the instrument,Location,None/NA,Where in the image is the instrument? none,None/NA,None/NA
Ulcerative Colitis,What color is the abnormality? If more than one separate with ;,pink; red,cla820gmas5ib071uajh4a5uu,what color is the abnormality if more than one separate with,Color,List,What color is the abnormality? If more than one separate with ; pink; red,List,List
Ulcerative Colitis,Is this finding easy to detect?,yes,cla820gmys6gj071u6j7760jv,is this finding easy to detect,Yes/No,Yes/No,Is this finding easy to detect? yes,Yes/No,Yes/No
Ulcerative Colitis,Is this finding easy to detect?,yes,cla820glqs4uf071ua3t4a9iv,is this finding easy to detect,Yes/No,Yes/No,Is this finding easy to detect? yes,Yes/No,Yes/No
Ulcerative Colitis,How many findings are present?,1,cla820glps4sb071ueih8gy1f,how many findings are present,Counting,Numeric,How many findings are present? 1,Numeric,Numeric
Ulcerative Colitis,Is there text?,yes,cla820glis4i7071uayhe7zjh,is there text,Yes/No,Yes/No,Is there text? yes,Yes/No,Yes/No
Ulcerative Colitis,Are there any instruments in the image? Check all that are present.,none,cla820glps4rv071u8ch490cp,are there any instruments in the image check all that are present,Yes/No,None/NA,Are there any instruments in the image? Check all that are present. none,None/NA,None/NA
Ulcerative Colitis,Where in the image is the abnormality?,center; center-left; center-right; lower-center; lower-left; lower-right; upper-center; upper-left; upper-right,cla820gmgs5pj071u704xdemn,where in the image is the abnormality,Location,List,Where in the image is the abnormality? center; center-left; center-right; lower-center; lower-left; lower-right; upper-center; upper-left; upper-right,List,List
Ulcerative Colitis,Are there any instruments in the image? Check all that are present.,none,cla820glms4ov071uase2f3kh,are there any instruments in the image check all that are present,Yes/No,None/NA,Are there any instruments in the image? Check all that are present. none,None/NA,None/NA
Ulcerative Colitis,Are there any instruments in the image? Check all that are present.,none,cla820gmms607071udo435157,are there any instruments in the image check all that are present,Yes/No,None/NA,Are there any instruments in the image? Check all that are present. none,None/NA,None/NA
Ulcerative Colitis,Is this finding easy to detect?,yes,cla820glds497071u4nznh6kl,is this finding easy to detect,Yes/No,Yes/No,Is this finding easy to detect? yes,Yes/No,Yes/No
Ulcerative Colitis,What color is the abnormality? If more than one separate with ;,pink; red; orange,cla820glms4oj071uf2agdqy3,what color is the abnormality if more than one separate with,Color,List,What color is the abnormality? If more than one separate with ; pink; red; orange,List,List
Ulcerative Colitis,What type of procedure is the image taken from?,colonoscopy,cla820glts4xv071ufq9pdvhl,what type of procedure is the image taken from,Entity,Token,What type of procedure is the image taken from? colonoscopy,Token,Token
Ulcerative Colitis,How many instrumnets are in the image?,0,cla820glhs4hn071u98a08qev,how many instrumnets are in the image,Counting,Numeric,How many instrumnets are in the image? 0,Numeric,Numeric
Ulcerative Colitis,What type of polyp is present?,none,cla820glas43z071ud31lel1f,what type of polyp is present,Entity,None/NA,What type of polyp is present? none,None/NA,None/NA
Ulcerative Colitis,What is the size of the polyp?,none,cla820glys52r071u1n0wcat3,what is the size of the polyp,Entity,None/NA,What is the size of the polyp? none,None/NA,None/NA
Ulcerative Colitis,What type of procedure is the image taken from?,colonoscopy,cla820glvs503071ufonj6f1j,what type of procedure is the image taken from,Entity,Token,What type of procedure is the image taken from? colonoscopy,Token,Token
Ulcerative Colitis,What type of procedure is the image taken from?,colonoscopy,cla820gmws6d7071u107x0f3p,what type of procedure is the image taken from,Entity,Token,What type of procedure is the image taken from? colonoscopy,Token,Token
Ulcerative Colitis,What color is the abnormality? If more than one separate with ;,pink; red,cla820gmgs5qb071ufbsigz22,what color is the abnormality if more than one separate with,Color,List,What color is the abnormality? If more than one separate with ; pink; red,List,List
Ulcerative Colitis,Where in the image is the instrument?,none,cla820glhs4hn071u98a08qev,where in the image is the instrument,Location,None/NA,Where in the image is the instrument? none,None/NA,None/NA
Ulcerative Colitis,Are there any anatomical landmarks in the image? Check all that are present.,none,cla820gmps63z071u9nfpaxel,are there any anatomical landmarks in the image check all that are present,Yes/No,None/NA,Are there any anatomical landmarks in the image? Check all that are present. none,None/NA,None/NA
Ulcerative Colitis,Are there any abnormalities in the image? Check all that are present.,ulcerative colitis,cla820glss4wv071u9ine5505,are there any abnormalities in the image check all that are present,Yes/No,Token,Are there any abnormalities in the image? Check all that are present. ulcerative colitis,Token,Token
Ulcerative Colitis,Where in the image is the abnormality?,center; center-left; center-right; lower-center; lower-right; upper-center; upper-left; upper-right,cla820gm3s593071uczd0d0bf,where in the image is the abnormality,Location,List,Where in the image is the abnormality? center; center-left; center-right; lower-center; lower-right; upper-center; upper-left; upper-right,List,List
Ulcerative Colitis,Where in the image is the anatomical landmark?,none,cla820gm5s5bz071u7e4e3kqi,where in the image is the anatomical landmark,Location,None/NA,Where in the image is the anatomical landmark? none,None/NA,None/NA
Ulcerative Colitis,Is this finding easy to detect?,yes,cla820gn4s6j7071u58if9aat,is this finding easy to detect,Yes/No,Yes/No,Is this finding easy to detect? yes,Yes/No,Yes/No
Ulcerative Colitis,How many instrumnets are in the image?,0,cla820gmms603071u3p4l07iv,how many instrumnets are in the image,Counting,Numeric,How many instrumnets are in the image? 0,Numeric,Numeric
Ulcerative Colitis,Is there a green/black box artefact?,yes,cla820gmys6ff071u838uem5s,is there a green black box artefact,Yes/No,Yes/No,Is there a green/black box artefact? yes,Yes/No,Yes/No
Ulcerative Colitis,Are there any anatomical landmarks in the image? Check all that are present.,none,cla820gn6s6mv071uewiqd3xo,are there any anatomical landmarks in the image check all that are present,Yes/No,None/NA,Are there any anatomical landmarks in the image? Check all that are present. none,None/NA,None/NA
Ulcerative Colitis,Where in the image is the abnormality?,center; center-left; center-right; lower-center; lower-left; lower-right; upper-center; upper-left; upper-right,cla820glds49z071u2jyvcspl,where in the image is the abnormality,Location,List,Where in the image is the abnormality? center; center-left; center-right; lower-center; lower-left; lower-right; upper-center; upper-left; upper-right,List,List
Ulcerative Colitis,What type of polyp is present?,none,cla820glns4pn071u7mnodtz6,what type of polyp is present,Entity,None/NA,What type of polyp is present? none,None/NA,None/NA
Ulcerative Colitis,Where in the image is the anatomical landmark?,none,cla820gm7s5dv071u6flka5po,where in the image is the anatomical landmark,Location,None/NA,Where in the image is the anatomical landmark? none,None/NA,None/NA
Ulcerative Colitis,Is this finding easy to detect?,yes,cla820gm9s5g7071uay192fb7,is this finding easy to detect,Yes/No,Yes/No,Is this finding easy to detect? yes,Yes/No,Yes/No
Ulcerative Colitis,How many polyps are in the image?,0,cla820gn6s6m3071uc9mp6sji,how many polyps are in the image,Counting,Numeric,How many polyps are in the image? 0,Numeric,Numeric
Ulcerative Colitis,Is there a green/black box artefact?,no,cla820glfs4cv071u0btu07hy,is there a green black box artefact,Yes/No,Yes/No,Is there a green/black box artefact? no,Yes/No,Yes/No
Ulcerative Colitis,Where in the image is the instrument?,none,cla820gmgs5p7071u49yd2qp7,where in the image is the instrument,Location,None/NA,Where in the image is the instrument? none,None/NA,None/NA
Ulcerative Colitis,Are there any instruments in the image? Check all that are present.,none,cla820gmhs5rr071u3ba0f0er,are there any instruments in the image check all that are present,Yes/No,None/NA,Are there any instruments in the image? Check all that are present. none,None/NA,None/NA
Ulcerative Colitis,How many instrumnets are in the image?,1,cla820gmts69f071u545hfdja,how many instrumnets are in the image,Counting,Numeric,How many instrumnets are in the image? 1,Numeric,Numeric
Ulcerative Colitis,Where in the image is the instrument?,none,cla820gl6s3yf071ugolc8gg0,where in the image is the instrument,Location,None/NA,Where in the image is the instrument? none,None/NA,None/NA
Ulcerative Colitis,What type of procedure is the image taken from?,colonoscopy,cla820glis4ib071u1i14a7ce,what type of procedure is the image taken from,Entity,Token,What type of procedure is the image taken from? colonoscopy,Token,Token
Ulcerative Colitis,Is this finding easy to detect?,yes,cla820gm2s57n071ufhsm9vri,is this finding easy to detect,Yes/No,Yes/No,Is this finding easy to detect? yes,Yes/No,Yes/No
Ulcerative Colitis,How many instrumnets are in the image?,0,cla820glns4p3071uhtoi5f6r,how many instrumnets are in the image,Counting,Numeric,How many instrumnets are in the image? 0,Numeric,Numeric
Ulcerative Colitis,What type of procedure is the image taken from?,colonoscopy,cla820glws50n071uc0iu30z0,what type of procedure is the image taken from,Entity,Token,What type of procedure is the image taken from? colonoscopy,Token,Token
Ulcerative Colitis,Where in the image is the abnormality?,center; center-left; center-right; lower-center; lower-left; lower-right; upper-center; upper-left; upper-right,cla820glgs4ej071u4bkd4px4,where in the image is the abnormality,Location,List,Where in the image is the abnormality? center; center-left; center-right; lower-center; lower-left; lower-right; upper-center; upper-left; upper-right,List,List
Ulcerative Colitis,Are there any anatomical landmarks in the image? Check all that are present.,none,cla820glws513071uc5v00me8,are there any anatomical landmarks in the image check all that are present,Yes/No,None/NA,Are there any anatomical landmarks in the image? Check all that are present. none,None/NA,None/NA
Ulcerative Colitis,How many polyps are in the image?,0,cla820glbs473071u1468er6g,how many polyps are in the image,Counting,Numeric,How many polyps are in the image? 0,Numeric,Numeric
Ulcerative Colitis,How many polyps are in the image?,0,cla820glts4xb071uaie56hx1,how many polyps are in the image,Counting,Numeric,How many polyps are in the image? 0,Numeric,Numeric
Ulcerative Colitis,What type of procedure is the image taken from?,colonoscopy,cla820gl2s3rf071u3bj0eu8m,what type of procedure is the image taken from,Entity,Token,What type of procedure is the image taken from? colonoscopy,Token,Token
Ulcerative Colitis,Is this finding easy to detect?,yes,cla820gmps63v071u5ir39wzu,is this finding easy to detect,Yes/No,Yes/No,Is this finding easy to detect? yes,Yes/No,Yes/No
Ulcerative Colitis,Where in the image is the instrument?,none,cla820glns4p3071uhtoi5f6r,where in the image is the instrument,Location,None/NA,Where in the image is the instrument? none,None/NA,None/NA
Ulcerative Colitis,How many instrumnets are in the image?,0,cla820gmos61z071u6u00hzqk,how many instrumnets are in the image,Counting,Numeric,How many instrumnets are in the image? 0,Numeric,Numeric
Ulcerative Colitis,What type of polyp is present?,none,cla820glfs4db071u3kfi3wqj,what type of polyp is present,Entity,None/NA,What type of polyp is present? none,None/NA,None/NA
Ulcerative Colitis,What is the size of the polyp?,none,cla820glts4xj071u5m9x8znu,what is the size of the polyp,Entity,None/NA,What is the size of the polyp? none,None/NA,None/NA
Ulcerative Colitis,Is there a green/black box artefact?,no,cla820gmns60v071u3wm1gp4o,is there a green black box artefact,Yes/No,Yes/No,Is there a green/black box artefact? no,Yes/No,Yes/No
Ulcerative Colitis,Is there text?,yes,cla820glns4pf071uaocdg34x,is there text,Yes/No,Yes/No,Is there text? yes,Yes/No,Yes/No
Ulcerative Colitis,Are there any anatomical landmarks in the image? Check all that are present.,none,cla820gmls5x3071uarebhqit,are there any anatomical landmarks in the image check all that are present,Yes/No,None/NA,Are there any anatomical landmarks in the image? Check all that are present. none,None/NA,None/NA
Ulcerative Colitis,Are there any anatomical landmarks in the image? Check all that are present.,cecum,cla820glts4x3071ufc7p0x89,are there any anatomical landmarks in the image check all that are present,Yes/No,Token,Are there any anatomical landmarks in the image? Check all that are present. cecum,Token,Token
Ulcerative Colitis,Are there any anatomical landmarks in the image? Check all that are present.,none,cla820gn4s6j3071ub2uiei3q,are there any anatomical landmarks in the image check all that are present,Yes/No,None/NA,Are there any anatomical landmarks in the image? Check all that are present. none,None/NA,None/NA
Ulcerative Colitis,What type of polyp is present?,none,cla820glqs4tv071u6bvv5ncd,what type of polyp is present,Entity,None/NA,What type of polyp is present? none,None/NA,None/NA
Ulcerative Colitis,Where in the image is the instrument?,none,cla820gl1s3p3071udi3n74jf,where in the image is the instrument,Location,None/NA,Where in the image is the instrument? none,None/NA,None/NA
Ulcerative Colitis,Are there any abnormalities in the image? Check all that are present.,ulcerative colitis,cla820gm3s59j071ufowzddjs,are there any abnormalities in the image check all that are present,Yes/No,Token,Are there any abnormalities in the image? Check all that are present. ulcerative colitis,Token,Token
Ulcerative Colitis,How many instrumnets are in the image?,0,cla820glcs48n071ucc8e8fht,how many instrumnets are in the image,Counting,Numeric,How many instrumnets are in the image? 0,Numeric,Numeric
Ulcerative Colitis,What color is the abnormality? If more than one separate with ;,pink; red,cla820glfs4dr071u4szgddq4,what color is the abnormality if more than one separate with,Color,List,What color is the abnormality? If more than one separate with ; pink; red,List,List
Ulcerative Colitis,Where in the image is the anatomical landmark?,none,cla820gl3s3t3071udcwfd8g1,where in the image is the anatomical landmark,Location,None/NA,Where in the image is the anatomical landmark? none,None/NA,None/NA
Ulcerative Colitis,What type of procedure is the image taken from?,colonoscopy,cla820glis4jf071u1vl5gjhg,what type of procedure is the image taken from,Entity,Token,What type of procedure is the image taken from? colonoscopy,Token,Token
Ulcerative Colitis,Are there any abnormalities in the image? Check all that are present.,ulcerative colitis,cla820gmis5sf071uczzb4rze,are there any abnormalities in the image check all that are present,Yes/No,Token,Are there any abnormalities in the image? Check all that are present. ulcerative colitis,Token,Token
Ulcerative Colitis,Have all polyps been removed?,not relevant,cla820gmas5i7071u1ml8blal,have all polyps been removed,Yes/No,Token,Have all polyps been removed? not relevant,Token,Token
Ulcerative Colitis,Have all polyps been removed?,not relevant,cla820gmcs5jz071ugaan7799,have all polyps been removed,Yes/No,Token,Have all polyps been removed? not relevant,Token,Token
Ulcerative Colitis,What is the size of the polyp?,none,cla820glhs4hv071ubw6ad94k,what is the size of the polyp,Entity,None/NA,What is the size of the polyp? none,None/NA,None/NA
Ulcerative Colitis,What type of polyp is present?,none,cla820glws51j071ubeeebxf0,what type of polyp is present,Entity,None/NA,What type of polyp is present? none,None/NA,None/NA
Ulcerative Colitis,What type of procedure is the image taken from?,colonoscopy,cla820glqs4tf071uebf256qf,what type of procedure is the image taken from,Entity,Token,What type of procedure is the image taken from? colonoscopy,Token,Token
Ulcerative Colitis,Are there any anatomical landmarks in the image? Check all that are present.,none,cla820gmgs5pj071u704xdemn,are there any anatomical landmarks in the image check all that are present,Yes/No,None/NA,Are there any anatomical landmarks in the image? Check all that are present. none,None/NA,None/NA
Ulcerative Colitis,Are there any instruments in the image? Check all that are present.,none,cla820glts4xv071ufq9pdvhl,are there any instruments in the image check all that are present,Yes/No,None/NA,Are there any instruments in the image? Check all that are present. none,None/NA,None/NA
Ulcerative Colitis,Is there a green/black box artefact?,yes,cla820gmds5lz071uduyzhfb7,is there a green black box artefact,Yes/No,Yes/No,Is there a green/black box artefact? yes,Yes/No,Yes/No
Ulcerative Colitis,Are there any instruments in the image? Check all that are present.,none,cla820glss4wr071u9rbsg5ki,are there any instruments in the image check all that are present,Yes/No,None/NA,Are there any instruments in the image? Check all that are present. none,None/NA,None/NA
Ulcerative Colitis,Are there any abnormalities in the image? Check all that are present.,ulcerative colitis,cla820gmds5l7071ucfhi2562,are there any abnormalities in the image check all that are present,Yes/No,Token,Are there any abnormalities in the image? Check all that are present. ulcerative colitis,Token,Token
Ulcerative Colitis,Are there any instruments in the image? Check all that are present.,none,cla820gmvs6cf071ufbgw0jqu,are there any instruments in the image check all that are present,Yes/No,None/NA,Are there any instruments in the image? Check all that are present. none,None/NA,None/NA
Ulcerative Colitis,What type of procedure is the image taken from?,colonoscopy,cla820gl7s3z7071ugh7p0ke2,what type of procedure is the image taken from,Entity,Token,What type of procedure is the image taken from? colonoscopy,Token,Token
Ulcerative Colitis,Are there any abnormalities in the image? Check all that are present.,ulcerative colitis,cla820glds4a7071uf7564y7a,are there any abnormalities in the image check all that are present,Yes/No,Token,Are there any abnormalities in the image? Check all that are present. ulcerative colitis,Token,Token
Ulcerative Colitis,Where in the image is the instrument?,none,cla820gl0s3nz071uch6e0sas,where in the image is the instrument,Location,None/NA,Where in the image is the instrument? none,None/NA,None/NA
Ulcerative Colitis,How many instrumnets are in the image?,0,cla820gmus6a3071uezzm8dac,how many instrumnets are in the image,Counting,Numeric,How many instrumnets are in the image? 0,Numeric,Numeric
Ulcerative Colitis,Is there a green/black box artefact?,no,cla820gmys6fv071ue1mbagdk,is there a green black box artefact,Yes/No,Yes/No,Is there a green/black box artefact? no,Yes/No,Yes/No
Ulcerative Colitis,Is this finding easy to detect?,yes,cla820glws51j071ubeeebxf0,is this finding easy to detect,Yes/No,Yes/No,Is this finding easy to detect? yes,Yes/No,Yes/No
Ulcerative Colitis,Is there text?,yes,cla820gm4s5ar071u8dv39r4f,is there text,Yes/No,Yes/No,Is there text? yes,Yes/No,Yes/No
Ulcerative Colitis,Are there any anatomical landmarks in the image? Check all that are present.,none,cla820gm2s57z071uewjf8x03,are there any anatomical landmarks in the image check all that are present,Yes/No,None/NA,Are there any anatomical landmarks in the image? Check all that are present. none,None/NA,None/NA
Ulcerative Colitis,Is this finding easy to detect?,yes,cla820glds49z071u2jyvcspl,is this finding easy to detect,Yes/No,Yes/No,Is this finding easy to detect? yes,Yes/No,Yes/No
Ulcerative Colitis,Where in the image is the instrument?,none,cla820glds4af071uc0qg6nsg,where in the image is the instrument,Location,None/NA,Where in the image is the instrument? none,None/NA,None/NA
Ulcerative Colitis,What type of procedure is the image taken from?,colonoscopy,cla820gmbs5jj071uhbn0b19h,what type of procedure is the image taken from,Entity,Token,What type of procedure is the image taken from? colonoscopy,Token,Token
Ulcerative Colitis,Is there text?,yes,cla820gm1s57f071ubbs03fi2,is there text,Yes/No,Yes/No,Is there text? yes,Yes/No,Yes/No
Ulcerative Colitis,What type of polyp is present?,none,cla820glns4pj071u5zlyfwpr,what type of polyp is present,Entity,None/NA,What type of polyp is present? none,None/NA,None/NA
Ulcerative Colitis,Where in the image is the abnormality?,center; center-left; center-right; lower-center; lower-left; lower-right; upper-center; upper-left; upper-right,cla820gn5s6lj071ughv62ynq,where in the image is the abnormality,Location,List,Where in the image is the abnormality? center; center-left; center-right; lower-center; lower-left; lower-right; upper-center; upper-left; upper-right,List,List
Ulcerative Colitis,Are there any abnormalities in the image? Check all that are present.,ulcerative colitis,cla820gmvs6cf071ufbgw0jqu,are there any abnormalities in the image check all that are present,Yes/No,Token,Are there any abnormalities in the image? Check all that are present. ulcerative colitis,Token,Token
Ulcerative Colitis,Are there any abnormalities in the image? Check all that are present.,ulcerative colitis,cla820gmvs6cb071ug7zn25qj,are there any abnormalities in the image check all that are present,Yes/No,Token,Are there any abnormalities in the image? Check all that are present. ulcerative colitis,Token,Token
Ulcerative Colitis,What is the size of the polyp?,none,cla820gm7s5dv071u6flka5po,what is the size of the polyp,Entity,None/NA,What is the size of the polyp? none,None/NA,None/NA
Ulcerative Colitis,What type of procedure is the image taken from?,colonoscopy,cla820glas45b071u1l96gd8e,what type of procedure is the image taken from,Entity,Token,What type of procedure is the image taken from? colonoscopy,Token,Token
Ulcerative Colitis,What is the size of the polyp?,none,cla820gmes5mf071u7mhk0wpr,what is the size of the polyp,Entity,None/NA,What is the size of the polyp? none,None/NA,None/NA
Ulcerative Colitis,How many instrumnets are in the image?,0,cla820gm0s55f071u8hlqhno2,how many instrumnets are in the image,Counting,Numeric,How many instrumnets are in the image? 0,Numeric,Numeric
Ulcerative Colitis,How many findings are present?,1,cla820glas457071u9vwefrjk,how many findings are present,Counting,Numeric,How many findings are present? 1,Numeric,Numeric
Ulcerative Colitis,Where in the image is the abnormality?,center; center-left; center-right; lower-center; lower-right; upper-center; upper-left; upper-right,cla820gmgs5p3071uczbse9k3,where in the image is the abnormality,Location,List,Where in the image is the abnormality? center; center-left; center-right; lower-center; lower-right; upper-center; upper-left; upper-right,List,List
Ulcerative Colitis,What type of procedure is the image taken from?,colonoscopy,cla820gmds5l7071ucfhi2562,what type of procedure is the image taken from,Entity,Token,What type of procedure is the image taken from? colonoscopy,Token,Token
Ulcerative Colitis,Is there text?,yes,cla820gn7s6nz071ucibt4ct0,is there text,Yes/No,Yes/No,Is there text? yes,Yes/No,Yes/No
Ulcerative Colitis,What type of procedure is the image taken from?,colonoscopy,cla820gl4s3u7071u1ccm7nxt,what type of procedure is the image taken from,Entity,Token,What type of procedure is the image taken from? colonoscopy,Token,Token
Ulcerative Colitis,Where in the image is the instrument?,none,cla820glzs547071udexh8064,where in the image is the instrument,Location,None/NA,Where in the image is the instrument? none,None/NA,None/NA
Ulcerative Colitis,What type of procedure is the image taken from?,colonoscopy,cla820gm1s56v071u7cwvakrg,what type of procedure is the image taken from,Entity,Token,What type of procedure is the image taken from? colonoscopy,Token,Token
Ulcerative Colitis,Are there any instruments in the image? Check all that are present.,none,cla820gmes5mz071u10w11oe2,are there any instruments in the image check all that are present,Yes/No,None/NA,Are there any instruments in the image? Check all that are present. none,None/NA,None/NA
Ulcerative Colitis,Are there any instruments in the image? Check all that are present.,none,cla820gm6s5c3071u9rg73gh5,are there any instruments in the image check all that are present,Yes/No,None/NA,Are there any instruments in the image? Check all that are present. none,None/NA,None/NA
Ulcerative Colitis,How many instrumnets are in the image?,0,cla820gl6s3yf071ugolc8gg0,how many instrumnets are in the image,Counting,Numeric,How many instrumnets are in the image? 0,Numeric,Numeric
Ulcerative Colitis,Is this finding easy to detect?,yes,cla820gmos623071uafmvhxiw,is this finding easy to detect,Yes/No,Yes/No,Is this finding easy to detect? yes,Yes/No,Yes/No
Ulcerative Colitis,Is there a green/black box artefact?,yes,cla820gn7s6nr071u0onh2amg,is there a green black box artefact,Yes/No,Yes/No,Is there a green/black box artefact? yes,Yes/No,Yes/No
Ulcerative Colitis,How many instrumnets are in the image?,0,cla820gmxs6e3071u2ioi80b5,how many instrumnets are in the image,Counting,Numeric,How many instrumnets are in the image? 0,Numeric,Numeric
Ulcerative Colitis,Are there any instruments in the image? Check all that are present.,none,cla820gm6s5d7071ubncv3h34,are there any instruments in the image check all that are present,Yes/No,None/NA,Are there any instruments in the image? Check all that are present. none,None/NA,None/NA
Ulcerative Colitis,What type of polyp is present?,none,cla820gmes5nb071u8xs2d2wu,what type of polyp is present,Entity,None/NA,What type of polyp is present? none,None/NA,None/NA
Ulcerative Colitis,Is this finding easy to detect?,yes,cla820gn5s6lf071ufahb4qov,is this finding easy to detect,Yes/No,Yes/No,Is this finding easy to detect? yes,Yes/No,Yes/No
Ulcerative Colitis,How many findings are present?,1,cla820glcs47b071ug3cs15a1,how many findings are present,Counting,Numeric,How many findings are present? 1,Numeric,Numeric
Ulcerative Colitis,How many polyps are in the image?,0,cla820glzs54z071u31x20k37,how many polyps are in the image,Counting,Numeric,How many polyps are in the image? 0,Numeric,Numeric
Ulcerative Colitis,Are there any abnormalities in the image? Check all that are present.,ulcerative colitis,cla820gmos633071u2s5l5lpm,are there any abnormalities in the image check all that are present,Yes/No,Token,Are there any abnormalities in the image? Check all that are present. ulcerative colitis,Token,Token
Ulcerative Colitis,What color is the abnormality? If more than one separate with ;,pink; white; yellow,cla820gm7s5ej071ucq1vab9h,what color is the abnormality if more than one separate with,Color,List,What color is the abnormality? If more than one separate with ; pink; white; yellow,List,List
Ulcerative Colitis,What is the size of the polyp?,none,cla820glgs4eb071u31fa4soe,what is the size of the polyp,Entity,None/NA,What is the size of the polyp? none,None/NA,None/NA
Ulcerative Colitis,Is there a green/black box artefact?,no,cla820gmms5z3071ufc5u32iq,is there a green black box artefact,Yes/No,Yes/No,Is there a green/black box artefact? no,Yes/No,Yes/No
Ulcerative Colitis,What is the size of the polyp?,none,cla820gl9s42f071ucqtt9qsy,what is the size of the polyp,Entity,None/NA,What is the size of the polyp? none,None/NA,None/NA
Ulcerative Colitis,What type of polyp is present?,none,cla820gmgs5pr071u61mf27n4,what type of polyp is present,Entity,None/NA,What type of polyp is present? none,None/NA,None/NA
Ulcerative Colitis,Is there a green/black box artefact?,yes,cla820gmys6gf071u9oicd9z0,is there a green black box artefact,Yes/No,Yes/No,Is there a green/black box artefact? yes,Yes/No,Yes/No
Ulcerative Colitis,Is there a green/black box artefact?,no,cla820glcs47r071ufos036pr,is there a green black box artefact,Yes/No,Yes/No,Is there a green/black box artefact? no,Yes/No,Yes/No
Ulcerative Colitis,What type of procedure is the image taken from?,colonoscopy,cla820glas453071udczfcv8r,what type of procedure is the image taken from,Entity,Token,What type of procedure is the image taken from? colonoscopy,Token,Token
Ulcerative Colitis,How many polyps are in the image?,0,cla820gl7s3zn071u8ubx2rvn,how many polyps are in the image,Counting,Numeric,How many polyps are in the image? 0,Numeric,Numeric
Ulcerative Colitis,Have all polyps been removed?,not relevant,cla820gmks5wj071ufomv96u5,have all polyps been removed,Yes/No,Token,Have all polyps been removed? not relevant,Token,Token
Ulcerative Colitis,Are there any anatomical landmarks in the image? Check all that are present.,none,cla820glns4pn071u7mnodtz6,are there any anatomical landmarks in the image check all that are present,Yes/No,None/NA,Are there any anatomical landmarks in the image? Check all that are present. none,None/NA,None/NA
Ulcerative Colitis,How many polyps are in the image?,0,cla820glks4m7071u21t58x4i,how many polyps are in the image,Counting,Numeric,How many polyps are in the image? 0,Numeric,Numeric
Ulcerative Colitis,How many findings are present?,1,cla820glqs4u3071u57j2f3kj,how many findings are present,Counting,Numeric,How many findings are present? 1,Numeric,Numeric
Ulcerative Colitis,Where in the image is the anatomical landmark?,none,cla820gl2s3qz071u9ed6awtv,where in the image is the anatomical landmark,Location,None/NA,Where in the image is the anatomical landmark? none,None/NA,None/NA
Ulcerative Colitis,Are there any instruments in the image? Check all that are present.,none,cla820glts4xb071uaie56hx1,are there any instruments in the image check all that are present,Yes/No,None/NA,Are there any instruments in the image? Check all that are present. none,None/NA,None/NA
Ulcerative Colitis,What is the size of the polyp?,none,cla820glls4n3071ub1dx9cxn,what is the size of the polyp,Entity,None/NA,What is the size of the polyp? none,None/NA,None/NA
Ulcerative Colitis,Are there any instruments in the image? Check all that are present.,none,cla820gn6s6mf071uftqbgg3l,are there any instruments in the image check all that are present,Yes/No,None/NA,Are there any instruments in the image? Check all that are present. none,None/NA,None/NA
Ulcerative Colitis,Is there a green/black box artefact?,no,cla820glds4ab071ucfnb4ifa,is there a green black box artefact,Yes/No,Yes/No,Is there a green/black box artefact? no,Yes/No,Yes/No
Ulcerative Colitis,Where in the image is the anatomical landmark?,none,cla820gn8s6pf071u3k5p1n83,where in the image is the anatomical landmark,Location,None/NA,Where in the image is the anatomical landmark? none,None/NA,None/NA
Ulcerative Colitis,Is there a green/black box artefact?,no,cla820gmds5lr071ufjyr538p,is there a green black box artefact,Yes/No,Yes/No,Is there a green/black box artefact? no,Yes/No,Yes/No
Ulcerative Colitis,Is there text?,no,cla820gmxs6eb071u60l982sj,is there text,Yes/No,Yes/No,Is there text? no,Yes/No,Yes/No
Ulcerative Colitis,Where in the image is the instrument?,upper-left; upper-right,cla820glds4aj071u7k0ec1xd,where in the image is the instrument,Location,List,Where in the image is the instrument? upper-left; upper-right,List,List
Ulcerative Colitis,What color is the abnormality? If more than one separate with ;,pink; yellow; white,cla820gmbs5jn071ud35odvxh,what color is the abnormality if more than one separate with,Color,List,What color is the abnormality? If more than one separate with ; pink; yellow; white,List,List
Ulcerative Colitis,What is the size of the polyp?,none,cla820glss4wn071ugbqr124v,what is the size of the polyp,Entity,None/NA,What is the size of the polyp? none,None/NA,None/NA
Ulcerative Colitis,Are there any abnormalities in the image? Check all that are present.,ulcerative colitis,cla820glns4pr071u1pnkdizs,are there any abnormalities in the image check all that are present,Yes/No,Token,Are there any abnormalities in the image? Check all that are present. ulcerative colitis,Token,Token
Ulcerative Colitis,How many instrumnets are in the image?,0,cla820gn4s6k3071u09h0775w,how many instrumnets are in the image,Counting,Numeric,How many instrumnets are in the image? 0,Numeric,Numeric
Ulcerative Colitis,What type of procedure is the image taken from?,colonoscopy,cla820gmbs5jb071u783p16d5,what type of procedure is the image taken from,Entity,Token,What type of procedure is the image taken from? colonoscopy,Token,Token
Ulcerative Colitis,What type of polyp is present?,none,cla820gm8s5fn071u32oc67ik,what type of polyp is present,Entity,None/NA,What type of polyp is present? none,None/NA,None/NA
Ulcerative Colitis,Where in the image is the anatomical landmark?,none,cla820gn6s6m7071u55bo4ffs,where in the image is the anatomical landmark,Location,None/NA,Where in the image is the anatomical landmark? none,None/NA,None/NA
Ulcerative Colitis,Where in the image is the anatomical landmark?,none,cla820gmqs65j071u3fib56er,where in the image is the anatomical landmark,Location,None/NA,Where in the image is the anatomical landmark? none,None/NA,None/NA
Ulcerative Colitis,Is there text?,yes,cla820gmns60n071u3m568jt7,is there text,Yes/No,Yes/No,Is there text? yes,Yes/No,Yes/No
Ulcerative Colitis,Are there any instruments in the image? Check all that are present.,none,cla820gl4s3tn071u0pfr2b9j,are there any instruments in the image check all that are present,Yes/No,None/NA,Are there any instruments in the image? Check all that are present. none,None/NA,None/NA
Ulcerative Colitis,Where in the image is the abnormality?,center; center-left; center-right; lower-center; lower-right; upper-center; upper-left; upper-right,cla820gn4s6jn071uaxcb24w9,where in the image is the abnormality,Location,List,Where in the image is the abnormality? center; center-left; center-right; lower-center; lower-right; upper-center; upper-left; upper-right,List,List
Ulcerative Colitis,How many polyps are in the image?,0,cla820glms4nz071u1nfwfqxg,how many polyps are in the image,Counting,Numeric,How many polyps are in the image? 0,Numeric,Numeric
Ulcerative Colitis,What type of procedure is the image taken from?,colonoscopy,cla820gmus6az071u6d044g0a,what type of procedure is the image taken from,Entity,Token,What type of procedure is the image taken from? colonoscopy,Token,Token
Ulcerative Colitis,Have all polyps been removed?,not relevant,cla820glis4i7071uayhe7zjh,have all polyps been removed,Yes/No,Token,Have all polyps been removed? not relevant,Token,Token
Ulcerative Colitis,Is there a green/black box artefact?,no,cla820glos4rf071u3785a7n1,is there a green black box artefact,Yes/No,Yes/No,Is there a green/black box artefact? no,Yes/No,Yes/No
Ulcerative Colitis,Are there any instruments in the image? Check all that are present.,none,cla820gl2s3rn071u23tn2cc2,are there any instruments in the image check all that are present,Yes/No,None/NA,Are there any instruments in the image? Check all that are present. none,None/NA,None/NA
Ulcerative Colitis,How many polyps are in the image?,0,cla820glls4nf071u5311ciqa,how many polyps are in the image,Counting,Numeric,How many polyps are in the image? 0,Numeric,Numeric
Ulcerative Colitis,Are there any anatomical landmarks in the image? Check all that are present.,none,cla820gmgs5pf071u3vm4gt1z,are there any anatomical landmarks in the image check all that are present,Yes/No,None/NA,Are there any anatomical landmarks in the image? Check all that are present. none,None/NA,None/NA
Ulcerative Colitis,Are there any anatomical landmarks in the image? Check all that are present.,none,cla820gmxs6ev071u983n8k9e,are there any anatomical landmarks in the image check all that are present,Yes/No,None/NA,Are there any anatomical landmarks in the image? Check all that are present. none,None/NA,None/NA
Ulcerative Colitis,What type of procedure is the image taken from?,colonoscopy,cla820glps4sn071u8jz47vj9,what type of procedure is the image taken from,Entity,Token,What type of procedure is the image taken from? colonoscopy,Token,Token
Ulcerative Colitis,Where in the image is the abnormality?,center; center-left; center-right; lower-center; lower-left; lower-right; upper-center; upper-left; upper-right,cla820gl4s3un071uck4cg79b,where in the image is the abnormality,Location,List,Where in the image is the abnormality? center; center-left; center-right; lower-center; lower-left; lower-right; upper-center; upper-left; upper-right,List,List
Ulcerative Colitis,What type of polyp is present?,none,cla820gl8s40j071u4rhhc5an,what type of polyp is present,Entity,None/NA,What type of polyp is present? none,None/NA,None/NA
Ulcerative Colitis,Is there text?,yes,cla820gn7s6nj071u6ox5563e,is there text,Yes/No,Yes/No,Is there text? yes,Yes/No,Yes/No
Ulcerative Colitis,Have all polyps been removed?,not relevant,cla820gm8s5fv071uhwqz7yqq,have all polyps been removed,Yes/No,Token,Have all polyps been removed? not relevant,Token,Token
Ulcerative Colitis,How many polyps are in the image?,0,cla820gmos623071uafmvhxiw,how many polyps are in the image,Counting,Numeric,How many polyps are in the image? 0,Numeric,Numeric
Ulcerative Colitis,Are there any instruments in the image? Check all that are present.,none,cla820glws51j071ubeeebxf0,are there any instruments in the image check all that are present,Yes/No,None/NA,Are there any instruments in the image? Check all that are present. none,None/NA,None/NA
Ulcerative Colitis,What type of polyp is present?,none,cla820gl9s42r071uerl988wi,what type of polyp is present,Entity,None/NA,What type of polyp is present? none,None/NA,None/NA
Ulcerative Colitis,What color is the abnormality? If more than one separate with ;,pink; red,cla820glos4qr071ubtmjga43,what color is the abnormality if more than one separate with,Color,List,What color is the abnormality? If more than one separate with ; pink; red,List,List
Ulcerative Colitis,What is the size of the polyp?,none,cla820gmss68n071u4d8yd0cy,what is the size of the polyp,Entity,None/NA,What is the size of the polyp? none,None/NA,None/NA
Ulcerative Colitis,How many instrumnets are in the image?,0,cla820gm4s5a7071uedgy8hov,how many instrumnets are in the image,Counting,Numeric,How many instrumnets are in the image? 0,Numeric,Numeric
Ulcerative Colitis,Are there any anatomical landmarks in the image? Check all that are present.,none,cla820gl8s40f071u27wyhkha,are there any anatomical landmarks in the image check all that are present,Yes/No,None/NA,Are there any anatomical landmarks in the image? Check all that are present. none,None/NA,None/NA
Ulcerative Colitis,What is the size of the polyp?,none,cla820gn5s6ln071u0vyk3pkt,what is the size of the polyp,Entity,None/NA,What is the size of the polyp? none,None/NA,None/NA
Ulcerative Colitis,Is there a green/black box artefact?,yes,cla820glts4x7071u15zj93it,is there a green black box artefact,Yes/No,Yes/No,Is there a green/black box artefact? yes,Yes/No,Yes/No
Ulcerative Colitis,Have all polyps been removed?,not relevant,cla820glrs4vb071u5cwo55c1,have all polyps been removed,Yes/No,Token,Have all polyps been removed? not relevant,Token,Token
Ulcerative Colitis,What color is the abnormality? If more than one separate with ;,pink; red,cla820glms4or071u3gr770w6,what color is the abnormality if more than one separate with,Color,List,What color is the abnormality? If more than one separate with ; pink; red,List,List
Ulcerative Colitis,What is the size of the polyp?,none,cla820gl8s41j071u1d8t428t,what is the size of the polyp,Entity,None/NA,What is the size of the polyp? none,None/NA,None/NA
Ulcerative Colitis,Is there a green/black box artefact?,no,cla820glfs4dz071u4zz3h11m,is there a green black box artefact,Yes/No,Yes/No,Is there a green/black box artefact? no,Yes/No,Yes/No
Ulcerative Colitis,Have all polyps been removed?,not relevant,cla820glgs4ej071u4bkd4px4,have all polyps been removed,Yes/No,Token,Have all polyps been removed? not relevant,Token,Token
Ulcerative Colitis,Are there any anatomical landmarks in the image? Check all that are present.,none,cla820gn5s6kj071uawhg5t93,are there any anatomical landmarks in the image check all that are present,Yes/No,None/NA,Are there any anatomical landmarks in the image? Check all that are present. none,None/NA,None/NA
Ulcerative Colitis,How many findings are present?,1,cla820gmns60n071u3m568jt7,how many findings are present,Counting,Numeric,How many findings are present? 1,Numeric,Numeric
Ulcerative Colitis,What type of procedure is the image taken from?,colonoscopy,cla820gmas5ij071uftgg5dws,what type of procedure is the image taken from,Entity,Token,What type of procedure is the image taken from? colonoscopy,Token,Token
Ulcerative Colitis,Where in the image is the anatomical landmark?,none,cla820gmms5zf071udvkw936t,where in the image is the anatomical landmark,Location,None/NA,Where in the image is the anatomical landmark? none,None/NA,None/NA
Ulcerative Colitis,Is there a green/black box artefact?,no,cla820glps4sb071ueih8gy1f,is there a green black box artefact,Yes/No,Yes/No,Is there a green/black box artefact? no,Yes/No,Yes/No
Ulcerative Colitis,Are there any anatomical landmarks in the image? Check all that are present.,cecum,cla820gmls5xv071u4iiz09gv,are there any anatomical landmarks in the image check all that are present,Yes/No,Token,Are there any anatomical landmarks in the image? Check all that are present. cecum,Token,Token
Ulcerative Colitis,Are there any anatomical landmarks in the image? Check all that are present.,cecum,cla820gmas5hv071u5cph9r7y,are there any anatomical landmarks in the image check all that are present,Yes/No,Token,Are there any anatomical landmarks in the image? Check all that are present. cecum,Token,Token
Ulcerative Colitis,What type of polyp is present?,none,cla820glxs52j071u46eo0au1,what type of polyp is present,Entity,None/NA,What type of polyp is present? none,None/NA,None/NA
Ulcerative Colitis,Where in the image is the abnormality?,center; center-left; center-right; lower-center; lower-right; upper-center; upper-left; upper-right,cla820gmss683071u621obu0s,where in the image is the abnormality,Location,List,Where in the image is the abnormality? center; center-left; center-right; lower-center; lower-right; upper-center; upper-left; upper-right,List,List
Ulcerative Colitis,Where in the image is the anatomical landmark?,none,cla820gl2s3qj071u9e3efd6z,where in the image is the anatomical landmark,Location,None/NA,Where in the image is the anatomical landmark? none,None/NA,None/NA
Ulcerative Colitis,How many polyps are in the image?,0,cla820gmms5yz071ud3hed2un,how many polyps are in the image,Counting,Numeric,How many polyps are in the image? 0,Numeric,Numeric
Ulcerative Colitis,What color is the abnormality? If more than one separate with ;,pink; red; white,cla820gmfs5ob071u4r09f589,what color is the abnormality if more than one separate with,Color,List,What color is the abnormality? If more than one separate with ; pink; red; white,List,List
Ulcerative Colitis,How many instrumnets are in the image?,0,cla820gmws6cv071uextx3dk4,how many instrumnets are in the image,Counting,Numeric,How many instrumnets are in the image? 0,Numeric,Numeric
Ulcerative Colitis,Is there text?,no,cla820glgs4fv071uf4ux93ks,is there text,Yes/No,Yes/No,Is there text? no,Yes/No,Yes/No
Ulcerative Colitis,Are there any anatomical landmarks in the image? Check all that are present.,none,cla820gl9s42f071ucqtt9qsy,are there any anatomical landmarks in the image check all that are present,Yes/No,None/NA,Are there any anatomical landmarks in the image? Check all that are present. none,None/NA,None/NA
Ulcerative Colitis,Where in the image is the abnormality?,center; center-left; center-right; lower-center; lower-left; lower-right; upper-center; upper-left; upper-right,cla820gm4s5av071uaaahh9j3,where in the image is the abnormality,Location,List,Where in the image is the abnormality? center; center-left; center-right; lower-center; lower-left; lower-right; upper-center; upper-left; upper-right,List,List
Ulcerative Colitis,Is there text?,yes,cla820gmxs6e3071u2ioi80b5,is there text,Yes/No,Yes/No,Is there text? yes,Yes/No,Yes/No
Ulcerative Colitis,What type of procedure is the image taken from?,colonoscopy,cla820gmvs6cb071ug7zn25qj,what type of procedure is the image taken from,Entity,Token,What type of procedure is the image taken from? colonoscopy,Token,Token
Ulcerative Colitis,Are there any instruments in the image? Check all that are present.,none,cla820gmfs5on071u38ap5a7s,are there any instruments in the image check all that are present,Yes/No,None/NA,Are there any instruments in the image? Check all that are present. none,None/NA,None/NA
Ulcerative Colitis,Is there text?,yes,cla820gmds5l7071ucfhi2562,is there text,Yes/No,Yes/No,Is there text? yes,Yes/No,Yes/No
Ulcerative Colitis,Is there text?,yes,cla820gn4s6k3071u09h0775w,is there text,Yes/No,Yes/No,Is there text? yes,Yes/No,Yes/No
Ulcerative Colitis,Where in the image is the instrument?,none,cla820glas453071udczfcv8r,where in the image is the instrument,Location,None/NA,Where in the image is the instrument? none,None/NA,None/NA
Ulcerative Colitis,What type of procedure is the image taken from?,colonoscopy,cla820glas443071u6ga4fbrw,what type of procedure is the image taken from,Entity,Token,What type of procedure is the image taken from? colonoscopy,Token,Token
Ulcerative Colitis,Where in the image is the abnormality?,center; center-left; center-right; lower-center; lower-left; lower-right; upper-center; upper-left; upper-right,cla820gm8s5er071u33i1h1yg,where in the image is the abnormality,Location,List,Where in the image is the abnormality? center; center-left; center-right; lower-center; lower-left; lower-right; upper-center; upper-left; upper-right,List,List
Ulcerative Colitis,How many instrumnets are in the image?,0,cla820gmgs5qf071ug2ph4ud6,how many instrumnets are in the image,Counting,Numeric,How many instrumnets are in the image? 0,Numeric,Numeric
Ulcerative Colitis,Have all polyps been removed?,not relevant,cla820gl5s3w7071uh47a2dxy,have all polyps been removed,Yes/No,Token,Have all polyps been removed? not relevant,Token,Token
Ulcerative Colitis,How many polyps are in the image?,0,cla820glcs47r071ufos036pr,how many polyps are in the image,Counting,Numeric,How many polyps are in the image? 0,Numeric,Numeric
Ulcerative Colitis,Is there text?,yes,cla820gm6s5cr071u9vxofbw4,is there text,Yes/No,Yes/No,Is there text? yes,Yes/No,Yes/No
Ulcerative Colitis,Where in the image is the anatomical landmark?,none,cla820gn6s6m3071uc9mp6sji,where in the image is the anatomical landmark,Location,None/NA,Where in the image is the anatomical landmark? none,None/NA,None/NA
Ulcerative Colitis,Where in the image is the instrument?,none,cla820gl9s42j071ue8yx2zh5,where in the image is the instrument,Location,None/NA,Where in the image is the instrument? none,None/NA,None/NA
Ulcerative Colitis,Is this finding easy to detect?,yes,cla820glms4nz071u1nfwfqxg,is this finding easy to detect,Yes/No,Yes/No,Is this finding easy to detect? yes,Yes/No,Yes/No
Ulcerative Colitis,Where in the image is the abnormality?,center; center-left; center-right; lower-center; lower-left; lower-right; upper-center; upper-left; upper-right,cla820gmas5i3071u7q9ra7of,where in the image is the abnormality,Location,List,Where in the image is the abnormality? center; center-left; center-right; lower-center; lower-left; lower-right; upper-center; upper-left; upper-right,List,List
Ulcerative Colitis,Are there any anatomical landmarks in the image? Check all that are present.,none,cla820glls4nn071u8mb6hls1,are there any anatomical landmarks in the image check all that are present,Yes/No,None/NA,Are there any anatomical landmarks in the image? Check all that are present. none,None/NA,None/NA
Ulcerative Colitis,What type of procedure is the image taken from?,colonoscopy,cla820glms4nr071u3lxf2s1v,what type of procedure is the image taken from,Entity,Token,What type of procedure is the image taken from? colonoscopy,Token,Token
Ulcerative Colitis,Have all polyps been removed?,not relevant,cla820glss4wv071u9ine5505,have all polyps been removed,Yes/No,Token,Have all polyps been removed? not relevant,Token,Token
Ulcerative Colitis,Are there any abnormalities in the image? Check all that are present.,ulcerative colitis,cla820gmgs5pv071ubu4gcmgh,are there any abnormalities in the image check all that are present,Yes/No,Token,Are there any abnormalities in the image? Check all that are present. ulcerative colitis,Token,Token
Ulcerative Colitis,Where in the image is the anatomical landmark?,none,cla820glos4rj071u0hew2srm,where in the image is the anatomical landmark,Location,None/NA,Where in the image is the anatomical landmark? none,None/NA,None/NA
Ulcerative Colitis,How many polyps are in the image?,0,cla820gn6s6mv071uewiqd3xo,how many polyps are in the image,Counting,Numeric,How many polyps are in the image? 0,Numeric,Numeric
Ulcerative Colitis,How many instrumnets are in the image?,0,cla820gm8s5f3071ugiqd2fod,how many instrumnets are in the image,Counting,Numeric,How many instrumnets are in the image? 0,Numeric,Numeric
Ulcerative Colitis,What type of procedure is the image taken from?,colonoscopy,cla820glvs4zz071u0v2zdenk,what type of procedure is the image taken from,Entity,Token,What type of procedure is the image taken from? colonoscopy,Token,Token
Ulcerative Colitis,Where in the image is the instrument?,none,cla820glss4vv071u4yuq7en0,where in the image is the instrument,Location,None/NA,Where in the image is the instrument? none,None/NA,None/NA
Ulcerative Colitis,How many findings are present?,1,cla820glls4mz071u0cuo22tn,how many findings are present,Counting,Numeric,How many findings are present? 1,Numeric,Numeric
Ulcerative Colitis,Are there any instruments in the image? Check all that are present.,none,cla820gmhs5rn071ucpqpbrnc,are there any instruments in the image check all that are present,Yes/No,None/NA,Are there any instruments in the image? Check all that are present. none,None/NA,None/NA
Ulcerative Colitis,How many findings are present?,1,cla820gmus6an071ugxsl64ea,how many findings are present,Counting,Numeric,How many findings are present? 1,Numeric,Numeric
Ulcerative Colitis,Are there any anatomical landmarks in the image? Check all that are present.,cecum,cla820glws50z071u300wha1x,are there any anatomical landmarks in the image check all that are present,Yes/No,Token,Are there any anatomical landmarks in the image? Check all that are present. cecum,Token,Token
Ulcerative Colitis,Where in the image is the instrument?,none,cla820gm7s5dv071u6flka5po,where in the image is the instrument,Location,None/NA,Where in the image is the instrument? none,None/NA,None/NA
Ulcerative Colitis,How many instrumnets are in the image?,0,cla820gmrs66r071u8n7g1xdn,how many instrumnets are in the image,Counting,Numeric,How many instrumnets are in the image? 0,Numeric,Numeric
Ulcerative Colitis,Are there any instruments in the image? Check all that are present.,tube,cla820gmts69f071u545hfdja,are there any instruments in the image check all that are present,Yes/No,Token,Are there any instruments in the image? Check all that are present. tube,Token,Token
Ulcerative Colitis,Is this finding easy to detect?,yes,cla820gmhs5rv071uhnuicypm,is this finding easy to detect,Yes/No,Yes/No,Is this finding easy to detect? yes,Yes/No,Yes/No
Ulcerative Colitis,What color is the abnormality? If more than one separate with ;,pink; red; white,cla820glas44n071u28gw6bch,what color is the abnormality if more than one separate with,Color,List,What color is the abnormality? If more than one separate with ; pink; red; white,List,List
Ulcerative Colitis,Where in the image is the abnormality?,center; center-left; center-right; lower-center; lower-right; upper-center; upper-left; upper-right,cla820gmts693071u5i4j8mqk,where in the image is the abnormality,Location,List,Where in the image is the abnormality? center; center-left; center-right; lower-center; lower-right; upper-center; upper-left; upper-right,List,List
Ulcerative Colitis,How many findings are present?,1,cla820glos4rf071u3785a7n1,how many findings are present,Counting,Numeric,How many findings are present? 1,Numeric,Numeric
Ulcerative Colitis,Are there any abnormalities in the image? Check all that are present.,ulcerative colitis,cla820gmxs6ev071u983n8k9e,are there any abnormalities in the image check all that are present,Yes/No,Token,Are there any abnormalities in the image? Check all that are present. ulcerative colitis,Token,Token
Ulcerative Colitis,Where in the image is the instrument?,none,cla820gmus6b3071u5w72dabp,where in the image is the instrument,Location,None/NA,Where in the image is the instrument? none,None/NA,None/NA
Ulcerative Colitis,Is there text?,yes,cla820gl4s3ub071u7ypd8d4h,is there text,Yes/No,Yes/No,Is there text? yes,Yes/No,Yes/No
Ulcerative Colitis,Is there text?,yes,cla820glvs4zf071u1wsq069a,is there text,Yes/No,Yes/No,Is there text? yes,Yes/No,Yes/No
Ulcerative Colitis,Where in the image is the instrument?,none,cla820gmls5yj071u9nci1ei6,where in the image is the instrument,Location,None/NA,Where in the image is the instrument? none,None/NA,None/NA
Ulcerative Colitis,Where in the image is the instrument?,none,cla820gm8s5ev071uda60flrc,where in the image is the instrument,Location,None/NA,Where in the image is the instrument? none,None/NA,None/NA
Ulcerative Colitis,Are there any abnormalities in the image? Check all that are present.,ulcerative colitis,cla820gmjs5tv071u60pj46dt,are there any abnormalities in the image check all that are present,Yes/No,Token,Are there any abnormalities in the image? Check all that are present. ulcerative colitis,Token,Token
Ulcerative Colitis,Is this finding easy to detect?,yes,cla820gm5s5bv071u5q119mtp,is this finding easy to detect,Yes/No,Yes/No,Is this finding easy to detect? yes,Yes/No,Yes/No
Ulcerative Colitis,How many instrumnets are in the image?,0,cla820gn3s6i7071u09uj170e,how many instrumnets are in the image,Counting,Numeric,How many instrumnets are in the image? 0,Numeric,Numeric
Ulcerative Colitis,Are there any anatomical landmarks in the image? Check all that are present.,none,cla820gmhs5rz071u2pbpd86q,are there any anatomical landmarks in the image check all that are present,Yes/No,None/NA,Are there any anatomical landmarks in the image? Check all that are present. none,None/NA,None/NA
Ulcerative Colitis,How many polyps are in the image?,0,cla820gm5s5bv071u5q119mtp,how many polyps are in the image,Counting,Numeric,How many polyps are in the image? 0,Numeric,Numeric
Ulcerative Colitis,Where in the image is the instrument?,upper-center,cla820gm6s5cv071u72qtfz4h,where in the image is the instrument,Location,Token,Where in the image is the instrument? upper-center,Token,Token
Ulcerative Colitis,What is the size of the polyp?,none,cla820gmgs5pz071u1iikahxn,what is the size of the polyp,Entity,None/NA,What is the size of the polyp? none,None/NA,None/NA
Ulcerative Colitis,What color is the abnormality? If more than one separate with ;,pink; red,cla820gmys6f7071u4py0f9we,what color is the abnormality if more than one separate with,Color,List,What color is the abnormality? If more than one separate with ; pink; red,List,List
Ulcerative Colitis,How many polyps are in the image?,0,cla820gn4s6jv071u2uaj0y9r,how many polyps are in the image,Counting,Numeric,How many polyps are in the image? 0,Numeric,Numeric
Ulcerative Colitis,How many instrumnets are in the image?,0,cla820gm8s5ez071u424s0vjg,how many instrumnets are in the image,Counting,Numeric,How many instrumnets are in the image? 0,Numeric,Numeric
Ulcerative Colitis,Have all polyps been removed?,not relevant,cla820gn2s6hv071u3e0j24qo,have all polyps been removed,Yes/No,Token,Have all polyps been removed? not relevant,Token,Token
Ulcerative Colitis,What type of polyp is present?,none,cla820glts4xj071u5m9x8znu,what type of polyp is present,Entity,None/NA,What type of polyp is present? none,None/NA,None/NA
Ulcerative Colitis,Where in the image is the instrument?,none,cla820glws50j071ud36oh1m6,where in the image is the instrument,Location,None/NA,Where in the image is the instrument? none,None/NA,None/NA
Ulcerative Colitis,How many instrumnets are in the image?,0,cla820gmes5mj071u01y7gh34,how many instrumnets are in the image,Counting,Numeric,How many instrumnets are in the image? 0,Numeric,Numeric
Ulcerative Colitis,Are there any instruments in the image? Check all that are present.,none,cla820gmos62r071u8s107rkp,are there any instruments in the image check all that are present,Yes/No,None/NA,Are there any instruments in the image? Check all that are present. none,None/NA,None/NA
Ulcerative Colitis,Have all polyps been removed?,not relevant,cla820glbs45z071uceqn97vk,have all polyps been removed,Yes/No,Token,Have all polyps been removed? not relevant,Token,Token
Ulcerative Colitis,Is this finding easy to detect?,yes,cla820glms4oz071uccx36y52,is this finding easy to detect,Yes/No,Yes/No,Is this finding easy to detect? yes,Yes/No,Yes/No
Ulcerative Colitis,How many polyps are in the image?,0,cla820gl1s3p7071u7m8c1gl7,how many polyps are in the image,Counting,Numeric,How many polyps are in the image? 0,Numeric,Numeric
Ulcerative Colitis,Have all polyps been removed?,not relevant,cla820gl2s3qv071udlxnflmq,have all polyps been removed,Yes/No,Token,Have all polyps been removed? not relevant,Token,Token
Ulcerative Colitis,Have all polyps been removed?,not relevant,cla820gm8s5er071u33i1h1yg,have all polyps been removed,Yes/No,Token,Have all polyps been removed? not relevant,Token,Token
Ulcerative Colitis,What color is the abnormality? If more than one separate with ;,pink; red; white,cla820gl7s403071uhl071dze,what color is the abnormality if more than one separate with,Color,List,What color is the abnormality? If more than one separate with ; pink; red; white,List,List
Ulcerative Colitis,Where in the image is the abnormality?,center; center-left; center-right; lower-center; lower-left; lower-right; upper-center; upper-left; upper-right,cla820gmzs6gv071u5m461t7v,where in the image is the abnormality,Location,List,Where in the image is the abnormality? center; center-left; center-right; lower-center; lower-left; lower-right; upper-center; upper-left; upper-right,List,List
Ulcerative Colitis,How many findings are present?,1,cla820glds4an071ucysb3w23,how many findings are present,Counting,Numeric,How many findings are present? 1,Numeric,Numeric
Ulcerative Colitis,What color is the abnormality? If more than one separate with ;,pink; red,cla820gm8s5f7071udu39h5l0,what color is the abnormality if more than one separate with,Color,List,What color is the abnormality? If more than one separate with ; pink; red,List,List
Ulcerative Colitis,What is the size of the polyp?,none,cla820glxs52n071u9674doxk,what is the size of the polyp,Entity,None/NA,What is the size of the polyp? none,None/NA,None/NA
Ulcerative Colitis,Is there a green/black box artefact?,yes,cla820glks4m3071ubdpv709c,is there a green black box artefact,Yes/No,Yes/No,Is there a green/black box artefact? yes,Yes/No,Yes/No
Ulcerative Colitis,Where in the image is the abnormality?,center; center-left; center-right; lower-center; lower-left; lower-right; upper-center; upper-left; upper-right,cla820gmks5vb071uanwlgcc1,where in the image is the abnormality,Location,List,Where in the image is the abnormality? center; center-left; center-right; lower-center; lower-left; lower-right; upper-center; upper-left; upper-right,List,List
Ulcerative Colitis,Are there any abnormalities in the image? Check all that are present.,ulcerative colitis,cla820gm7s5dz071u7v9a7lgv,are there any abnormalities in the image check all that are present,Yes/No,Token,Are there any abnormalities in the image? Check all that are present. ulcerative colitis,Token,Token
Ulcerative Colitis,Is there a green/black box artefact?,yes,cla820gl0s3nz071uch6e0sas,is there a green black box artefact,Yes/No,Yes/No,Is there a green/black box artefact? yes,Yes/No,Yes/No
Ulcerative Colitis,How many polyps are in the image?,0,cla820gl3s3sz071u3u7aelb1,how many polyps are in the image,Counting,Numeric,How many polyps are in the image? 0,Numeric,Numeric
Ulcerative Colitis,Have all polyps been removed?,not relevant,cla820glys52v071u8z0u422w,have all polyps been removed,Yes/No,Token,Have all polyps been removed? not relevant,Token,Token
Ulcerative Colitis,Are there any instruments in the image? Check all that are present.,none,cla820gmfs5nz071ucpw9dejr,are there any instruments in the image check all that are present,Yes/No,None/NA,Are there any instruments in the image? Check all that are present. none,None/NA,None/NA
Ulcerative Colitis,How many instrumnets are in the image?,0,cla820gn3s6if071u2efz098u,how many instrumnets are in the image,Counting,Numeric,How many instrumnets are in the image? 0,Numeric,Numeric
Ulcerative Colitis,Have all polyps been removed?,not relevant,cla820gl1s3pb071u45lb0snu,have all polyps been removed,Yes/No,Token,Have all polyps been removed? not relevant,Token,Token
Ulcerative Colitis,What type of polyp is present?,none,cla820glys53f071ubs63f5yi,what type of polyp is present,Entity,None/NA,What type of polyp is present? none,None/NA,None/NA
Ulcerative Colitis,Are there any anatomical landmarks in the image? Check all that are present.,none,cla820glys53f071ubs63f5yi,are there any anatomical landmarks in the image check all that are present,Yes/No,None/NA,Are there any anatomical landmarks in the image? Check all that are present. none,None/NA,None/NA
Ulcerative Colitis,Where in the image is the anatomical landmark?,none,cla820gmcs5jz071ugaan7799,where in the image is the anatomical landmark,Location,None/NA,Where in the image is the anatomical landmark? none,None/NA,None/NA
Ulcerative Colitis,Where in the image is the instrument?,none,cla820glks4ln071u6ufy4pd9,where in the image is the instrument,Location,None/NA,Where in the image is the instrument? none,None/NA,None/NA
Ulcerative Colitis,Where in the image is the abnormality?,center; center-left; center-right; lower-center; lower-left; lower-right; upper-center; upper-left; upper-right,cla820gmjs5v3071u9fltescr,where in the image is the abnormality,Location,List,Where in the image is the abnormality? center; center-left; center-right; lower-center; lower-left; lower-right; upper-center; upper-left; upper-right,List,List
Ulcerative Colitis,Are there any abnormalities in the image? Check all that are present.,ulcerative colitis,cla820gmys6f3071u1oh36llx,are there any abnormalities in the image check all that are present,Yes/No,Token,Are there any abnormalities in the image? Check all that are present. ulcerative colitis,Token,Token
Ulcerative Colitis,What color is the abnormality? If more than one separate with ;,pink; red; white,cla820gl3s3tb071ue9wz6a16,what color is the abnormality if more than one separate with,Color,List,What color is the abnormality? If more than one separate with ; pink; red; white,List,List
Ulcerative Colitis,Where in the image is the anatomical landmark?,none,cla820gles4bv071u0g5iddis,where in the image is the anatomical landmark,Location,None/NA,Where in the image is the anatomical landmark? none,None/NA,None/NA
Ulcerative Colitis,What type of polyp is present?,none,cla820gmns60n071u3m568jt7,what type of polyp is present,Entity,None/NA,What type of polyp is present? none,None/NA,None/NA
Ulcerative Colitis,What color is the abnormality? If more than one separate with ;,pink; red,cla820gmas5hj071u4wazety8,what color is the abnormality if more than one separate with,Color,List,What color is the abnormality? If more than one separate with ; pink; red,List,List
Ulcerative Colitis,Is there text?,no,cla820glas443071u6ga4fbrw,is there text,Yes/No,Yes/No,Is there text? no,Yes/No,Yes/No
Ulcerative Colitis,What is the size of the polyp?,none,cla820glys52v071u8z0u422w,what is the size of the polyp,Entity,None/NA,What is the size of the polyp? none,None/NA,None/NA
Ulcerative Colitis,Where in the image is the abnormality?,center; center-left; center-right; lower-center; lower-left; lower-right; upper-center; upper-left; upper-right,cla820glhs4gz071u8nte4r4w,where in the image is the abnormality,Location,List,Where in the image is the abnormality? center; center-left; center-right; lower-center; lower-left; lower-right; upper-center; upper-left; upper-right,List,List
Ulcerative Colitis,What color is the abnormality? If more than one separate with ;,pink; red; yellow; white,cla820gm3s59f071ucoov917k,what color is the abnormality if more than one separate with,Color,List,What color is the abnormality? If more than one separate with ; pink; red; yellow; white,List,List
Ulcerative Colitis,Have all polyps been removed?,not relevant,cla820gmgs5p7071u49yd2qp7,have all polyps been removed,Yes/No,Token,Have all polyps been removed? not relevant,Token,Token
Ulcerative Colitis,Have all polyps been removed?,not relevant,cla820gm9s5h7071ud7kg0v0m,have all polyps been removed,Yes/No,Token,Have all polyps been removed? not relevant,Token,Token
Ulcerative Colitis,Where in the image is the anatomical landmark?,none,cla820gmes5n3071u39nr2p8w,where in the image is the anatomical landmark,Location,None/NA,Where in the image is the anatomical landmark? none,None/NA,None/NA
Ulcerative Colitis,How many instrumnets are in the image?,0,cla820gmcs5kz071u0oi7ffxb,how many instrumnets are in the image,Counting,Numeric,How many instrumnets are in the image? 0,Numeric,Numeric
Ulcerative Colitis,Where in the image is the instrument?,none,cla820glzs543071u20yr5gvi,where in the image is the instrument,Location,None/NA,Where in the image is the instrument? none,None/NA,None/NA
Ulcerative Colitis,How many instrumnets are in the image?,0,cla820glfs4d3071u2fq0313f,how many instrumnets are in the image,Counting,Numeric,How many instrumnets are in the image? 0,Numeric,Numeric
Ulcerative Colitis,What color is the abnormality? If more than one separate with ;,pink; red; white,cla820gn7s6n7071ud7xg2k8v,what color is the abnormality if more than one separate with,Color,List,What color is the abnormality? If more than one separate with ; pink; red; white,List,List
Ulcerative Colitis,Is this finding easy to detect?,yes,cla820glhs4hv071ubw6ad94k,is this finding easy to detect,Yes/No,Yes/No,Is this finding easy to detect? yes,Yes/No,Yes/No
Ulcerative Colitis,Is this finding easy to detect?,yes,cla820glls4mf071ub9sx3pm6,is this finding easy to detect,Yes/No,Yes/No,Is this finding easy to detect? yes,Yes/No,Yes/No
Ulcerative Colitis,Have all polyps been removed?,not relevant,cla820gmqs65z071uaj197630,have all polyps been removed,Yes/No,Token,Have all polyps been removed? not relevant,Token,Token
Ulcerative Colitis,How many findings are present?,1,cla820gmgs5pj071u704xdemn,how many findings are present,Counting,Numeric,How many findings are present? 1,Numeric,Numeric
Ulcerative Colitis,How many findings are present?,1,cla820gm9s5h3071ugeql71t8,how many findings are present,Counting,Numeric,How many findings are present? 1,Numeric,Numeric
Ulcerative Colitis,What type of procedure is the image taken from?,colonoscopy,cla820glas44b071ufopccjcq,what type of procedure is the image taken from,Entity,Token,What type of procedure is the image taken from? colonoscopy,Token,Token
Ulcerative Colitis,How many polyps are in the image?,0,cla820gmgs5qf071ug2ph4ud6,how many polyps are in the image,Counting,Numeric,How many polyps are in the image? 0,Numeric,Numeric
Ulcerative Colitis,Is this finding easy to detect?,yes,cla820glls4n3071ub1dx9cxn,is this finding easy to detect,Yes/No,Yes/No,Is this finding easy to detect? yes,Yes/No,Yes/No
Ulcerative Colitis,Are there any abnormalities in the image? Check all that are present.,ulcerative colitis,cla820gm0s567071u1ep0fwvf,are there any abnormalities in the image check all that are present,Yes/No,Token,Are there any abnormalities in the image? Check all that are present. ulcerative colitis,Token,Token
Ulcerative Colitis,How many findings are present?,1,cla820gmms60b071uh0x1b2mr,how many findings are present,Counting,Numeric,How many findings are present? 1,Numeric,Numeric
Ulcerative Colitis,What type of polyp is present?,none,cla820glls4nb071u3qtv0ops,what type of polyp is present,Entity,None/NA,What type of polyp is present? none,None/NA,None/NA
Ulcerative Colitis,Is there text?,yes,cla820glls4nj071uczhd0lu8,is there text,Yes/No,Yes/No,Is there text? yes,Yes/No,Yes/No
Ulcerative Colitis,Are there any anatomical landmarks in the image? Check all that are present.,none,cla820gmgs5p3071uczbse9k3,are there any anatomical landmarks in the image check all that are present,Yes/No,None/NA,Are there any anatomical landmarks in the image? Check all that are present. none,None/NA,None/NA
Ulcerative Colitis,What type of procedure is the image taken from?,colonoscopy,cla820gl4s3tz071u1ewe1zbv,what type of procedure is the image taken from,Entity,Token,What type of procedure is the image taken from? colonoscopy,Token,Token
Ulcerative Colitis,Are there any anatomical landmarks in the image? Check all that are present.,none,cla820glys52v071u8z0u422w,are there any anatomical landmarks in the image check all that are present,Yes/No,None/NA,Are there any anatomical landmarks in the image? Check all that are present. none,None/NA,None/NA
Ulcerative Colitis,What type of polyp is present?,none,cla820gm5s5bj071ubj8qhjyk,what type of polyp is present,Entity,None/NA,What type of polyp is present? none,None/NA,None/NA
Ulcerative Colitis,How many instrumnets are in the image?,0,cla820gn7s6nb071u382u7155,how many instrumnets are in the image,Counting,Numeric,How many instrumnets are in the image? 0,Numeric,Numeric
Ulcerative Colitis,Are there any abnormalities in the image? Check all that are present.,ulcerative colitis,cla820gm7s5df071u8qclbgm9,are there any abnormalities in the image check all that are present,Yes/No,Token,Are there any abnormalities in the image? Check all that are present. ulcerative colitis,Token,Token
Ulcerative Colitis,What is the size of the polyp?,none,cla820glns4pb071u9oqm4npr,what is the size of the polyp,Entity,None/NA,What is the size of the polyp? none,None/NA,None/NA
Ulcerative Colitis,Where in the image is the abnormality?,center; center-left; center-right; lower-center; lower-left; lower-right; upper-center; upper-left; upper-right,cla820gm8s5f7071udu39h5l0,where in the image is the abnormality,Location,List,Where in the image is the abnormality? center; center-left; center-right; lower-center; lower-left; lower-right; upper-center; upper-left; upper-right,List,List
Ulcerative Colitis,Have all polyps been removed?,not relevant,cla820gmus6an071ugxsl64ea,have all polyps been removed,Yes/No,Token,Have all polyps been removed? not relevant,Token,Token
Ulcerative Colitis,Is this finding easy to detect?,yes,cla820gn4s6jr071uco5u8wbg,is this finding easy to detect,Yes/No,Yes/No,Is this finding easy to detect? yes,Yes/No,Yes/No
Ulcerative Colitis,Are there any abnormalities in the image? Check all that are present.,ulcerative colitis,cla820gmts69j071uczyi0fbb,are there any abnormalities in the image check all that are present,Yes/No,Token,Are there any abnormalities in the image? Check all that are present. ulcerative colitis,Token,Token
Ulcerative Colitis,Where in the image is the instrument?,none,cla820gmcs5l3071uhkswgbyf,where in the image is the instrument,Location,None/NA,Where in the image is the instrument? none,None/NA,None/NA
Ulcerative Colitis,What color is the abnormality? If more than one separate with ;,pink; red; white,cla820glns4pr071u1pnkdizs,what color is the abnormality if more than one separate with,Color,List,What color is the abnormality? If more than one separate with ; pink; red; white,List,List
Ulcerative Colitis,Is there a green/black box artefact?,no,cla820glws517071u73qm5d88,is there a green black box artefact,Yes/No,Yes/No,Is there a green/black box artefact? no,Yes/No,Yes/No
Ulcerative Colitis,Is there text?,yes,cla820glus4y7071u0i1774qp,is there text,Yes/No,Yes/No,Is there text? yes,Yes/No,Yes/No
Ulcerative Colitis,How many findings are present?,1,cla820glcs48z071ue55u7r1k,how many findings are present,Counting,Numeric,How many findings are present? 1,Numeric,Numeric
Ulcerative Colitis,Is there a green/black box artefact?,no,cla820gmts697071u39li2hv7,is there a green black box artefact,Yes/No,Yes/No,Is there a green/black box artefact? no,Yes/No,Yes/No
Ulcerative Colitis,Is this finding easy to detect?,yes,cla820glbs473071u1468er6g,is this finding easy to detect,Yes/No,Yes/No,Is this finding easy to detect? yes,Yes/No,Yes/No
Ulcerative Colitis,Are there any abnormalities in the image? Check all that are present.,ulcerative colitis,cla820gmss67j071uaqp2dhsa,are there any abnormalities in the image check all that are present,Yes/No,Token,Are there any abnormalities in the image? Check all that are present. ulcerative colitis,Token,Token
Ulcerative Colitis,What is the size of the polyp?,none,cla820glfs4e7071u35tje04s,what is the size of the polyp,Entity,None/NA,What is the size of the polyp? none,None/NA,None/NA
Ulcerative Colitis,What is the size of the polyp?,none,cla820gmjs5u3071u8i965h3h,what is the size of the polyp,Entity,None/NA,What is the size of the polyp? none,None/NA,None/NA
Ulcerative Colitis,What type of procedure is the image taken from?,colonoscopy,cla820gmws6db071u02pd62n2,what type of procedure is the image taken from,Entity,Token,What type of procedure is the image taken from? colonoscopy,Token,Token
Ulcerative Colitis,How many findings are present?,1,cla820glws51j071ubeeebxf0,how many findings are present,Counting,Numeric,How many findings are present? 1,Numeric,Numeric
Ulcerative Colitis,What is the size of the polyp?,none,cla820gmhs5s3071uepw7afkz,what is the size of the polyp,Entity,None/NA,What is the size of the polyp? none,None/NA,None/NA
Ulcerative Colitis,How many instrumnets are in the image?,0,cla820gmgs5p7071u49yd2qp7,how many instrumnets are in the image,Counting,Numeric,How many instrumnets are in the image? 0,Numeric,Numeric
Ulcerative Colitis,Is there a green/black box artefact?,no,cla820gmcs5k3071u6se0ha5o,is there a green black box artefact,Yes/No,Yes/No,Is there a green/black box artefact? no,Yes/No,Yes/No
Ulcerative Colitis,Are there any anatomical landmarks in the image? Check all that are present.,none,cla820gl7s3yr071u9kft4435,are there any anatomical landmarks in the image check all that are present,Yes/No,None/NA,Are there any anatomical landmarks in the image? Check all that are present. none,None/NA,None/NA
Ulcerative Colitis,Have all polyps been removed?,not relevant,cla820gmys6gb071u28r049um,have all polyps been removed,Yes/No,Token,Have all polyps been removed? not relevant,Token,Token
Ulcerative Colitis,Have all polyps been removed?,not relevant,cla820gm8s5ez071u424s0vjg,have all polyps been removed,Yes/No,Token,Have all polyps been removed? not relevant,Token,Token
Ulcerative Colitis,How many instrumnets are in the image?,0,cla820glos4rb071uhwed5mbb,how many instrumnets are in the image,Counting,Numeric,How many instrumnets are in the image? 0,Numeric,Numeric
Ulcerative Colitis,Are there any anatomical landmarks in the image? Check all that are present.,none,cla820gmps64v071ufqru1pyy,are there any anatomical landmarks in the image check all that are present,Yes/No,None/NA,Are there any anatomical landmarks in the image? Check all that are present. none,None/NA,None/NA
Ulcerative Colitis,How many polyps are in the image?,0,cla820gmos62v071u8ya47y09,how many polyps are in the image,Counting,Numeric,How many polyps are in the image? 0,Numeric,Numeric
Ulcerative Colitis,Is there text?,yes,cla820gmls5xr071uhyv8887o,is there text,Yes/No,Yes/No,Is there text? yes,Yes/No,Yes/No
Ulcerative Colitis,Have all polyps been removed?,not relevant,cla820gl6s3y7071u9k638dv6,have all polyps been removed,Yes/No,Token,Have all polyps been removed? not relevant,Token,Token
Ulcerative Colitis,How many instrumnets are in the image?,0,cla820gmns613071uc7i097fu,how many instrumnets are in the image,Counting,Numeric,How many instrumnets are in the image? 0,Numeric,Numeric
Ulcerative Colitis,How many findings are present?,1,cla820glqs4tj071u15ft4s4m,how many findings are present,Counting,Numeric,How many findings are present? 1,Numeric,Numeric
Ulcerative Colitis,Are there any instruments in the image? Check all that are present.,none,cla820gn3s6ij071uf1bv3jbu,are there any instruments in the image check all that are present,Yes/No,None/NA,Are there any instruments in the image? Check all that are present. none,None/NA,None/NA
Ulcerative Colitis,Where in the image is the anatomical landmark?,none,cla820gm7s5eb071u1vrd4xjm,where in the image is the anatomical landmark,Location,None/NA,Where in the image is the anatomical landmark? none,None/NA,None/NA
Ulcerative Colitis,What color is the abnormality? If more than one separate with ;,pink; red,cla820glis4j7071u8wd17ygy,what color is the abnormality if more than one separate with,Color,List,What color is the abnormality? If more than one separate with ; pink; red,List,List
Ulcerative Colitis,Are there any instruments in the image? Check all that are present.,none,cla820glbs45v071ua0sq8o9d,are there any instruments in the image check all that are present,Yes/No,None/NA,Are there any instruments in the image? Check all that are present. none,None/NA,None/NA
Ulcerative Colitis,Are there any instruments in the image? Check all that are present.,none,cla820gl6s3y3071u6gxs1pgc,are there any instruments in the image check all that are present,Yes/No,None/NA,Are there any instruments in the image? Check all that are present. none,None/NA,None/NA
Ulcerative Colitis,Have all polyps been removed?,not relevant,cla820gm7s5e7071u45cwfvua,have all polyps been removed,Yes/No,Token,Have all polyps been removed? not relevant,Token,Token
Ulcerative Colitis,What is the size of the polyp?,none,cla820glms4ob071ueeum7crv,what is the size of the polyp,Entity,None/NA,What is the size of the polyp? none,None/NA,None/NA
Ulcerative Colitis,How many polyps are in the image?,0,cla820gmas5i7071u1ml8blal,how many polyps are in the image,Counting,Numeric,How many polyps are in the image? 0,Numeric,Numeric
Ulcerative Colitis,What type of procedure is the image taken from?,colonoscopy,cla820glus4yr071ucrs636hg,what type of procedure is the image taken from,Entity,Token,What type of procedure is the image taken from? colonoscopy,Token,Token
Ulcerative Colitis,What type of procedure is the image taken from?,colonoscopy,cla820gmss683071u621obu0s,what type of procedure is the image taken from,Entity,Token,What type of procedure is the image taken from? colonoscopy,Token,Token
Ulcerative Colitis,Are there any instruments in the image? Check all that are present.,none,cla820gmts69v071u5vji03hy,are there any instruments in the image check all that are present,Yes/No,None/NA,Are there any instruments in the image? Check all that are present. none,None/NA,None/NA
Ulcerative Colitis,How many instrumnets are in the image?,0,cla820gl9s43b071u1unh2a0t,how many instrumnets are in the image,Counting,Numeric,How many instrumnets are in the image? 0,Numeric,Numeric
Ulcerative Colitis,What color is the abnormality? If more than one separate with ;,pink; red,cla820glts4xz071u6b7n1x9y,what color is the abnormality if more than one separate with,Color,List,What color is the abnormality? If more than one separate with ; pink; red,List,List
Ulcerative Colitis,Is there text?,yes,cla820gm3s59n071u5g9p1bll,is there text,Yes/No,Yes/No,Is there text? yes,Yes/No,Yes/No
Ulcerative Colitis,Where in the image is the abnormality?,center; center-left; center-right; lower-center; lower-left; lower-right; upper-center; upper-left; upper-right,cla820gmis5s7071uhjmr3jy7,where in the image is the abnormality,Location,List,Where in the image is the abnormality? center; center-left; center-right; lower-center; lower-left; lower-right; upper-center; upper-left; upper-right,List,List
Ulcerative Colitis,Have all polyps been removed?,not relevant,cla820glcs48z071ue55u7r1k,have all polyps been removed,Yes/No,Token,Have all polyps been removed? not relevant,Token,Token
Ulcerative Colitis,Where in the image is the instrument?,none,cla820gn2s6hn071ughyqhcy2,where in the image is the instrument,Location,None/NA,Where in the image is the instrument? none,None/NA,None/NA
Ulcerative Colitis,Are there any instruments in the image? Check all that are present.,none,cla820gm5s5az071ue4o4fgse,are there any instruments in the image check all that are present,Yes/No,None/NA,Are there any instruments in the image? Check all that are present. none,None/NA,None/NA
Ulcerative Colitis,Have all polyps been removed?,not relevant,cla820gn4s6j7071u58if9aat,have all polyps been removed,Yes/No,Token,Have all polyps been removed? not relevant,Token,Token
Ulcerative Colitis,What is the size of the polyp?,none,cla820gmvs6cb071ug7zn25qj,what is the size of the polyp,Entity,None/NA,What is the size of the polyp? none,None/NA,None/NA
Ulcerative Colitis,What type of polyp is present?,none,cla820gmws6dj071uey0p2c5e,what type of polyp is present,Entity,None/NA,What type of polyp is present? none,None/NA,None/NA
Ulcerative Colitis,Where in the image is the anatomical landmark?,none,cla820gl9s42n071u4evu0gc7,where in the image is the anatomical landmark,Location,None/NA,Where in the image is the anatomical landmark? none,None/NA,None/NA
Ulcerative Colitis,What type of polyp is present?,none,cla820gmms5zf071udvkw936t,what type of polyp is present,Entity,None/NA,What type of polyp is present? none,None/NA,None/NA
Ulcerative Colitis,Are there any instruments in the image? Check all that are present.,tube,cla820gmns613071uc7i097fu,are there any instruments in the image check all that are present,Yes/No,Token,Are there any instruments in the image? Check all that are present. tube,Token,Token
Ulcerative Colitis,Is there text?,yes,cla820gmws6d7071u107x0f3p,is there text,Yes/No,Yes/No,Is there text? yes,Yes/No,Yes/No
Ulcerative Colitis,Where in the image is the anatomical landmark?,none,cla820gn7s6o7071ucxfnd1dy,where in the image is the anatomical landmark,Location,None/NA,Where in the image is the anatomical landmark? none,None/NA,None/NA
Ulcerative Colitis,How many polyps are in the image?,0,cla820gmms5zv071u5yw05he4,how many polyps are in the image,Counting,Numeric,How many polyps are in the image? 0,Numeric,Numeric
Ulcerative Colitis,What is the size of the polyp?,none,cla820glos4qz071u3xorao72,what is the size of the polyp,Entity,None/NA,What is the size of the polyp? none,None/NA,None/NA
Ulcerative Colitis,How many findings are present?,1,cla820gm6s5d7071ubncv3h34,how many findings are present,Counting,Numeric,How many findings are present? 1,Numeric,Numeric
Ulcerative Colitis,Are there any anatomical landmarks in the image? Check all that are present.,none,cla820gl5s3wb071u5ekcdloz,are there any anatomical landmarks in the image check all that are present,Yes/No,None/NA,Are there any anatomical landmarks in the image? Check all that are present. none,None/NA,None/NA
Ulcerative Colitis,What color is the abnormality? If more than one separate with ;,pink; white; yellow,cla820gm2s57r071uf58bcj96,what color is the abnormality if more than one separate with,Color,List,What color is the abnormality? If more than one separate with ; pink; white; yellow,List,List
Ulcerative Colitis,How many polyps are in the image?,0,cla820glcs48r071u6b2k2ctb,how many polyps are in the image,Counting,Numeric,How many polyps are in the image? 0,Numeric,Numeric
Ulcerative Colitis,What type of procedure is the image taken from?,colonoscopy,cla820glas45f071uds2u97yk,what type of procedure is the image taken from,Entity,Token,What type of procedure is the image taken from? colonoscopy,Token,Token
Ulcerative Colitis,How many findings are present?,1,cla820glns4pj071u5zlyfwpr,how many findings are present,Counting,Numeric,How many findings are present? 1,Numeric,Numeric
Ulcerative Colitis,How many findings are present?,1,cla820glps4t7071u9hr68bum,how many findings are present,Counting,Numeric,How many findings are present? 1,Numeric,Numeric
Ulcerative Colitis,Are there any instruments in the image? Check all that are present.,none,cla820glws517071u73qm5d88,are there any instruments in the image check all that are present,Yes/No,None/NA,Are there any instruments in the image? Check all that are present. none,None/NA,None/NA
Ulcerative Colitis,Where in the image is the abnormality?,center; center-left; center-right; lower-center; lower-left; lower-right; upper-center; upper-left; upper-right,cla820gmds5l7071ucfhi2562,where in the image is the abnormality,Location,List,Where in the image is the abnormality? center; center-left; center-right; lower-center; lower-left; lower-right; upper-center; upper-left; upper-right,List,List
Ulcerative Colitis,How many polyps are in the image?,0,cla820glps4rz071u6kspddxw,how many polyps are in the image,Counting,Numeric,How many polyps are in the image? 0,Numeric,Numeric
Ulcerative Colitis,Are there any instruments in the image? Check all that are present.,none,cla820glys53r071ub64d5s10,are there any instruments in the image check all that are present,Yes/No,None/NA,Are there any instruments in the image? Check all that are present. none,None/NA,None/NA
Ulcerative Colitis,What is the size of the polyp?,none,cla820gn8s6ob071u6v46ah6z,what is the size of the polyp,Entity,None/NA,What is the size of the polyp? none,None/NA,None/NA
Ulcerative Colitis,Is this finding easy to detect?,no,cla820gl2s3q7071u7ej2fp2n,is this finding easy to detect,Yes/No,Yes/No,Is this finding easy to detect? no,Yes/No,Token
Ulcerative Colitis,Are there any instruments in the image? Check all that are present.,none,cla820gmks5vb071uanwlgcc1,are there any instruments in the image check all that are present,Yes/No,None/NA,Are there any instruments in the image? Check all that are present. none,None/NA,None/NA
Ulcerative Colitis,What is the size of the polyp?,none,cla820gmcs5kv071u8tud9ta7,what is the size of the polyp,Entity,None/NA,What is the size of the polyp? none,None/NA,None/NA
Ulcerative Colitis,How many instrumnets are in the image?,0,cla820gl3s3sn071u6jb8eyyl,how many instrumnets are in the image,Counting,Numeric,How many instrumnets are in the image? 0,Numeric,Numeric
Ulcerative Colitis,What is the size of the polyp?,none,cla820glbs46b071u209906at,what is the size of the polyp,Entity,None/NA,What is the size of the polyp? none,None/NA,None/NA
Ulcerative Colitis,Where in the image is the abnormality?,center; center-left; center-right; lower-center; lower-left; lower-right; upper-center; upper-left; upper-right,cla820gmxs6dz071u89c518b7,where in the image is the abnormality,Location,List,Where in the image is the abnormality? center; center-left; center-right; lower-center; lower-left; lower-right; upper-center; upper-left; upper-right,List,List
Ulcerative Colitis,Are there any abnormalities in the image? Check all that are present.,ulcerative colitis,cla820gl5s3wj071uhfhf8ijv,are there any abnormalities in the image check all that are present,Yes/No,Token,Are there any abnormalities in the image? Check all that are present. ulcerative colitis,Token,Token
Ulcerative Colitis,Where in the image is the abnormality?,center; center-right; lower-center; lower-right; upper-center; upper-right,cla820gl5s3w3071u2e1ub3zb,where in the image is the abnormality,Location,List,Where in the image is the abnormality? center; center-right; lower-center; lower-right; upper-center; upper-right,List,List
Ulcerative Colitis,Where in the image is the instrument?,none,cla820gmos62f071ubes021vi,where in the image is the instrument,Location,None/NA,Where in the image is the instrument? none,None/NA,None/NA
Ulcerative Colitis,How many polyps are in the image?,0,cla820glxs52b071u7xpqf5xc,how many polyps are in the image,Counting,Numeric,How many polyps are in the image? 0,Numeric,Numeric
Ulcerative Colitis,What type of polyp is present?,none,cla820gl7s407071u0j1bd6ly,what type of polyp is present,Entity,None/NA,What type of polyp is present? none,None/NA,None/NA
Ulcerative Colitis,Where in the image is the instrument?,none,cla820gmos62b071ua36s3w9w,where in the image is the instrument,Location,None/NA,Where in the image is the instrument? none,None/NA,None/NA
Ulcerative Colitis,What color is the abnormality? If more than one separate with ;,pink; red; yellow,cla820gmvs6bf071uano0717m,what color is the abnormality if more than one separate with,Color,List,What color is the abnormality? If more than one separate with ; pink; red; yellow,List,List
Ulcerative Colitis,Where in the image is the instrument?,none,cla820gmks5wr071u4vun8yst,where in the image is the instrument,Location,None/NA,Where in the image is the instrument? none,None/NA,None/NA
Ulcerative Colitis,What type of procedure is the image taken from?,colonoscopy,cla820gmjs5uv071uahbr8usm,what type of procedure is the image taken from,Entity,Token,What type of procedure is the image taken from? colonoscopy,Token,Token
Ulcerative Colitis,What is the size of the polyp?,none,cla820gl5s3vb071u5qsbatev,what is the size of the polyp,Entity,None/NA,What is the size of the polyp? none,None/NA,None/NA
Ulcerative Colitis,What type of polyp is present?,none,cla820glzs54v071u4zcc03z2,what type of polyp is present,Entity,None/NA,What type of polyp is present? none,None/NA,None/NA
Ulcerative Colitis,What type of procedure is the image taken from?,colonoscopy,cla820glxs52f071u5huf69gh,what type of procedure is the image taken from,Entity,Token,What type of procedure is the image taken from? colonoscopy,Token,Token
Ulcerative Colitis,How many polyps are in the image?,0,cla820gmxs6dr071ud4avacp9,how many polyps are in the image,Counting,Numeric,How many polyps are in the image? 0,Numeric,Numeric
Ulcerative Colitis,Is there text?,yes,cla820glcs47z071ufhkj1xgb,is there text,Yes/No,Yes/No,Is there text? yes,Yes/No,Yes/No
Ulcerative Colitis,What color is the abnormality? If more than one separate with ;,pink; red,cla820gmqs65r071uc9zodhx6,what color is the abnormality if more than one separate with,Color,List,What color is the abnormality? If more than one separate with ; pink; red,List,List
Ulcerative Colitis,Where in the image is the instrument?,none,cla820gmbs5in071u7b4zc3oz,where in the image is the instrument,Location,None/NA,Where in the image is the instrument? none,None/NA,None/NA
Ulcerative Colitis,Where in the image is the instrument?,none,cla820glis4j3071u0zef4fft,where in the image is the instrument,Location,None/NA,Where in the image is the instrument? none,None/NA,None/NA
Ulcerative Colitis,Are there any abnormalities in the image? Check all that are present.,ulcerative colitis,cla820gl8s41f071u1zb7hwyy,are there any abnormalities in the image check all that are present,Yes/No,Token,Are there any abnormalities in the image? Check all that are present. ulcerative colitis,Token,Token
Ulcerative Colitis,Are there any instruments in the image? Check all that are present.,none,cla820gmes5nj071u0v1l3e23,are there any instruments in the image check all that are present,Yes/No,None/NA,Are there any instruments in the image? Check all that are present. none,None/NA,None/NA
Ulcerative Colitis,How many polyps are in the image?,0,cla820gn2s6hb071u8wnnh6cc,how many polyps are in the image,Counting,Numeric,How many polyps are in the image? 0,Numeric,Numeric
Ulcerative Colitis,Is this finding easy to detect?,yes,cla820glds493071u6bri4kdd,is this finding easy to detect,Yes/No,Yes/No,Is this finding easy to detect? yes,Yes/No,Yes/No
Ulcerative Colitis,Have all polyps been removed?,not relevant,cla820gmrs663071uduamb53p,have all polyps been removed,Yes/No,Token,Have all polyps been removed? not relevant,Token,Token
Ulcerative Colitis,How many findings are present?,1,cla820gl8s41f071u1zb7hwyy,how many findings are present,Counting,Numeric,How many findings are present? 1,Numeric,Numeric
Ulcerative Colitis,How many polyps are in the image?,0,cla820gl6s3y7071u9k638dv6,how many polyps are in the image,Counting,Numeric,How many polyps are in the image? 0,Numeric,Numeric
Ulcerative Colitis,Are there any abnormalities in the image? Check all that are present.,ulcerative colitis,cla820glhs4gf071ua2c3a0gs,are there any abnormalities in the image check all that are present,Yes/No,Token,Are there any abnormalities in the image? Check all that are present. ulcerative colitis,Token,Token
Ulcerative Colitis,What is the size of the polyp?,none,cla820glds49n071ub8xd31uc,what is the size of the polyp,Entity,None/NA,What is the size of the polyp? none,None/NA,None/NA
Ulcerative Colitis,Are there any instruments in the image? Check all that are present.,none,cla820gmrs66j071uaka934t9,are there any instruments in the image check all that are present,Yes/No,None/NA,Are there any instruments in the image? Check all that are present. none,None/NA,None/NA
Ulcerative Colitis,How many findings are present?,1,cla820gmbs5jj071uhbn0b19h,how many findings are present,Counting,Numeric,How many findings are present? 1,Numeric,Numeric
Ulcerative Colitis,Are there any abnormalities in the image? Check all that are present.,ulcerative colitis,cla820glfs4dv071u2r6kf5ir,are there any abnormalities in the image check all that are present,Yes/No,Token,Are there any abnormalities in the image? Check all that are present. ulcerative colitis,Token,Token
Ulcerative Colitis,How many findings are present?,1,cla820gmis5tb071u8iygepwo,how many findings are present,Counting,Numeric,How many findings are present? 1,Numeric,Numeric
Ulcerative Colitis,Are there any instruments in the image? Check all that are present.,none,cla820glls4mv071u765tggf2,are there any instruments in the image check all that are present,Yes/No,None/NA,Are there any instruments in the image? Check all that are present. none,None/NA,None/NA
Ulcerative Colitis,Is there a green/black box artefact?,yes,cla820glis4jb071u9dny0zkz,is there a green black box artefact,Yes/No,Yes/No,Is there a green/black box artefact? yes,Yes/No,Yes/No
Ulcerative Colitis,How many instrumnets are in the image?,0,cla820glys537071u1anh57fb,how many instrumnets are in the image,Counting,Numeric,How many instrumnets are in the image? 0,Numeric,Numeric
Ulcerative Colitis,What type of polyp is present?,none,cla820gn6s6lv071u6ibw16sz,what type of polyp is present,Entity,None/NA,What type of polyp is present? none,None/NA,None/NA
Ulcerative Colitis,What type of polyp is present?,none,cla820gl9s42n071u4evu0gc7,what type of polyp is present,Entity,None/NA,What type of polyp is present? none,None/NA,None/NA
Ulcerative Colitis,Are there any instruments in the image? Check all that are present.,none,cla820gn5s6kj071uawhg5t93,are there any instruments in the image check all that are present,Yes/No,None/NA,Are there any instruments in the image? Check all that are present. none,None/NA,None/NA
Ulcerative Colitis,What type of polyp is present?,none,cla820gn7s6o3071u48ukegv2,what type of polyp is present,Entity,None/NA,What type of polyp is present? none,None/NA,None/NA
Ulcerative Colitis,Are there any anatomical landmarks in the image? Check all that are present.,none,cla820gmts693071u5i4j8mqk,are there any anatomical landmarks in the image check all that are present,Yes/No,None/NA,Are there any anatomical landmarks in the image? Check all that are present. none,None/NA,None/NA
Ulcerative Colitis,Is there a green/black box artefact?,no,cla820gmgs5pv071ubu4gcmgh,is there a green black box artefact,Yes/No,Yes/No,Is there a green/black box artefact? no,Yes/No,Yes/No
Ulcerative Colitis,Is there a green/black box artefact?,yes,cla820gmts69f071u545hfdja,is there a green black box artefact,Yes/No,Yes/No,Is there a green/black box artefact? yes,Yes/No,Yes/No
Ulcerative Colitis,Where in the image is the abnormality?,center; center-left; center-right; lower-center; lower-left; lower-right; upper-center; upper-left; upper-right,cla820gmts68r071u3rz09961,where in the image is the abnormality,Location,List,Where in the image is the abnormality? center; center-left; center-right; lower-center; lower-left; lower-right; upper-center; upper-left; upper-right,List,List
Ulcerative Colitis,Is this finding easy to detect?,yes,cla820gm7s5e7071u45cwfvua,is this finding easy to detect,Yes/No,Yes/No,Is this finding easy to detect? yes,Yes/No,Yes/No
Ulcerative Colitis,Is there text?,yes,cla820glss4vv071u4yuq7en0,is there text,Yes/No,Yes/No,Is there text? yes,Yes/No,Yes/No
Ulcerative Colitis,What is the size of the polyp?,none,cla820gm0s55n071ubuk7hvyx,what is the size of the polyp,Entity,None/NA,What is the size of the polyp? none,None/NA,None/NA
Ulcerative Colitis,What type of procedure is the image taken from?,colonoscopy,cla820gm5s5b3071uc8r7gnts,what type of procedure is the image taken from,Entity,Token,What type of procedure is the image taken from? colonoscopy,Token,Token
Ulcerative Colitis,What color is the abnormality? If more than one separate with ;,pink; red; white,cla820gn8s6pj071u62zg5j20,what color is the abnormality if more than one separate with,Color,List,What color is the abnormality? If more than one separate with ; pink; red; white,List,List
Ulcerative Colitis,How many instrumnets are in the image?,0,cla820gmjs5uv071uahbr8usm,how many instrumnets are in the image,Counting,Numeric,How many instrumnets are in the image? 0,Numeric,Numeric
Ulcerative Colitis,Where in the image is the abnormality?,center; center-left; center-right; lower-center; lower-left; lower-right; upper-center; upper-left; upper-right,cla820gl5s3wr071uaumg6d7n,where in the image is the abnormality,Location,List,Where in the image is the abnormality? center; center-left; center-right; lower-center; lower-left; lower-right; upper-center; upper-left; upper-right,List,List
Ulcerative Colitis,Have all polyps been removed?,not relevant,cla820gl5s3wv071u32becg92,have all polyps been removed,Yes/No,Token,Have all polyps been removed? not relevant,Token,Token
Ulcerative Colitis,What type of procedure is the image taken from?,colonoscopy,cla820gm5s5bf071u6yppfvdo,what type of procedure is the image taken from,Entity,Token,What type of procedure is the image taken from? colonoscopy,Token,Token
Ulcerative Colitis,Are there any abnormalities in the image? Check all that are present.,ulcerative colitis,cla820gl7s3zj071uadm3dpxy,are there any abnormalities in the image check all that are present,Yes/No,Token,Are there any abnormalities in the image? Check all that are present. ulcerative colitis,Token,Token
Ulcerative Colitis,What is the size of the polyp?,none,cla820gmis5tb071u8iygepwo,what is the size of the polyp,Entity,None/NA,What is the size of the polyp? none,None/NA,None/NA
Ulcerative Colitis,Is there a green/black box artefact?,no,cla820glns4pf071uaocdg34x,is there a green black box artefact,Yes/No,Yes/No,Is there a green/black box artefact? no,Yes/No,Yes/No
Ulcerative Colitis,Where in the image is the anatomical landmark?,none,cla820gn7s6n3071udc5324za,where in the image is the anatomical landmark,Location,None/NA,Where in the image is the anatomical landmark? none,None/NA,None/NA
Ulcerative Colitis,What color is the abnormality? If more than one separate with ;,pink; red; white,cla820gmrs66z071ubq3f9zbr,what color is the abnormality if more than one separate with,Color,List,What color is the abnormality? If more than one separate with ; pink; red; white,List,List
Ulcerative Colitis,Are there any anatomical landmarks in the image? Check all that are present.,none,cla820gmjs5u3071u8i965h3h,are there any anatomical landmarks in the image check all that are present,Yes/No,None/NA,Are there any anatomical landmarks in the image? Check all that are present. none,None/NA,None/NA
Ulcerative Colitis,Are there any anatomical landmarks in the image? Check all that are present.,none,cla820gn2s6hr071u48c9f4x3,are there any anatomical landmarks in the image check all that are present,Yes/No,None/NA,Are there any anatomical landmarks in the image? Check all that are present. none,None/NA,None/NA
Ulcerative Colitis,Are there any anatomical landmarks in the image? Check all that are present.,none,cla820gmus6ar071ug2p91uiy,are there any anatomical landmarks in the image check all that are present,Yes/No,None/NA,Are there any anatomical landmarks in the image? Check all that are present. none,None/NA,None/NA
Ulcerative Colitis,How many findings are present?,1,cla820gl6s3xv071u8lpe4sj3,how many findings are present,Counting,Numeric,How many findings are present? 1,Numeric,Numeric
Ulcerative Colitis,Is there a green/black box artefact?,no,cla820gmts68v071u6o2xebr1,is there a green black box artefact,Yes/No,Yes/No,Is there a green/black box artefact? no,Yes/No,Yes/No
Ulcerative Colitis,What type of polyp is present?,none,cla820glvs503071ufonj6f1j,what type of polyp is present,Entity,None/NA,What type of polyp is present? none,None/NA,None/NA
Ulcerative Colitis,How many instrumnets are in the image?,0,cla820gmqs65j071u3fib56er,how many instrumnets are in the image,Counting,Numeric,How many instrumnets are in the image? 0,Numeric,Numeric
Ulcerative Colitis,How many findings are present?,1,cla820gl5s3wb071u5ekcdloz,how many findings are present,Counting,Numeric,How many findings are present? 1,Numeric,Numeric
Ulcerative Colitis,Is there text?,yes,cla820gmks5vv071uc9yu02fh,is there text,Yes/No,Yes/No,Is there text? yes,Yes/No,Yes/No
Ulcerative Colitis,How many findings are present?,1,cla820gmes5n7071u8o6u0p6p,how many findings are present,Counting,Numeric,How many findings are present? 1,Numeric,Numeric
Ulcerative Colitis,Are there any instruments in the image? Check all that are present.,none,cla820gm4s5aj071u7scsdwmm,are there any instruments in the image check all that are present,Yes/No,None/NA,Are there any instruments in the image? Check all that are present. none,None/NA,None/NA
Ulcerative Colitis,Where in the image is the abnormality?,center; center-left; center-right; lower-center; lower-left; lower-right; upper-center; upper-left; upper-right,cla820gl7s3z3071u90yh7f7r,where in the image is the abnormality,Location,List,Where in the image is the abnormality? center; center-left; center-right; lower-center; lower-left; lower-right; upper-center; upper-left; upper-right,List,List
Ulcerative Colitis,How many instrumnets are in the image?,1,cla820glhs4hf071uc9p9a8v6,how many instrumnets are in the image,Counting,Numeric,How many instrumnets are in the image? 1,Numeric,Numeric
Ulcerative Colitis,How many polyps are in the image?,0,cla820gl3s3sr071uc4152r95,how many polyps are in the image,Counting,Numeric,How many polyps are in the image? 0,Numeric,Numeric
Ulcerative Colitis,Is there a green/black box artefact?,no,cla820gm2s57r071uf58bcj96,is there a green black box artefact,Yes/No,Yes/No,Is there a green/black box artefact? no,Yes/No,Yes/No
Ulcerative Colitis,Are there any instruments in the image? Check all that are present.,none,cla820glds49b071ug3s35hh0,are there any instruments in the image check all that are present,Yes/No,None/NA,Are there any instruments in the image? Check all that are present. none,None/NA,None/NA
Ulcerative Colitis,Where in the image is the instrument?,none,cla820glls4nn071u8mb6hls1,where in the image is the instrument,Location,None/NA,Where in the image is the instrument? none,None/NA,None/NA
Ulcerative Colitis,Is this finding easy to detect?,yes,cla820glhs4gr071u8ww4c6gf,is this finding easy to detect,Yes/No,Yes/No,Is this finding easy to detect? yes,Yes/No,Yes/No
Ulcerative Colitis,Is there text?,yes,cla820gmts69f071u545hfdja,is there text,Yes/No,Yes/No,Is there text? yes,Yes/No,Yes/No
Ulcerative Colitis,Where in the image is the instrument?,none,cla820glzs54b071uavsmcevb,where in the image is the instrument,Location,None/NA,Where in the image is the instrument? none,None/NA,None/NA
Ulcerative Colitis,How many polyps are in the image?,0,cla820gles4b7071u3ryl9tjq,how many polyps are in the image,Counting,Numeric,How many polyps are in the image? 0,Numeric,Numeric
Ulcerative Colitis,Is this finding easy to detect?,yes,cla820gmzs6h3071u6g38fbxc,is this finding easy to detect,Yes/No,Yes/No,Is this finding easy to detect? yes,Yes/No,Yes/No
Ulcerative Colitis,How many findings are present?,1,cla820gl8s40n071ua3uphnl3,how many findings are present,Counting,Numeric,How many findings are present? 1,Numeric,Numeric
Ulcerative Colitis,How many instrumnets are in the image?,0,cla820glfs4cz071u1fgq28zx,how many instrumnets are in the image,Counting,Numeric,How many instrumnets are in the image? 0,Numeric,Numeric
Ulcerative Colitis,What is the size of the polyp?,none,cla820glss4wj071udhz7hr32,what is the size of the polyp,Entity,None/NA,What is the size of the polyp? none,None/NA,None/NA
Ulcerative Colitis,How many polyps are in the image?,0,cla820glqs4ub071u4u2x6f41,how many polyps are in the image,Counting,Numeric,How many polyps are in the image? 0,Numeric,Numeric
Ulcerative Colitis,Are there any abnormalities in the image? Check all that are present.,ulcerative colitis,cla820gmas5hn071u5m0l1bk6,are there any abnormalities in the image check all that are present,Yes/No,Token,Are there any abnormalities in the image? Check all that are present. ulcerative colitis,Token,Token
Ulcerative Colitis,What color is the abnormality? If more than one separate with ;,pink; red; yellow,cla820gmgs5qf071ug2ph4ud6,what color is the abnormality if more than one separate with,Color,List,What color is the abnormality? If more than one separate with ; pink; red; yellow,List,List
Ulcerative Colitis,What type of polyp is present?,none,cla820glps4s7071uhu686qbm,what type of polyp is present,Entity,None/NA,What type of polyp is present? none,None/NA,None/NA
Ulcerative Colitis,How many polyps are in the image?,0,cla820glhs4gb071u0lgxbuwy,how many polyps are in the image,Counting,Numeric,How many polyps are in the image? 0,Numeric,Numeric
Ulcerative Colitis,Is there text?,yes,cla820glls4mz071u0cuo22tn,is there text,Yes/No,Yes/No,Is there text? yes,Yes/No,Yes/No
Ulcerative Colitis,Where in the image is the anatomical landmark?,none,cla820gmds5lj071ueefe8bki,where in the image is the anatomical landmark,Location,None/NA,Where in the image is the anatomical landmark? none,None/NA,None/NA
Ulcerative Colitis,What is the size of the polyp?,none,cla820glls4mf071ub9sx3pm6,what is the size of the polyp,Entity,None/NA,What is the size of the polyp? none,None/NA,None/NA
Ulcerative Colitis,What is the size of the polyp?,none,cla820gmjs5uz071uajgi1xsj,what is the size of the polyp,Entity,None/NA,What is the size of the polyp? none,None/NA,None/NA
Ulcerative Colitis,Where in the image is the abnormality?,center; center-left; center-right; lower-center; lower-left; lower-right; upper-center; upper-left; upper-right,cla820glms4oj071uf2agdqy3,where in the image is the abnormality,Location,List,Where in the image is the abnormality? center; center-left; center-right; lower-center; lower-left; lower-right; upper-center; upper-left; upper-right,List,List
Ulcerative Colitis,Is there a green/black box artefact?,yes,cla820gm0s563071u1wfnfv5i,is there a green black box artefact,Yes/No,Yes/No,Is there a green/black box artefact? yes,Yes/No,Yes/No
Ulcerative Colitis,How many instrumnets are in the image?,0,cla820gmks5wj071ufomv96u5,how many instrumnets are in the image,Counting,Numeric,How many instrumnets are in the image? 0,Numeric,Numeric
Ulcerative Colitis,Where in the image is the instrument?,none,cla820gmcs5kf071uct5r5v2n,where in the image is the instrument,Location,None/NA,Where in the image is the instrument? none,None/NA,None/NA
Ulcerative Colitis,Are there any abnormalities in the image? Check all that are present.,ulcerative colitis,cla820glgs4f3071u9cuffv0z,are there any abnormalities in the image check all that are present,Yes/No,Token,Are there any abnormalities in the image? Check all that are present. ulcerative colitis,Token,Token
Ulcerative Colitis,Is this finding easy to detect?,yes,cla820glqs4u7071u4pgn24jp,is this finding easy to detect,Yes/No,Yes/No,Is this finding easy to detect? yes,Yes/No,Yes/No
Ulcerative Colitis,What color is the abnormality? If more than one separate with ;,pink; red; white,cla820gmss67z071u5qbncwa3,what color is the abnormality if more than one separate with,Color,List,What color is the abnormality? If more than one separate with ; pink; red; white,List,List
Ulcerative Colitis,Have all polyps been removed?,not relevant,cla820glis4i3071u5rw5eer8,have all polyps been removed,Yes/No,Token,Have all polyps been removed? not relevant,Token,Token
Ulcerative Colitis,What color is the abnormality? If more than one separate with ;,pink; red,cla820gmss687071u71az3czg,what color is the abnormality if more than one separate with,Color,List,What color is the abnormality? If more than one separate with ; pink; red,List,List
Ulcerative Colitis,What is the size of the polyp?,none,cla820gmls5yj071u9nci1ei6,what is the size of the polyp,Entity,None/NA,What is the size of the polyp? none,None/NA,None/NA
Ulcerative Colitis,Are there any anatomical landmarks in the image? Check all that are present.,none,cla820gljs4kv071ugpko5fhz,are there any anatomical landmarks in the image check all that are present,Yes/No,None/NA,Are there any anatomical landmarks in the image? Check all that are present. none,None/NA,None/NA
Ulcerative Colitis,What type of procedure is the image taken from?,colonoscopy,cla820gl4s3uj071u8so1gxth,what type of procedure is the image taken from,Entity,Token,What type of procedure is the image taken from? colonoscopy,Token,Token
Ulcerative Colitis,How many polyps are in the image?,0,cla820gmms5yv071udj0ngman,how many polyps are in the image,Counting,Numeric,How many polyps are in the image? 0,Numeric,Numeric
Ulcerative Colitis,Is there text?,yes,cla820gl8s413071u63tn9z7t,is there text,Yes/No,Yes/No,Is there text? yes,Yes/No,Yes/No
Ulcerative Colitis,Is there a green/black box artefact?,no,cla820gmus6ar071ug2p91uiy,is there a green black box artefact,Yes/No,Yes/No,Is there a green/black box artefact? no,Yes/No,Yes/No
Ulcerative Colitis,Is there a green/black box artefact?,no,cla820gl8s40v071uhg55e4u9,is there a green black box artefact,Yes/No,Yes/No,Is there a green/black box artefact? no,Yes/No,Yes/No
Ulcerative Colitis,Where in the image is the anatomical landmark?,none,cla820gmks5wv071u35op55hi,where in the image is the anatomical landmark,Location,None/NA,Where in the image is the anatomical landmark? none,None/NA,None/NA
Ulcerative Colitis,How many findings are present?,1,cla820glxs52j071u46eo0au1,how many findings are present,Counting,Numeric,How many findings are present? 1,Numeric,Numeric
Ulcerative Colitis,What type of procedure is the image taken from?,colonoscopy,cla820glfs4cj071u5kek6b66,what type of procedure is the image taken from,Entity,Token,What type of procedure is the image taken from? colonoscopy,Token,Token
Ulcerative Colitis,How many instrumnets are in the image?,0,cla820glcs48b071ueoc59q55,how many instrumnets are in the image,Counting,Numeric,How many instrumnets are in the image? 0,Numeric,Numeric
Ulcerative Colitis,Are there any abnormalities in the image? Check all that are present.,ulcerative colitis,cla820gm9s5gj071udvwndv0s,are there any abnormalities in the image check all that are present,Yes/No,Token,Are there any abnormalities in the image? Check all that are present. ulcerative colitis,Token,Token
Ulcerative Colitis,What type of polyp is present?,none,cla820glhs4gj071ubt4b5sfv,what type of polyp is present,Entity,None/NA,What type of polyp is present? none,None/NA,None/NA
Ulcerative Colitis,Is there a green/black box artefact?,no,cla820glfs4dr071u4szgddq4,is there a green black box artefact,Yes/No,Yes/No,Is there a green/black box artefact? no,Yes/No,Yes/No
Ulcerative Colitis,What is the size of the polyp?,none,cla820gmfs5of071udcpz4q0o,what is the size of the polyp,Entity,None/NA,What is the size of the polyp? none,None/NA,None/NA
Ulcerative Colitis,Is there a green/black box artefact?,no,cla820glls4nf071u5311ciqa,is there a green black box artefact,Yes/No,Yes/No,Is there a green/black box artefact? no,Yes/No,Yes/No
Ulcerative Colitis,How many findings are present?,1,cla820glss4w3071u08lkfmgu,how many findings are present,Counting,Numeric,How many findings are present? 1,Numeric,Numeric
Ulcerative Colitis,Where in the image is the instrument?,none,cla820glss4wb071uf2k770vj,where in the image is the instrument,Location,None/NA,Where in the image is the instrument? none,None/NA,None/NA
Ulcerative Colitis,Is there text?,yes,cla820glss4w7071u3x1d69h6,is there text,Yes/No,Yes/No,Is there text? yes,Yes/No,Yes/No
Ulcerative Colitis,How many instrumnets are in the image?,0,cla820gmis5sj071ufgntbsg4,how many instrumnets are in the image,Counting,Numeric,How many instrumnets are in the image? 0,Numeric,Numeric
Ulcerative Colitis,What color is the abnormality? If more than one separate with ;,pink; red; white,cla820glds49j071uez9p75w9,what color is the abnormality if more than one separate with,Color,List,What color is the abnormality? If more than one separate with ; pink; red; white,List,List
Ulcerative Colitis,How many polyps are in the image?,0,cla820gmns61r071u1iky106v,how many polyps are in the image,Counting,Numeric,How many polyps are in the image? 0,Numeric,Numeric
Ulcerative Colitis,What type of procedure is the image taken from?,colonoscopy,cla820gn8s6on071u6qp05n45,what type of procedure is the image taken from,Entity,Token,What type of procedure is the image taken from? colonoscopy,Token,Token
Ulcerative Colitis,What is the size of the polyp?,none,cla820gl9s42v071u1yt3ghov,what is the size of the polyp,Entity,None/NA,What is the size of the polyp? none,None/NA,None/NA
Ulcerative Colitis,What color is the abnormality? If more than one separate with ;,pink; red,cla820glqs4tv071u6bvv5ncd,what color is the abnormality if more than one separate with,Color,List,What color is the abnormality? If more than one separate with ; pink; red,List,List
Ulcerative Colitis,Is there a green/black box artefact?,no,cla820gl3s3rv071u464g37xw,is there a green black box artefact,Yes/No,Yes/No,Is there a green/black box artefact? no,Yes/No,Yes/No
Ulcerative Colitis,How many instrumnets are in the image?,0,cla820gl8s41v071u7owiec1u,how many instrumnets are in the image,Counting,Numeric,How many instrumnets are in the image? 0,Numeric,Numeric
Ulcerative Colitis,What type of polyp is present?,none,cla820gl3s3tf071uekna420b,what type of polyp is present,Entity,None/NA,What type of polyp is present? none,None/NA,None/NA
Ulcerative Colitis,Are there any anatomical landmarks in the image? Check all that are present.,none,cla820glks4m7071u21t58x4i,are there any anatomical landmarks in the image check all that are present,Yes/No,None/NA,Are there any anatomical landmarks in the image? Check all that are present. none,None/NA,None/NA
Ulcerative Colitis,What is the size of the polyp?,none,cla820glgs4fz071ucke45065,what is the size of the polyp,Entity,None/NA,What is the size of the polyp? none,None/NA,None/NA
Ulcerative Colitis,How many findings are present?,1,cla820gm5s5br071uapqa4zrj,how many findings are present,Counting,Numeric,How many findings are present? 1,Numeric,Numeric
Ulcerative Colitis,How many findings are present?,1,cla820gl7s3zv071u2ak0ee69,how many findings are present,Counting,Numeric,How many findings are present? 1,Numeric,Numeric
Ulcerative Colitis,Have all polyps been removed?,not relevant,cla820gmus6ar071ug2p91uiy,have all polyps been removed,Yes/No,Token,Have all polyps been removed? not relevant,Token,Token
Ulcerative Colitis,Where in the image is the abnormality?,center; center-left; center-right; lower-center; lower-right; upper-center; upper-left; upper-right,cla820gmjs5uf071u0c8y2918,where in the image is the abnormality,Location,List,Where in the image is the abnormality? center; center-left; center-right; lower-center; lower-right; upper-center; upper-left; upper-right,List,List
Ulcerative Colitis,Are there any instruments in the image? Check all that are present.,none,cla820gl0s3nz071uch6e0sas,are there any instruments in the image check all that are present,Yes/No,None/NA,Are there any instruments in the image? Check all that are present. none,None/NA,None/NA
Ulcerative Colitis,Where in the image is the anatomical landmark?,upper-center,cla820glvs4zz071u0v2zdenk,where in the image is the anatomical landmark,Location,Token,Where in the image is the anatomical landmark? upper-center,Token,Token
Ulcerative Colitis,How many polyps are in the image?,0,cla820gmxs6en071uev1o2fzc,how many polyps are in the image,Counting,Numeric,How many polyps are in the image? 0,Numeric,Numeric
Ulcerative Colitis,What type of polyp is present?,none,cla820glrs4vr071u5ll2ej77,what type of polyp is present,Entity,None/NA,What type of polyp is present? none,None/NA,None/NA
Ulcerative Colitis,Where in the image is the instrument?,none,cla820gn5s6kj071uawhg5t93,where in the image is the instrument,Location,None/NA,Where in the image is the instrument? none,None/NA,None/NA
Ulcerative Colitis,Is this finding easy to detect?,no,cla820gl0s3nz071uch6e0sas,is this finding easy to detect,Yes/No,Yes/No,Is this finding easy to detect? no,Yes/No,Token
Ulcerative Colitis,How many instrumnets are in the image?,0,cla820gm7s5eb071u1vrd4xjm,how many instrumnets are in the image,Counting,Numeric,How many instrumnets are in the image? 0,Numeric,Numeric
Ulcerative Colitis,What is the size of the polyp?,none,cla820gmls5xn071uc5g3czha,what is the size of the polyp,Entity,None/NA,What is the size of the polyp? none,None/NA,None/NA
Ulcerative Colitis,What is the size of the polyp?,none,cla820gmjs5v7071ucyhpexkk,what is the size of the polyp,Entity,None/NA,What is the size of the polyp? none,None/NA,None/NA
Ulcerative Colitis,How many polyps are in the image?,0,cla820gmds5lf071u4j065jwy,how many polyps are in the image,Counting,Numeric,How many polyps are in the image? 0,Numeric,Numeric
Ulcerative Colitis,How many findings are present?,1,cla820glws50z071u300wha1x,how many findings are present,Counting,Numeric,How many findings are present? 1,Numeric,Numeric
Ulcerative Colitis,Are there any instruments in the image? Check all that are present.,none,cla820gmns61f071u6gto6o0y,are there any instruments in the image check all that are present,Yes/No,None/NA,Are there any instruments in the image? Check all that are present. none,None/NA,None/NA
Ulcerative Colitis,Where in the image is the instrument?,none,cla820gn8s6oz071u9rtd5ve1,where in the image is the instrument,Location,None/NA,Where in the image is the instrument? none,None/NA,None/NA
Ulcerative Colitis,Is there a green/black box artefact?,yes,cla820gmvs6b7071u80pp5llt,is there a green black box artefact,Yes/No,Yes/No,Is there a green/black box artefact? yes,Yes/No,Yes/No
Ulcerative Colitis,What color is the abnormality? If more than one separate with ;,pink; red,cla820gmas5if071uey8f56yv,what color is the abnormality if more than one separate with,Color,List,What color is the abnormality? If more than one separate with ; pink; red,List,List
Ulcerative Colitis,How many polyps are in the image?,0,cla820gn2s6hj071u6zj3em1t,how many polyps are in the image,Counting,Numeric,How many polyps are in the image? 0,Numeric,Numeric
Ulcerative Colitis,What type of procedure is the image taken from?,colonoscopy,cla820glfs4e3071ucwo1fphn,what type of procedure is the image taken from,Entity,Token,What type of procedure is the image taken from? colonoscopy,Token,Token
Ulcerative Colitis,Are there any instruments in the image? Check all that are present.,none,cla820glhs4gb071u0lgxbuwy,are there any instruments in the image check all that are present,Yes/No,None/NA,Are there any instruments in the image? Check all that are present. none,None/NA,None/NA
Ulcerative Colitis,Is there a green/black box artefact?,no,cla820gmbs5jb071u783p16d5,is there a green black box artefact,Yes/No,Yes/No,Is there a green/black box artefact? no,Yes/No,Yes/No
Ulcerative Colitis,Is there a green/black box artefact?,no,cla820glas44n071u28gw6bch,is there a green black box artefact,Yes/No,Yes/No,Is there a green/black box artefact? no,Yes/No,Yes/No
Ulcerative Colitis,How many findings are present?,1,cla820gn4s6jn071uaxcb24w9,how many findings are present,Counting,Numeric,How many findings are present? 1,Numeric,Numeric
Ulcerative Colitis,Where in the image is the instrument?,none,cla820gm0s55b071ugcr951eh,where in the image is the instrument,Location,None/NA,Where in the image is the instrument? none,None/NA,None/NA
Ulcerative Colitis,Where in the image is the anatomical landmark?,none,cla820gmys6g7071u8l31egq9,where in the image is the anatomical landmark,Location,None/NA,Where in the image is the anatomical landmark? none,None/NA,None/NA
Ulcerative Colitis,How many polyps are in the image?,0,cla820gl2s3qr071u67g3c2fe,how many polyps are in the image,Counting,Numeric,How many polyps are in the image? 0,Numeric,Numeric
Ulcerative Colitis,What type of polyp is present?,none,cla820gm2s58f071ug6yfd155,what type of polyp is present,Entity,None/NA,What type of polyp is present? none,None/NA,None/NA
Ulcerative Colitis,What type of procedure is the image taken from?,colonoscopy,cla820gmgs5pj071u704xdemn,what type of procedure is the image taken from,Entity,Token,What type of procedure is the image taken from? colonoscopy,Token,Token
Ulcerative Colitis,What type of polyp is present?,none,cla820gmfs5of071udcpz4q0o,what type of polyp is present,Entity,None/NA,What type of polyp is present? none,None/NA,None/NA
Ulcerative Colitis,How many findings are present?,1,cla820gmks5vb071uanwlgcc1,how many findings are present,Counting,Numeric,How many findings are present? 1,Numeric,Numeric
Ulcerative Colitis,Are there any abnormalities in the image? Check all that are present.,ulcerative colitis,cla820gmps63n071ue5uwf4q5,are there any abnormalities in the image check all that are present,Yes/No,Token,Are there any abnormalities in the image? Check all that are present. ulcerative colitis,Token,Token
Ulcerative Colitis,What type of procedure is the image taken from?,colonoscopy,cla820gmxs6en071uev1o2fzc,what type of procedure is the image taken from,Entity,Token,What type of procedure is the image taken from? colonoscopy,Token,Token
Ulcerative Colitis,Have all polyps been removed?,not relevant,cla820gn8s6pn071u98pkb1ku,have all polyps been removed,Yes/No,Token,Have all polyps been removed? not relevant,Token,Token
Ulcerative Colitis,What type of procedure is the image taken from?,colonoscopy,cla820gn4s6j3071ub2uiei3q,what type of procedure is the image taken from,Entity,Token,What type of procedure is the image taken from? colonoscopy,Token,Token
Ulcerative Colitis,Where in the image is the anatomical landmark?,none,cla820gn7s6nv071udtpk00fo,where in the image is the anatomical landmark,Location,None/NA,Where in the image is the anatomical landmark? none,None/NA,None/NA
Ulcerative Colitis,Are there any instruments in the image? Check all that are present.,none,cla820glas43z071ud31lel1f,are there any instruments in the image check all that are present,Yes/No,None/NA,Are there any instruments in the image? Check all that are present. none,None/NA,None/NA
Ulcerative Colitis,How many polyps are in the image?,0,cla820gmis5tf071u3h5cde18,how many polyps are in the image,Counting,Numeric,How many polyps are in the image? 0,Numeric,Numeric
Ulcerative Colitis,What type of procedure is the image taken from?,colonoscopy,cla820gl4s3tn071u0pfr2b9j,what type of procedure is the image taken from,Entity,Token,What type of procedure is the image taken from? colonoscopy,Token,Token
Ulcerative Colitis,What is the size of the polyp?,none,cla820glcs48z071ue55u7r1k,what is the size of the polyp,Entity,None/NA,What is the size of the polyp? none,None/NA,None/NA
Ulcerative Colitis,Is there text?,yes,cla820gmgs5qf071ug2ph4ud6,is there text,Yes/No,Yes/No,Is there text? yes,Yes/No,Yes/No
Ulcerative Colitis,What type of polyp is present?,none,cla820gljs4kf071u74o51olo,what type of polyp is present,Entity,None/NA,What type of polyp is present? none,None/NA,None/NA
Ulcerative Colitis,Are there any abnormalities in the image? Check all that are present.,ulcerative colitis,cla820glqs4uj071u9r4reg1m,are there any abnormalities in the image check all that are present,Yes/No,Token,Are there any abnormalities in the image? Check all that are present. ulcerative colitis,Token,Token
Ulcerative Colitis,How many instrumnets are in the image?,0,cla820gm2s57j071uewq2hozf,how many instrumnets are in the image,Counting,Numeric,How many instrumnets are in the image? 0,Numeric,Numeric
Ulcerative Colitis,Have all polyps been removed?,not relevant,cla820glfs4cz071u1fgq28zx,have all polyps been removed,Yes/No,Token,Have all polyps been removed? not relevant,Token,Token
Ulcerative Colitis,Is this finding easy to detect?,yes,cla820gmks5w3071ua58ygkgi,is this finding easy to detect,Yes/No,Yes/No,Is this finding easy to detect? yes,Yes/No,Yes/No
Ulcerative Colitis,What color is the abnormality? If more than one separate with ;,pink; red; white,cla820gles4bb071u28nkgev6,what color is the abnormality if more than one separate with,Color,List,What color is the abnormality? If more than one separate with ; pink; red; white,List,List
Ulcerative Colitis,How many findings are present?,1,cla820glis4ij071uf0lhhgr8,how many findings are present,Counting,Numeric,How many findings are present? 1,Numeric,Numeric
Ulcerative Colitis,Have all polyps been removed?,not relevant,cla820gmvs6br071u3o1vggjr,have all polyps been removed,Yes/No,Token,Have all polyps been removed? not relevant,Token,Token
Ulcerative Colitis,Where in the image is the abnormality?,center; center-left; center-right; lower-center; lower-left; lower-right; upper-center; upper-left; upper-right,cla820gm0s55r071u2gze3vr6,where in the image is the abnormality,Location,List,Where in the image is the abnormality? center; center-left; center-right; lower-center; lower-left; lower-right; upper-center; upper-left; upper-right,List,List
Ulcerative Colitis,How many instrumnets are in the image?,0,cla820gmjs5uf071u0c8y2918,how many instrumnets are in the image,Counting,Numeric,How many instrumnets are in the image? 0,Numeric,Numeric
Ulcerative Colitis,Is there a green/black box artefact?,no,cla820glcs48v071u663z6ysx,is there a green black box artefact,Yes/No,Yes/No,Is there a green/black box artefact? no,Yes/No,Yes/No
Ulcerative Colitis,Where in the image is the abnormality?,center; center-left; center-right; lower-center; lower-left; lower-right; upper-center; upper-left; upper-right,cla820gmks5vf071uhewahx6h,where in the image is the abnormality,Location,List,Where in the image is the abnormality? center; center-left; center-right; lower-center; lower-left; lower-right; upper-center; upper-left; upper-right,List,List
Ulcerative Colitis,Is there a green/black box artefact?,no,cla820gmgs5q7071udblle3jw,is there a green black box artefact,Yes/No,Yes/No,Is there a green/black box artefact? no,Yes/No,Yes/No
Ulcerative Colitis,Are there any anatomical landmarks in the image? Check all that are present.,none,cla820gm0s55j071u4btx7fzh,are there any anatomical landmarks in the image check all that are present,Yes/No,None/NA,Are there any anatomical landmarks in the image? Check all that are present. none,None/NA,None/NA
Ulcerative Colitis,What color is the abnormality? If more than one separate with ;,pink; red,cla820glus4yv071u40q92273,what color is the abnormality if more than one separate with,Color,List,What color is the abnormality? If more than one separate with ; pink; red,List,List
Ulcerative Colitis,Where in the image is the abnormality?,center; center-left; center-right; lower-center; lower-left; lower-right; upper-center; upper-left; upper-right,cla820gm9s5gj071udvwndv0s,where in the image is the abnormality,Location,List,Where in the image is the abnormality? center; center-left; center-right; lower-center; lower-left; lower-right; upper-center; upper-left; upper-right,List,List
Ulcerative Colitis,How many instrumnets are in the image?,0,cla820gmbs5jf071u67p08abp,how many instrumnets are in the image,Counting,Numeric,How many instrumnets are in the image? 0,Numeric,Numeric
Ulcerative Colitis,How many instrumnets are in the image?,0,cla820gmts68v071u6o2xebr1,how many instrumnets are in the image,Counting,Numeric,How many instrumnets are in the image? 0,Numeric,Numeric
Ulcerative Colitis,What color is the abnormality? If more than one separate with ;,pink; red; orange,cla820gn6s6mf071uftqbgg3l,what color is the abnormality if more than one separate with,Color,List,What color is the abnormality? If more than one separate with ; pink; red; orange,List,List
Ulcerative Colitis,Are there any anatomical landmarks in the image? Check all that are present.,none,cla820gl0s3of071u96ilg9hm,are there any anatomical landmarks in the image check all that are present,Yes/No,None/NA,Are there any anatomical landmarks in the image? Check all that are present. none,None/NA,None/NA
Ulcerative Colitis,Are there any instruments in the image? Check all that are present.,none,cla820gmys6fb071u2ebz8kde,are there any instruments in the image check all that are present,Yes/No,None/NA,Are there any instruments in the image? Check all that are present. none,None/NA,None/NA
Ulcerative Colitis,Have all polyps been removed?,not relevant,cla820glss4wj071udhz7hr32,have all polyps been removed,Yes/No,Token,Have all polyps been removed? not relevant,Token,Token
Ulcerative Colitis,Where in the image is the anatomical landmark?,none,cla820glps4sj071ug75952ul,where in the image is the anatomical landmark,Location,None/NA,Where in the image is the anatomical landmark? none,None/NA,None/NA
Ulcerative Colitis,What type of polyp is present?,none,cla820gn8s6pb071ubvughf2p,what type of polyp is present,Entity,None/NA,What type of polyp is present? none,None/NA,None/NA
Ulcerative Colitis,Are there any instruments in the image? Check all that are present.,none,cla820gmfs5nv071u6chpgp1v,are there any instruments in the image check all that are present,Yes/No,None/NA,Are there any instruments in the image? Check all that are present. none,None/NA,None/NA
Ulcerative Colitis,How many instrumnets are in the image?,0,cla820gmas5hf071u8wl4hv2g,how many instrumnets are in the image,Counting,Numeric,How many instrumnets are in the image? 0,Numeric,Numeric
Ulcerative Colitis,Where in the image is the instrument?,none,cla820glzs54n071u2ojhbs6l,where in the image is the instrument,Location,None/NA,Where in the image is the instrument? none,None/NA,None/NA
Ulcerative Colitis,Is there a green/black box artefact?,no,cla820gmhs5qn071u9bmz8gwt,is there a green black box artefact,Yes/No,Yes/No,Is there a green/black box artefact? no,Yes/No,Yes/No
Ulcerative Colitis,Is there a green/black box artefact?,no,cla820glds4a7071uf7564y7a,is there a green black box artefact,Yes/No,Yes/No,Is there a green/black box artefact? no,Yes/No,Yes/No
Ulcerative Colitis,Is there a green/black box artefact?,no,cla820gm8s5ez071u424s0vjg,is there a green black box artefact,Yes/No,Yes/No,Is there a green/black box artefact? no,Yes/No,Yes/No
Ulcerative Colitis,Are there any abnormalities in the image? Check all that are present.,ulcerative colitis,cla820glgs4fv071uf4ux93ks,are there any abnormalities in the image check all that are present,Yes/No,Token,Are there any abnormalities in the image? Check all that are present. ulcerative colitis,Token,Token
Ulcerative Colitis,Is this finding easy to detect?,yes,cla820glrs4vr071u5ll2ej77,is this finding easy to detect,Yes/No,Yes/No,Is this finding easy to detect? yes,Yes/No,Yes/No
Ulcerative Colitis,Where in the image is the abnormality?,center; center-left; center-right; lower-center; lower-left; lower-right; upper-center; upper-left; upper-right,cla820gn3s6i3071u7ohg3qbj,where in the image is the abnormality,Location,List,Where in the image is the abnormality? center; center-left; center-right; lower-center; lower-left; lower-right; upper-center; upper-left; upper-right,List,List
Ulcerative Colitis,Are there any anatomical landmarks in the image? Check all that are present.,none,cla820gn5s6k7071ua3bs0lo1,are there any anatomical landmarks in the image check all that are present,Yes/No,None/NA,Are there any anatomical landmarks in the image? Check all that are present. none,None/NA,None/NA
Ulcerative Colitis,What type of polyp is present?,none,cla820gl3s3s7071u8agx3t4t,what type of polyp is present,Entity,None/NA,What type of polyp is present? none,None/NA,None/NA
Ulcerative Colitis,What is the size of the polyp?,none,cla820glbs477071u6xqddb6d,what is the size of the polyp,Entity,None/NA,What is the size of the polyp? none,None/NA,None/NA
Ulcerative Colitis,How many instrumnets are in the image?,1,cla820gl5s3vr071u7iil4yr1,how many instrumnets are in the image,Counting,Numeric,How many instrumnets are in the image? 1,Numeric,Numeric
Ulcerative Colitis,What type of polyp is present?,none,cla820gmss67r071ubbdsb48i,what type of polyp is present,Entity,None/NA,What type of polyp is present? none,None/NA,None/NA
Ulcerative Colitis,How many findings are present?,1,cla820gmos61z071u6u00hzqk,how many findings are present,Counting,Numeric,How many findings are present? 1,Numeric,Numeric
Ulcerative Colitis,Are there any anatomical landmarks in the image? Check all that are present.,none,cla820glps4s3071ubpyhfd8p,are there any anatomical landmarks in the image check all that are present,Yes/No,None/NA,Are there any anatomical landmarks in the image? Check all that are present. none,None/NA,None/NA
Ulcerative Colitis,Where in the image is the abnormality?,center; center-left; center-right; lower-center; lower-left; lower-right; upper-center; upper-left; upper-right,cla820gmys6f7071u4py0f9we,where in the image is the abnormality,Location,List,Where in the image is the abnormality? center; center-left; center-right; lower-center; lower-left; lower-right; upper-center; upper-left; upper-right,List,List
Ulcerative Colitis,How many instrumnets are in the image?,0,cla820gl3s3s3071ugtjy06xj,how many instrumnets are in the image,Counting,Numeric,How many instrumnets are in the image? 0,Numeric,Numeric
Ulcerative Colitis,Is this finding easy to detect?,yes,cla820gn5s6kv071u3g621gv4,is this finding easy to detect,Yes/No,Yes/No,Is this finding easy to detect? yes,Yes/No,Yes/No
Ulcerative Colitis,Where in the image is the anatomical landmark?,none,cla820gmys6fn071uf4cp0f8g,where in the image is the anatomical landmark,Location,None/NA,Where in the image is the anatomical landmark? none,None/NA,None/NA
Ulcerative Colitis,Is there a green/black box artefact?,yes,cla820glss4wb071uf2k770vj,is there a green black box artefact,Yes/No,Yes/No,Is there a green/black box artefact? yes,Yes/No,Yes/No
Ulcerative Colitis,Where in the image is the anatomical landmark?,none,cla820glvs503071ufonj6f1j,where in the image is the anatomical landmark,Location,None/NA,Where in the image is the anatomical landmark? none,None/NA,None/NA
Ulcerative Colitis,What color is the abnormality? If more than one separate with ;,pink; red,cla820glrs4vj071ucq6z2u3z,what color is the abnormality if more than one separate with,Color,List,What color is the abnormality? If more than one separate with ; pink; red,List,List
Ulcerative Colitis,Are there any anatomical landmarks in the image? Check all that are present.,none,cla820glns4pj071u5zlyfwpr,are there any anatomical landmarks in the image check all that are present,Yes/No,None/NA,Are there any anatomical landmarks in the image? Check all that are present. none,None/NA,None/NA
Ulcerative Colitis,Are there any instruments in the image? Check all that are present.,none,cla820gm9s5gv071ucr51e9hs,are there any instruments in the image check all that are present,Yes/No,None/NA,Are there any instruments in the image? Check all that are present. none,None/NA,None/NA
Ulcerative Colitis,Is this finding easy to detect?,yes,cla820glhs4gj071ubt4b5sfv,is this finding easy to detect,Yes/No,Yes/No,Is this finding easy to detect? yes,Yes/No,Yes/No
Ulcerative Colitis,Are there any abnormalities in the image? Check all that are present.,ulcerative colitis,cla820gn8s6of071u5bae3ift,are there any abnormalities in the image check all that are present,Yes/No,Token,Are there any abnormalities in the image? Check all that are present. ulcerative colitis,Token,Token
Ulcerative Colitis,How many instrumnets are in the image?,0,cla820gmes5mf071u7mhk0wpr,how many instrumnets are in the image,Counting,Numeric,How many instrumnets are in the image? 0,Numeric,Numeric
Ulcerative Colitis,Is there text?,yes,cla820gmms5yz071ud3hed2un,is there text,Yes/No,Yes/No,Is there text? yes,Yes/No,Yes/No
Ulcerative Colitis,Are there any instruments in the image? Check all that are present.,none,cla820glys53j071u5tsm31dz,are there any instruments in the image check all that are present,Yes/No,None/NA,Are there any instruments in the image? Check all that are present. none,None/NA,None/NA
Ulcerative Colitis,Where in the image is the abnormality?,center; center-left; center-right; lower-center; lower-right; upper-center; upper-left; upper-right,cla820gmbs5jf071u67p08abp,where in the image is the abnormality,Location,List,Where in the image is the abnormality? center; center-left; center-right; lower-center; lower-right; upper-center; upper-left; upper-right,List,List
Ulcerative Colitis,How many findings are present?,1,cla820glis4jf071u1vl5gjhg,how many findings are present,Counting,Numeric,How many findings are present? 1,Numeric,Numeric
Ulcerative Colitis,Where in the image is the abnormality?,center; center-left; center-right; lower-center; lower-left; lower-right; upper-center; upper-left; upper-right,cla820glvs4zj071uh60z79xm,where in the image is the abnormality,Location,List,Where in the image is the abnormality? center; center-left; center-right; lower-center; lower-left; lower-right; upper-center; upper-left; upper-right,List,List
Ulcerative Colitis,Where in the image is the abnormality?,center; center-left; center-right; lower-center; lower-left; lower-right; upper-center; upper-left; upper-right,cla820gmhs5rz071u2pbpd86q,where in the image is the abnormality,Location,List,Where in the image is the abnormality? center; center-left; center-right; lower-center; lower-left; lower-right; upper-center; upper-left; upper-right,List,List
Ulcerative Colitis,What color is the abnormality? If more than one separate with ;,pink; red,cla820gn3s6if071u2efz098u,what color is the abnormality if more than one separate with,Color,List,What color is the abnormality? If more than one separate with ; pink; red,List,List
Ulcerative Colitis,Are there any abnormalities in the image? Check all that are present.,ulcerative colitis,cla820gl6s3xf071uhz1s3rac,are there any abnormalities in the image check all that are present,Yes/No,Token,Are there any abnormalities in the image? Check all that are present. ulcerative colitis,Token,Token
Ulcerative Colitis,Is this finding easy to detect?,yes,cla820glds49b071ug3s35hh0,is this finding easy to detect,Yes/No,Yes/No,Is this finding easy to detect? yes,Yes/No,Yes/No
Ulcerative Colitis,How many findings are present?,1,cla820gmms60f071ug0ffbpq6,how many findings are present,Counting,Numeric,How many findings are present? 1,Numeric,Numeric
Ulcerative Colitis,Is there a green/black box artefact?,yes,cla820gl4s3uz071u7o0za9ab,is there a green black box artefact,Yes/No,Yes/No,Is there a green/black box artefact? yes,Yes/No,Yes/No
Ulcerative Colitis,Are there any abnormalities in the image? Check all that are present.,ulcerative colitis,cla820gmbs5ir071u0wut6edt,are there any abnormalities in the image check all that are present,Yes/No,Token,Are there any abnormalities in the image? Check all that are present. ulcerative colitis,Token,Token
Ulcerative Colitis,Where in the image is the abnormality?,center; center-left; center-right; lower-center; lower-left; lower-right; upper-center; upper-left; upper-right,cla820glms4nv071ug2s4hc8z,where in the image is the abnormality,Location,List,Where in the image is the abnormality? center; center-left; center-right; lower-center; lower-left; lower-right; upper-center; upper-left; upper-right,List,List
Ulcerative Colitis,Where in the image is the instrument?,none,cla820gl7s407071u0j1bd6ly,where in the image is the instrument,Location,None/NA,Where in the image is the instrument? none,None/NA,None/NA
Ulcerative Colitis,Are there any abnormalities in the image? Check all that are present.,ulcerative colitis,cla820glxs51z071u66002dpu,are there any abnormalities in the image check all that are present,Yes/No,Token,Are there any abnormalities in the image? Check all that are present. ulcerative colitis,Token,Token
Ulcerative Colitis,How many instrumnets are in the image?,0,cla820gm7s5e7071u45cwfvua,how many instrumnets are in the image,Counting,Numeric,How many instrumnets are in the image? 0,Numeric,Numeric
Ulcerative Colitis,Is there a green/black box artefact?,yes,cla820gn4s6k3071u09h0775w,is there a green black box artefact,Yes/No,Yes/No,Is there a green/black box artefact? yes,Yes/No,Yes/No
Ulcerative Colitis,Is there text?,yes,cla820gmys6ff071u838uem5s,is there text,Yes/No,Yes/No,Is there text? yes,Yes/No,Yes/No
Ulcerative Colitis,How many findings are present?,1,cla820gmhs5r3071u9kex46xk,how many findings are present,Counting,Numeric,How many findings are present? 1,Numeric,Numeric
Ulcerative Colitis,Are there any abnormalities in the image? Check all that are present.,polyp; ulcerative colitis,cla820gmqs65b071u8uo82ra7,are there any abnormalities in the image check all that are present,Yes/No,List,Are there any abnormalities in the image? Check all that are present. polyp; ulcerative colitis,List,Token
Ulcerative Colitis,Are there any abnormalities in the image? Check all that are present.,ulcerative colitis,cla820glgs4en071u90m6cq1k,are there any abnormalities in the image check all that are present,Yes/No,Token,Are there any abnormalities in the image? Check all that are present. ulcerative colitis,Token,Token
Ulcerative Colitis,How many findings are present?,1,cla820glgs4ff071u8us5dw3j,how many findings are present,Counting,Numeric,How many findings are present? 1,Numeric,Numeric
Ulcerative Colitis,Is there a green/black box artefact?,no,cla820gmos62j071ud19cak7f,is there a green black box artefact,Yes/No,Yes/No,Is there a green/black box artefact? no,Yes/No,Yes/No
Ulcerative Colitis,Where in the image is the instrument?,none,cla820glis4jf071u1vl5gjhg,where in the image is the instrument,Location,None/NA,Where in the image is the instrument? none,None/NA,None/NA
Ulcerative Colitis,How many instrumnets are in the image?,0,cla820gmys6gj071u6j7760jv,how many instrumnets are in the image,Counting,Numeric,How many instrumnets are in the image? 0,Numeric,Numeric
Ulcerative Colitis,What type of polyp is present?,none,cla820gn8s6pn071u98pkb1ku,what type of polyp is present,Entity,None/NA,What type of polyp is present? none,None/NA,None/NA
Ulcerative Colitis,Where in the image is the anatomical landmark?,none,cla820glzs543071u20yr5gvi,where in the image is the anatomical landmark,Location,None/NA,Where in the image is the anatomical landmark? none,None/NA,None/NA
Ulcerative Colitis,Have all polyps been removed?,not relevant,cla820gl7s3zf071ueloh0xir,have all polyps been removed,Yes/No,Token,Have all polyps been removed? not relevant,Token,Token
Ulcerative Colitis,What color is the abnormality? If more than one separate with ;,pink; red,cla820gmps63f071u2cjfhr2b,what color is the abnormality if more than one separate with,Color,List,What color is the abnormality? If more than one separate with ; pink; red,List,List
Ulcerative Colitis,Where in the image is the anatomical landmark?,none,cla820glvs4zr071u0uk12gji,where in the image is the anatomical landmark,Location,None/NA,Where in the image is the anatomical landmark? none,None/NA,None/NA
Ulcerative Colitis,How many instrumnets are in the image?,0,cla820glms4o3071u7c667svz,how many instrumnets are in the image,Counting,Numeric,How many instrumnets are in the image? 0,Numeric,Numeric
Ulcerative Colitis,Where in the image is the instrument?,none,cla820glfs4dr071u4szgddq4,where in the image is the instrument,Location,None/NA,Where in the image is the instrument? none,None/NA,None/NA
Ulcerative Colitis,What is the size of the polyp?,none,cla820glqs4tf071uebf256qf,what is the size of the polyp,Entity,None/NA,What is the size of the polyp? none,None/NA,None/NA
Ulcerative Colitis,Are there any anatomical landmarks in the image? Check all that are present.,none,cla820gmns61j071uf0ue9616,are there any anatomical landmarks in the image check all that are present,Yes/No,None/NA,Are there any anatomical landmarks in the image? Check all that are present. none,None/NA,None/NA
Ulcerative Colitis,What color is the abnormality? If more than one separate with ;,pink; white; yellow,cla820glys53v071ubz2x4rwg,what color is the abnormality if more than one separate with,Color,List,What color is the abnormality? If more than one separate with ; pink; white; yellow,List,List
Ulcerative Colitis,How many instrumnets are in the image?,0,cla820glus4y7071u0i1774qp,how many instrumnets are in the image,Counting,Numeric,How many instrumnets are in the image? 0,Numeric,Numeric
Ulcerative Colitis,How many polyps are in the image?,0,cla820gl3s3s3071ugtjy06xj,how many polyps are in the image,Counting,Numeric,How many polyps are in the image? 0,Numeric,Numeric
Ulcerative Colitis,How many instrumnets are in the image?,0,cla820glms4o7071udkoj0vl4,how many instrumnets are in the image,Counting,Numeric,How many instrumnets are in the image? 0,Numeric,Numeric
Ulcerative Colitis,Is this finding easy to detect?,yes,cla820glis4jf071u1vl5gjhg,is this finding easy to detect,Yes/No,Yes/No,Is this finding easy to detect? yes,Yes/No,Yes/No
Ulcerative Colitis,Is this finding easy to detect?,yes,cla820gmts69v071u5vji03hy,is this finding easy to detect,Yes/No,Yes/No,Is this finding easy to detect? yes,Yes/No,Yes/No
Ulcerative Colitis,How many findings are present?,1,cla820gm5s5bb071u0cc7gqjg,how many findings are present,Counting,Numeric,How many findings are present? 1,Numeric,Numeric
Ulcerative Colitis,What is the size of the polyp?,none,cla820glds49j071uez9p75w9,what is the size of the polyp,Entity,None/NA,What is the size of the polyp? none,None/NA,None/NA
Ulcerative Colitis,Where in the image is the abnormality?,center; center-right; lower-center; lower-right; upper-center; upper-right,cla820gl8s40r071u2qub6auy,where in the image is the abnormality,Location,List,Where in the image is the abnormality? center; center-right; lower-center; lower-right; upper-center; upper-right,List,List
Ulcerative Colitis,What is the size of the polyp?,none,cla820glls4nj071uczhd0lu8,what is the size of the polyp,Entity,None/NA,What is the size of the polyp? none,None/NA,None/NA
Ulcerative Colitis,What type of procedure is the image taken from?,colonoscopy,cla820gl5s3wj071uhfhf8ijv,what type of procedure is the image taken from,Entity,Token,What type of procedure is the image taken from? colonoscopy,Token,Token
Ulcerative Colitis,What type of polyp is present?,none,cla820glgs4eb071u31fa4soe,what type of polyp is present,Entity,None/NA,What type of polyp is present? none,None/NA,None/NA
Ulcerative Colitis,What type of polyp is present?,none,cla820gm1s57f071ubbs03fi2,what type of polyp is present,Entity,None/NA,What type of polyp is present? none,None/NA,None/NA
Ulcerative Colitis,Is there a green/black box artefact?,no,cla820gn5s6lj071ughv62ynq,is there a green black box artefact,Yes/No,Yes/No,Is there a green/black box artefact? no,Yes/No,Yes/No
Ulcerative Colitis,How many findings are present?,1,cla820gm3s59n071u5g9p1bll,how many findings are present,Counting,Numeric,How many findings are present? 1,Numeric,Numeric
Ulcerative Colitis,How many instrumnets are in the image?,0,cla820gles4bv071u0g5iddis,how many instrumnets are in the image,Counting,Numeric,How many instrumnets are in the image? 0,Numeric,Numeric
Ulcerative Colitis,What is the size of the polyp?,none,cla820gmgs5q3071udmfyendc,what is the size of the polyp,Entity,None/NA,What is the size of the polyp? none,None/NA,None/NA
Ulcerative Colitis,What type of polyp is present?,none,cla820gl2s3rf071u3bj0eu8m,what type of polyp is present,Entity,None/NA,What type of polyp is present? none,None/NA,None/NA
Ulcerative Colitis,Are there any instruments in the image? Check all that are present.,none,cla820glms4o7071udkoj0vl4,are there any instruments in the image check all that are present,Yes/No,None/NA,Are there any instruments in the image? Check all that are present. none,None/NA,None/NA
Ulcerative Colitis,Is this finding easy to detect?,yes,cla820gm9s5gn071u2yjzh6u7,is this finding easy to detect,Yes/No,Yes/No,Is this finding easy to detect? yes,Yes/No,Yes/No
Ulcerative Colitis,Is this finding easy to detect?,yes,cla820gmvs6br071u3o1vggjr,is this finding easy to detect,Yes/No,Yes/No,Is this finding easy to detect? yes,Yes/No,Yes/No
Ulcerative Colitis,What type of polyp is present?,none,cla820gl9s43r071u6vs31s5s,what type of polyp is present,Entity,None/NA,What type of polyp is present? none,None/NA,None/NA
Ulcerative Colitis,Where in the image is the instrument?,none,cla820gl5s3wr071uaumg6d7n,where in the image is the instrument,Location,None/NA,Where in the image is the instrument? none,None/NA,None/NA
Ulcerative Colitis,Have all polyps been removed?,not relevant,cla820gm6s5db071u99xohsru,have all polyps been removed,Yes/No,Token,Have all polyps been removed? not relevant,Token,Token
Ulcerative Colitis,Is this finding easy to detect?,yes,cla820gm3s59j071ufowzddjs,is this finding easy to detect,Yes/No,Yes/No,Is this finding easy to detect? yes,Yes/No,Yes/No
Ulcerative Colitis,Where in the image is the anatomical landmark?,lower-center; lower-left,cla820gmms5yr071u23ef9pdb,where in the image is the anatomical landmark,Location,List,Where in the image is the anatomical landmark? lower-center; lower-left,List,List
Ulcerative Colitis,What type of polyp is present?,none,cla820gljs4k7071u3s8vhkea,what type of polyp is present,Entity,None/NA,What type of polyp is present? none,None/NA,None/NA
Ulcerative Colitis,How many findings are present?,1,cla820gl1s3pz071u4zyd0ilb,how many findings are present,Counting,Numeric,How many findings are present? 1,Numeric,Numeric
Ulcerative Colitis,What color is the abnormality? If more than one separate with ;,pink; red; white,cla820gmts69r071u43ysgnkv,what color is the abnormality if more than one separate with,Color,List,What color is the abnormality? If more than one separate with ; pink; red; white,List,List
Ulcerative Colitis,What is the size of the polyp?,none,cla820gl2s3qr071u67g3c2fe,what is the size of the polyp,Entity,None/NA,What is the size of the polyp? none,None/NA,None/NA
Ulcerative Colitis,Are there any anatomical landmarks in the image? Check all that are present.,none,cla820gl0s3nz071uch6e0sas,are there any anatomical landmarks in the image check all that are present,Yes/No,None/NA,Are there any anatomical landmarks in the image? Check all that are present. none,None/NA,None/NA
Ulcerative Colitis,Are there any instruments in the image? Check all that are present.,none,cla820gmts69n071ua58s7x39,are there any instruments in the image check all that are present,Yes/No,None/NA,Are there any instruments in the image? Check all that are present. none,None/NA,None/NA
Ulcerative Colitis,Are there any anatomical landmarks in the image? Check all that are present.,none,cla820glas45f071uds2u97yk,are there any anatomical landmarks in the image check all that are present,Yes/No,None/NA,Are there any anatomical landmarks in the image? Check all that are present. none,None/NA,None/NA
Ulcerative Colitis,Are there any abnormalities in the image? Check all that are present.,ulcerative colitis,cla820glps4sr071u1o199ajk,are there any abnormalities in the image check all that are present,Yes/No,Token,Are there any abnormalities in the image? Check all that are present. ulcerative colitis,Token,Token
Ulcerative Colitis,Where in the image is the instrument?,none,cla820glhs4hj071u12yyex9f,where in the image is the instrument,Location,None/NA,Where in the image is the instrument? none,None/NA,None/NA
Ulcerative Colitis,Have all polyps been removed?,not relevant,cla820gl2s3rb071u76w10eu7,have all polyps been removed,Yes/No,Token,Have all polyps been removed? not relevant,Token,Token
Ulcerative Colitis,Are there any anatomical landmarks in the image? Check all that are present.,none,cla820gl2s3r7071u4iwl78ry,are there any anatomical landmarks in the image check all that are present,Yes/No,None/NA,Are there any anatomical landmarks in the image? Check all that are present. none,None/NA,None/NA
Ulcerative Colitis,Are there any anatomical landmarks in the image? Check all that are present.,none,cla820gl7s3zr071uambb5w1s,are there any anatomical landmarks in the image check all that are present,Yes/No,None/NA,Are there any anatomical landmarks in the image? Check all that are present. none,None/NA,None/NA
Ulcerative Colitis,How many findings are present?,1,cla820glas44r071ubx640diy,how many findings are present,Counting,Numeric,How many findings are present? 1,Numeric,Numeric
Ulcerative Colitis,How many findings are present?,1,cla820gmos633071u2s5l5lpm,how many findings are present,Counting,Numeric,How many findings are present? 1,Numeric,Numeric
Ulcerative Colitis,Have all polyps been removed?,not relevant,cla820gm3s58n071ucq812p13,have all polyps been removed,Yes/No,Token,Have all polyps been removed? not relevant,Token,Token
Ulcerative Colitis,Where in the image is the anatomical landmark?,none,cla820glbs477071u6xqddb6d,where in the image is the anatomical landmark,Location,None/NA,Where in the image is the anatomical landmark? none,None/NA,None/NA
Ulcerative Colitis,Where in the image is the abnormality?,center; center-left; center-right; lower-center; lower-left; lower-right; upper-center; upper-left; upper-right,cla820gmys6fr071u7gmn1lkl,where in the image is the abnormality,Location,List,Where in the image is the abnormality? center; center-left; center-right; lower-center; lower-left; lower-right; upper-center; upper-left; upper-right,List,List
Ulcerative Colitis,Have all polyps been removed?,not relevant,cla820gmis5tb071u8iygepwo,have all polyps been removed,Yes/No,Token,Have all polyps been removed? not relevant,Token,Token
Ulcerative Colitis,Where in the image is the instrument?,none,cla820gl4s3v3071uf47na29u,where in the image is the instrument,Location,None/NA,Where in the image is the instrument? none,None/NA,None/NA
Ulcerative Colitis,Is there text?,no,cla820gmgs5pn071u9szz715u,is there text,Yes/No,Yes/No,Is there text? no,Yes/No,Yes/No
Ulcerative Colitis,What color is the abnormality? If more than one separate with ;,pink; red; white,cla820gl6s3yj071u0108e4le,what color is the abnormality if more than one separate with,Color,List,What color is the abnormality? If more than one separate with ; pink; red; white,List,List
Ulcerative Colitis,Is there a green/black box artefact?,no,cla820gmjs5tr071ugp0l1tsm,is there a green black box artefact,Yes/No,Yes/No,Is there a green/black box artefact? no,Yes/No,Yes/No
Ulcerative Colitis,Where in the image is the abnormality?,center; center-left; center-right; lower-center; lower-left; lower-right; upper-center; upper-left; upper-right,cla820gmns61n071u81lr2utd,where in the image is the abnormality,Location,List,Where in the image is the abnormality? center; center-left; center-right; lower-center; lower-left; lower-right; upper-center; upper-left; upper-right,List,List
Ulcerative Colitis,How many polyps are in the image?,0,cla820glrs4uz071u7ewk3y5a,how many polyps are in the image,Counting,Numeric,How many polyps are in the image? 0,Numeric,Numeric
Ulcerative Colitis,Are there any anatomical landmarks in the image? Check all that are present.,none,cla820gmts69j071uczyi0fbb,are there any anatomical landmarks in the image check all that are present,Yes/No,None/NA,Are there any anatomical landmarks in the image? Check all that are present. none,None/NA,None/NA
Ulcerative Colitis,Where in the image is the anatomical landmark?,none,cla820glms4oj071uf2agdqy3,where in the image is the anatomical landmark,Location,None/NA,Where in the image is the anatomical landmark? none,None/NA,None/NA
Ulcerative Colitis,Is there a green/black box artefact?,yes,cla820gm5s5b7071ubt3dd1vj,is there a green black box artefact,Yes/No,Yes/No,Is there a green/black box artefact? yes,Yes/No,Yes/No
Ulcerative Colitis,Is this finding easy to detect?,yes,cla820gmvs6bb071u63f8edyw,is this finding easy to detect,Yes/No,Yes/No,Is this finding easy to detect? yes,Yes/No,Yes/No
Ulcerative Colitis,How many polyps are in the image?,0,cla820gm4s5a3071u38qc4lxj,how many polyps are in the image,Counting,Numeric,How many polyps are in the image? 0,Numeric,Numeric
Ulcerative Colitis,Where in the image is the anatomical landmark?,none,cla820gmys6gj071u6j7760jv,where in the image is the anatomical landmark,Location,None/NA,Where in the image is the anatomical landmark? none,None/NA,None/NA
Ulcerative Colitis,Are there any instruments in the image? Check all that are present.,none,cla820gm6s5cf071u06wmfvg9,are there any instruments in the image check all that are present,Yes/No,None/NA,Are there any instruments in the image? Check all that are present. none,None/NA,None/NA
Ulcerative Colitis,Is this finding easy to detect?,yes,cla820gljs4k7071u3s8vhkea,is this finding easy to detect,Yes/No,Yes/No,Is this finding easy to detect? yes,Yes/No,Yes/No
Ulcerative Colitis,Have all polyps been removed?,not relevant,cla820gmis5sv071u7zh6hi8k,have all polyps been removed,Yes/No,Token,Have all polyps been removed? not relevant,Token,Token
Ulcerative Colitis,Are there any instruments in the image? Check all that are present.,none,cla820glzs54v071u4zcc03z2,are there any instruments in the image check all that are present,Yes/No,None/NA,Are there any instruments in the image? Check all that are present. none,None/NA,None/NA
Ulcerative Colitis,Where in the image is the instrument?,none,cla820gl3s3sf071u5nxyezr2,where in the image is the instrument,Location,None/NA,Where in the image is the instrument? none,None/NA,None/NA
Ulcerative Colitis,How many instrumnets are in the image?,0,cla820gm4s5a3071u38qc4lxj,how many instrumnets are in the image,Counting,Numeric,How many instrumnets are in the image? 0,Numeric,Numeric
Ulcerative Colitis,Are there any abnormalities in the image? Check all that are present.,ulcerative colitis,cla820gmks5vz071ubwqh5xzw,are there any abnormalities in the image check all that are present,Yes/No,Token,Are there any abnormalities in the image? Check all that are present. ulcerative colitis,Token,Token
Ulcerative Colitis,Where in the image is the abnormality?,center; center-left; center-right; lower-center; lower-right; upper-center; upper-left; upper-right,cla820glds497071u4nznh6kl,where in the image is the abnormality,Location,List,Where in the image is the abnormality? center; center-left; center-right; lower-center; lower-right; upper-center; upper-left; upper-right,List,List
Ulcerative Colitis,Are there any abnormalities in the image? Check all that are present.,ulcerative colitis,cla820gmns61r071u1iky106v,are there any abnormalities in the image check all that are present,Yes/No,Token,Are there any abnormalities in the image? Check all that are present. ulcerative colitis,Token,Token
Ulcerative Colitis,Are there any abnormalities in the image? Check all that are present.,ulcerative colitis,cla820gl8s40j071u4rhhc5an,are there any abnormalities in the image check all that are present,Yes/No,Token,Are there any abnormalities in the image? Check all that are present. ulcerative colitis,Token,Token
Ulcerative Colitis,Are there any abnormalities in the image? Check all that are present.,ulcerative colitis,cla820glas44b071ufopccjcq,are there any abnormalities in the image check all that are present,Yes/No,Token,Are there any abnormalities in the image? Check all that are present. ulcerative colitis,Token,Token
Ulcerative Colitis,Where in the image is the abnormality?,center; center-left; center-right; lower-center; lower-left; lower-right; upper-center; upper-left; upper-right,cla820gl0s3ob071u5z04bn3r,where in the image is the abnormality,Location,List,Where in the image is the abnormality? center; center-left; center-right; lower-center; lower-left; lower-right; upper-center; upper-left; upper-right,List,List
Ulcerative Colitis,Are there any instruments in the image? Check all that are present.,none,cla820glzs547071udexh8064,are there any instruments in the image check all that are present,Yes/No,None/NA,Are there any instruments in the image? Check all that are present. none,None/NA,None/NA
Ulcerative Colitis,Are there any anatomical landmarks in the image? Check all that are present.,none,cla820gmes5mn071u9qmv00ns,are there any anatomical landmarks in the image check all that are present,Yes/No,None/NA,Are there any anatomical landmarks in the image? Check all that are present. none,None/NA,None/NA
Ulcerative Colitis,Are there any instruments in the image? Check all that are present.,none,cla820gm4s5av071uaaahh9j3,are there any instruments in the image check all that are present,Yes/No,None/NA,Are there any instruments in the image? Check all that are present. none,None/NA,None/NA
Ulcerative Colitis,What color is the abnormality? If more than one separate with ;,pink; red; white,cla820glds4a7071uf7564y7a,what color is the abnormality if more than one separate with,Color,List,What color is the abnormality? If more than one separate with ; pink; red; white,List,List
Ulcerative Colitis,Where in the image is the anatomical landmark?,none,cla820gl9s43j071ub5zrd4iy,where in the image is the anatomical landmark,Location,None/NA,Where in the image is the anatomical landmark? none,None/NA,None/NA
Ulcerative Colitis,Is there text?,yes,cla820glbs46b071u209906at,is there text,Yes/No,Yes/No,Is there text? yes,Yes/No,Yes/No
Ulcerative Colitis,Is this finding easy to detect?,yes,cla820glls4mz071u0cuo22tn,is this finding easy to detect,Yes/No,Yes/No,Is this finding easy to detect? yes,Yes/No,Yes/No
Ulcerative Colitis,What type of polyp is present?,none,cla820glns4pz071ubjw56e77,what type of polyp is present,Entity,None/NA,What type of polyp is present? none,None/NA,None/NA
Ulcerative Colitis,Where in the image is the anatomical landmark?,none,cla820gmqs64z071udouv858a,where in the image is the anatomical landmark,Location,None/NA,Where in the image is the anatomical landmark? none,None/NA,None/NA
Ulcerative Colitis,How many findings are present?,1,cla820gl7s3yz071u8j1a4nms,how many findings are present,Counting,Numeric,How many findings are present? 1,Numeric,Numeric
Ulcerative Colitis,What type of polyp is present?,none,cla820gmjs5tr071ugp0l1tsm,what type of polyp is present,Entity,None/NA,What type of polyp is present? none,None/NA,None/NA
Ulcerative Colitis,Is this finding easy to detect?,yes,cla820gmzs6gz071ud05s3twl,is this finding easy to detect,Yes/No,Yes/No,Is this finding easy to detect? yes,Yes/No,Yes/No
Ulcerative Colitis,Is there text?,yes,cla820glms4nv071ug2s4hc8z,is there text,Yes/No,Yes/No,Is there text? yes,Yes/No,Yes/No
Ulcerative Colitis,What type of polyp is present?,none,cla820glls4mz071u0cuo22tn,what type of polyp is present,Entity,None/NA,What type of polyp is present? none,None/NA,None/NA
Ulcerative Colitis,Is this finding easy to detect?,no,cla820gmjs5tz071u48f0gw74,is this finding easy to detect,Yes/No,Yes/No,Is this finding easy to detect? no,Yes/No,Token
Ulcerative Colitis,Where in the image is the anatomical landmark?,none,cla820glos4qf071ucr136se5,where in the image is the anatomical landmark,Location,None/NA,Where in the image is the anatomical landmark? none,None/NA,None/NA
Ulcerative Colitis,Have all polyps been removed?,not relevant,cla820gn7s6nn071u689g17m8,have all polyps been removed,Yes/No,Token,Have all polyps been removed? not relevant,Token,Token
Ulcerative Colitis,What color is the abnormality? If more than one separate with ;,pink; red,cla820glis4ib071u1i14a7ce,what color is the abnormality if more than one separate with,Color,List,What color is the abnormality? If more than one separate with ; pink; red,List,List
Ulcerative Colitis,What type of procedure is the image taken from?,colonoscopy,cla820gl2s3qz071u9ed6awtv,what type of procedure is the image taken from,Entity,Token,What type of procedure is the image taken from? colonoscopy,Token,Token
Ulcerative Colitis,Are there any anatomical landmarks in the image? Check all that are present.,none,cla820gmts69z071u86tsartr,are there any anatomical landmarks in the image check all that are present,Yes/No,None/NA,Are there any anatomical landmarks in the image? Check all that are present. none,None/NA,None/NA
Ulcerative Colitis,Is this finding easy to detect?,yes,cla820gmls5yj071u9nci1ei6,is this finding easy to detect,Yes/No,Yes/No,Is this finding easy to detect? yes,Yes/No,Yes/No
Ulcerative Colitis,How many instrumnets are in the image?,0,cla820gmws6d3071u7f54d5go,how many instrumnets are in the image,Counting,Numeric,How many instrumnets are in the image? 0,Numeric,Numeric
Ulcerative Colitis,Are there any abnormalities in the image? Check all that are present.,ulcerative colitis,cla820glgs4ev071u2jy8d6d0,are there any abnormalities in the image check all that are present,Yes/No,Token,Are there any abnormalities in the image? Check all that are present. ulcerative colitis,Token,Token
Ulcerative Colitis,Is there a green/black box artefact?,no,cla820gmzs6gv071u5m461t7v,is there a green black box artefact,Yes/No,Yes/No,Is there a green/black box artefact? no,Yes/No,Yes/No
Ulcerative Colitis,Are there any instruments in the image? Check all that are present.,none,cla820glhs4hb071u8ksn6l73,are there any instruments in the image check all that are present,Yes/No,None/NA,Are there any instruments in the image? Check all that are present. none,None/NA,None/NA
Ulcerative Colitis,Are there any anatomical landmarks in the image? Check all that are present.,none,cla820glgs4en071u90m6cq1k,are there any anatomical landmarks in the image check all that are present,Yes/No,None/NA,Are there any anatomical landmarks in the image? Check all that are present. none,None/NA,None/NA
Ulcerative Colitis,Are there any anatomical landmarks in the image? Check all that are present.,none,cla820gmfs5on071u38ap5a7s,are there any anatomical landmarks in the image check all that are present,Yes/No,None/NA,Are there any anatomical landmarks in the image? Check all that are present. none,None/NA,None/NA
Ulcerative Colitis,Where in the image is the abnormality?,center; center-left; center-right; lower-center; lower-left; lower-right; upper-center; upper-left; upper-right,cla820gmus6av071u3bfa71nu,where in the image is the abnormality,Location,List,Where in the image is the abnormality? center; center-left; center-right; lower-center; lower-left; lower-right; upper-center; upper-left; upper-right,List,List
Ulcerative Colitis,How many instrumnets are in the image?,0,cla820gmvs6cb071ug7zn25qj,how many instrumnets are in the image,Counting,Numeric,How many instrumnets are in the image? 0,Numeric,Numeric
Ulcerative Colitis,Where in the image is the instrument?,none,cla820gmzs6gv071u5m461t7v,where in the image is the instrument,Location,None/NA,Where in the image is the instrument? none,None/NA,None/NA
Ulcerative Colitis,How many polyps are in the image?,0,cla820gn9s6qv071u23moamvc,how many polyps are in the image,Counting,Numeric,How many polyps are in the image? 0,Numeric,Numeric
Ulcerative Colitis,What is the size of the polyp?,none,cla820gmis5sb071u1rhdgg2r,what is the size of the polyp,Entity,None/NA,What is the size of the polyp? none,None/NA,None/NA
Ulcerative Colitis,How many findings are present?,1,cla820glzs54z071u31x20k37,how many findings are present,Counting,Numeric,How many findings are present? 1,Numeric,Numeric
Ulcerative Colitis,How many findings are present?,1,cla820gl0s3of071u96ilg9hm,how many findings are present,Counting,Numeric,How many findings are present? 1,Numeric,Numeric
Ulcerative Colitis,Are there any abnormalities in the image? Check all that are present.,ulcerative colitis,cla820glqs4tf071uebf256qf,are there any abnormalities in the image check all that are present,Yes/No,Token,Are there any abnormalities in the image? Check all that are present. ulcerative colitis,Token,Token
Ulcerative Colitis,Are there any abnormalities in the image? Check all that are present.,ulcerative colitis,cla820glls4mv071u765tggf2,are there any abnormalities in the image check all that are present,Yes/No,Token,Are there any abnormalities in the image? Check all that are present. ulcerative colitis,Token,Token
Ulcerative Colitis,How many polyps are in the image?,0,cla820gm5s5b7071ubt3dd1vj,how many polyps are in the image,Counting,Numeric,How many polyps are in the image? 0,Numeric,Numeric
Ulcerative Colitis,How many findings are present?,1,cla820gmss67f071ue4myftrq,how many findings are present,Counting,Numeric,How many findings are present? 1,Numeric,Numeric
Ulcerative Colitis,Is this finding easy to detect?,yes,cla820glps4sj071ug75952ul,is this finding easy to detect,Yes/No,Yes/No,Is this finding easy to detect? yes,Yes/No,Yes/No
Ulcerative Colitis,What color is the abnormality? If more than one separate with ;,pink; red; white,cla820gl8s41z071u2siucxod,what color is the abnormality if more than one separate with,Color,List,What color is the abnormality? If more than one separate with ; pink; red; white,List,List
Ulcerative Colitis,How many polyps are in the image?,0,cla820gljs4l3071u9i3o4zmr,how many polyps are in the image,Counting,Numeric,How many polyps are in the image? 0,Numeric,Numeric
Ulcerative Colitis,What is the size of the polyp?,none,cla820glbs46n071ua70ae1yb,what is the size of the polyp,Entity,None/NA,What is the size of the polyp? none,None/NA,None/NA
Ulcerative Colitis,What type of polyp is present?,none,cla820glts4xf071uhw7u4dwm,what type of polyp is present,Entity,None/NA,What type of polyp is present? none,None/NA,None/NA
Ulcerative Colitis,Have all polyps been removed?,not relevant,cla820gm2s57z071uewjf8x03,have all polyps been removed,Yes/No,Token,Have all polyps been removed? not relevant,Token,Token
Ulcerative Colitis,What is the size of the polyp?,none,cla820gmfs5oz071u5ihnbhr0,what is the size of the polyp,Entity,None/NA,What is the size of the polyp? none,None/NA,None/NA
Ulcerative Colitis,What type of procedure is the image taken from?,colonoscopy,cla820glis4ij071uf0lhhgr8,what type of procedure is the image taken from,Entity,Token,What type of procedure is the image taken from? colonoscopy,Token,Token
Ulcerative Colitis,Where in the image is the abnormality?,center; center-left; center-right; lower-center; lower-left; lower-right; upper-center; upper-left; upper-right,cla820gm7s5dj071uewzs3j6l,where in the image is the abnormality,Location,List,Where in the image is the abnormality? center; center-left; center-right; lower-center; lower-left; lower-right; upper-center; upper-left; upper-right,List,List
Ulcerative Colitis,Where in the image is the anatomical landmark?,none,cla820gmhs5qz071u160h8g7c,where in the image is the anatomical landmark,Location,None/NA,Where in the image is the anatomical landmark? none,None/NA,None/NA
Ulcerative Colitis,Have all polyps been removed?,not relevant,cla820glgs4fv071uf4ux93ks,have all polyps been removed,Yes/No,Token,Have all polyps been removed? not relevant,Token,Token
Ulcerative Colitis,What is the size of the polyp?,none,cla820gn7s6nn071u689g17m8,what is the size of the polyp,Entity,None/NA,What is the size of the polyp? none,None/NA,None/NA
Ulcerative Colitis,Is there text?,yes,cla820gn8s6or071u786c9nd0,is there text,Yes/No,Yes/No,Is there text? yes,Yes/No,Yes/No
Ulcerative Colitis,What type of procedure is the image taken from?,colonoscopy,cla820gm8s5fv071uhwqz7yqq,what type of procedure is the image taken from,Entity,Token,What type of procedure is the image taken from? colonoscopy,Token,Token
Ulcerative Colitis,Are there any instruments in the image? Check all that are present.,none,cla820gmvs6br071u3o1vggjr,are there any instruments in the image check all that are present,Yes/No,None/NA,Are there any instruments in the image? Check all that are present. none,None/NA,None/NA
Ulcerative Colitis,Is this finding easy to detect?,yes,cla820glxs51r071ubhx28deg,is this finding easy to detect,Yes/No,Yes/No,Is this finding easy to detect? yes,Yes/No,Yes/No
Ulcerative Colitis,Have all polyps been removed?,not relevant,cla820glqs4tn071u2kk21l0i,have all polyps been removed,Yes/No,Token,Have all polyps been removed? not relevant,Token,Token
Ulcerative Colitis,How many instrumnets are in the image?,0,cla820glns4pv071u35kocc2o,how many instrumnets are in the image,Counting,Numeric,How many instrumnets are in the image? 0,Numeric,Numeric
Ulcerative Colitis,What type of procedure is the image taken from?,colonoscopy,cla820gn4s6jn071uaxcb24w9,what type of procedure is the image taken from,Entity,Token,What type of procedure is the image taken from? colonoscopy,Token,Token
Ulcerative Colitis,How many instrumnets are in the image?,0,cla820gmrs66z071ubq3f9zbr,how many instrumnets are in the image,Counting,Numeric,How many instrumnets are in the image? 0,Numeric,Numeric
Ulcerative Colitis,What type of procedure is the image taken from?,colonoscopy,cla820gl7s3zb071u5wdp4sgs,what type of procedure is the image taken from,Entity,Token,What type of procedure is the image taken from? colonoscopy,Token,Token
Ulcerative Colitis,Where in the image is the anatomical landmark?,none,cla820gl7s3zf071ueloh0xir,where in the image is the anatomical landmark,Location,None/NA,Where in the image is the anatomical landmark? none,None/NA,None/NA
Ulcerative Colitis,What type of procedure is the image taken from?,colonoscopy,cla820gm5s5bj071ubj8qhjyk,what type of procedure is the image taken from,Entity,Token,What type of procedure is the image taken from? colonoscopy,Token,Token
Ulcerative Colitis,Where in the image is the abnormality?,center; center-left; center-right; lower-center; lower-left; lower-right; upper-center; upper-left; upper-right,cla820gmms5z3071ufc5u32iq,where in the image is the abnormality,Location,List,Where in the image is the abnormality? center; center-left; center-right; lower-center; lower-left; lower-right; upper-center; upper-left; upper-right,List,List
Ulcerative Colitis,What type of polyp is present?,none,cla820glas45b071u1l96gd8e,what type of polyp is present,Entity,None/NA,What type of polyp is present? none,None/NA,None/NA
Ulcerative Colitis,What color is the abnormality? If more than one separate with ;,pink; red; white,cla820gn7s6mz071u3ofuh8bs,what color is the abnormality if more than one separate with,Color,List,What color is the abnormality? If more than one separate with ; pink; red; white,List,List
Ulcerative Colitis,Where in the image is the anatomical landmark?,none,cla820gmjs5uz071uajgi1xsj,where in the image is the anatomical landmark,Location,None/NA,Where in the image is the anatomical landmark? none,None/NA,None/NA
Ulcerative Colitis,Have all polyps been removed?,not relevant,cla820gmhs5rf071u2s5f90ry,have all polyps been removed,Yes/No,Token,Have all polyps been removed? not relevant,Token,Token
Ulcerative Colitis,Are there any anatomical landmarks in the image? Check all that are present.,none,cla820glis4if071u86jxeue6,are there any anatomical landmarks in the image check all that are present,Yes/No,None/NA,Are there any anatomical landmarks in the image? Check all that are present. none,None/NA,None/NA
Ulcerative Colitis,Where in the image is the instrument?,none,cla820glns4pb071u9oqm4npr,where in the image is the instrument,Location,None/NA,Where in the image is the instrument? none,None/NA,None/NA
Ulcerative Colitis,What color is the abnormality? If more than one separate with ;,pink; red,cla820gmns61n071u81lr2utd,what color is the abnormality if more than one separate with,Color,List,What color is the abnormality? If more than one separate with ; pink; red,List,List
Ulcerative Colitis,What type of polyp is present?,none,cla820gl6s3x3071uh76zg7uy,what type of polyp is present,Entity,None/NA,What type of polyp is present? none,None/NA,None/NA
Ulcerative Colitis,Is there a green/black box artefact?,yes,cla820gmjs5v7071ucyhpexkk,is there a green black box artefact,Yes/No,Yes/No,Is there a green/black box artefact? yes,Yes/No,Yes/No
Ulcerative Colitis,Have all polyps been removed?,not relevant,cla820gmvs6bj071u6anxd2pj,have all polyps been removed,Yes/No,Token,Have all polyps been removed? not relevant,Token,Token
Ulcerative Colitis,Is there text?,yes,cla820gm2s57z071uewjf8x03,is there text,Yes/No,Yes/No,Is there text? yes,Yes/No,Yes/No
Ulcerative Colitis,Where in the image is the anatomical landmark?,none,cla820gmrs66r071u8n7g1xdn,where in the image is the anatomical landmark,Location,None/NA,Where in the image is the anatomical landmark? none,None/NA,None/NA
Ulcerative Colitis,What is the size of the polyp?,none,cla820gmts68r071u3rz09961,what is the size of the polyp,Entity,None/NA,What is the size of the polyp? none,None/NA,None/NA
Ulcerative Colitis,What color is the abnormality? If more than one separate with ;,pink; red; white,cla820glxs52n071u9674doxk,what color is the abnormality if more than one separate with,Color,List,What color is the abnormality? If more than one separate with ; pink; red; white,List,List
Ulcerative Colitis,What type of polyp is present?,none,cla820gl0s3o7071u4ouwcitb,what type of polyp is present,Entity,None/NA,What type of polyp is present? none,None/NA,None/NA
Ulcerative Colitis,Are there any instruments in the image? Check all that are present.,none,cla820gl8s417071u5nc66zi3,are there any instruments in the image check all that are present,Yes/No,None/NA,Are there any instruments in the image? Check all that are present. none,None/NA,None/NA
Ulcerative Colitis,What type of procedure is the image taken from?,colonoscopy,cla820gmms607071udo435157,what type of procedure is the image taken from,Entity,Token,What type of procedure is the image taken from? colonoscopy,Token,Token
Ulcerative Colitis,Where in the image is the abnormality?,center; center-left; center-right; lower-center; lower-left; lower-right; upper-center; upper-left; upper-right,cla820gmqs657071ufz9n5xs7,where in the image is the abnormality,Location,List,Where in the image is the abnormality? center; center-left; center-right; lower-center; lower-left; lower-right; upper-center; upper-left; upper-right,List,List
Ulcerative Colitis,Where in the image is the anatomical landmark?,none,cla820gles4az071u42vp9mmx,where in the image is the anatomical landmark,Location,None/NA,Where in the image is the anatomical landmark? none,None/NA,None/NA
Ulcerative Colitis,What type of polyp is present?,none,cla820gmxs6en071uev1o2fzc,what type of polyp is present,Entity,None/NA,What type of polyp is present? none,None/NA,None/NA
Ulcerative Colitis,What type of polyp is present?,none,cla820gmfs5oz071u5ihnbhr0,what type of polyp is present,Entity,None/NA,What type of polyp is present? none,None/NA,None/NA
Ulcerative Colitis,Where in the image is the abnormality?,center; center-left; center-right; lower-center; lower-left; lower-right; upper-center; upper-left; upper-right,cla820gmvs6cb071ug7zn25qj,where in the image is the abnormality,Location,List,Where in the image is the abnormality? center; center-left; center-right; lower-center; lower-left; lower-right; upper-center; upper-left; upper-right,List,List
Ulcerative Colitis,How many polyps are in the image?,0,cla820glqs4tr071u8yh6havq,how many polyps are in the image,Counting,Numeric,How many polyps are in the image? 0,Numeric,Numeric
Ulcerative Colitis,How many polyps are in the image?,0,cla820gmes5mn071u9qmv00ns,how many polyps are in the image,Counting,Numeric,How many polyps are in the image? 0,Numeric,Numeric
Ulcerative Colitis,Is this finding easy to detect?,yes,cla820gl2s3qv071udlxnflmq,is this finding easy to detect,Yes/No,Yes/No,Is this finding easy to detect? yes,Yes/No,Yes/No
Ulcerative Colitis,Is there text?,yes,cla820gl2s3qb071u5u6c3vmq,is there text,Yes/No,Yes/No,Is there text? yes,Yes/No,Yes/No
Ulcerative Colitis,What type of procedure is the image taken from?,colonoscopy,cla820glhs4h7071ufsvccrv7,what type of procedure is the image taken from,Entity,Token,What type of procedure is the image taken from? colonoscopy,Token,Token
Ulcerative Colitis,Have all polyps been removed?,not relevant,cla820gmws6cn071u6esibke1,have all polyps been removed,Yes/No,Token,Have all polyps been removed? not relevant,Token,Token
Ulcerative Colitis,How many polyps are in the image?,0,cla820gmbs5j3071u80u3fjlb,how many polyps are in the image,Counting,Numeric,How many polyps are in the image? 0,Numeric,Numeric
Ulcerative Colitis,Is there text?,yes,cla820gmgs5q7071udblle3jw,is there text,Yes/No,Yes/No,Is there text? yes,Yes/No,Yes/No
Ulcerative Colitis,Is there text?,yes,cla820glis4i3071u5rw5eer8,is there text,Yes/No,Yes/No,Is there text? yes,Yes/No,Yes/No
Ulcerative Colitis,How many instrumnets are in the image?,0,cla820gmrs663071uduamb53p,how many instrumnets are in the image,Counting,Numeric,How many instrumnets are in the image? 0,Numeric,Numeric
Ulcerative Colitis,Where in the image is the instrument?,none,cla820glls4nb071u3qtv0ops,where in the image is the instrument,Location,None/NA,Where in the image is the instrument? none,None/NA,None/NA
Ulcerative Colitis,What is the size of the polyp?,none,cla820glbs45n071ubr5deoxc,what is the size of the polyp,Entity,None/NA,What is the size of the polyp? none,None/NA,None/NA
Ulcerative Colitis,Where in the image is the instrument?,none,cla820glis4ij071uf0lhhgr8,where in the image is the instrument,Location,None/NA,Where in the image is the instrument? none,None/NA,None/NA
Ulcerative Colitis,Is there a green/black box artefact?,yes,cla820glas45j071ud174degm,is there a green black box artefact,Yes/No,Yes/No,Is there a green/black box artefact? yes,Yes/No,Yes/No
Ulcerative Colitis,Is there a green/black box artefact?,yes,cla820gl1s3ov071u2b7h3r59,is there a green black box artefact,Yes/No,Yes/No,Is there a green/black box artefact? yes,Yes/No,Yes/No
Ulcerative Colitis,What type of procedure is the image taken from?,colonoscopy,cla820gmvs6b7071u80pp5llt,what type of procedure is the image taken from,Entity,Token,What type of procedure is the image taken from? colonoscopy,Token,Token
Ulcerative Colitis,How many findings are present?,1,cla820gm8s5ff071u0ga37r2p,how many findings are present,Counting,Numeric,How many findings are present? 1,Numeric,Numeric
Ulcerative Colitis,Are there any instruments in the image? Check all that are present.,none,cla820gmas5if071uey8f56yv,are there any instruments in the image check all that are present,Yes/No,None/NA,Are there any instruments in the image? Check all that are present. none,None/NA,None/NA
Ulcerative Colitis,Is there text?,yes,cla820glas44v071u6740gysk,is there text,Yes/No,Yes/No,Is there text? yes,Yes/No,Yes/No
Ulcerative Colitis,Where in the image is the abnormality?,center; center-left; center-right; lower-center; lower-left; lower-right; upper-center; upper-left; upper-right,cla820gl1s3or071udurk9106,where in the image is the abnormality,Location,List,Where in the image is the abnormality? center; center-left; center-right; lower-center; lower-left; lower-right; upper-center; upper-left; upper-right,List,List
Ulcerative Colitis,Are there any abnormalities in the image? Check all that are present.,ulcerative colitis,cla820gmus6az071u6d044g0a,are there any abnormalities in the image check all that are present,Yes/No,Token,Are there any abnormalities in the image? Check all that are present. ulcerative colitis,Token,Token
Ulcerative Colitis,Where in the image is the instrument?,none,cla820gm8s5fn071u32oc67ik,where in the image is the instrument,Location,None/NA,Where in the image is the instrument? none,None/NA,None/NA
Ulcerative Colitis,Where in the image is the anatomical landmark?,none,cla820gmvs6c3071ugjeig683,where in the image is the anatomical landmark,Location,None/NA,Where in the image is the anatomical landmark? none,None/NA,None/NA
Ulcerative Colitis,Are there any anatomical landmarks in the image? Check all that are present.,none,cla820glzs54b071uavsmcevb,are there any anatomical landmarks in the image check all that are present,Yes/No,None/NA,Are there any anatomical landmarks in the image? Check all that are present. none,None/NA,None/NA
Ulcerative Colitis,Have all polyps been removed?,not relevant,cla820gmgs5pf071u3vm4gt1z,have all polyps been removed,Yes/No,Token,Have all polyps been removed? not relevant,Token,Token
Ulcerative Colitis,How many findings are present?,1,cla820glas43z071ud31lel1f,how many findings are present,Counting,Numeric,How many findings are present? 1,Numeric,Numeric
Ulcerative Colitis,What color is the abnormality? If more than one separate with ;,pink; red; yellow,cla820gmws6cz071ugn88edv9,what color is the abnormality if more than one separate with,Color,List,What color is the abnormality? If more than one separate with ; pink; red; yellow,List,List
Ulcerative Colitis,Where in the image is the instrument?,none,cla820gm2s58b071uc7pvb8v5,where in the image is the instrument,Location,None/NA,Where in the image is the instrument? none,None/NA,None/NA
Ulcerative Colitis,What type of polyp is present?,none,cla820gmfs5o3071u2nyigw5j,what type of polyp is present,Entity,None/NA,What type of polyp is present? none,None/NA,None/NA
Ulcerative Colitis,Are there any abnormalities in the image? Check all that are present.,ulcerative colitis,cla820gl1s3or071udurk9106,are there any abnormalities in the image check all that are present,Yes/No,Token,Are there any abnormalities in the image? Check all that are present. ulcerative colitis,Token,Token
Ulcerative Colitis,What is the size of the polyp?,none,cla820glls4mv071u765tggf2,what is the size of the polyp,Entity,None/NA,What is the size of the polyp? none,None/NA,None/NA
Ulcerative Colitis,Are there any instruments in the image? Check all that are present.,none,cla820glas44f071ubwqy4eeg,are there any instruments in the image check all that are present,Yes/No,None/NA,Are there any instruments in the image? Check all that are present. none,None/NA,None/NA
Ulcerative Colitis,Is there a green/black box artefact?,no,cla820gl2s3rf071u3bj0eu8m,is there a green black box artefact,Yes/No,Yes/No,Is there a green/black box artefact? no,Yes/No,Yes/No
Ulcerative Colitis,Have all polyps been removed?,not relevant,cla820gn5s6lj071ughv62ynq,have all polyps been removed,Yes/No,Token,Have all polyps been removed? not relevant,Token,Token
Ulcerative Colitis,Are there any instruments in the image? Check all that are present.,none,cla820gm8s5ev071uda60flrc,are there any instruments in the image check all that are present,Yes/No,None/NA,Are there any instruments in the image? Check all that are present. none,None/NA,None/NA
Ulcerative Colitis,What color is the abnormality? If more than one separate with ;,pink; red; white,cla820gn5s6kr071ue6jighxj,what color is the abnormality if more than one separate with,Color,List,What color is the abnormality? If more than one separate with ; pink; red; white,List,List
Ulcerative Colitis,Have all polyps been removed?,not relevant,cla820gl3s3tb071ue9wz6a16,have all polyps been removed,Yes/No,Token,Have all polyps been removed? not relevant,Token,Token
Ulcerative Colitis,How many findings are present?,1,cla820gmls5y7071u6sa46fd2,how many findings are present,Counting,Numeric,How many findings are present? 1,Numeric,Numeric
Ulcerative Colitis,What type of procedure is the image taken from?,colonoscopy,cla820gmes5mr071uhlwuaian,what type of procedure is the image taken from,Entity,Token,What type of procedure is the image taken from? colonoscopy,Token,Token
Ulcerative Colitis,Is there a green/black box artefact?,no,cla820glss4vz071ua1jw6jco,is there a green black box artefact,Yes/No,Yes/No,Is there a green/black box artefact? no,Yes/No,Yes/No
Ulcerative Colitis,Are there any anatomical landmarks in the image? Check all that are present.,none,cla820gmjs5un071ug4fuf5y6,are there any anatomical landmarks in the image check all that are present,Yes/No,None/NA,Are there any anatomical landmarks in the image? Check all that are present. none,None/NA,None/NA
Ulcerative Colitis,Is this finding easy to detect?,yes,cla820gm1s56j071uevs5f59z,is this finding easy to detect,Yes/No,Yes/No,Is this finding easy to detect? yes,Yes/No,Yes/No
Ulcerative Colitis,Are there any anatomical landmarks in the image? Check all that are present.,none,cla820glxs51r071ubhx28deg,are there any anatomical landmarks in the image check all that are present,Yes/No,None/NA,Are there any anatomical landmarks in the image? Check all that are present. none,None/NA,None/NA
Ulcerative Colitis,What color is the abnormality? If more than one separate with ;,pink; red,cla820gmps64f071uanz7g9ta,what color is the abnormality if more than one separate with,Color,List,What color is the abnormality? If more than one separate with ; pink; red,List,List
Ulcerative Colitis,What is the size of the polyp?,none,cla820glxs52j071u46eo0au1,what is the size of the polyp,Entity,None/NA,What is the size of the polyp? none,None/NA,None/NA
Ulcerative Colitis,What type of polyp is present?,none,cla820glps4sn071u8jz47vj9,what type of polyp is present,Entity,None/NA,What type of polyp is present? none,None/NA,None/NA
Ulcerative Colitis,How many findings are present?,1,cla820gmys6g7071u8l31egq9,how many findings are present,Counting,Numeric,How many findings are present? 1,Numeric,Numeric
Ulcerative Colitis,Have all polyps been removed?,not relevant,cla820glzs54b071uavsmcevb,have all polyps been removed,Yes/No,Token,Have all polyps been removed? not relevant,Token,Token
Ulcerative Colitis,Have all polyps been removed?,not relevant,cla820glys533071uh5p3gbon,have all polyps been removed,Yes/No,Token,Have all polyps been removed? not relevant,Token,Token
Ulcerative Colitis,What type of procedure is the image taken from?,colonoscopy,cla820glws51j071ubeeebxf0,what type of procedure is the image taken from,Entity,Token,What type of procedure is the image taken from? colonoscopy,Token,Token
Ulcerative Colitis,Is there text?,yes,cla820gljs4kf071u74o51olo,is there text,Yes/No,Yes/No,Is there text? yes,Yes/No,Yes/No
Ulcerative Colitis,Is there a green/black box artefact?,no,cla820glhs4hv071ubw6ad94k,is there a green black box artefact,Yes/No,Yes/No,Is there a green/black box artefact? no,Yes/No,Yes/No
Ulcerative Colitis,Where in the image is the abnormality?,center; center-right; lower-center; lower-left; lower-right; upper-center; upper-left; upper-right,cla820gl2s3rf071u3bj0eu8m,where in the image is the abnormality,Location,List,Where in the image is the abnormality? center; center-right; lower-center; lower-left; lower-right; upper-center; upper-left; upper-right,List,List
Ulcerative Colitis,Where in the image is the anatomical landmark?,none,cla820gmos62v071u8ya47y09,where in the image is the anatomical landmark,Location,None/NA,Where in the image is the anatomical landmark? none,None/NA,None/NA
Ulcerative Colitis,Is there a green/black box artefact?,no,cla820gn7s6nz071ucibt4ct0,is there a green black box artefact,Yes/No,Yes/No,Is there a green/black box artefact? no,Yes/No,Yes/No
Ulcerative Colitis,Are there any abnormalities in the image? Check all that are present.,ulcerative colitis,cla820gmis5s7071uhjmr3jy7,are there any abnormalities in the image check all that are present,Yes/No,Token,Are there any abnormalities in the image? Check all that are present. ulcerative colitis,Token,Token
Ulcerative Colitis,Are there any instruments in the image? Check all that are present.,none,cla820gmys6fz071u1djuam0d,are there any instruments in the image check all that are present,Yes/No,None/NA,Are there any instruments in the image? Check all that are present. none,None/NA,None/NA
Ulcerative Colitis,Where in the image is the abnormality?,center; center-left; center-right; lower-center; lower-left; lower-right; upper-center; upper-left; upper-right,cla820gmos63b071ucfr74ie6,where in the image is the abnormality,Location,List,Where in the image is the abnormality? center; center-left; center-right; lower-center; lower-left; lower-right; upper-center; upper-left; upper-right,List,List
Ulcerative Colitis,What type of polyp is present?,none,cla820gm8s5en071u9fhm2284,what type of polyp is present,Entity,None/NA,What type of polyp is present? none,None/NA,None/NA
Ulcerative Colitis,Are there any anatomical landmarks in the image? Check all that are present.,cecum,cla820glrs4vn071u7yachvbo,are there any anatomical landmarks in the image check all that are present,Yes/No,Token,Are there any anatomical landmarks in the image? Check all that are present. cecum,Token,Token
Ulcerative Colitis,How many instrumnets are in the image?,0,cla820gmws6dn071u3rb67z6t,how many instrumnets are in the image,Counting,Numeric,How many instrumnets are in the image? 0,Numeric,Numeric
Ulcerative Colitis,How many polyps are in the image?,0,cla820glis4iv071u1m100ttj,how many polyps are in the image,Counting,Numeric,How many polyps are in the image? 0,Numeric,Numeric
Ulcerative Colitis,Are there any instruments in the image? Check all that are present.,none,cla820glns4q7071ugyu0d6xg,are there any instruments in the image check all that are present,Yes/No,None/NA,Are there any instruments in the image? Check all that are present. none,None/NA,None/NA
Ulcerative Colitis,What type of polyp is present?,none,cla820gl2s3qv071udlxnflmq,what type of polyp is present,Entity,None/NA,What type of polyp is present? none,None/NA,None/NA
Ulcerative Colitis,Is this finding easy to detect?,yes,cla820glgs4f3071u9cuffv0z,is this finding easy to detect,Yes/No,Yes/No,Is this finding easy to detect? yes,Yes/No,Yes/No
Ulcerative Colitis,Are there any instruments in the image? Check all that are present.,none,cla820gmks5wv071u35op55hi,are there any instruments in the image check all that are present,Yes/No,None/NA,Are there any instruments in the image? Check all that are present. none,None/NA,None/NA
Ulcerative Colitis,Are there any abnormalities in the image? Check all that are present.,ulcerative colitis,cla820gm8s5fv071uhwqz7yqq,are there any abnormalities in the image check all that are present,Yes/No,Token,Are there any abnormalities in the image? Check all that are present. ulcerative colitis,Token,Token
Ulcerative Colitis,Where in the image is the abnormality?,center; center-left; center-right; lower-center; lower-left; lower-right; upper-center; upper-left; upper-right,cla820glys52r071u1n0wcat3,where in the image is the abnormality,Location,List,Where in the image is the abnormality? center; center-left; center-right; lower-center; lower-left; lower-right; upper-center; upper-left; upper-right,List,List
Ulcerative Colitis,Where in the image is the instrument?,none,cla820gmcs5kr071ubtem3zb1,where in the image is the instrument,Location,None/NA,Where in the image is the instrument? none,None/NA,None/NA
Ulcerative Colitis,What color is the abnormality? If more than one separate with ;,pink; red; white,cla820gl7s3zf071ueloh0xir,what color is the abnormality if more than one separate with,Color,List,What color is the abnormality? If more than one separate with ; pink; red; white,List,List
Ulcerative Colitis,Is there a green/black box artefact?,no,cla820gmhs5qv071u9bum40jl,is there a green black box artefact,Yes/No,Yes/No,Is there a green/black box artefact? no,Yes/No,Yes/No
Ulcerative Colitis,How many polyps are in the image?,0,cla820gn4s6jb071u969ba8m3,how many polyps are in the image,Counting,Numeric,How many polyps are in the image? 0,Numeric,Numeric
Ulcerative Colitis,Is there text?,yes,cla820gm2s58f071ug6yfd155,is there text,Yes/No,Yes/No,Is there text? yes,Yes/No,Yes/No
Ulcerative Colitis,Where in the image is the instrument?,none,cla820glzs54r071udfzp9q0y,where in the image is the instrument,Location,None/NA,Where in the image is the instrument? none,None/NA,None/NA
Ulcerative Colitis,How many polyps are in the image?,0,cla820glos4r7071u67756tdr,how many polyps are in the image,Counting,Numeric,How many polyps are in the image? 0,Numeric,Numeric
Ulcerative Colitis,Are there any anatomical landmarks in the image? Check all that are present.,none,cla820gm2s57v071u2vobeeor,are there any anatomical landmarks in the image check all that are present,Yes/No,None/NA,Are there any anatomical landmarks in the image? Check all that are present. none,None/NA,None/NA
Ulcerative Colitis,Is this finding easy to detect?,yes,cla820gn5s6lr071u6oieammx,is this finding easy to detect,Yes/No,Yes/No,Is this finding easy to detect? yes,Yes/No,Yes/No
Ulcerative Colitis,How many findings are present?,1,cla820gmps64b071u1y023dw7,how many findings are present,Counting,Numeric,How many findings are present? 1,Numeric,Numeric
Ulcerative Colitis,How many findings are present?,1,cla820gl3s3sb071uhkrfhgt7,how many findings are present,Counting,Numeric,How many findings are present? 1,Numeric,Numeric
Ulcerative Colitis,How many findings are present?,1,cla820glls4mn071u0jbea274,how many findings are present,Counting,Numeric,How many findings are present? 1,Numeric,Numeric
Ulcerative Colitis,What color is the abnormality? If more than one separate with ;,pink; red,cla820glps4s3071ubpyhfd8p,what color is the abnormality if more than one separate with,Color,List,What color is the abnormality? If more than one separate with ; pink; red,List,List
Ulcerative Colitis,Are there any abnormalities in the image? Check all that are present.,ulcerative colitis,cla820gm5s5bb071u0cc7gqjg,are there any abnormalities in the image check all that are present,Yes/No,Token,Are there any abnormalities in the image? Check all that are present. ulcerative colitis,Token,Token
Ulcerative Colitis,What type of polyp is present?,none,cla820gn4s6jr071uco5u8wbg,what type of polyp is present,Entity,None/NA,What type of polyp is present? none,None/NA,None/NA
Ulcerative Colitis,What type of procedure is the image taken from?,colonoscopy,cla820gm9s5h3071ugeql71t8,what type of procedure is the image taken from,Entity,Token,What type of procedure is the image taken from? colonoscopy,Token,Token
Ulcerative Colitis,Are there any instruments in the image? Check all that are present.,none,cla820glms4nz071u1nfwfqxg,are there any instruments in the image check all that are present,Yes/No,None/NA,Are there any instruments in the image? Check all that are present. none,None/NA,None/NA
Ulcerative Colitis,Where in the image is the abnormality?,center; center-left; center-right; lower-center; lower-left; lower-right; upper-center; upper-left; upper-right,cla820gl5s3w7071uh47a2dxy,where in the image is the abnormality,Location,List,Where in the image is the abnormality? center; center-left; center-right; lower-center; lower-left; lower-right; upper-center; upper-left; upper-right,List,List
Ulcerative Colitis,Have all polyps been removed?,not relevant,cla820gm4s5af071u73oz3q14,have all polyps been removed,Yes/No,Token,Have all polyps been removed? not relevant,Token,Token
Ulcerative Colitis,Is there a green/black box artefact?,no,cla820gl4s3ub071u7ypd8d4h,is there a green black box artefact,Yes/No,Yes/No,Is there a green/black box artefact? no,Yes/No,Yes/No
Ulcerative Colitis,What is the size of the polyp?,none,cla820gl8s40v071uhg55e4u9,what is the size of the polyp,Entity,None/NA,What is the size of the polyp? none,None/NA,None/NA
Ulcerative Colitis,What color is the abnormality? If more than one separate with ;,pink; red,cla820gmqs657071ufz9n5xs7,what color is the abnormality if more than one separate with,Color,List,What color is the abnormality? If more than one separate with ; pink; red,List,List
Ulcerative Colitis,How many findings are present?,1,cla820glds4af071uc0qg6nsg,how many findings are present,Counting,Numeric,How many findings are present? 1,Numeric,Numeric
Ulcerative Colitis,Are there any anatomical landmarks in the image? Check all that are present.,none,cla820glcs47r071ufos036pr,are there any anatomical landmarks in the image check all that are present,Yes/No,None/NA,Are there any anatomical landmarks in the image? Check all that are present. none,None/NA,None/NA
Ulcerative Colitis,How many instrumnets are in the image?,0,cla820gmbs5ir071u0wut6edt,how many instrumnets are in the image,Counting,Numeric,How many instrumnets are in the image? 0,Numeric,Numeric
Ulcerative Colitis,What type of polyp is present?,none,cla820gmls5xn071uc5g3czha,what type of polyp is present,Entity,None/NA,What type of polyp is present? none,None/NA,None/NA
Ulcerative Colitis,Are there any instruments in the image? Check all that are present.,none,cla820gl7s3yz071u8j1a4nms,are there any instruments in the image check all that are present,Yes/No,None/NA,Are there any instruments in the image? Check all that are present. none,None/NA,None/NA
Ulcerative Colitis,How many findings are present?,1,cla820glzs543071u20yr5gvi,how many findings are present,Counting,Numeric,How many findings are present? 1,Numeric,Numeric
Ulcerative Colitis,Where in the image is the instrument?,none,cla820gmts69z071u86tsartr,where in the image is the instrument,Location,None/NA,Where in the image is the instrument? none,None/NA,None/NA
Ulcerative Colitis,Where in the image is the instrument?,none,cla820gn3s6ir071u1ltt30bv,where in the image is the instrument,Location,None/NA,Where in the image is the instrument? none,None/NA,None/NA
Ulcerative Colitis,What type of polyp is present?,none,cla820gmxs6eb071u60l982sj,what type of polyp is present,Entity,None/NA,What type of polyp is present? none,None/NA,None/NA
Ulcerative Colitis,What type of polyp is present?,none,cla820gm8s5fv071uhwqz7yqq,what type of polyp is present,Entity,None/NA,What type of polyp is present? none,None/NA,None/NA
Ulcerative Colitis,What type of polyp is present?,none,cla820gl6s3y7071u9k638dv6,what type of polyp is present,Entity,None/NA,What type of polyp is present? none,None/NA,None/NA
Ulcerative Colitis,How many instrumnets are in the image?,0,cla820glds49b071ug3s35hh0,how many instrumnets are in the image,Counting,Numeric,How many instrumnets are in the image? 0,Numeric,Numeric
Ulcerative Colitis,Where in the image is the abnormality?,center; center-left; center-right; lower-center; lower-left; lower-right; upper-center; upper-left; upper-right,cla820glps4t7071u9hr68bum,where in the image is the abnormality,Location,List,Where in the image is the abnormality? center; center-left; center-right; lower-center; lower-left; lower-right; upper-center; upper-left; upper-right,List,List
Ulcerative Colitis,Are there any anatomical landmarks in the image? Check all that are present.,none,cla820gmgs5qb071ufbsigz22,are there any anatomical landmarks in the image check all that are present,Yes/No,None/NA,Are there any anatomical landmarks in the image? Check all that are present. none,None/NA,None/NA
Ulcerative Colitis,Are there any anatomical landmarks in the image? Check all that are present.,none,cla820glws51j071ubeeebxf0,are there any anatomical landmarks in the image check all that are present,Yes/No,None/NA,Are there any anatomical landmarks in the image? Check all that are present. none,None/NA,None/NA
Ulcerative Colitis,How many findings are present?,1,cla820gmas5ib071uajh4a5uu,how many findings are present,Counting,Numeric,How many findings are present? 1,Numeric,Numeric
Ulcerative Colitis,Where in the image is the instrument?,none,cla820glas45f071uds2u97yk,where in the image is the instrument,Location,None/NA,Where in the image is the instrument? none,None/NA,None/NA
Ulcerative Colitis,What type of polyp is present?,none,cla820gm9s5gb071ubukj4rn3,what type of polyp is present,Entity,None/NA,What type of polyp is present? none,None/NA,None/NA
Ulcerative Colitis,Have all polyps been removed?,not relevant,cla820glbs46b071u209906at,have all polyps been removed,Yes/No,Token,Have all polyps been removed? not relevant,Token,Token
Ulcerative Colitis,Is this finding easy to detect?,yes,cla820glhs4gf071ua2c3a0gs,is this finding easy to detect,Yes/No,Yes/No,Is this finding easy to detect? yes,Yes/No,Yes/No
Ulcerative Colitis,Are there any instruments in the image? Check all that are present.,none,cla820gm2s57z071uewjf8x03,are there any instruments in the image check all that are present,Yes/No,None/NA,Are there any instruments in the image? Check all that are present. none,None/NA,None/NA
Ulcerative Colitis,What type of procedure is the image taken from?,colonoscopy,cla820gmps64f071uanz7g9ta,what type of procedure is the image taken from,Entity,Token,What type of procedure is the image taken from? colonoscopy,Token,Token
Ulcerative Colitis,Are there any anatomical landmarks in the image? Check all that are present.,none,cla820gn7s6nv071udtpk00fo,are there any anatomical landmarks in the image check all that are present,Yes/No,None/NA,Are there any anatomical landmarks in the image? Check all that are present. none,None/NA,None/NA
Ulcerative Colitis,How many findings are present?,1,cla820gl1s3q3071udvtaggoi,how many findings are present,Counting,Numeric,How many findings are present? 1,Numeric,Numeric
Ulcerative Colitis,Are there any anatomical landmarks in the image? Check all that are present.,none,cla820glxs52j071u46eo0au1,are there any anatomical landmarks in the image check all that are present,Yes/No,None/NA,Are there any anatomical landmarks in the image? Check all that are present. none,None/NA,None/NA
Ulcerative Colitis,How many findings are present?,1,cla820gl5s3vr071u7iil4yr1,how many findings are present,Counting,Numeric,How many findings are present? 1,Numeric,Numeric
Ulcerative Colitis,What type of polyp is present?,none,cla820gm8s5ez071u424s0vjg,what type of polyp is present,Entity,None/NA,What type of polyp is present? none,None/NA,None/NA
Ulcerative Colitis,How many findings are present?,1,cla820glbs46z071ue1ct0nh8,how many findings are present,Counting,Numeric,How many findings are present? 1,Numeric,Numeric
Ulcerative Colitis,Where in the image is the instrument?,none,cla820gmrs663071uduamb53p,where in the image is the instrument,Location,None/NA,Where in the image is the instrument? none,None/NA,None/NA
Ulcerative Colitis,What type of polyp is present?,none,cla820gmzs6h7071u78aw3et5,what type of polyp is present,Entity,None/NA,What type of polyp is present? none,None/NA,None/NA
Ulcerative Colitis,Where in the image is the abnormality?,center; center-left; center-right; lower-center; lower-left; lower-right; upper-center; upper-left; upper-right,cla820gmks5vz071ubwqh5xzw,where in the image is the abnormality,Location,List,Where in the image is the abnormality? center; center-left; center-right; lower-center; lower-left; lower-right; upper-center; upper-left; upper-right,List,List
Ulcerative Colitis,What type of polyp is present?,none,cla820gn9s6pz071uhblk0r4p,what type of polyp is present,Entity,None/NA,What type of polyp is present? none,None/NA,None/NA
Ulcerative Colitis,Are there any abnormalities in the image? Check all that are present.,ulcerative colitis,cla820gmas5ij071uftgg5dws,are there any abnormalities in the image check all that are present,Yes/No,Token,Are there any abnormalities in the image? Check all that are present. ulcerative colitis,Token,Token
Ulcerative Colitis,What type of polyp is present?,none,cla820gn9s6pv071u36npapxb,what type of polyp is present,Entity,None/NA,What type of polyp is present? none,None/NA,None/NA
Ulcerative Colitis,Are there any instruments in the image? Check all that are present.,none,cla820gmzs6gz071ud05s3twl,are there any instruments in the image check all that are present,Yes/No,None/NA,Are there any instruments in the image? Check all that are present. none,None/NA,None/NA
Ulcerative Colitis,What color is the abnormality? If more than one separate with ;,pink; red,cla820glfs4dv071u2r6kf5ir,what color is the abnormality if more than one separate with,Color,List,What color is the abnormality? If more than one separate with ; pink; red,List,List
Ulcerative Colitis,What type of procedure is the image taken from?,colonoscopy,cla820gmqs65f071ubmlm8ia9,what type of procedure is the image taken from,Entity,Token,What type of procedure is the image taken from? colonoscopy,Token,Token
Ulcerative Colitis,Have all polyps been removed?,not relevant,cla820glgs4f3071u9cuffv0z,have all polyps been removed,Yes/No,Token,Have all polyps been removed? not relevant,Token,Token
Ulcerative Colitis,How many polyps are in the image?,0,cla820gn8s6pb071ubvughf2p,how many polyps are in the image,Counting,Numeric,How many polyps are in the image? 0,Numeric,Numeric
Ulcerative Colitis,Is this finding easy to detect?,yes,cla820gmfs5of071udcpz4q0o,is this finding easy to detect,Yes/No,Yes/No,Is this finding easy to detect? yes,Yes/No,Yes/No
Ulcerative Colitis,Is there a green/black box artefact?,yes,cla820glgs4fz071ucke45065,is there a green black box artefact,Yes/No,Yes/No,Is there a green/black box artefact? yes,Yes/No,Yes/No
Ulcerative Colitis,How many findings are present?,1,cla820glis4i7071uayhe7zjh,how many findings are present,Counting,Numeric,How many findings are present? 1,Numeric,Numeric
Ulcerative Colitis,How many instrumnets are in the image?,0,cla820glqs4uf071ua3t4a9iv,how many instrumnets are in the image,Counting,Numeric,How many instrumnets are in the image? 0,Numeric,Numeric
Ulcerative Colitis,Have all polyps been removed?,not relevant,cla820glys53n071uhthh6bvs,have all polyps been removed,Yes/No,Token,Have all polyps been removed? not relevant,Token,Token
Ulcerative Colitis,Have all polyps been removed?,not relevant,cla820gljs4kz071uaa8h1tjs,have all polyps been removed,Yes/No,Token,Have all polyps been removed? not relevant,Token,Token
Ulcerative Colitis,How many instrumnets are in the image?,0,cla820gn3s6iv071u8qs4b8eb,how many instrumnets are in the image,Counting,Numeric,How many instrumnets are in the image? 0,Numeric,Numeric
Ulcerative Colitis,What type of polyp is present?,none,cla820gmos627071uc11qby84,what type of polyp is present,Entity,None/NA,What type of polyp is present? none,None/NA,None/NA
Ulcerative Colitis,Is there text?,yes,cla820gmhs5rv071uhnuicypm,is there text,Yes/No,Yes/No,Is there text? yes,Yes/No,Yes/No
Ulcerative Colitis,How many findings are present?,1,cla820glos4qz071u3xorao72,how many findings are present,Counting,Numeric,How many findings are present? 1,Numeric,Numeric
Ulcerative Colitis,Where in the image is the instrument?,lower-center; lower-right,cla820gl9s43f071u4igtfwlo,where in the image is the instrument,Location,List,Where in the image is the instrument? lower-center; lower-right,List,List
Ulcerative Colitis,What type of polyp is present?,none,cla820gm8s5f3071ugiqd2fod,what type of polyp is present,Entity,None/NA,What type of polyp is present? none,None/NA,None/NA
Ulcerative Colitis,Are there any instruments in the image? Check all that are present.,none,cla820gmos633071u2s5l5lpm,are there any instruments in the image check all that are present,Yes/No,None/NA,Are there any instruments in the image? Check all that are present. none,None/NA,None/NA
Ulcerative Colitis,Is this finding easy to detect?,yes,cla820glws513071uc5v00me8,is this finding easy to detect,Yes/No,Yes/No,Is this finding easy to detect? yes,Yes/No,Yes/No
Ulcerative Colitis,Where in the image is the anatomical landmark?,none,cla820glgs4ev071u2jy8d6d0,where in the image is the anatomical landmark,Location,None/NA,Where in the image is the anatomical landmark? none,None/NA,None/NA
Ulcerative Colitis,Are there any instruments in the image? Check all that are present.,none,cla820gl3s3sb071uhkrfhgt7,are there any instruments in the image check all that are present,Yes/No,None/NA,Are there any instruments in the image? Check all that are present. none,None/NA,None/NA
Ulcerative Colitis,Are there any abnormalities in the image? Check all that are present.,ulcerative colitis,cla820gl3s3sr071uc4152r95,are there any abnormalities in the image check all that are present,Yes/No,Token,Are there any abnormalities in the image? Check all that are present. ulcerative colitis,Token,Token
Ulcerative Colitis,Are there any instruments in the image? Check all that are present.,none,cla820glbs46z071ue1ct0nh8,are there any instruments in the image check all that are present,Yes/No,None/NA,Are there any instruments in the image? Check all that are present. none,None/NA,None/NA
Ulcerative Colitis,What type of procedure is the image taken from?,colonoscopy,cla820glus4yz071ugct55hvr,what type of procedure is the image taken from,Entity,Token,What type of procedure is the image taken from? colonoscopy,Token,Token
Ulcerative Colitis,What type of procedure is the image taken from?,colonoscopy,cla820gm9s5g3071u29zr9o3n,what type of procedure is the image taken from,Entity,Token,What type of procedure is the image taken from? colonoscopy,Token,Token
Ulcerative Colitis,Where in the image is the anatomical landmark?,none,cla820gm9s5fz071u2kapfby0,where in the image is the anatomical landmark,Location,None/NA,Where in the image is the anatomical landmark? none,None/NA,None/NA
Ulcerative Colitis,Where in the image is the anatomical landmark?,none,cla820gmms5z3071ufc5u32iq,where in the image is the anatomical landmark,Location,None/NA,Where in the image is the anatomical landmark? none,None/NA,None/NA
Ulcerative Colitis,Are there any anatomical landmarks in the image? Check all that are present.,none,cla820gmns60n071u3m568jt7,are there any anatomical landmarks in the image check all that are present,Yes/No,None/NA,Are there any anatomical landmarks in the image? Check all that are present. none,None/NA,None/NA
Ulcerative Colitis,How many polyps are in the image?,1,cla820gmts69f071u545hfdja,how many polyps are in the image,Counting,Numeric,How many polyps are in the image? 1,Numeric,Numeric
Ulcerative Colitis,Are there any abnormalities in the image? Check all that are present.,ulcerative colitis,cla820gm8s5er071u33i1h1yg,are there any abnormalities in the image check all that are present,Yes/No,Token,Are there any abnormalities in the image? Check all that are present. ulcerative colitis,Token,Token
Ulcerative Colitis,What type of procedure is the image taken from?,colonoscopy,cla820gm4s5ar071u8dv39r4f,what type of procedure is the image taken from,Entity,Token,What type of procedure is the image taken from? colonoscopy,Token,Token
Ulcerative Colitis,Is this finding easy to detect?,yes,cla820gl3s3sv071u3qhw492a,is this finding easy to detect,Yes/No,Yes/No,Is this finding easy to detect? yes,Yes/No,Yes/No
Ulcerative Colitis,Where in the image is the instrument?,none,cla820gn7s6n7071ud7xg2k8v,where in the image is the instrument,Location,None/NA,Where in the image is the instrument? none,None/NA,None/NA
Ulcerative Colitis,Are there any instruments in the image? Check all that are present.,none,cla820glas457071u9vwefrjk,are there any instruments in the image check all that are present,Yes/No,None/NA,Are there any instruments in the image? Check all that are present. none,None/NA,None/NA
Ulcerative Colitis,What color is the abnormality? If more than one separate with ;,pink; red; white; brown,cla820gn4s6jn071uaxcb24w9,what color is the abnormality if more than one separate with,Color,List,What color is the abnormality? If more than one separate with ; pink; red; white; brown,List,List
Ulcerative Colitis,Is this finding easy to detect?,yes,cla820gmqs653071u19205h77,is this finding easy to detect,Yes/No,Yes/No,Is this finding easy to detect? yes,Yes/No,Yes/No
Ulcerative Colitis,How many instrumnets are in the image?,0,cla820gmxs6ef071u04rl1l3a,how many instrumnets are in the image,Counting,Numeric,How many instrumnets are in the image? 0,Numeric,Numeric
Ulcerative Colitis,Where in the image is the abnormality?,center; center-left; center-right; lower-center; lower-left; lower-right; upper-center; upper-left; upper-right,cla820glys53v071ubz2x4rwg,where in the image is the abnormality,Location,List,Where in the image is the abnormality? center; center-left; center-right; lower-center; lower-left; lower-right; upper-center; upper-left; upper-right,List,List
Ulcerative Colitis,What type of polyp is present?,none,cla820glrs4vf071u1j3n0v9l,what type of polyp is present,Entity,None/NA,What type of polyp is present? none,None/NA,None/NA
Ulcerative Colitis,Is there text?,no,cla820gmcs5k7071u5tascyte,is there text,Yes/No,Yes/No,Is there text? no,Yes/No,Yes/No
Ulcerative Colitis,Where in the image is the anatomical landmark?,none,cla820gmms603071u3p4l07iv,where in the image is the anatomical landmark,Location,None/NA,Where in the image is the anatomical landmark? none,None/NA,None/NA
Ulcerative Colitis,Are there any abnormalities in the image? Check all that are present.,ulcerative colitis,cla820glhs4gr071u8ww4c6gf,are there any abnormalities in the image check all that are present,Yes/No,Token,Are there any abnormalities in the image? Check all that are present. ulcerative colitis,Token,Token
Ulcerative Colitis,Where in the image is the anatomical landmark?,none,cla820gmds5m3071ud5wma2c6,where in the image is the anatomical landmark,Location,None/NA,Where in the image is the anatomical landmark? none,None/NA,None/NA
Ulcerative Colitis,Where in the image is the anatomical landmark?,none,cla820gl6s3yj071u0108e4le,where in the image is the anatomical landmark,Location,None/NA,Where in the image is the anatomical landmark? none,None/NA,None/NA
Ulcerative Colitis,How many polyps are in the image?,0,cla820gm7s5dv071u6flka5po,how many polyps are in the image,Counting,Numeric,How many polyps are in the image? 0,Numeric,Numeric
Ulcerative Colitis,Is there a green/black box artefact?,no,cla820gm7s5dr071u1xygbumv,is there a green black box artefact,Yes/No,Yes/No,Is there a green/black box artefact? no,Yes/No,Yes/No
Ulcerative Colitis,How many instrumnets are in the image?,0,cla820gmls5wz071u2rajex2s,how many instrumnets are in the image,Counting,Numeric,How many instrumnets are in the image? 0,Numeric,Numeric
Ulcerative Colitis,What type of procedure is the image taken from?,colonoscopy,cla820gmbs5j7071u8ip985x7,what type of procedure is the image taken from,Entity,Token,What type of procedure is the image taken from? colonoscopy,Token,Token
Ulcerative Colitis,What type of procedure is the image taken from?,colonoscopy,cla820gmys6gb071u28r049um,what type of procedure is the image taken from,Entity,Token,What type of procedure is the image taken from? colonoscopy,Token,Token
Ulcerative Colitis,Is there text?,yes,cla820gn6s6m7071u55bo4ffs,is there text,Yes/No,Yes/No,Is there text? yes,Yes/No,Yes/No
Ulcerative Colitis,Where in the image is the instrument?,none,cla820glms4ob071ueeum7crv,where in the image is the instrument,Location,None/NA,Where in the image is the instrument? none,None/NA,None/NA
Ulcerative Colitis,Where in the image is the anatomical landmark?,none,cla820gn3s6if071u2efz098u,where in the image is the anatomical landmark,Location,None/NA,Where in the image is the anatomical landmark? none,None/NA,None/NA
Ulcerative Colitis,Have all polyps been removed?,not relevant,cla820gl8s40j071u4rhhc5an,have all polyps been removed,Yes/No,Token,Have all polyps been removed? not relevant,Token,Token
Ulcerative Colitis,Is there a green/black box artefact?,no,cla820gmms5yr071u23ef9pdb,is there a green black box artefact,Yes/No,Yes/No,Is there a green/black box artefact? no,Yes/No,Yes/No
Ulcerative Colitis,Where in the image is the anatomical landmark?,none,cla820gl4s3v7071u0fac2ztj,where in the image is the anatomical landmark,Location,None/NA,Where in the image is the anatomical landmark? none,None/NA,None/NA
Ulcerative Colitis,Is this finding easy to detect?,yes,cla820gm4s5a3071u38qc4lxj,is this finding easy to detect,Yes/No,Yes/No,Is this finding easy to detect? yes,Yes/No,Yes/No
Ulcerative Colitis,Are there any instruments in the image? Check all that are present.,none,cla820gles4bv071u0g5iddis,are there any instruments in the image check all that are present,Yes/No,None/NA,Are there any instruments in the image? Check all that are present. none,None/NA,None/NA
Ulcerative Colitis,Where in the image is the abnormality?,center; center-left; center-right; lower-center; lower-left; lower-right; upper-center; upper-left; upper-right,cla820glfs4dj071u1y9ba7ic,where in the image is the abnormality,Location,List,Where in the image is the abnormality? center; center-left; center-right; lower-center; lower-left; lower-right; upper-center; upper-left; upper-right,List,List
Ulcerative Colitis,What color is the abnormality? If more than one separate with ;,pink; red; white,cla820gmos61z071u6u00hzqk,what color is the abnormality if more than one separate with,Color,List,What color is the abnormality? If more than one separate with ; pink; red; white,List,List
Ulcerative Colitis,What type of procedure is the image taken from?,colonoscopy,cla820glls4nf071u5311ciqa,what type of procedure is the image taken from,Entity,Token,What type of procedure is the image taken from? colonoscopy,Token,Token
Ulcerative Colitis,Are there any instruments in the image? Check all that are present.,none,cla820glcs48b071ueoc59q55,are there any instruments in the image check all that are present,Yes/No,None/NA,Are there any instruments in the image? Check all that are present. none,None/NA,None/NA
Ulcerative Colitis,What color is the abnormality? If more than one separate with ;,pink; red,cla820gmys6fr071u7gmn1lkl,what color is the abnormality if more than one separate with,Color,List,What color is the abnormality? If more than one separate with ; pink; red,List,List
Ulcerative Colitis,What is the size of the polyp?,none,cla820gmbs5iv071u45v7fxxz,what is the size of the polyp,Entity,None/NA,What is the size of the polyp? none,None/NA,None/NA
Ulcerative Colitis,How many polyps are in the image?,0,cla820glfs4dj071u1y9ba7ic,how many polyps are in the image,Counting,Numeric,How many polyps are in the image? 0,Numeric,Numeric
Ulcerative Colitis,Are there any anatomical landmarks in the image? Check all that are present.,none,cla820gmls5xr071uhyv8887o,are there any anatomical landmarks in the image check all that are present,Yes/No,None/NA,Are there any anatomical landmarks in the image? Check all that are present. none,None/NA,None/NA
Ulcerative Colitis,How many polyps are in the image?,0,cla820glds4an071ucysb3w23,how many polyps are in the image,Counting,Numeric,How many polyps are in the image? 0,Numeric,Numeric
Ulcerative Colitis,Is there text?,yes,cla820gmas5hr071uh5ftaiov,is there text,Yes/No,Yes/No,Is there text? yes,Yes/No,Yes/No
Ulcerative Colitis,What type of polyp is present?,none,cla820gn6s6mr071u3jesgrht,what type of polyp is present,Entity,None/NA,What type of polyp is present? none,None/NA,None/NA
Ulcerative Colitis,Have all polyps been removed?,not relevant,cla820glus4y7071u0i1774qp,have all polyps been removed,Yes/No,Token,Have all polyps been removed? not relevant,Token,Token
Ulcerative Colitis,How many instrumnets are in the image?,1,cla820glxs51n071u7cqd831x,how many instrumnets are in the image,Counting,Numeric,How many instrumnets are in the image? 1,Numeric,Numeric
Ulcerative Colitis,How many polyps are in the image?,0,cla820gmps63j071ucq3p6od4,how many polyps are in the image,Counting,Numeric,How many polyps are in the image? 0,Numeric,Numeric
Ulcerative Colitis,Where in the image is the instrument?,none,cla820gl3s3s7071u8agx3t4t,where in the image is the instrument,Location,None/NA,Where in the image is the instrument? none,None/NA,None/NA
Ulcerative Colitis,Where in the image is the abnormality?,center; center-left; center-right; lower-center; lower-left; lower-right; upper-center; upper-left; upper-right,cla820glqs4uf071ua3t4a9iv,where in the image is the abnormality,Location,List,Where in the image is the abnormality? center; center-left; center-right; lower-center; lower-left; lower-right; upper-center; upper-left; upper-right,List,List
Ulcerative Colitis,Are there any anatomical landmarks in the image? Check all that are present.,none,cla820gmrs66r071u8n7g1xdn,are there any anatomical landmarks in the image check all that are present,Yes/No,None/NA,Are there any anatomical landmarks in the image? Check all that are present. none,None/NA,None/NA
Ulcerative Colitis,Are there any instruments in the image? Check all that are present.,none,cla820glrs4vb071u5cwo55c1,are there any instruments in the image check all that are present,Yes/No,None/NA,Are there any instruments in the image? Check all that are present. none,None/NA,None/NA
Ulcerative Colitis,Are there any instruments in the image? Check all that are present.,none,cla820glys52v071u8z0u422w,are there any instruments in the image check all that are present,Yes/No,None/NA,Are there any instruments in the image? Check all that are present. none,None/NA,None/NA
Ulcerative Colitis,Are there any instruments in the image? Check all that are present.,none,cla820gmls5x7071u05un80ef,are there any instruments in the image check all that are present,Yes/No,None/NA,Are there any instruments in the image? Check all that are present. none,None/NA,None/NA
Ulcerative Colitis,Where in the image is the anatomical landmark?,none,cla820gmos62f071ubes021vi,where in the image is the anatomical landmark,Location,None/NA,Where in the image is the anatomical landmark? none,None/NA,None/NA
Ulcerative Colitis,Are there any anatomical landmarks in the image? Check all that are present.,none,cla820gn5s6ln071u0vyk3pkt,are there any anatomical landmarks in the image check all that are present,Yes/No,None/NA,Are there any anatomical landmarks in the image? Check all that are present. none,None/NA,None/NA
Ulcerative Colitis,Are there any instruments in the image? Check all that are present.,none,cla820gm2s57j071uewq2hozf,are there any instruments in the image check all that are present,Yes/No,None/NA,Are there any instruments in the image? Check all that are present. none,None/NA,None/NA
Ulcerative Colitis,Where in the image is the abnormality?,center; center-left; center-right; lower-center; lower-left; lower-right; upper-center; upper-left; upper-right,cla820gmhs5rb071u542the9d,where in the image is the abnormality,Location,List,Where in the image is the abnormality? center; center-left; center-right; lower-center; lower-left; lower-right; upper-center; upper-left; upper-right,List,List
Ulcerative Colitis,Is this finding easy to detect?,yes,cla820glvs4zz071u0v2zdenk,is this finding easy to detect,Yes/No,Yes/No,Is this finding easy to detect? yes,Yes/No,Yes/No
Ulcerative Colitis,Are there any instruments in the image? Check all that are present.,none,cla820glxs52f071u5huf69gh,are there any instruments in the image check all that are present,Yes/No,None/NA,Are there any instruments in the image? Check all that are present. none,None/NA,None/NA
Ulcerative Colitis,Where in the image is the anatomical landmark?,none,cla820gm3s58z071ugcg9by1f,where in the image is the anatomical landmark,Location,None/NA,Where in the image is the anatomical landmark? none,None/NA,None/NA
Ulcerative Colitis,How many instrumnets are in the image?,0,cla820gn4s6jb071u969ba8m3,how many instrumnets are in the image,Counting,Numeric,How many instrumnets are in the image? 0,Numeric,Numeric
Ulcerative Colitis,How many instrumnets are in the image?,0,cla820gl9s42r071uerl988wi,how many instrumnets are in the image,Counting,Numeric,How many instrumnets are in the image? 0,Numeric,Numeric
Ulcerative Colitis,What is the size of the polyp?,none,cla820glas43v071u1ndvbm1h,what is the size of the polyp,Entity,None/NA,What is the size of the polyp? none,None/NA,None/NA
Ulcerative Colitis,Where in the image is the abnormality?,center; center-left; center-right; lower-center; lower-left; lower-right; upper-center; upper-left; upper-right,cla820gm8s5en071u9fhm2284,where in the image is the abnormality,Location,List,Where in the image is the abnormality? center; center-left; center-right; lower-center; lower-left; lower-right; upper-center; upper-left; upper-right,List,List
Ulcerative Colitis,Is there a green/black box artefact?,no,cla820glzs557071u2ycaar7i,is there a green black box artefact,Yes/No,Yes/No,Is there a green/black box artefact? no,Yes/No,Yes/No
Ulcerative Colitis,Is there a green/black box artefact?,yes,cla820glns4pz071ubjw56e77,is there a green black box artefact,Yes/No,Yes/No,Is there a green/black box artefact? yes,Yes/No,Yes/No
Ulcerative Colitis,How many polyps are in the image?,0,cla820glfs4dr071u4szgddq4,how many polyps are in the image,Counting,Numeric,How many polyps are in the image? 0,Numeric,Numeric
Ulcerative Colitis,How many instrumnets are in the image?,0,cla820gl8s41n071uanbv7xro,how many instrumnets are in the image,Counting,Numeric,How many instrumnets are in the image? 0,Numeric,Numeric
Ulcerative Colitis,How many polyps are in the image?,0,cla820gmps63z071u9nfpaxel,how many polyps are in the image,Counting,Numeric,How many polyps are in the image? 0,Numeric,Numeric
Ulcerative Colitis,Have all polyps been removed?,not relevant,cla820gm8s5f7071udu39h5l0,have all polyps been removed,Yes/No,Token,Have all polyps been removed? not relevant,Token,Token
Ulcerative Colitis,What color is the abnormality? If more than one separate with ;,pink; red,cla820gmxs6ez071ug5c7c9hd,what color is the abnormality if more than one separate with,Color,List,What color is the abnormality? If more than one separate with ; pink; red,List,List
Ulcerative Colitis,How many polyps are in the image?,0,cla820glxs52n071u9674doxk,how many polyps are in the image,Counting,Numeric,How many polyps are in the image? 0,Numeric,Numeric
Ulcerative Colitis,Have all polyps been removed?,not relevant,cla820gn3s6ir071u1ltt30bv,have all polyps been removed,Yes/No,Token,Have all polyps been removed? not relevant,Token,Token
Ulcerative Colitis,Have all polyps been removed?,not relevant,cla820gl6s3yb071u4x8bg1hq,have all polyps been removed,Yes/No,Token,Have all polyps been removed? not relevant,Token,Token
Ulcerative Colitis,What is the size of the polyp?,none,cla820glvs4zf071u1wsq069a,what is the size of the polyp,Entity,None/NA,What is the size of the polyp? none,None/NA,None/NA
Ulcerative Colitis,Is this finding easy to detect?,yes,cla820gn4s6k3071u09h0775w,is this finding easy to detect,Yes/No,Yes/No,Is this finding easy to detect? yes,Yes/No,Yes/No
Ulcerative Colitis,Where in the image is the abnormality?,center; center-left; center-right; lower-center; lower-left; lower-right; upper-center; upper-left; upper-right,cla820glss4wb071uf2k770vj,where in the image is the abnormality,Location,List,Where in the image is the abnormality? center; center-left; center-right; lower-center; lower-left; lower-right; upper-center; upper-left; upper-right,List,List
Ulcerative Colitis,Where in the image is the instrument?,none,cla820gl5s3vn071u08159pwe,where in the image is the instrument,Location,None/NA,Where in the image is the instrument? none,None/NA,None/NA
Ulcerative Colitis,Is there a green/black box artefact?,no,cla820gmjs5ur071uaonq1yss,is there a green black box artefact,Yes/No,Yes/No,Is there a green/black box artefact? no,Yes/No,Yes/No
Ulcerative Colitis,How many findings are present?,1,cla820gles4az071u42vp9mmx,how many findings are present,Counting,Numeric,How many findings are present? 1,Numeric,Numeric
Ulcerative Colitis,What color is the abnormality? If more than one separate with ;,pink; red; brown,cla820glws513071uc5v00me8,what color is the abnormality if more than one separate with,Color,List,What color is the abnormality? If more than one separate with ; pink; red; brown,List,List
Ulcerative Colitis,How many instrumnets are in the image?,0,cla820gmds5lv071u2prbaqhq,how many instrumnets are in the image,Counting,Numeric,How many instrumnets are in the image? 0,Numeric,Numeric
Ulcerative Colitis,What type of polyp is present?,none,cla820gmms60b071uh0x1b2mr,what type of polyp is present,Entity,None/NA,What type of polyp is present? none,None/NA,None/NA
Ulcerative Colitis,Are there any instruments in the image? Check all that are present.,none,cla820gljs4kv071ugpko5fhz,are there any instruments in the image check all that are present,Yes/No,None/NA,Are there any instruments in the image? Check all that are present. none,None/NA,None/NA
Ulcerative Colitis,How many findings are present?,1,cla820glfs4dn071ugbvrazqs,how many findings are present,Counting,Numeric,How many findings are present? 1,Numeric,Numeric
Ulcerative Colitis,Have all polyps been removed?,not relevant,cla820gn8s6ob071u6v46ah6z,have all polyps been removed,Yes/No,Token,Have all polyps been removed? not relevant,Token,Token
Ulcerative Colitis,Is there text?,yes,cla820gn8s6pf071u3k5p1n83,is there text,Yes/No,Yes/No,Is there text? yes,Yes/No,Yes/No
Ulcerative Colitis,Where in the image is the abnormality?,center; center-left; center-right; lower-center; lower-left; lower-right; upper-center; upper-left; upper-right,cla820gm7s5dz071u7v9a7lgv,where in the image is the abnormality,Location,List,Where in the image is the abnormality? center; center-left; center-right; lower-center; lower-left; lower-right; upper-center; upper-left; upper-right,List,List
Ulcerative Colitis,Where in the image is the instrument?,none,cla820gm4s5an071u7a4o4mv5,where in the image is the instrument,Location,None/NA,Where in the image is the instrument? none,None/NA,None/NA
Ulcerative Colitis,What is the size of the polyp?,none,cla820gmfs5o7071ug59i2age,what is the size of the polyp,Entity,None/NA,What is the size of the polyp? none,None/NA,None/NA
Ulcerative Colitis,Are there any abnormalities in the image? Check all that are present.,ulcerative colitis,cla820gl1s3pz071u4zyd0ilb,are there any abnormalities in the image check all that are present,Yes/No,Token,Are there any abnormalities in the image? Check all that are present. ulcerative colitis,Token,Token
Ulcerative Colitis,Where in the image is the anatomical landmark?,none,cla820glys53n071uhthh6bvs,where in the image is the anatomical landmark,Location,None/NA,Where in the image is the anatomical landmark? none,None/NA,None/NA
Ulcerative Colitis,What type of polyp is present?,none,cla820gl7s3zr071uambb5w1s,what type of polyp is present,Entity,None/NA,What type of polyp is present? none,None/NA,None/NA
Ulcerative Colitis,What is the size of the polyp?,none,cla820gmps63v071u5ir39wzu,what is the size of the polyp,Entity,None/NA,What is the size of the polyp? none,None/NA,None/NA
Ulcerative Colitis,Is there a green/black box artefact?,no,cla820glrs4ur071ufq038xj6,is there a green black box artefact,Yes/No,Yes/No,Is there a green/black box artefact? no,Yes/No,Yes/No
Ulcerative Colitis,Is there text?,yes,cla820gmfs5or071u3sdpg32k,is there text,Yes/No,Yes/No,Is there text? yes,Yes/No,Yes/No
Ulcerative Colitis,What type of polyp is present?,none,cla820gm4s5ab071u7i219k5t,what type of polyp is present,Entity,None/NA,What type of polyp is present? none,None/NA,None/NA
Ulcerative Colitis,Where in the image is the anatomical landmark?,none,cla820gmvs6br071u3o1vggjr,where in the image is the anatomical landmark,Location,None/NA,Where in the image is the anatomical landmark? none,None/NA,None/NA
Ulcerative Colitis,Is there text?,yes,cla820glhs4hb071u8ksn6l73,is there text,Yes/No,Yes/No,Is there text? yes,Yes/No,Yes/No
Ulcerative Colitis,What type of polyp is present?,none,cla820gmxs6dr071ud4avacp9,what type of polyp is present,Entity,None/NA,What type of polyp is present? none,None/NA,None/NA
Ulcerative Colitis,Are there any instruments in the image? Check all that are present.,none,cla820gmbs5iz071u8fnyfshw,are there any instruments in the image check all that are present,Yes/No,None/NA,Are there any instruments in the image? Check all that are present. none,None/NA,None/NA
Ulcerative Colitis,What type of polyp is present?,none,cla820gmds5ln071u9le6ht60,what type of polyp is present,Entity,None/NA,What type of polyp is present? none,None/NA,None/NA
Ulcerative Colitis,What color is the abnormality? If more than one separate with ;,pink; red; white,cla820gmcs5kb071uh99a6wnr,what color is the abnormality if more than one separate with,Color,List,What color is the abnormality? If more than one separate with ; pink; red; white,List,List
Ulcerative Colitis,Are there any anatomical landmarks in the image? Check all that are present.,cecum,cla820glss4w3071u08lkfmgu,are there any anatomical landmarks in the image check all that are present,Yes/No,Token,Are there any anatomical landmarks in the image? Check all that are present. cecum,Token,Token
Ulcerative Colitis,How many findings are present?,1,cla820gm1s57b071u12v541lw,how many findings are present,Counting,Numeric,How many findings are present? 1,Numeric,Numeric
Ulcerative Colitis,Are there any abnormalities in the image? Check all that are present.,ulcerative colitis,cla820gl7s3zz071u3y0y2yxs,are there any abnormalities in the image check all that are present,Yes/No,Token,Are there any abnormalities in the image? Check all that are present. ulcerative colitis,Token,Token
Ulcerative Colitis,What color is the abnormality? If more than one separate with ;,pink; red,cla820gmns61r071u1iky106v,what color is the abnormality if more than one separate with,Color,List,What color is the abnormality? If more than one separate with ; pink; red,List,List
Ulcerative Colitis,What type of procedure is the image taken from?,colonoscopy,cla820gmls5yb071ugt229jm2,what type of procedure is the image taken from,Entity,Token,What type of procedure is the image taken from? colonoscopy,Token,Token
Ulcerative Colitis,Are there any anatomical landmarks in the image? Check all that are present.,none,cla820gl7s3zb071u5wdp4sgs,are there any anatomical landmarks in the image check all that are present,Yes/No,None/NA,Are there any anatomical landmarks in the image? Check all that are present. none,None/NA,None/NA
Ulcerative Colitis,How many instrumnets are in the image?,0,cla820gmes5nj071u0v1l3e23,how many instrumnets are in the image,Counting,Numeric,How many instrumnets are in the image? 0,Numeric,Numeric
Ulcerative Colitis,Where in the image is the anatomical landmark?,none,cla820gmfs5ov071uatt38iru,where in the image is the anatomical landmark,Location,None/NA,Where in the image is the anatomical landmark? none,None/NA,None/NA
Ulcerative Colitis,Are there any instruments in the image? Check all that are present.,none,cla820gl9s42j071ue8yx2zh5,are there any instruments in the image check all that are present,Yes/No,None/NA,Are there any instruments in the image? Check all that are present. none,None/NA,None/NA
Ulcerative Colitis,Where in the image is the instrument?,none,cla820glzs54j071uczlrc08v,where in the image is the instrument,Location,None/NA,Where in the image is the instrument? none,None/NA,None/NA
Ulcerative Colitis,Are there any abnormalities in the image? Check all that are present.,ulcerative colitis,cla820glis4jj071ub5c57d9g,are there any abnormalities in the image check all that are present,Yes/No,Token,Are there any abnormalities in the image? Check all that are present. ulcerative colitis,Token,Token
Ulcerative Colitis,What is the size of the polyp?,none,cla820gm9s5h7071ud7kg0v0m,what is the size of the polyp,Entity,None/NA,What is the size of the polyp? none,None/NA,None/NA
Ulcerative Colitis,Where in the image is the anatomical landmark?,none,cla820gn4s6jb071u969ba8m3,where in the image is the anatomical landmark,Location,None/NA,Where in the image is the anatomical landmark? none,None/NA,None/NA
Ulcerative Colitis,What type of procedure is the image taken from?,colonoscopy,cla820gn3s6i3071u7ohg3qbj,what type of procedure is the image taken from,Entity,Token,What type of procedure is the image taken from? colonoscopy,Token,Token
Ulcerative Colitis,Where in the image is the instrument?,none,cla820gm2s57n071ufhsm9vri,where in the image is the instrument,Location,None/NA,Where in the image is the instrument? none,None/NA,None/NA
Ulcerative Colitis,Are there any abnormalities in the image? Check all that are present.,ulcerative colitis,cla820gles4bv071u0g5iddis,are there any abnormalities in the image check all that are present,Yes/No,Token,Are there any abnormalities in the image? Check all that are present. ulcerative colitis,Token,Token
Ulcerative Colitis,Where in the image is the abnormality?,center; center-left; center-right; lower-center; lower-left; lower-right; upper-center; upper-left; upper-right,cla820glls4n3071ub1dx9cxn,where in the image is the abnormality,Location,List,Where in the image is the abnormality? center; center-left; center-right; lower-center; lower-left; lower-right; upper-center; upper-left; upper-right,List,List
Ulcerative Colitis,What color is the abnormality? If more than one separate with ;,pink; red; white,cla820glxs52j071u46eo0au1,what color is the abnormality if more than one separate with,Color,List,What color is the abnormality? If more than one separate with ; pink; red; white,List,List
Ulcerative Colitis,What color is the abnormality? If more than one separate with ;,pink; red,cla820glws517071u73qm5d88,what color is the abnormality if more than one separate with,Color,List,What color is the abnormality? If more than one separate with ; pink; red,List,List
Ulcerative Colitis,What type of procedure is the image taken from?,colonoscopy,cla820gmas5hr071uh5ftaiov,what type of procedure is the image taken from,Entity,Token,What type of procedure is the image taken from? colonoscopy,Token,Token
Ulcerative Colitis,Are there any anatomical landmarks in the image? Check all that are present.,none,cla820gmgs5p7071u49yd2qp7,are there any anatomical landmarks in the image check all that are present,Yes/No,None/NA,Are there any anatomical landmarks in the image? Check all that are present. none,None/NA,None/NA
Ulcerative Colitis,Are there any abnormalities in the image? Check all that are present.,ulcerative colitis,cla820gn5s6kv071u3g621gv4,are there any abnormalities in the image check all that are present,Yes/No,Token,Are there any abnormalities in the image? Check all that are present. ulcerative colitis,Token,Token
Ulcerative Colitis,What color is the abnormality? If more than one separate with ;,pink; red; white; yellow,cla820gn9s6qv071u23moamvc,what color is the abnormality if more than one separate with,Color,List,What color is the abnormality? If more than one separate with ; pink; red; white; yellow,List,List
Ulcerative Colitis,What is the size of the polyp?,none,cla820glfs4cn071u0m2x8rre,what is the size of the polyp,Entity,None/NA,What is the size of the polyp? none,None/NA,None/NA
Ulcerative Colitis,How many findings are present?,1,cla820glls4nb071u3qtv0ops,how many findings are present,Counting,Numeric,How many findings are present? 1,Numeric,Numeric
Ulcerative Colitis,How many polyps are in the image?,0,cla820gm3s58z071ugcg9by1f,how many polyps are in the image,Counting,Numeric,How many polyps are in the image? 0,Numeric,Numeric
Ulcerative Colitis,How many findings are present?,1,cla820glqs4u7071u4pgn24jp,how many findings are present,Counting,Numeric,How many findings are present? 1,Numeric,Numeric
Ulcerative Colitis,Is there text?,yes,cla820gl0s3ob071u5z04bn3r,is there text,Yes/No,Yes/No,Is there text? yes,Yes/No,Yes/No
Ulcerative Colitis,How many polyps are in the image?,0,cla820gm2s587071u5rub5yy5,how many polyps are in the image,Counting,Numeric,How many polyps are in the image? 0,Numeric,Numeric
Ulcerative Colitis,Is there text?,no,cla820glxs51r071ubhx28deg,is there text,Yes/No,Yes/No,Is there text? no,Yes/No,Yes/No
Ulcerative Colitis,Where in the image is the anatomical landmark?,none,cla820gn7s6n7071ud7xg2k8v,where in the image is the anatomical landmark,Location,None/NA,Where in the image is the anatomical landmark? none,None/NA,None/NA
Ulcerative Colitis,Have all polyps been removed?,not relevant,cla820gm3s59f071ucoov917k,have all polyps been removed,Yes/No,Token,Have all polyps been removed? not relevant,Token,Token
Ulcerative Colitis,Where in the image is the abnormality?,center; center-left; center-right; lower-center; lower-right; upper-center; upper-left; upper-right,cla820gl6s3yj071u0108e4le,where in the image is the abnormality,Location,List,Where in the image is the abnormality? center; center-left; center-right; lower-center; lower-right; upper-center; upper-left; upper-right,List,List
Ulcerative Colitis,What color is the abnormality? If more than one separate with ;,pink; red,cla820gmus6a7071u6c1g89eg,what color is the abnormality if more than one separate with,Color,List,What color is the abnormality? If more than one separate with ; pink; red,List,List
Ulcerative Colitis,Is there text?,yes,cla820glls4n7071uew2z0t79,is there text,Yes/No,Yes/No,Is there text? yes,Yes/No,Yes/No
Ulcerative Colitis,How many findings are present?,1,cla820gm6s5cj071ucvqjgfy5,how many findings are present,Counting,Numeric,How many findings are present? 1,Numeric,Numeric
Ulcerative Colitis,Are there any abnormalities in the image? Check all that are present.,ulcerative colitis,cla820gl9s437071u1hztcqh4,are there any abnormalities in the image check all that are present,Yes/No,Token,Are there any abnormalities in the image? Check all that are present. ulcerative colitis,Token,Token
Ulcerative Colitis,Is there a green/black box artefact?,no,cla820gl6s3yn071u1z4u1dh6,is there a green black box artefact,Yes/No,Yes/No,Is there a green/black box artefact? no,Yes/No,Yes/No
Ulcerative Colitis,What color is the abnormality? If more than one separate with ;,pink; red; yellow,cla820gmss677071u0i2h5sav,what color is the abnormality if more than one separate with,Color,List,What color is the abnormality? If more than one separate with ; pink; red; yellow,List,List
Ulcerative Colitis,Where in the image is the abnormality?,center; center-left; center-right; lower-center; lower-left; lower-right; upper-center; upper-left; upper-right,cla820gl9s42j071ue8yx2zh5,where in the image is the abnormality,Location,List,Where in the image is the abnormality? center; center-left; center-right; lower-center; lower-left; lower-right; upper-center; upper-left; upper-right,List,List
Ulcerative Colitis,How many instrumnets are in the image?,0,cla820gn7s6nv071udtpk00fo,how many instrumnets are in the image,Counting,Numeric,How many instrumnets are in the image? 0,Numeric,Numeric
Ulcerative Colitis,Where in the image is the instrument?,none,cla820glks4lf071u6fy1d5ov,where in the image is the instrument,Location,None/NA,Where in the image is the instrument? none,None/NA,None/NA
Ulcerative Colitis,Are there any anatomical landmarks in the image? Check all that are present.,none,cla820gn9s6pv071u36npapxb,are there any anatomical landmarks in the image check all that are present,Yes/No,None/NA,Are there any anatomical landmarks in the image? Check all that are present. none,None/NA,None/NA
Ulcerative Colitis,Where in the image is the abnormality?,center; center-left; center-right; lower-center; lower-left; lower-right; upper-center; upper-left; upper-right,cla820gmis5tb071u8iygepwo,where in the image is the abnormality,Location,List,Where in the image is the abnormality? center; center-left; center-right; lower-center; lower-left; lower-right; upper-center; upper-left; upper-right,List,List
Ulcerative Colitis,Where in the image is the anatomical landmark?,none,cla820gm9s5gz071uaot51f4q,where in the image is the anatomical landmark,Location,None/NA,Where in the image is the anatomical landmark? none,None/NA,None/NA
Ulcerative Colitis,What type of procedure is the image taken from?,colonoscopy,cla820glas44n071u28gw6bch,what type of procedure is the image taken from,Entity,Token,What type of procedure is the image taken from? colonoscopy,Token,Token
Ulcerative Colitis,Where in the image is the instrument?,none,cla820gl6s3x3071uh76zg7uy,where in the image is the instrument,Location,None/NA,Where in the image is the instrument? none,None/NA,None/NA
Ulcerative Colitis,Are there any anatomical landmarks in the image? Check all that are present.,none,cla820gl5s3w3071u2e1ub3zb,are there any anatomical landmarks in the image check all that are present,Yes/No,None/NA,Are there any anatomical landmarks in the image? Check all that are present. none,None/NA,None/NA
Ulcerative Colitis,Are there any instruments in the image? Check all that are present.,none,cla820glis4jf071u1vl5gjhg,are there any instruments in the image check all that are present,Yes/No,None/NA,Are there any instruments in the image? Check all that are present. none,None/NA,None/NA
Ulcerative Colitis,Where in the image is the instrument?,none,cla820glls4nf071u5311ciqa,where in the image is the instrument,Location,None/NA,Where in the image is the instrument? none,None/NA,None/NA
Ulcerative Colitis,How many polyps are in the image?,0,cla820glms4on071u537d43p2,how many polyps are in the image,Counting,Numeric,How many polyps are in the image? 0,Numeric,Numeric
Ulcerative Colitis,Is this finding easy to detect?,yes,cla820gles4az071u42vp9mmx,is this finding easy to detect,Yes/No,Yes/No,Is this finding easy to detect? yes,Yes/No,Yes/No
Ulcerative Colitis,Are there any anatomical landmarks in the image? Check all that are present.,none,cla820glhs4hn071u98a08qev,are there any anatomical landmarks in the image check all that are present,Yes/No,None/NA,Are there any anatomical landmarks in the image? Check all that are present. none,None/NA,None/NA
Ulcerative Colitis,Where in the image is the anatomical landmark?,none,cla820gmns61f071u6gto6o0y,where in the image is the anatomical landmark,Location,None/NA,Where in the image is the anatomical landmark? none,None/NA,None/NA
Ulcerative Colitis,What color is the abnormality? If more than one separate with ;,pink; red; yellow; white,cla820glxs527071u2rngfl7r,what color is the abnormality if more than one separate with,Color,List,What color is the abnormality? If more than one separate with ; pink; red; yellow; white,List,List
Ulcerative Colitis,What is the size of the polyp?,none,cla820gl8s41n071uanbv7xro,what is the size of the polyp,Entity,None/NA,What is the size of the polyp? none,None/NA,None/NA
Ulcerative Colitis,Where in the image is the instrument?,none,cla820gm9s5g3071u29zr9o3n,where in the image is the instrument,Location,None/NA,Where in the image is the instrument? none,None/NA,None/NA
Ulcerative Colitis,Have all polyps been removed?,not relevant,cla820glfs4cj071u5kek6b66,have all polyps been removed,Yes/No,Token,Have all polyps been removed? not relevant,Token,Token
Ulcerative Colitis,Is there text?,yes,cla820gm1s56r071u92oy36ol,is there text,Yes/No,Yes/No,Is there text? yes,Yes/No,Yes/No
Ulcerative Colitis,How many polyps are in the image?,0,cla820gl2s3qb071u5u6c3vmq,how many polyps are in the image,Counting,Numeric,How many polyps are in the image? 0,Numeric,Numeric
Ulcerative Colitis,How many polyps are in the image?,0,cla820glis4j3071u0zef4fft,how many polyps are in the image,Counting,Numeric,How many polyps are in the image? 0,Numeric,Numeric
Ulcerative Colitis,Is there text?,yes,cla820glss4wr071u9rbsg5ki,is there text,Yes/No,Yes/No,Is there text? yes,Yes/No,Yes/No
Ulcerative Colitis,Have all polyps been removed?,not relevant,cla820gmbs5jb071u783p16d5,have all polyps been removed,Yes/No,Token,Have all polyps been removed? not relevant,Token,Token
Ulcerative Colitis,Is this finding easy to detect?,yes,cla820glss4wf071u3tu616sq,is this finding easy to detect,Yes/No,Yes/No,Is this finding easy to detect? yes,Yes/No,Yes/No
Ulcerative Colitis,Is this finding easy to detect?,yes,cla820gmrs66j071uaka934t9,is this finding easy to detect,Yes/No,Yes/No,Is this finding easy to detect? yes,Yes/No,Yes/No
Ulcerative Colitis,What is the size of the polyp?,none,cla820glcs48v071u663z6ysx,what is the size of the polyp,Entity,None/NA,What is the size of the polyp? none,None/NA,None/NA
Ulcerative Colitis,What type of procedure is the image taken from?,colonoscopy,cla820glns4pf071uaocdg34x,what type of procedure is the image taken from,Entity,Token,What type of procedure is the image taken from? colonoscopy,Token,Token
Ulcerative Colitis,Are there any anatomical landmarks in the image? Check all that are present.,cecum,cla820glss4wv071u9ine5505,are there any anatomical landmarks in the image check all that are present,Yes/No,Token,Are there any anatomical landmarks in the image? Check all that are present. cecum,Token,Token
Ulcerative Colitis,Are there any abnormalities in the image? Check all that are present.,ulcerative colitis,cla820gmhs5rz071u2pbpd86q,are there any abnormalities in the image check all that are present,Yes/No,Token,Are there any abnormalities in the image? Check all that are present. ulcerative colitis,Token,Token
Ulcerative Colitis,Have all polyps been removed?,not relevant,cla820gn9s6q7071u0z5ifasv,have all polyps been removed,Yes/No,Token,Have all polyps been removed? not relevant,Token,Token
Ulcerative Colitis,What type of polyp is present?,none,cla820gl7s40b071u50jx6183,what type of polyp is present,Entity,None/NA,What type of polyp is present? none,None/NA,None/NA
Ulcerative Colitis,What type of procedure is the image taken from?,colonoscopy,cla820gn5s6l3071ugdoc9ujy,what type of procedure is the image taken from,Entity,Token,What type of procedure is the image taken from? colonoscopy,Token,Token
Ulcerative Colitis,Is there a green/black box artefact?,no,cla820gmss67v071u9gz1h8q9,is there a green black box artefact,Yes/No,Yes/No,Is there a green/black box artefact? no,Yes/No,Yes/No
Ulcerative Colitis,Are there any anatomical landmarks in the image? Check all that are present.,none,cla820glps4sb071ueih8gy1f,are there any anatomical landmarks in the image check all that are present,Yes/No,None/NA,Are there any anatomical landmarks in the image? Check all that are present. none,None/NA,None/NA
Ulcerative Colitis,How many findings are present?,1,cla820glys53j071u5tsm31dz,how many findings are present,Counting,Numeric,How many findings are present? 1,Numeric,Numeric
Ulcerative Colitis,Where in the image is the abnormality?,center; center-left; center-right; lower-center; lower-left; lower-right; upper-center; upper-left; upper-right,cla820glys53f071ubs63f5yi,where in the image is the abnormality,Location,List,Where in the image is the abnormality? center; center-left; center-right; lower-center; lower-left; lower-right; upper-center; upper-left; upper-right,List,List
Ulcerative Colitis,What is the size of the polyp?,none,cla820gl8s41r071uhqlybr1o,what is the size of the polyp,Entity,None/NA,What is the size of the polyp? none,None/NA,None/NA
Ulcerative Colitis,Are there any anatomical landmarks in the image? Check all that are present.,none,cla820gmys6g7071u8l31egq9,are there any anatomical landmarks in the image check all that are present,Yes/No,None/NA,Are there any anatomical landmarks in the image? Check all that are present. none,None/NA,None/NA
Ulcerative Colitis,Are there any anatomical landmarks in the image? Check all that are present.,none,cla820gm8s5f3071ugiqd2fod,are there any anatomical landmarks in the image check all that are present,Yes/No,None/NA,Are there any anatomical landmarks in the image? Check all that are present. none,None/NA,None/NA
Ulcerative Colitis,Is this finding easy to detect?,yes,cla820gm6s5cb071u6dbacwxh,is this finding easy to detect,Yes/No,Yes/No,Is this finding easy to detect? yes,Yes/No,Yes/No
Ulcerative Colitis,Is there text?,yes,cla820gmbs5jr071u0j9f6bnj,is there text,Yes/No,Yes/No,Is there text? yes,Yes/No,Yes/No
Ulcerative Colitis,Where in the image is the abnormality?,center; center-left; center-right; lower-center; lower-right; upper-center; upper-left; upper-right,cla820gm1s56z071uejuucfjw,where in the image is the abnormality,Location,List,Where in the image is the abnormality? center; center-left; center-right; lower-center; lower-right; upper-center; upper-left; upper-right,List,List
Ulcerative Colitis,Is this finding easy to detect?,yes,cla820glfs4db071u3kfi3wqj,is this finding easy to detect,Yes/No,Yes/No,Is this finding easy to detect? yes,Yes/No,Yes/No
Ulcerative Colitis,Is this finding easy to detect?,no,cla820glss4wj071udhz7hr32,is this finding easy to detect,Yes/No,Yes/No,Is this finding easy to detect? no,Yes/No,Token
Ulcerative Colitis,Are there any abnormalities in the image? Check all that are present.,ulcerative colitis,cla820gmps64b071u1y023dw7,are there any abnormalities in the image check all that are present,Yes/No,Token,Are there any abnormalities in the image? Check all that are present. ulcerative colitis,Token,Token
Ulcerative Colitis,Is this finding easy to detect?,yes,cla820gmls5xr071uhyv8887o,is this finding easy to detect,Yes/No,Yes/No,Is this finding easy to detect? yes,Yes/No,Yes/No
Ulcerative Colitis,Where in the image is the instrument?,none,cla820gmps647071u1ctnfhp0,where in the image is the instrument,Location,None/NA,Where in the image is the instrument? none,None/NA,None/NA
Ulcerative Colitis,How many instrumnets are in the image?,0,cla820glds4an071ucysb3w23,how many instrumnets are in the image,Counting,Numeric,How many instrumnets are in the image? 0,Numeric,Numeric
Ulcerative Colitis,How many instrumnets are in the image?,0,cla820glus4yj071udps24xeu,how many instrumnets are in the image,Counting,Numeric,How many instrumnets are in the image? 0,Numeric,Numeric
Ulcerative Colitis,Are there any abnormalities in the image? Check all that are present.,ulcerative colitis,cla820glhs4hb071u8ksn6l73,are there any abnormalities in the image check all that are present,Yes/No,Token,Are there any abnormalities in the image? Check all that are present. ulcerative colitis,Token,Token
Ulcerative Colitis,Where in the image is the instrument?,none,cla820glus4y7071u0i1774qp,where in the image is the instrument,Location,None/NA,Where in the image is the instrument? none,None/NA,None/NA
Ulcerative Colitis,What color is the abnormality? If more than one separate with ;,pink; red; yellow; black,cla820gmhs5rz071u2pbpd86q,what color is the abnormality if more than one separate with,Color,List,What color is the abnormality? If more than one separate with ; pink; red; yellow; black,List,List
Ulcerative Colitis,Where in the image is the abnormality?,center; center-left; center-right; lower-center; lower-right; upper-center; upper-left; upper-right,cla820gmbs5iz071u8fnyfshw,where in the image is the abnormality,Location,List,Where in the image is the abnormality? center; center-left; center-right; lower-center; lower-right; upper-center; upper-left; upper-right,List,List
Ulcerative Colitis,Where in the image is the anatomical landmark?,none,cla820gmxs6ez071ug5c7c9hd,where in the image is the anatomical landmark,Location,None/NA,Where in the image is the anatomical landmark? none,None/NA,None/NA
Ulcerative Colitis,What type of polyp is present?,none,cla820gl3s3sr071uc4152r95,what type of polyp is present,Entity,None/NA,What type of polyp is present? none,None/NA,None/NA
Ulcerative Colitis,Are there any abnormalities in the image? Check all that are present.,ulcerative colitis,cla820gm8s5fj071u2tqu57bx,are there any abnormalities in the image check all that are present,Yes/No,Token,Are there any abnormalities in the image? Check all that are present. ulcerative colitis,Token,Token
Ulcerative Colitis,Where in the image is the instrument?,none,cla820glcs47v071u0n7i11qa,where in the image is the instrument,Location,None/NA,Where in the image is the instrument? none,None/NA,None/NA
Ulcerative Colitis,How many polyps are in the image?,0,cla820gmts69r071u43ysgnkv,how many polyps are in the image,Counting,Numeric,How many polyps are in the image? 0,Numeric,Numeric
Ulcerative Colitis,What is the size of the polyp?,none,cla820glis4j7071u8wd17ygy,what is the size of the polyp,Entity,None/NA,What is the size of the polyp? none,None/NA,None/NA
Ulcerative Colitis,What type of procedure is the image taken from?,colonoscopy,cla820gl6s3xj071uafbo0i5s,what type of procedure is the image taken from,Entity,Token,What type of procedure is the image taken from? colonoscopy,Token,Token
Ulcerative Colitis,Are there any instruments in the image? Check all that are present.,none,cla820gn9s6qj071u0dyq6axe,are there any instruments in the image check all that are present,Yes/No,None/NA,Are there any instruments in the image? Check all that are present. none,None/NA,None/NA
Ulcerative Colitis,Where in the image is the anatomical landmark?,none,cla820gn4s6jv071u2uaj0y9r,where in the image is the anatomical landmark,Location,None/NA,Where in the image is the anatomical landmark? none,None/NA,None/NA
Ulcerative Colitis,What color is the abnormality? If more than one separate with ;,pink; red,cla820gljs4k3071u70un91au,what color is the abnormality if more than one separate with,Color,List,What color is the abnormality? If more than one separate with ; pink; red,List,List
Ulcerative Colitis,Are there any anatomical landmarks in the image? Check all that are present.,none,cla820gmis5sb071u1rhdgg2r,are there any anatomical landmarks in the image check all that are present,Yes/No,None/NA,Are there any anatomical landmarks in the image? Check all that are present. none,None/NA,None/NA
Ulcerative Colitis,How many polyps are in the image?,0,cla820gmys6fn071uf4cp0f8g,how many polyps are in the image,Counting,Numeric,How many polyps are in the image? 0,Numeric,Numeric
Ulcerative Colitis,What type of procedure is the image taken from?,colonoscopy,cla820gm9s5h7071ud7kg0v0m,what type of procedure is the image taken from,Entity,Token,What type of procedure is the image taken from? colonoscopy,Token,Token
Ulcerative Colitis,Is there a green/black box artefact?,yes,cla820glds4a3071uh8e7cjrw,is there a green black box artefact,Yes/No,Yes/No,Is there a green/black box artefact? yes,Yes/No,Yes/No
Ulcerative Colitis,Where in the image is the instrument?,none,cla820gmys6fr071u7gmn1lkl,where in the image is the instrument,Location,None/NA,Where in the image is the instrument? none,None/NA,None/NA
Ulcerative Colitis,What type of procedure is the image taken from?,colonoscopy,cla820gmas5i3071u7q9ra7of,what type of procedure is the image taken from,Entity,Token,What type of procedure is the image taken from? colonoscopy,Token,Token
Ulcerative Colitis,Where in the image is the instrument?,none,cla820glhs4h3071udw551juj,where in the image is the instrument,Location,None/NA,Where in the image is the instrument? none,None/NA,None/NA
Ulcerative Colitis,Are there any instruments in the image? Check all that are present.,none,cla820glis4iz071u0w216ekw,are there any instruments in the image check all that are present,Yes/No,None/NA,Are there any instruments in the image? Check all that are present. none,None/NA,None/NA
Ulcerative Colitis,Are there any abnormalities in the image? Check all that are present.,ulcerative colitis,cla820gl4s3v3071uf47na29u,are there any abnormalities in the image check all that are present,Yes/No,Token,Are there any abnormalities in the image? Check all that are present. ulcerative colitis,Token,Token
Ulcerative Colitis,Are there any anatomical landmarks in the image? Check all that are present.,none,cla820gmqs65n071u0wmf7n3d,are there any anatomical landmarks in the image check all that are present,Yes/No,None/NA,Are there any anatomical landmarks in the image? Check all that are present. none,None/NA,None/NA
Ulcerative Colitis,Where in the image is the anatomical landmark?,none,cla820gm6s5cv071u72qtfz4h,where in the image is the anatomical landmark,Location,None/NA,Where in the image is the anatomical landmark? none,None/NA,None/NA
Ulcerative Colitis,Is there a green/black box artefact?,no,cla820gm4s5ar071u8dv39r4f,is there a green black box artefact,Yes/No,Yes/No,Is there a green/black box artefact? no,Yes/No,Yes/No
Ulcerative Colitis,Are there any instruments in the image? Check all that are present.,none,cla820glss4wf071u3tu616sq,are there any instruments in the image check all that are present,Yes/No,None/NA,Are there any instruments in the image? Check all that are present. none,None/NA,None/NA
Ulcerative Colitis,Is this finding easy to detect?,yes,cla820gmis5tj071ub7blex4q,is this finding easy to detect,Yes/No,Yes/No,Is this finding easy to detect? yes,Yes/No,Yes/No
Ulcerative Colitis,What type of procedure is the image taken from?,colonoscopy,cla820gn4s6jf071u812y5qtt,what type of procedure is the image taken from,Entity,Token,What type of procedure is the image taken from? colonoscopy,Token,Token
Ulcerative Colitis,How many instrumnets are in the image?,0,cla820gmis5sz071u81qe9qny,how many instrumnets are in the image,Counting,Numeric,How many instrumnets are in the image? 0,Numeric,Numeric
Ulcerative Colitis,Is this finding easy to detect?,yes,cla820glos4qz071u3xorao72,is this finding easy to detect,Yes/No,Yes/No,Is this finding easy to detect? yes,Yes/No,Yes/No
Ulcerative Colitis,Are there any instruments in the image? Check all that are present.,none,cla820gn5s6kv071u3g621gv4,are there any instruments in the image check all that are present,Yes/No,None/NA,Are there any instruments in the image? Check all that are present. none,None/NA,None/NA
Ulcerative Colitis,Where in the image is the anatomical landmark?,none,cla820gmts693071u5i4j8mqk,where in the image is the anatomical landmark,Location,None/NA,Where in the image is the anatomical landmark? none,None/NA,None/NA
Ulcerative Colitis,What color is the abnormality? If more than one separate with ;,pink; white,cla820gm3s58v071u2hykeacd,what color is the abnormality if more than one separate with,Color,List,What color is the abnormality? If more than one separate with ; pink; white,List,List
Ulcerative Colitis,Are there any anatomical landmarks in the image? Check all that are present.,none,cla820glbs46n071ua70ae1yb,are there any anatomical landmarks in the image check all that are present,Yes/No,None/NA,Are there any anatomical landmarks in the image? Check all that are present. none,None/NA,None/NA
Ulcerative Colitis,Where in the image is the instrument?,none,cla820glhs4h7071ufsvccrv7,where in the image is the instrument,Location,None/NA,Where in the image is the instrument? none,None/NA,None/NA
Ulcerative Colitis,Is this finding easy to detect?,yes,cla820gl3s3rv071u464g37xw,is this finding easy to detect,Yes/No,Yes/No,Is this finding easy to detect? yes,Yes/No,Yes/No
Ulcerative Colitis,What type of polyp is present?,none,cla820glxs523071uc2xq43by,what type of polyp is present,Entity,None/NA,What type of polyp is present? none,None/NA,None/NA
Ulcerative Colitis,Where in the image is the anatomical landmark?,center-left; upper-left,cla820glrs4vf071u1j3n0v9l,where in the image is the anatomical landmark,Location,List,Where in the image is the anatomical landmark? center-left; upper-left,List,List
Ulcerative Colitis,Where in the image is the abnormality?,center; center-left; center-right; lower-center; lower-left; lower-right; upper-center; upper-left; upper-right,cla820gmks5w7071u5fdseyx2,where in the image is the abnormality,Location,List,Where in the image is the abnormality? center; center-left; center-right; lower-center; lower-left; lower-right; upper-center; upper-left; upper-right,List,List
Ulcerative Colitis,What color is the abnormality? If more than one separate with ;,pink; red,cla820gl0s3nv071u4fgd7xgq,what color is the abnormality if more than one separate with,Color,List,What color is the abnormality? If more than one separate with ; pink; red,List,List
Ulcerative Colitis,Have all polyps been removed?,not relevant,cla820gm4s5ar071u8dv39r4f,have all polyps been removed,Yes/No,Token,Have all polyps been removed? not relevant,Token,Token
Ulcerative Colitis,Where in the image is the anatomical landmark?,none,cla820gn4s6k3071u09h0775w,where in the image is the anatomical landmark,Location,None/NA,Where in the image is the anatomical landmark? none,None/NA,None/NA
Ulcerative Colitis,What type of procedure is the image taken from?,colonoscopy,cla820gles4bz071u8fr012hd,what type of procedure is the image taken from,Entity,Token,What type of procedure is the image taken from? colonoscopy,Token,Token
Ulcerative Colitis,Is there text?,yes,cla820glys537071u1anh57fb,is there text,Yes/No,Yes/No,Is there text? yes,Yes/No,Yes/No
Ulcerative Colitis,What is the size of the polyp?,none,cla820gmns60z071uhu19bapy,what is the size of the polyp,Entity,None/NA,What is the size of the polyp? none,None/NA,None/NA
Ulcerative Colitis,How many findings are present?,1,cla820glvs50f071ufkhtf8we,how many findings are present,Counting,Numeric,How many findings are present? 1,Numeric,Numeric
Ulcerative Colitis,Where in the image is the abnormality?,center; center-left; center-right; lower-center; lower-left; lower-right; upper-center; upper-left; upper-right,cla820gmus6b3071u5w72dabp,where in the image is the abnormality,Location,List,Where in the image is the abnormality? center; center-left; center-right; lower-center; lower-left; lower-right; upper-center; upper-left; upper-right,List,List
Ulcerative Colitis,Have all polyps been removed?,not relevant,cla820gmys6f7071u4py0f9we,have all polyps been removed,Yes/No,Token,Have all polyps been removed? not relevant,Token,Token
Ulcerative Colitis,Is there a green/black box artefact?,yes,cla820glms4o7071udkoj0vl4,is there a green black box artefact,Yes/No,Yes/No,Is there a green/black box artefact? yes,Yes/No,Yes/No
Ulcerative Colitis,Where in the image is the instrument?,none,cla820gl7s3z3071u90yh7f7r,where in the image is the instrument,Location,None/NA,Where in the image is the instrument? none,None/NA,None/NA
Ulcerative Colitis,How many instrumnets are in the image?,0,cla820gn8s6or071u786c9nd0,how many instrumnets are in the image,Counting,Numeric,How many instrumnets are in the image? 0,Numeric,Numeric
Ulcerative Colitis,Where in the image is the instrument?,none,cla820glps4sv071udmh87zer,where in the image is the instrument,Location,None/NA,Where in the image is the instrument? none,None/NA,None/NA
Ulcerative Colitis,Where in the image is the abnormality?,center; center-left; center-right; lower-center; lower-left; lower-right; upper-center; upper-left; upper-right,cla820gmrs66j071uaka934t9,where in the image is the abnormality,Location,List,Where in the image is the abnormality? center; center-left; center-right; lower-center; lower-left; lower-right; upper-center; upper-left; upper-right,List,List
Ulcerative Colitis,What is the size of the polyp?,none,cla820gm4s5aj071u7scsdwmm,what is the size of the polyp,Entity,None/NA,What is the size of the polyp? none,None/NA,None/NA
Ulcerative Colitis,Are there any anatomical landmarks in the image? Check all that are present.,none,cla820gmls5xz071u4jk39r9t,are there any anatomical landmarks in the image check all that are present,Yes/No,None/NA,Are there any anatomical landmarks in the image? Check all that are present. none,None/NA,None/NA
Ulcerative Colitis,Have all polyps been removed?,not relevant,cla820glps4sn071u8jz47vj9,have all polyps been removed,Yes/No,Token,Have all polyps been removed? not relevant,Token,Token
Ulcerative Colitis,What type of procedure is the image taken from?,colonoscopy,cla820glis4hz071u07tyhe3a,what type of procedure is the image taken from,Entity,Token,What type of procedure is the image taken from? colonoscopy,Token,Token
Ulcerative Colitis,What color is the abnormality? If more than one separate with ;,pink; red,cla820gm4s5an071u7a4o4mv5,what color is the abnormality if more than one separate with,Color,List,What color is the abnormality? If more than one separate with ; pink; red,List,List
Ulcerative Colitis,Are there any abnormalities in the image? Check all that are present.,ulcerative colitis,cla820gl5s3wv071u32becg92,are there any abnormalities in the image check all that are present,Yes/No,Token,Are there any abnormalities in the image? Check all that are present. ulcerative colitis,Token,Token
Ulcerative Colitis,How many findings are present?,1,cla820gl1s3pj071u0wta8adz,how many findings are present,Counting,Numeric,How many findings are present? 1,Numeric,Numeric
Ulcerative Colitis,Is there text?,yes,cla820glis4jb071u9dny0zkz,is there text,Yes/No,Yes/No,Is there text? yes,Yes/No,Yes/No
Ulcerative Colitis,What type of procedure is the image taken from?,colonoscopy,cla820gl9s42f071ucqtt9qsy,what type of procedure is the image taken from,Entity,Token,What type of procedure is the image taken from? colonoscopy,Token,Token
Ulcerative Colitis,What is the size of the polyp?,none,cla820glhs4hf071uc9p9a8v6,what is the size of the polyp,Entity,None/NA,What is the size of the polyp? none,None/NA,None/NA
Ulcerative Colitis,Are there any abnormalities in the image? Check all that are present.,ulcerative colitis,cla820glvs4zv071u65ys033y,are there any abnormalities in the image check all that are present,Yes/No,Token,Are there any abnormalities in the image? Check all that are present. ulcerative colitis,Token,Token
Ulcerative Colitis,How many instrumnets are in the image?,0,cla820gmys6gb071u28r049um,how many instrumnets are in the image,Counting,Numeric,How many instrumnets are in the image? 0,Numeric,Numeric
Ulcerative Colitis,Is there a green/black box artefact?,no,cla820gmks5vj071udsjyg41r,is there a green black box artefact,Yes/No,Yes/No,Is there a green/black box artefact? no,Yes/No,Yes/No
Ulcerative Colitis,How many instrumnets are in the image?,0,cla820gm1s56r071u92oy36ol,how many instrumnets are in the image,Counting,Numeric,How many instrumnets are in the image? 0,Numeric,Numeric
Ulcerative Colitis,Where in the image is the instrument?,none,cla820gmcs5k7071u5tascyte,where in the image is the instrument,Location,None/NA,Where in the image is the instrument? none,None/NA,None/NA
Ulcerative Colitis,Where in the image is the abnormality?,center; center-left; center-right; lower-center; lower-left; lower-right; upper-center; upper-left,cla820gl9s42v071u1yt3ghov,where in the image is the abnormality,Location,List,Where in the image is the abnormality? center; center-left; center-right; lower-center; lower-left; lower-right; upper-center; upper-left,List,List
Ulcerative Colitis,What color is the abnormality? If more than one separate with ;,pink; red,cla820glus4yr071ucrs636hg,what color is the abnormality if more than one separate with,Color,List,What color is the abnormality? If more than one separate with ; pink; red,List,List
Ulcerative Colitis,Are there any instruments in the image? Check all that are present.,none,cla820glds493071u6bri4kdd,are there any instruments in the image check all that are present,Yes/No,None/NA,Are there any instruments in the image? Check all that are present. none,None/NA,None/NA
Ulcerative Colitis,Where in the image is the instrument?,none,cla820glds49j071uez9p75w9,where in the image is the instrument,Location,None/NA,Where in the image is the instrument? none,None/NA,None/NA
Ulcerative Colitis,Is this finding easy to detect?,yes,cla820gmvs6bz071u3y7hcecb,is this finding easy to detect,Yes/No,Yes/No,Is this finding easy to detect? yes,Yes/No,Yes/No
Ulcerative Colitis,What is the size of the polyp?,none,cla820gmbs5jf071u67p08abp,what is the size of the polyp,Entity,None/NA,What is the size of the polyp? none,None/NA,None/NA
Ulcerative Colitis,Are there any instruments in the image? Check all that are present.,none,cla820gmqs65b071u8uo82ra7,are there any instruments in the image check all that are present,Yes/No,None/NA,Are there any instruments in the image? Check all that are present. none,None/NA,None/NA
Ulcerative Colitis,Is there text?,yes,cla820glqs4tz071udmfo1d5m,is there text,Yes/No,Yes/No,Is there text? yes,Yes/No,Yes/No
Ulcerative Colitis,Are there any abnormalities in the image? Check all that are present.,ulcerative colitis,cla820gmes5nj071u0v1l3e23,are there any abnormalities in the image check all that are present,Yes/No,Token,Are there any abnormalities in the image? Check all that are present. ulcerative colitis,Token,Token
Ulcerative Colitis,Is this finding easy to detect?,yes,cla820glvs4zn071u8dpb59co,is this finding easy to detect,Yes/No,Yes/No,Is this finding easy to detect? yes,Yes/No,Yes/No
Ulcerative Colitis,Have all polyps been removed?,not relevant,cla820glns4pb071u9oqm4npr,have all polyps been removed,Yes/No,Token,Have all polyps been removed? not relevant,Token,Token
Ulcerative Colitis,Is there text?,no,cla820gmfs5oz071u5ihnbhr0,is there text,Yes/No,Yes/No,Is there text? no,Yes/No,Yes/No
Ulcerative Colitis,Where in the image is the abnormality?,center; center-left; center-right; lower-center; lower-left; lower-right; upper-center; upper-left; upper-right,cla820gmws6db071u02pd62n2,where in the image is the abnormality,Location,List,Where in the image is the abnormality? center; center-left; center-right; lower-center; lower-left; lower-right; upper-center; upper-left; upper-right,List,List
Ulcerative Colitis,How many instrumnets are in the image?,0,cla820glis4jn071ubfw9bdud,how many instrumnets are in the image,Counting,Numeric,How many instrumnets are in the image? 0,Numeric,Numeric
Ulcerative Colitis,How many instrumnets are in the image?,0,cla820gles4b3071uf3ys5xf3,how many instrumnets are in the image,Counting,Numeric,How many instrumnets are in the image? 0,Numeric,Numeric
Ulcerative Colitis,What color is the abnormality? If more than one separate with ;,pink; red,cla820glss4w3071u08lkfmgu,what color is the abnormality if more than one separate with,Color,List,What color is the abnormality? If more than one separate with ; pink; red,List,List
Ulcerative Colitis,Are there any abnormalities in the image? Check all that are present.,ulcerative colitis,cla820glss4wj071udhz7hr32,are there any abnormalities in the image check all that are present,Yes/No,Token,Are there any abnormalities in the image? Check all that are present. ulcerative colitis,Token,Token
Ulcerative Colitis,What color is the abnormality? If more than one separate with ;,pink; red,cla820gmos61v071ub165cjhh,what color is the abnormality if more than one separate with,Color,List,What color is the abnormality? If more than one separate with ; pink; red,List,List
Ulcerative Colitis,Where in the image is the abnormality?,center; center-left; center-right; lower-center; lower-left; lower-right; upper-center; upper-left; upper-right,cla820gmas5if071uey8f56yv,where in the image is the abnormality,Location,List,Where in the image is the abnormality? center; center-left; center-right; lower-center; lower-left; lower-right; upper-center; upper-left; upper-right,List,List
Ulcerative Colitis,What type of polyp is present?,none,cla820gn7s6nr071u0onh2amg,what type of polyp is present,Entity,None/NA,What type of polyp is present? none,None/NA,None/NA
Ulcerative Colitis,How many findings are present?,1,cla820gmns60z071uhu19bapy,how many findings are present,Counting,Numeric,How many findings are present? 1,Numeric,Numeric
Ulcerative Colitis,Is this finding easy to detect?,yes,cla820gmss68f071u24pp1gt4,is this finding easy to detect,Yes/No,Yes/No,Is this finding easy to detect? yes,Yes/No,Yes/No
Ulcerative Colitis,How many findings are present?,1,cla820gmts697071u39li2hv7,how many findings are present,Counting,Numeric,How many findings are present? 1,Numeric,Numeric
Ulcerative Colitis,Is there text?,yes,cla820glws50r071ucawv6lg5,is there text,Yes/No,Yes/No,Is there text? yes,Yes/No,Yes/No
Ulcerative Colitis,Where in the image is the anatomical landmark?,center; lower-center,cla820glos4rb071uhwed5mbb,where in the image is the anatomical landmark,Location,List,Where in the image is the anatomical landmark? center; lower-center,List,List
Ulcerative Colitis,Is there text?,yes,cla820gn7s6mz071u3ofuh8bs,is there text,Yes/No,Yes/No,Is there text? yes,Yes/No,Yes/No
Ulcerative Colitis,Where in the image is the abnormality?,center; center-left; center-right; lower-center; lower-right; upper-center; upper-left; upper-right,cla820gmds5lz071uduyzhfb7,where in the image is the abnormality,Location,List,Where in the image is the abnormality? center; center-left; center-right; lower-center; lower-right; upper-center; upper-left; upper-right,List,List
Ulcerative Colitis,Is this finding easy to detect?,yes,cla820glns4p7071ucmxog59s,is this finding easy to detect,Yes/No,Yes/No,Is this finding easy to detect? yes,Yes/No,Yes/No
Ulcerative Colitis,Have all polyps been removed?,not relevant,cla820glvs4zn071u8dpb59co,have all polyps been removed,Yes/No,Token,Have all polyps been removed? not relevant,Token,Token
Ulcerative Colitis,How many polyps are in the image?,0,cla820gm9s5gv071ucr51e9hs,how many polyps are in the image,Counting,Numeric,How many polyps are in the image? 0,Numeric,Numeric
Ulcerative Colitis,What type of polyp is present?,none,cla820glks4lf071u6fy1d5ov,what type of polyp is present,Entity,None/NA,What type of polyp is present? none,None/NA,None/NA
Ulcerative Colitis,Is there a green/black box artefact?,no,cla820glhs4gf071ua2c3a0gs,is there a green black box artefact,Yes/No,Yes/No,Is there a green/black box artefact? no,Yes/No,Yes/No
Ulcerative Colitis,Are there any anatomical landmarks in the image? Check all that are present.,none,cla820gm9s5gz071uaot51f4q,are there any anatomical landmarks in the image check all that are present,Yes/No,None/NA,Are there any anatomical landmarks in the image? Check all that are present. none,None/NA,None/NA
Ulcerative Colitis,Is this finding easy to detect?,yes,cla820gm4s59r071u3r8o1qbf,is this finding easy to detect,Yes/No,Yes/No,Is this finding easy to detect? yes,Yes/No,Yes/No
Ulcerative Colitis,Are there any anatomical landmarks in the image? Check all that are present.,none,cla820gmds5lf071u4j065jwy,are there any anatomical landmarks in the image check all that are present,Yes/No,None/NA,Are there any anatomical landmarks in the image? Check all that are present. none,None/NA,None/NA
Ulcerative Colitis,How many instrumnets are in the image?,0,cla820glzs54r071udfzp9q0y,how many instrumnets are in the image,Counting,Numeric,How many instrumnets are in the image? 0,Numeric,Numeric
Ulcerative Colitis,What color is the abnormality? If more than one separate with ;,pink; red,cla820gmgs5pv071ubu4gcmgh,what color is the abnormality if more than one separate with,Color,List,What color is the abnormality? If more than one separate with ; pink; red,List,List
Ulcerative Colitis,What color is the abnormality? If more than one separate with ;,pink; red; white,cla820glas447071u55ve4t2p,what color is the abnormality if more than one separate with,Color,List,What color is the abnormality? If more than one separate with ; pink; red; white,List,List
Ulcerative Colitis,What type of polyp is present?,none,cla820gl1s3pj071u0wta8adz,what type of polyp is present,Entity,None/NA,What type of polyp is present? none,None/NA,None/NA
Ulcerative Colitis,Have all polyps been removed?,not relevant,cla820gm2s57r071uf58bcj96,have all polyps been removed,Yes/No,Token,Have all polyps been removed? not relevant,Token,Token
Ulcerative Colitis,Are there any instruments in the image? Check all that are present.,none,cla820gl5s3wj071uhfhf8ijv,are there any instruments in the image check all that are present,Yes/No,None/NA,Are there any instruments in the image? Check all that are present. none,None/NA,None/NA
Ulcerative Colitis,What type of procedure is the image taken from?,colonoscopy,cla820glps4tb071u2su05ukg,what type of procedure is the image taken from,Entity,Token,What type of procedure is the image taken from? colonoscopy,Token,Token
Ulcerative Colitis,What type of procedure is the image taken from?,colonoscopy,cla820gmns60n071u3m568jt7,what type of procedure is the image taken from,Entity,Token,What type of procedure is the image taken from? colonoscopy,Token,Token
Ulcerative Colitis,What is the size of the polyp?,none,cla820gn7s6nv071udtpk00fo,what is the size of the polyp,Entity,None/NA,What is the size of the polyp? none,None/NA,None/NA
Ulcerative Colitis,Where in the image is the instrument?,none,cla820glbs46j071u3vje36lt,where in the image is the instrument,Location,None/NA,Where in the image is the instrument? none,None/NA,None/NA
Ulcerative Colitis,Where in the image is the anatomical landmark?,none,cla820gmis5sn071u538x012x,where in the image is the anatomical landmark,Location,None/NA,Where in the image is the anatomical landmark? none,None/NA,None/NA
Ulcerative Colitis,Is there a green/black box artefact?,yes,cla820gm0s56b071ucja7f2bl,is there a green black box artefact,Yes/No,Yes/No,Is there a green/black box artefact? yes,Yes/No,Yes/No
Ulcerative Colitis,What type of polyp is present?,none,cla820glxs527071u2rngfl7r,what type of polyp is present,Entity,None/NA,What type of polyp is present? none,None/NA,None/NA
Ulcerative Colitis,Is this finding easy to detect?,yes,cla820glws51b071u5gzk6x1i,is this finding easy to detect,Yes/No,Yes/No,Is this finding easy to detect? yes,Yes/No,Yes/No
Ulcerative Colitis,What color is the abnormality? If more than one separate with ;,pink; red,cla820gmps64n071ughf3929p,what color is the abnormality if more than one separate with,Color,List,What color is the abnormality? If more than one separate with ; pink; red,List,List
Ulcerative Colitis,What is the size of the polyp?,none,cla820gmns61r071u1iky106v,what is the size of the polyp,Entity,None/NA,What is the size of the polyp? none,None/NA,None/NA
Ulcerative Colitis,Is this finding easy to detect?,yes,cla820glos4qn071u5xdug8zw,is this finding easy to detect,Yes/No,Yes/No,Is this finding easy to detect? yes,Yes/No,Yes/No
Ulcerative Colitis,Where in the image is the abnormality?,center; center-left; center-right; lower-center; lower-left; lower-right; upper-center; upper-left; upper-right,cla820gn9s6q7071u0z5ifasv,where in the image is the abnormality,Location,List,Where in the image is the abnormality? center; center-left; center-right; lower-center; lower-left; lower-right; upper-center; upper-left; upper-right,List,List
Ulcerative Colitis,Are there any instruments in the image? Check all that are present.,none,cla820gn7s6o3071u48ukegv2,are there any instruments in the image check all that are present,Yes/No,None/NA,Are there any instruments in the image? Check all that are present. none,None/NA,None/NA
Ulcerative Colitis,Are there any anatomical landmarks in the image? Check all that are present.,none,cla820gm9s5fz071u2kapfby0,are there any anatomical landmarks in the image check all that are present,Yes/No,None/NA,Are there any anatomical landmarks in the image? Check all that are present. none,None/NA,None/NA
Ulcerative Colitis,Is this finding easy to detect?,yes,cla820gmhs5rf071u2s5f90ry,is this finding easy to detect,Yes/No,Yes/No,Is this finding easy to detect? yes,Yes/No,Yes/No
Ulcerative Colitis,What color is the abnormality? If more than one separate with ;,pink; red; white,cla820gm0s55v071u4c586lps,what color is the abnormality if more than one separate with,Color,List,What color is the abnormality? If more than one separate with ; pink; red; white,List,List
Ulcerative Colitis,Are there any instruments in the image? Check all that are present.,none,cla820gl2s3qj071u9e3efd6z,are there any instruments in the image check all that are present,Yes/No,None/NA,Are there any instruments in the image? Check all that are present. none,None/NA,None/NA
Ulcerative Colitis,Are there any anatomical landmarks in the image? Check all that are present.,none,cla820glms4oz071uccx36y52,are there any anatomical landmarks in the image check all that are present,Yes/No,None/NA,Are there any anatomical landmarks in the image? Check all that are present. none,None/NA,None/NA
Ulcerative Colitis,What color is the abnormality? If more than one separate with ;,pink; red; yellow,cla820gmvs6br071u3o1vggjr,what color is the abnormality if more than one separate with,Color,List,What color is the abnormality? If more than one separate with ; pink; red; yellow,List,List
Ulcerative Colitis,Is there text?,yes,cla820gm0s55f071u8hlqhno2,is there text,Yes/No,Yes/No,Is there text? yes,Yes/No,Yes/No
Ulcerative Colitis,Is there a green/black box artefact?,no,cla820gn8s6pf071u3k5p1n83,is there a green black box artefact,Yes/No,Yes/No,Is there a green/black box artefact? no,Yes/No,Yes/No
Ulcerative Colitis,What type of procedure is the image taken from?,colonoscopy,cla820gl1s3q3071udvtaggoi,what type of procedure is the image taken from,Entity,Token,What type of procedure is the image taken from? colonoscopy,Token,Token
Ulcerative Colitis,Where in the image is the anatomical landmark?,center; center-left,cla820glgs4fn071u5ifkd24r,where in the image is the anatomical landmark,Location,List,Where in the image is the anatomical landmark? center; center-left,List,List
Ulcerative Colitis,Are there any anatomical landmarks in the image? Check all that are present.,none,cla820gmfs5ov071uatt38iru,are there any anatomical landmarks in the image check all that are present,Yes/No,None/NA,Are there any anatomical landmarks in the image? Check all that are present. none,None/NA,None/NA
Ulcerative Colitis,Is there a green/black box artefact?,no,cla820gl4s3u3071u2dfi4v58,is there a green black box artefact,Yes/No,Yes/No,Is there a green/black box artefact? no,Yes/No,Yes/No
Ulcerative Colitis,How many instrumnets are in the image?,0,cla820gmis5tf071u3h5cde18,how many instrumnets are in the image,Counting,Numeric,How many instrumnets are in the image? 0,Numeric,Numeric
Ulcerative Colitis,How many instrumnets are in the image?,0,cla820glos4qf071ucr136se5,how many instrumnets are in the image,Counting,Numeric,How many instrumnets are in the image? 0,Numeric,Numeric
Ulcerative Colitis,How many findings are present?,1,cla820gm4s5ab071u7i219k5t,how many findings are present,Counting,Numeric,How many findings are present? 1,Numeric,Numeric
Ulcerative Colitis,How many findings are present?,1,cla820gm7s5ej071ucq1vab9h,how many findings are present,Counting,Numeric,How many findings are present? 1,Numeric,Numeric
Ulcerative Colitis,Is there a green/black box artefact?,yes,cla820glks4lr071u6gschk16,is there a green black box artefact,Yes/No,Yes/No,Is there a green/black box artefact? yes,Yes/No,Yes/No
Ulcerative Colitis,How many instrumnets are in the image?,0,cla820glhs4gf071ua2c3a0gs,how many instrumnets are in the image,Counting,Numeric,How many instrumnets are in the image? 0,Numeric,Numeric
Ulcerative Colitis,Where in the image is the instrument?,none,cla820gmss68f071u24pp1gt4,where in the image is the instrument,Location,None/NA,Where in the image is the instrument? none,None/NA,None/NA
Ulcerative Colitis,How many instrumnets are in the image?,0,cla820gm4s5af071u73oz3q14,how many instrumnets are in the image,Counting,Numeric,How many instrumnets are in the image? 0,Numeric,Numeric
Ulcerative Colitis,How many instrumnets are in the image?,0,cla820gm3s58n071ucq812p13,how many instrumnets are in the image,Counting,Numeric,How many instrumnets are in the image? 0,Numeric,Numeric
Ulcerative Colitis,Where in the image is the abnormality?,center; center-left; center-right; lower-center; lower-right; upper-center; upper-left; upper-right,cla820gmus6af071u9mfk6o3o,where in the image is the abnormality,Location,List,Where in the image is the abnormality? center; center-left; center-right; lower-center; lower-right; upper-center; upper-left; upper-right,List,List
Ulcerative Colitis,What type of polyp is present?,none,cla820glos4qf071ucr136se5,what type of polyp is present,Entity,None/NA,What type of polyp is present? none,None/NA,None/NA
Ulcerative Colitis,What is the size of the polyp?,none,cla820gm5s5bf071u6yppfvdo,what is the size of the polyp,Entity,None/NA,What is the size of the polyp? none,None/NA,None/NA
Ulcerative Colitis,How many findings are present?,1,cla820gl4s3ub071u7ypd8d4h,how many findings are present,Counting,Numeric,How many findings are present? 1,Numeric,Numeric
Ulcerative Colitis,Have all polyps been removed?,not relevant,cla820gl9s42r071uerl988wi,have all polyps been removed,Yes/No,Token,Have all polyps been removed? not relevant,Token,Token
Ulcerative Colitis,Where in the image is the instrument?,none,cla820gn8s6ov071u3wbifj86,where in the image is the instrument,Location,None/NA,Where in the image is the instrument? none,None/NA,None/NA
Ulcerative Colitis,Where in the image is the abnormality?,center; center-left; center-right; lower-center; lower-left; lower-right; upper-center; upper-left; upper-right,cla820gm6s5cn071u175vd987,where in the image is the abnormality,Location,List,Where in the image is the abnormality? center; center-left; center-right; lower-center; lower-left; lower-right; upper-center; upper-left; upper-right,List,List
Ulcerative Colitis,Where in the image is the abnormality?,center; center-left; center-right; lower-center; lower-right; upper-center; upper-left; upper-right,cla820gmcs5kv071u8tud9ta7,where in the image is the abnormality,Location,List,Where in the image is the abnormality? center; center-left; center-right; lower-center; lower-right; upper-center; upper-left; upper-right,List,List
Ulcerative Colitis,How many findings are present?,1,cla820gn7s6nf071u7txg9xwi,how many findings are present,Counting,Numeric,How many findings are present? 1,Numeric,Numeric
Ulcerative Colitis,How many polyps are in the image?,0,cla820glus4yb071u71nia0yw,how many polyps are in the image,Counting,Numeric,How many polyps are in the image? 0,Numeric,Numeric
Ulcerative Colitis,What type of procedure is the image taken from?,colonoscopy,cla820gmks5vj071udsjyg41r,what type of procedure is the image taken from,Entity,Token,What type of procedure is the image taken from? colonoscopy,Token,Token
Ulcerative Colitis,Is this finding easy to detect?,yes,cla820gm2s58f071ug6yfd155,is this finding easy to detect,Yes/No,Yes/No,Is this finding easy to detect? yes,Yes/No,Yes/No
Ulcerative Colitis,How many findings are present?,1,cla820gmcs5jz071ugaan7799,how many findings are present,Counting,Numeric,How many findings are present? 1,Numeric,Numeric
Ulcerative Colitis,Is there text?,yes,cla820gles4bb071u28nkgev6,is there text,Yes/No,Yes/No,Is there text? yes,Yes/No,Yes/No
Ulcerative Colitis,What is the size of the polyp?,none,cla820gmts69b071uhpl3dyhl,what is the size of the polyp,Entity,None/NA,What is the size of the polyp? none,None/NA,None/NA
Ulcerative Colitis,How many instrumnets are in the image?,0,cla820glhs4hr071uhjwycgv7,how many instrumnets are in the image,Counting,Numeric,How many instrumnets are in the image? 0,Numeric,Numeric
Ulcerative Colitis,What type of procedure is the image taken from?,colonoscopy,cla820glvs4zn071u8dpb59co,what type of procedure is the image taken from,Entity,Token,What type of procedure is the image taken from? colonoscopy,Token,Token
Ulcerative Colitis,How many findings are present?,1,cla820gmjs5uf071u0c8y2918,how many findings are present,Counting,Numeric,How many findings are present? 1,Numeric,Numeric
Ulcerative Colitis,What type of polyp is present?,none,cla820gm1s56z071uejuucfjw,what type of polyp is present,Entity,None/NA,What type of polyp is present? none,None/NA,None/NA
Ulcerative Colitis,What type of polyp is present?,none,cla820gm6s5cv071u72qtfz4h,what type of polyp is present,Entity,None/NA,What type of polyp is present? none,None/NA,None/NA
Ulcerative Colitis,What color is the abnormality? If more than one separate with ;,pink; red; white,cla820glos4qn071u5xdug8zw,what color is the abnormality if more than one separate with,Color,List,What color is the abnormality? If more than one separate with ; pink; red; white,List,List
Ulcerative Colitis,How many findings are present?,1,cla820gmms5zr071ubsmqaxtm,how many findings are present,Counting,Numeric,How many findings are present? 1,Numeric,Numeric
Ulcerative Colitis,Where in the image is the anatomical landmark?,center-right; upper-right,cla820gm5s5bf071u6yppfvdo,where in the image is the anatomical landmark,Location,List,Where in the image is the anatomical landmark? center-right; upper-right,List,List
Ulcerative Colitis,Are there any anatomical landmarks in the image? Check all that are present.,none,cla820gl3s3sz071u3u7aelb1,are there any anatomical landmarks in the image check all that are present,Yes/No,None/NA,Are there any anatomical landmarks in the image? Check all that are present. none,None/NA,None/NA
Ulcerative Colitis,Are there any instruments in the image? Check all that are present.,none,cla820glos4qn071u5xdug8zw,are there any instruments in the image check all that are present,Yes/No,None/NA,Are there any instruments in the image? Check all that are present. none,None/NA,None/NA
Ulcerative Colitis,How many findings are present?,1,cla820gles4b3071uf3ys5xf3,how many findings are present,Counting,Numeric,How many findings are present? 1,Numeric,Numeric
Ulcerative Colitis,What type of procedure is the image taken from?,colonoscopy,cla820gmjs5ub071uhshz8wlc,what type of procedure is the image taken from,Entity,Token,What type of procedure is the image taken from? colonoscopy,Token,Token
Ulcerative Colitis,Where in the image is the anatomical landmark?,none,cla820gl9s43b071u1unh2a0t,where in the image is the anatomical landmark,Location,None/NA,Where in the image is the anatomical landmark? none,None/NA,None/NA
Ulcerative Colitis,Are there any anatomical landmarks in the image? Check all that are present.,none,cla820glxs523071uc2xq43by,are there any anatomical landmarks in the image check all that are present,Yes/No,None/NA,Are there any anatomical landmarks in the image? Check all that are present. none,None/NA,None/NA
Ulcerative Colitis,Where in the image is the abnormality?,center; center-left; center-right; lower-center; lower-left; lower-right; upper-center; upper-left; upper-right,cla820gl4s3u3071u2dfi4v58,where in the image is the abnormality,Location,List,Where in the image is the abnormality? center; center-left; center-right; lower-center; lower-left; lower-right; upper-center; upper-left; upper-right,List,List
Ulcerative Colitis,Are there any anatomical landmarks in the image? Check all that are present.,none,cla820gm4s59z071uc73c9xe5,are there any anatomical landmarks in the image check all that are present,Yes/No,None/NA,Are there any anatomical landmarks in the image? Check all that are present. none,None/NA,None/NA
Ulcerative Colitis,What type of polyp is present?,none,cla820glis4hz071u07tyhe3a,what type of polyp is present,Entity,None/NA,What type of polyp is present? none,None/NA,None/NA
Ulcerative Colitis,What color is the abnormality? If more than one separate with ;,pink; red; white; yellow,cla820gn8s6pn071u98pkb1ku,what color is the abnormality if more than one separate with,Color,List,What color is the abnormality? If more than one separate with ; pink; red; white; yellow,List,List
Ulcerative Colitis,Is there text?,no,cla820glos4rr071u0ozt8mdm,is there text,Yes/No,Yes/No,Is there text? no,Yes/No,Yes/No
Ulcerative Colitis,What color is the abnormality? If more than one separate with ;,pink; red; white; yellow,cla820glds4af071uc0qg6nsg,what color is the abnormality if more than one separate with,Color,List,What color is the abnormality? If more than one separate with ; pink; red; white; yellow,List,List
Ulcerative Colitis,Where in the image is the instrument?,none,cla820gm7s5df071u8qclbgm9,where in the image is the instrument,Location,None/NA,Where in the image is the instrument? none,None/NA,None/NA
Ulcerative Colitis,Is this finding easy to detect?,yes,cla820gn8s6pf071u3k5p1n83,is this finding easy to detect,Yes/No,Yes/No,Is this finding easy to detect? yes,Yes/No,Yes/No
Ulcerative Colitis,What type of polyp is present?,none,cla820gmss67f071ue4myftrq,what type of polyp is present,Entity,None/NA,What type of polyp is present? none,None/NA,None/NA
Ulcerative Colitis,Is there a green/black box artefact?,no,cla820gm3s58r071u0xv040pb,is there a green black box artefact,Yes/No,Yes/No,Is there a green/black box artefact? no,Yes/No,Yes/No
Ulcerative Colitis,Where in the image is the anatomical landmark?,upper-center; upper-left,cla820gmms5zz071uchi02ycl,where in the image is the anatomical landmark,Location,List,Where in the image is the anatomical landmark? upper-center; upper-left,List,List
Ulcerative Colitis,Are there any instruments in the image? Check all that are present.,none,cla820gn4s6jf071u812y5qtt,are there any instruments in the image check all that are present,Yes/No,None/NA,Are there any instruments in the image? Check all that are present. none,None/NA,None/NA
Ulcerative Colitis,Where in the image is the instrument?,none,cla820gmks5wv071u35op55hi,where in the image is the instrument,Location,None/NA,Where in the image is the instrument? none,None/NA,None/NA
Ulcerative Colitis,Are there any anatomical landmarks in the image? Check all that are present.,none,cla820gl4s3u3071u2dfi4v58,are there any anatomical landmarks in the image check all that are present,Yes/No,None/NA,Are there any anatomical landmarks in the image? Check all that are present. none,None/NA,None/NA
Ulcerative Colitis,Where in the image is the abnormality?,center; center-left; center-right; lower-center; lower-left; lower-right; upper-center; upper-left; upper-right,cla820glhs4h7071ufsvccrv7,where in the image is the abnormality,Location,List,Where in the image is the abnormality? center; center-left; center-right; lower-center; lower-left; lower-right; upper-center; upper-left; upper-right,List,List
Ulcerative Colitis,How many polyps are in the image?,0,cla820gl5s3wr071uaumg6d7n,how many polyps are in the image,Counting,Numeric,How many polyps are in the image? 0,Numeric,Numeric
Ulcerative Colitis,How many instrumnets are in the image?,0,cla820gljs4kv071ugpko5fhz,how many instrumnets are in the image,Counting,Numeric,How many instrumnets are in the image? 0,Numeric,Numeric
Ulcerative Colitis,What type of procedure is the image taken from?,colonoscopy,cla820glos4rj071u0hew2srm,what type of procedure is the image taken from,Entity,Token,What type of procedure is the image taken from? colonoscopy,Token,Token
Ulcerative Colitis,What type of polyp is present?,none,cla820gl5s3wv071u32becg92,what type of polyp is present,Entity,None/NA,What type of polyp is present? none,None/NA,None/NA
Ulcerative Colitis,Is this finding easy to detect?,yes,cla820glrs4uv071u49oceotk,is this finding easy to detect,Yes/No,Yes/No,Is this finding easy to detect? yes,Yes/No,Yes/No
Ulcerative Colitis,Are there any abnormalities in the image? Check all that are present.,ulcerative colitis,cla820glgs4fb071ufpu576g9,are there any abnormalities in the image check all that are present,Yes/No,Token,Are there any abnormalities in the image? Check all that are present. ulcerative colitis,Token,Token
Ulcerative Colitis,Is there text?,yes,cla820gmks5wv071u35op55hi,is there text,Yes/No,Yes/No,Is there text? yes,Yes/No,Yes/No
Ulcerative Colitis,What type of polyp is present?,none,cla820glzs54n071u2ojhbs6l,what type of polyp is present,Entity,None/NA,What type of polyp is present? none,None/NA,None/NA
Ulcerative Colitis,What color is the abnormality? If more than one separate with ;,pink; red; white,cla820gl8s41n071uanbv7xro,what color is the abnormality if more than one separate with,Color,List,What color is the abnormality? If more than one separate with ; pink; red; white,List,List
Ulcerative Colitis,What type of polyp is present?,none,cla820glzs553071uemsm11ip,what type of polyp is present,Entity,None/NA,What type of polyp is present? none,None/NA,None/NA
Ulcerative Colitis,Where in the image is the anatomical landmark?,none,cla820gmus6an071ugxsl64ea,where in the image is the anatomical landmark,Location,None/NA,Where in the image is the anatomical landmark? none,None/NA,None/NA
Ulcerative Colitis,How many polyps are in the image?,0,cla820glos4r3071u3sp7523c,how many polyps are in the image,Counting,Numeric,How many polyps are in the image? 0,Numeric,Numeric
Ulcerative Colitis,Have all polyps been removed?,not relevant,cla820gn9s6qb071u0fu8c077,have all polyps been removed,Yes/No,Token,Have all polyps been removed? not relevant,Token,Token
Ulcerative Colitis,Is there a green/black box artefact?,no,cla820gmss68n071u4d8yd0cy,is there a green black box artefact,Yes/No,Yes/No,Is there a green/black box artefact? no,Yes/No,Yes/No
Ulcerative Colitis,Are there any anatomical landmarks in the image? Check all that are present.,none,cla820glps4sf071u3ckud9nv,are there any anatomical landmarks in the image check all that are present,Yes/No,None/NA,Are there any anatomical landmarks in the image? Check all that are present. none,None/NA,None/NA
Ulcerative Colitis,Is there a green/black box artefact?,no,cla820gl8s40z071u0iu04nv7,is there a green black box artefact,Yes/No,Yes/No,Is there a green/black box artefact? no,Yes/No,Yes/No
Ulcerative Colitis,Are there any abnormalities in the image? Check all that are present.,ulcerative colitis,cla820gn6s6mn071u60h6fss6,are there any abnormalities in the image check all that are present,Yes/No,Token,Are there any abnormalities in the image? Check all that are present. ulcerative colitis,Token,Token
Ulcerative Colitis,How many findings are present?,1,cla820gl3s3rz071uct37bliv,how many findings are present,Counting,Numeric,How many findings are present? 1,Numeric,Numeric
Ulcerative Colitis,Is there a green/black box artefact?,no,cla820glus4z7071u8ibo003f,is there a green black box artefact,Yes/No,Yes/No,Is there a green/black box artefact? no,Yes/No,Yes/No
Ulcerative Colitis,What type of procedure is the image taken from?,colonoscopy,cla820glcs48j071u0z8kelgt,what type of procedure is the image taken from,Entity,Token,What type of procedure is the image taken from? colonoscopy,Token,Token
Ulcerative Colitis,Are there any instruments in the image? Check all that are present.,none,cla820gl3s3t3071udcwfd8g1,are there any instruments in the image check all that are present,Yes/No,None/NA,Are there any instruments in the image? Check all that are present. none,None/NA,None/NA
Ulcerative Colitis,What color is the abnormality? If more than one separate with ;,pink; red; white,cla820glds4aj071u7k0ec1xd,what color is the abnormality if more than one separate with,Color,List,What color is the abnormality? If more than one separate with ; pink; red; white,List,List
Ulcerative Colitis,Have all polyps been removed?,not relevant,cla820gmas5i3071u7q9ra7of,have all polyps been removed,Yes/No,Token,Have all polyps been removed? not relevant,Token,Token
Ulcerative Colitis,Are there any anatomical landmarks in the image? Check all that are present.,none,cla820gl2s3qb071u5u6c3vmq,are there any anatomical landmarks in the image check all that are present,Yes/No,None/NA,Are there any anatomical landmarks in the image? Check all that are present. none,None/NA,None/NA
Ulcerative Colitis,Have all polyps been removed?,not relevant,cla820gmps63n071ue5uwf4q5,have all polyps been removed,Yes/No,Token,Have all polyps been removed? not relevant,Token,Token
Ulcerative Colitis,How many instrumnets are in the image?,0,cla820gl2s3rj071u5pabhsg1,how many instrumnets are in the image,Counting,Numeric,How many instrumnets are in the image? 0,Numeric,Numeric
Ulcerative Colitis,What type of polyp is present?,none,cla820gmvs6c7071u67zzc336,what type of polyp is present,Entity,None/NA,What type of polyp is present? none,None/NA,None/NA
Ulcerative Colitis,What is the size of the polyp?,none,cla820gl4s3uj071u8so1gxth,what is the size of the polyp,Entity,None/NA,What is the size of the polyp? none,None/NA,None/NA
Ulcerative Colitis,What color is the abnormality? If more than one separate with ;,pink; red; white,cla820glhs4gr071u8ww4c6gf,what color is the abnormality if more than one separate with,Color,List,What color is the abnormality? If more than one separate with ; pink; red; white,List,List
Ulcerative Colitis,Are there any abnormalities in the image? Check all that are present.,ulcerative colitis,cla820glbs46z071ue1ct0nh8,are there any abnormalities in the image check all that are present,Yes/No,Token,Are there any abnormalities in the image? Check all that are present. ulcerative colitis,Token,Token
Ulcerative Colitis,Where in the image is the anatomical landmark?,none,cla820glds49f071uelg59ub0,where in the image is the anatomical landmark,Location,None/NA,Where in the image is the anatomical landmark? none,None/NA,None/NA
Ulcerative Colitis,How many findings are present?,1,cla820glfs4dj071u1y9ba7ic,how many findings are present,Counting,Numeric,How many findings are present? 1,Numeric,Numeric
Ulcerative Colitis,Where in the image is the abnormality?,center; center-left; center-right; lower-center; lower-left; lower-right; upper-center; upper-left; upper-right,cla820gmas5hn071u5m0l1bk6,where in the image is the abnormality,Location,List,Where in the image is the abnormality? center; center-left; center-right; lower-center; lower-left; lower-right; upper-center; upper-left; upper-right,List,List
Ulcerative Colitis,Are there any anatomical landmarks in the image? Check all that are present.,none,cla820glws50j071ud36oh1m6,are there any anatomical landmarks in the image check all that are present,Yes/No,None/NA,Are there any anatomical landmarks in the image? Check all that are present. none,None/NA,None/NA
Ulcerative Colitis,Are there any anatomical landmarks in the image? Check all that are present.,cecum,cla820gm4s5aj071u7scsdwmm,are there any anatomical landmarks in the image check all that are present,Yes/No,Token,Are there any anatomical landmarks in the image? Check all that are present. cecum,Token,Token
Ulcerative Colitis,Where in the image is the instrument?,none,cla820gmis5sv071u7zh6hi8k,where in the image is the instrument,Location,None/NA,Where in the image is the instrument? none,None/NA,None/NA
Ulcerative Colitis,What is the size of the polyp?,none,cla820gn5s6kj071uawhg5t93,what is the size of the polyp,Entity,None/NA,What is the size of the polyp? none,None/NA,None/NA
Ulcerative Colitis,Are there any abnormalities in the image? Check all that are present.,ulcerative colitis,cla820gn7s6nb071u382u7155,are there any abnormalities in the image check all that are present,Yes/No,Token,Are there any abnormalities in the image? Check all that are present. ulcerative colitis,Token,Token
Ulcerative Colitis,How many instrumnets are in the image?,0,cla820glws517071u73qm5d88,how many instrumnets are in the image,Counting,Numeric,How many instrumnets are in the image? 0,Numeric,Numeric
Ulcerative Colitis,Where in the image is the instrument?,none,cla820glvs4zf071u1wsq069a,where in the image is the instrument,Location,None/NA,Where in the image is the instrument? none,None/NA,None/NA
Ulcerative Colitis,Have all polyps been removed?,not relevant,cla820gl2s3qj071u9e3efd6z,have all polyps been removed,Yes/No,Token,Have all polyps been removed? not relevant,Token,Token
Ulcerative Colitis,Have all polyps been removed?,not relevant,cla820gmps64f071uanz7g9ta,have all polyps been removed,Yes/No,Token,Have all polyps been removed? not relevant,Token,Token
Ulcerative Colitis,Where in the image is the abnormality?,center; center-left; center-right; lower-center; lower-left; lower-right; upper-center; upper-left; upper-right,cla820gn5s6lb071ugv6jabuo,where in the image is the abnormality,Location,List,Where in the image is the abnormality? center; center-left; center-right; lower-center; lower-left; lower-right; upper-center; upper-left; upper-right,List,List
Ulcerative Colitis,How many findings are present?,1,cla820gljs4jv071uck7ne3gg,how many findings are present,Counting,Numeric,How many findings are present? 1,Numeric,Numeric
Ulcerative Colitis,How many polyps are in the image?,0,cla820glls4nj071uczhd0lu8,how many polyps are in the image,Counting,Numeric,How many polyps are in the image? 0,Numeric,Numeric
Ulcerative Colitis,How many polyps are in the image?,0,cla820glcs48f071uaeot7zw6,how many polyps are in the image,Counting,Numeric,How many polyps are in the image? 0,Numeric,Numeric
Ulcerative Colitis,What type of procedure is the image taken from?,colonoscopy,cla820glps4sr071u1o199ajk,what type of procedure is the image taken from,Entity,Token,What type of procedure is the image taken from? colonoscopy,Token,Token
Ulcerative Colitis,Where in the image is the anatomical landmark?,none,cla820gl6s3xb071ufo9e9qg4,where in the image is the anatomical landmark,Location,None/NA,Where in the image is the anatomical landmark? none,None/NA,None/NA
Ulcerative Colitis,Are there any instruments in the image? Check all that are present.,none,cla820glms4oj071uf2agdqy3,are there any instruments in the image check all that are present,Yes/No,None/NA,Are there any instruments in the image? Check all that are present. none,None/NA,None/NA
Ulcerative Colitis,What type of procedure is the image taken from?,colonoscopy,cla820gmts69r071u43ysgnkv,what type of procedure is the image taken from,Entity,Token,What type of procedure is the image taken from? colonoscopy,Token,Token
Ulcerative Colitis,Are there any instruments in the image? Check all that are present.,none,cla820gmis5tb071u8iygepwo,are there any instruments in the image check all that are present,Yes/No,None/NA,Are there any instruments in the image? Check all that are present. none,None/NA,None/NA
Ulcerative Colitis,What type of procedure is the image taken from?,colonoscopy,cla820gmss67j071uaqp2dhsa,what type of procedure is the image taken from,Entity,Token,What type of procedure is the image taken from? colonoscopy,Token,Token
Ulcerative Colitis,Where in the image is the instrument?,none,cla820glrs4vr071u5ll2ej77,where in the image is the instrument,Location,None/NA,Where in the image is the instrument? none,None/NA,None/NA
Ulcerative Colitis,What type of procedure is the image taken from?,colonoscopy,cla820gl6s3xv071u8lpe4sj3,what type of procedure is the image taken from,Entity,Token,What type of procedure is the image taken from? colonoscopy,Token,Token
Ulcerative Colitis,Are there any abnormalities in the image? Check all that are present.,ulcerative colitis,cla820gmqs64z071udouv858a,are there any abnormalities in the image check all that are present,Yes/No,Token,Are there any abnormalities in the image? Check all that are present. ulcerative colitis,Token,Token
Ulcerative Colitis,What type of procedure is the image taken from?,colonoscopy,cla820glds49j071uez9p75w9,what type of procedure is the image taken from,Entity,Token,What type of procedure is the image taken from? colonoscopy,Token,Token
Ulcerative Colitis,How many instrumnets are in the image?,0,cla820gmks5w7071u5fdseyx2,how many instrumnets are in the image,Counting,Numeric,How many instrumnets are in the image? 0,Numeric,Numeric
Ulcerative Colitis,Is there a green/black box artefact?,no,cla820glis4jn071ubfw9bdud,is there a green black box artefact,Yes/No,Yes/No,Is there a green/black box artefact? no,Yes/No,Yes/No
Ulcerative Colitis,What color is the abnormality? If more than one separate with ;,pink; red; white,cla820gl3s3t3071udcwfd8g1,what color is the abnormality if more than one separate with,Color,List,What color is the abnormality? If more than one separate with ; pink; red; white,List,List
Ulcerative Colitis,Is there text?,yes,cla820gmgs5q3071udmfyendc,is there text,Yes/No,Yes/No,Is there text? yes,Yes/No,Yes/No
Ulcerative Colitis,How many findings are present?,1,cla820gm0s55f071u8hlqhno2,how many findings are present,Counting,Numeric,How many findings are present? 1,Numeric,Numeric
Ulcerative Colitis,Where in the image is the anatomical landmark?,none,cla820glas43z071ud31lel1f,where in the image is the anatomical landmark,Location,None/NA,Where in the image is the anatomical landmark? none,None/NA,None/NA
Ulcerative Colitis,Where in the image is the abnormality?,center; center-left; center-right; lower-center; lower-left; lower-right; upper-center; upper-left; upper-right,cla820glqs4uj071u9r4reg1m,where in the image is the abnormality,Location,List,Where in the image is the abnormality? center; center-left; center-right; lower-center; lower-left; lower-right; upper-center; upper-left; upper-right,List,List
Ulcerative Colitis,How many instrumnets are in the image?,0,cla820gm3s58z071ugcg9by1f,how many instrumnets are in the image,Counting,Numeric,How many instrumnets are in the image? 0,Numeric,Numeric
Ulcerative Colitis,Is this finding easy to detect?,yes,cla820gmqs65f071ubmlm8ia9,is this finding easy to detect,Yes/No,Yes/No,Is this finding easy to detect? yes,Yes/No,Yes/No
Ulcerative Colitis,Where in the image is the abnormality?,center; center-left; center-right; lower-center; lower-left; lower-right; upper-center; upper-left; upper-right,cla820gmjs5uj071uan8m7p41,where in the image is the abnormality,Location,List,Where in the image is the abnormality? center; center-left; center-right; lower-center; lower-left; lower-right; upper-center; upper-left; upper-right,List,List
Ulcerative Colitis,Is there text?,yes,cla820gl7s3yz071u8j1a4nms,is there text,Yes/No,Yes/No,Is there text? yes,Yes/No,Yes/No
Ulcerative Colitis,Are there any abnormalities in the image? Check all that are present.,ulcerative colitis,cla820gl9s43n071u50v7gmsx,are there any abnormalities in the image check all that are present,Yes/No,Token,Are there any abnormalities in the image? Check all that are present. ulcerative colitis,Token,Token
Ulcerative Colitis,What is the size of the polyp?,none,cla820gmps64v071ufqru1pyy,what is the size of the polyp,Entity,None/NA,What is the size of the polyp? none,None/NA,None/NA
Ulcerative Colitis,Where in the image is the anatomical landmark?,none,cla820glvs4zj071uh60z79xm,where in the image is the anatomical landmark,Location,None/NA,Where in the image is the anatomical landmark? none,None/NA,None/NA
Ulcerative Colitis,What color is the abnormality? If more than one separate with ;,pink; red; yellow,cla820gmms5zv071u5yw05he4,what color is the abnormality if more than one separate with,Color,List,What color is the abnormality? If more than one separate with ; pink; red; yellow,List,List
Ulcerative Colitis,Where in the image is the anatomical landmark?,none,cla820glis4jb071u9dny0zkz,where in the image is the anatomical landmark,Location,None/NA,Where in the image is the anatomical landmark? none,None/NA,None/NA
Ulcerative Colitis,Have all polyps been removed?,not relevant,cla820gm9s5hb071u7ap0dcxl,have all polyps been removed,Yes/No,Token,Have all polyps been removed? not relevant,Token,Token
Ulcerative Colitis,Where in the image is the anatomical landmark?,none,cla820gl5s3vb071u5qsbatev,where in the image is the anatomical landmark,Location,None/NA,Where in the image is the anatomical landmark? none,None/NA,None/NA
Ulcerative Colitis,Is there a green/black box artefact?,yes,cla820glis4iv071u1m100ttj,is there a green black box artefact,Yes/No,Yes/No,Is there a green/black box artefact? yes,Yes/No,Yes/No
Ulcerative Colitis,How many polyps are in the image?,0,cla820glls4mr071ud57z5zq2,how many polyps are in the image,Counting,Numeric,How many polyps are in the image? 0,Numeric,Numeric
Ulcerative Colitis,How many instrumnets are in the image?,0,cla820glfs4df071u98r5gart,how many instrumnets are in the image,Counting,Numeric,How many instrumnets are in the image? 0,Numeric,Numeric
Ulcerative Colitis,Are there any instruments in the image? Check all that are present.,none,cla820gmms5z7071ub7pfau3k,are there any instruments in the image check all that are present,Yes/No,None/NA,Are there any instruments in the image? Check all that are present. none,None/NA,None/NA
Ulcerative Colitis,How many polyps are in the image?,0,cla820gmvs6c7071u67zzc336,how many polyps are in the image,Counting,Numeric,How many polyps are in the image? 0,Numeric,Numeric
Ulcerative Colitis,Are there any anatomical landmarks in the image? Check all that are present.,none,cla820gn3s6ib071ufzld88d1,are there any anatomical landmarks in the image check all that are present,Yes/No,None/NA,Are there any anatomical landmarks in the image? Check all that are present. none,None/NA,None/NA
Ulcerative Colitis,Where in the image is the abnormality?,center; center-left; center-right; lower-center; lower-left; lower-right; upper-center; upper-left; upper-right,cla820glus4yf071ufp7e4p4s,where in the image is the abnormality,Location,List,Where in the image is the abnormality? center; center-left; center-right; lower-center; lower-left; lower-right; upper-center; upper-left; upper-right,List,List
Ulcerative Colitis,How many instrumnets are in the image?,0,cla820gmvs6bn071u88vj64ou,how many instrumnets are in the image,Counting,Numeric,How many instrumnets are in the image? 0,Numeric,Numeric
Ulcerative Colitis,Is this finding easy to detect?,yes,cla820gm3s593071uczd0d0bf,is this finding easy to detect,Yes/No,Yes/No,Is this finding easy to detect? yes,Yes/No,Yes/No
Ulcerative Colitis,How many instrumnets are in the image?,0,cla820glss4wv071u9ine5505,how many instrumnets are in the image,Counting,Numeric,How many instrumnets are in the image? 0,Numeric,Numeric
Ulcerative Colitis,How many polyps are in the image?,0,cla820gmgs5pf071u3vm4gt1z,how many polyps are in the image,Counting,Numeric,How many polyps are in the image? 0,Numeric,Numeric
Ulcerative Colitis,What is the size of the polyp?,none,cla820gmds5m7071uciyxc0uh,what is the size of the polyp,Entity,None/NA,What is the size of the polyp? none,None/NA,None/NA
Ulcerative Colitis,How many polyps are in the image?,0,cla820glgs4fz071ucke45065,how many polyps are in the image,Counting,Numeric,How many polyps are in the image? 0,Numeric,Numeric
Ulcerative Colitis,Where in the image is the abnormality?,center; center-left; center-right; lower-center; lower-right; upper-center; upper-left; upper-right,cla820gl6s3yf071ugolc8gg0,where in the image is the abnormality,Location,List,Where in the image is the abnormality? center; center-left; center-right; lower-center; lower-right; upper-center; upper-left; upper-right,List,List
Ulcerative Colitis,Is there text?,yes,cla820gmds5mb071u5kkaguei,is there text,Yes/No,Yes/No,Is there text? yes,Yes/No,Yes/No
Ulcerative Colitis,Where in the image is the anatomical landmark?,none,cla820gl5s3vj071u7opg6tc0,where in the image is the anatomical landmark,Location,None/NA,Where in the image is the anatomical landmark? none,None/NA,None/NA
Ulcerative Colitis,Where in the image is the abnormality?,center; center-left; center-right; lower-center; lower-left; lower-right; upper-center; upper-left; upper-right,cla820gmus6aj071ued5vd2yg,where in the image is the abnormality,Location,List,Where in the image is the abnormality? center; center-left; center-right; lower-center; lower-left; lower-right; upper-center; upper-left; upper-right,List,List
Ulcerative Colitis,Where in the image is the abnormality?,center; center-left; center-right; lower-center; lower-right; upper-center; upper-left; upper-right,cla820gmls5x7071u05un80ef,where in the image is the abnormality,Location,List,Where in the image is the abnormality? center; center-left; center-right; lower-center; lower-right; upper-center; upper-left; upper-right,List,List
Ulcerative Colitis,Are there any anatomical landmarks in the image? Check all that are present.,none,cla820gmws6d3071u7f54d5go,are there any anatomical landmarks in the image check all that are present,Yes/No,None/NA,Are there any anatomical landmarks in the image? Check all that are present. none,None/NA,None/NA
Ulcerative Colitis,How many instrumnets are in the image?,0,cla820gmas5i3071u7q9ra7of,how many instrumnets are in the image,Counting,Numeric,How many instrumnets are in the image? 0,Numeric,Numeric
Ulcerative Colitis,How many polyps are in the image?,0,cla820glhs4gf071ua2c3a0gs,how many polyps are in the image,Counting,Numeric,How many polyps are in the image? 0,Numeric,Numeric
Ulcerative Colitis,Where in the image is the abnormality?,center; center-left; center-right; lower-center; lower-left; lower-right; upper-center; upper-left; upper-right,cla820gmws6cn071u6esibke1,where in the image is the abnormality,Location,List,Where in the image is the abnormality? center; center-left; center-right; lower-center; lower-left; lower-right; upper-center; upper-left; upper-right,List,List
Ulcerative Colitis,What is the size of the polyp?,none,cla820gn7s6nr071u0onh2amg,what is the size of the polyp,Entity,None/NA,What is the size of the polyp? none,None/NA,None/NA
Ulcerative Colitis,Have all polyps been removed?,not relevant,cla820gmos62z071uatxb81v4,have all polyps been removed,Yes/No,Token,Have all polyps been removed? not relevant,Token,Token
Ulcerative Colitis,What type of polyp is present?,none,cla820gmps63r071ubhdh4alg,what type of polyp is present,Entity,None/NA,What type of polyp is present? none,None/NA,None/NA
Ulcerative Colitis,Are there any anatomical landmarks in the image? Check all that are present.,cecum,cla820glus4yv071u40q92273,are there any anatomical landmarks in the image check all that are present,Yes/No,Token,Are there any anatomical landmarks in the image? Check all that are present. cecum,Token,Token
Ulcerative Colitis,How many findings are present?,1,cla820glas44v071u6740gysk,how many findings are present,Counting,Numeric,How many findings are present? 1,Numeric,Numeric
Ulcerative Colitis,Where in the image is the anatomical landmark?,none,cla820gn3s6i3071u7ohg3qbj,where in the image is the anatomical landmark,Location,None/NA,Where in the image is the anatomical landmark? none,None/NA,None/NA
Ulcerative Colitis,Is there a green/black box artefact?,yes,cla820glls4mr071ud57z5zq2,is there a green black box artefact,Yes/No,Yes/No,Is there a green/black box artefact? yes,Yes/No,Yes/No
Ulcerative Colitis,Are there any anatomical landmarks in the image? Check all that are present.,none,cla820gmfs5of071udcpz4q0o,are there any anatomical landmarks in the image check all that are present,Yes/No,None/NA,Are there any anatomical landmarks in the image? Check all that are present. none,None/NA,None/NA
Ulcerative Colitis,Is this finding easy to detect?,yes,cla820gl3s3s7071u8agx3t4t,is this finding easy to detect,Yes/No,Yes/No,Is this finding easy to detect? yes,Yes/No,Yes/No
Ulcerative Colitis,How many polyps are in the image?,0,cla820gm8s5fv071uhwqz7yqq,how many polyps are in the image,Counting,Numeric,How many polyps are in the image? 0,Numeric,Numeric
Ulcerative Colitis,What type of procedure is the image taken from?,colonoscopy,cla820gl9s433071udkafa6fr,what type of procedure is the image taken from,Entity,Token,What type of procedure is the image taken from? colonoscopy,Token,Token
Ulcerative Colitis,How many findings are present?,1,cla820gl3s3sj071u5wz74zhy,how many findings are present,Counting,Numeric,How many findings are present? 1,Numeric,Numeric
Ulcerative Colitis,Is this finding easy to detect?,yes,cla820glws50j071ud36oh1m6,is this finding easy to detect,Yes/No,Yes/No,Is this finding easy to detect? yes,Yes/No,Yes/No
Ulcerative Colitis,How many findings are present?,1,cla820gm0s56b071ucja7f2bl,how many findings are present,Counting,Numeric,How many findings are present? 1,Numeric,Numeric
Ulcerative Colitis,What type of polyp is present?,none,cla820gl5s3wb071u5ekcdloz,what type of polyp is present,Entity,None/NA,What type of polyp is present? none,None/NA,None/NA
Ulcerative Colitis,Where in the image is the anatomical landmark?,none,cla820gn6s6mj071ufu065dcx,where in the image is the anatomical landmark,Location,None/NA,Where in the image is the anatomical landmark? none,None/NA,None/NA
Ulcerative Colitis,How many instrumnets are in the image?,0,cla820glls4nn071u8mb6hls1,how many instrumnets are in the image,Counting,Numeric,How many instrumnets are in the image? 0,Numeric,Numeric
Ulcerative Colitis,Where in the image is the abnormality?,center; center-left; center-right; lower-center; lower-left; lower-right; upper-center; upper-left; upper-right,cla820gn7s6nv071udtpk00fo,where in the image is the abnormality,Location,List,Where in the image is the abnormality? center; center-left; center-right; lower-center; lower-left; lower-right; upper-center; upper-left; upper-right,List,List
Ulcerative Colitis,Are there any abnormalities in the image? Check all that are present.,ulcerative colitis,cla820glls4nj071uczhd0lu8,are there any abnormalities in the image check all that are present,Yes/No,Token,Are there any abnormalities in the image? Check all that are present. ulcerative colitis,Token,Token
Ulcerative Colitis,Is this finding easy to detect?,yes,cla820gn4s6jn071uaxcb24w9,is this finding easy to detect,Yes/No,Yes/No,Is this finding easy to detect? yes,Yes/No,Yes/No
Ulcerative Colitis,Where in the image is the instrument?,none,cla820glgs4fr071u8va312m9,where in the image is the instrument,Location,None/NA,Where in the image is the instrument? none,None/NA,None/NA
Ulcerative Colitis,What color is the abnormality? If more than one separate with ;,pink; red,cla820glgs4f3071u9cuffv0z,what color is the abnormality if more than one separate with,Color,List,What color is the abnormality? If more than one separate with ; pink; red,List,List
Ulcerative Colitis,Is this finding easy to detect?,yes,cla820gmxs6ef071u04rl1l3a,is this finding easy to detect,Yes/No,Yes/No,Is this finding easy to detect? yes,Yes/No,Yes/No
Ulcerative Colitis,How many instrumnets are in the image?,0,cla820gn5s6k7071ua3bs0lo1,how many instrumnets are in the image,Counting,Numeric,How many instrumnets are in the image? 0,Numeric,Numeric
Ulcerative Colitis,What type of procedure is the image taken from?,colonoscopy,cla820gm9s5g7071uay192fb7,what type of procedure is the image taken from,Entity,Token,What type of procedure is the image taken from? colonoscopy,Token,Token
Ulcerative Colitis,Is there a green/black box artefact?,no,cla820glfs4e7071u35tje04s,is there a green black box artefact,Yes/No,Yes/No,Is there a green/black box artefact? no,Yes/No,Yes/No
Ulcerative Colitis,What type of procedure is the image taken from?,colonoscopy,cla820glts4xr071u9foy06vh,what type of procedure is the image taken from,Entity,Token,What type of procedure is the image taken from? colonoscopy,Token,Token
Ulcerative Colitis,What type of polyp is present?,none,cla820gl6s3xr071ufbe6hwzb,what type of polyp is present,Entity,None/NA,What type of polyp is present? none,None/NA,None/NA
Ulcerative Colitis,What type of procedure is the image taken from?,colonoscopy,cla820glss4vv071u4yuq7en0,what type of procedure is the image taken from,Entity,Token,What type of procedure is the image taken from? colonoscopy,Token,Token
Ulcerative Colitis,What is the size of the polyp?,none,cla820gles4bn071u1s4v4uz0,what is the size of the polyp,Entity,None/NA,What is the size of the polyp? none,None/NA,None/NA
Ulcerative Colitis,How many findings are present?,1,cla820gm5s5bv071u5q119mtp,how many findings are present,Counting,Numeric,How many findings are present? 1,Numeric,Numeric
Ulcerative Colitis,Are there any abnormalities in the image? Check all that are present.,ulcerative colitis,cla820gl8s41z071u2siucxod,are there any abnormalities in the image check all that are present,Yes/No,Token,Are there any abnormalities in the image? Check all that are present. ulcerative colitis,Token,Token
Ulcerative Colitis,How many findings are present?,1,cla820gl4s3u3071u2dfi4v58,how many findings are present,Counting,Numeric,How many findings are present? 1,Numeric,Numeric
Ulcerative Colitis,Is there text?,yes,cla820gmis5sr071ufbc4913j,is there text,Yes/No,Yes/No,Is there text? yes,Yes/No,Yes/No
Ulcerative Colitis,Where in the image is the abnormality?,center; center-left; center-right; lower-center; lower-left; lower-right; upper-center; upper-left; upper-right,cla820gles4cf071ubi4chiqb,where in the image is the abnormality,Location,List,Where in the image is the abnormality? center; center-left; center-right; lower-center; lower-left; lower-right; upper-center; upper-left; upper-right,List,List
Ulcerative Colitis,Is this finding easy to detect?,yes,cla820glus4yv071u40q92273,is this finding easy to detect,Yes/No,Yes/No,Is this finding easy to detect? yes,Yes/No,Yes/No
Ulcerative Colitis,Is there a green/black box artefact?,yes,cla820gmvs6c7071u67zzc336,is there a green black box artefact,Yes/No,Yes/No,Is there a green/black box artefact? yes,Yes/No,Yes/No
Ulcerative Colitis,Are there any anatomical landmarks in the image? Check all that are present.,none,cla820gn7s6nn071u689g17m8,are there any anatomical landmarks in the image check all that are present,Yes/No,None/NA,Are there any anatomical landmarks in the image? Check all that are present. none,None/NA,None/NA
Ulcerative Colitis,What type of procedure is the image taken from?,colonoscopy,cla820gmls5y7071u6sa46fd2,what type of procedure is the image taken from,Entity,Token,What type of procedure is the image taken from? colonoscopy,Token,Token
Ulcerative Colitis,Is this finding easy to detect?,yes,cla820gl1s3q3071udvtaggoi,is this finding easy to detect,Yes/No,Yes/No,Is this finding easy to detect? yes,Yes/No,Yes/No
Ulcerative Colitis,How many findings are present?,1,cla820gn5s6lb071ugv6jabuo,how many findings are present,Counting,Numeric,How many findings are present? 1,Numeric,Numeric
Ulcerative Colitis,What type of procedure is the image taken from?,colonoscopy,cla820glis4j3071u0zef4fft,what type of procedure is the image taken from,Entity,Token,What type of procedure is the image taken from? colonoscopy,Token,Token
Ulcerative Colitis,What color is the abnormality? If more than one separate with ;,pink; yellow; white,cla820glzs54j071uczlrc08v,what color is the abnormality if more than one separate with,Color,List,What color is the abnormality? If more than one separate with ; pink; yellow; white,List,List
Ulcerative Colitis,Is there a green/black box artefact?,no,cla820gmps63j071ucq3p6od4,is there a green black box artefact,Yes/No,Yes/No,Is there a green/black box artefact? no,Yes/No,Yes/No
Ulcerative Colitis,Are there any abnormalities in the image? Check all that are present.,ulcerative colitis,cla820glrs4v3071u41toe6lv,are there any abnormalities in the image check all that are present,Yes/No,Token,Are there any abnormalities in the image? Check all that are present. ulcerative colitis,Token,Token
Ulcerative Colitis,Are there any abnormalities in the image? Check all that are present.,ulcerative colitis,cla820gm5s5bf071u6yppfvdo,are there any abnormalities in the image check all that are present,Yes/No,Token,Are there any abnormalities in the image? Check all that are present. ulcerative colitis,Token,Token
Ulcerative Colitis,How many instrumnets are in the image?,0,cla820glws50n071uc0iu30z0,how many instrumnets are in the image,Counting,Numeric,How many instrumnets are in the image? 0,Numeric,Numeric
Ulcerative Colitis,How many polyps are in the image?,0,cla820gmjs5u3071u8i965h3h,how many polyps are in the image,Counting,Numeric,How many polyps are in the image? 0,Numeric,Numeric
Ulcerative Colitis,Is this finding easy to detect?,yes,cla820glzs557071u2ycaar7i,is this finding easy to detect,Yes/No,Yes/No,Is this finding easy to detect? yes,Yes/No,Yes/No
Ulcerative Colitis,What type of procedure is the image taken from?,colonoscopy,cla820gn5s6ln071u0vyk3pkt,what type of procedure is the image taken from,Entity,Token,What type of procedure is the image taken from? colonoscopy,Token,Token
Ulcerative Colitis,Is there text?,yes,cla820gl1s3or071udurk9106,is there text,Yes/No,Yes/No,Is there text? yes,Yes/No,Yes/No
Ulcerative Colitis,Is there a green/black box artefact?,no,cla820glys53n071uhthh6bvs,is there a green black box artefact,Yes/No,Yes/No,Is there a green/black box artefact? no,Yes/No,Yes/No
Ulcerative Colitis,Where in the image is the instrument?,none,cla820glqs4ub071u4u2x6f41,where in the image is the instrument,Location,None/NA,Where in the image is the instrument? none,None/NA,None/NA
Ulcerative Colitis,Are there any abnormalities in the image? Check all that are present.,ulcerative colitis,cla820gmgs5qb071ufbsigz22,are there any abnormalities in the image check all that are present,Yes/No,Token,Are there any abnormalities in the image? Check all that are present. ulcerative colitis,Token,Token
Ulcerative Colitis,Are there any anatomical landmarks in the image? Check all that are present.,cecum,cla820glus4yj071udps24xeu,are there any anatomical landmarks in the image check all that are present,Yes/No,Token,Are there any anatomical landmarks in the image? Check all that are present. cecum,Token,Token
Ulcerative Colitis,How many findings are present?,1,cla820gmus6ar071ug2p91uiy,how many findings are present,Counting,Numeric,How many findings are present? 1,Numeric,Numeric
Ulcerative Colitis,Is there text?,no,cla820glds49b071ug3s35hh0,is there text,Yes/No,Yes/No,Is there text? no,Yes/No,Yes/No
Ulcerative Colitis,Where in the image is the abnormality?,center; center-left; center-right; lower-center; lower-left; lower-right; upper-center; upper-left; upper-right,cla820gn7s6nb071u382u7155,where in the image is the abnormality,Location,List,Where in the image is the abnormality? center; center-left; center-right; lower-center; lower-left; lower-right; upper-center; upper-left; upper-right,List,List
Ulcerative Colitis,Is there text?,yes,cla820glhs4hv071ubw6ad94k,is there text,Yes/No,Yes/No,Is there text? yes,Yes/No,Yes/No
Ulcerative Colitis,What is the size of the polyp?,none,cla820gm1s56r071u92oy36ol,what is the size of the polyp,Entity,None/NA,What is the size of the polyp? none,None/NA,None/NA
Ulcerative Colitis,Where in the image is the anatomical landmark?,none,cla820gl8s417071u5nc66zi3,where in the image is the anatomical landmark,Location,None/NA,Where in the image is the anatomical landmark? none,None/NA,None/NA
Ulcerative Colitis,What type of procedure is the image taken from?,colonoscopy,cla820glys53f071ubs63f5yi,what type of procedure is the image taken from,Entity,Token,What type of procedure is the image taken from? colonoscopy,Token,Token
Ulcerative Colitis,Where in the image is the instrument?,none,cla820gl2s3rb071u76w10eu7,where in the image is the instrument,Location,None/NA,Where in the image is the instrument? none,None/NA,None/NA
Ulcerative Colitis,Is there a green/black box artefact?,no,cla820gm3s58n071ucq812p13,is there a green black box artefact,Yes/No,Yes/No,Is there a green/black box artefact? no,Yes/No,Yes/No
Ulcerative Colitis,Are there any abnormalities in the image? Check all that are present.,ulcerative colitis,cla820glxs51n071u7cqd831x,are there any abnormalities in the image check all that are present,Yes/No,Token,Are there any abnormalities in the image? Check all that are present. ulcerative colitis,Token,Token
Ulcerative Colitis,Where in the image is the anatomical landmark?,none,cla820gmks5wf071ubx9nhyo8,where in the image is the anatomical landmark,Location,None/NA,Where in the image is the anatomical landmark? none,None/NA,None/NA
Ulcerative Colitis,How many polyps are in the image?,0,cla820glrs4vn071u7yachvbo,how many polyps are in the image,Counting,Numeric,How many polyps are in the image? 0,Numeric,Numeric
Ulcerative Colitis,Are there any abnormalities in the image? Check all that are present.,ulcerative colitis,cla820gmhs5rr071u3ba0f0er,are there any abnormalities in the image check all that are present,Yes/No,Token,Are there any abnormalities in the image? Check all that are present. ulcerative colitis,Token,Token
Ulcerative Colitis,Are there any instruments in the image? Check all that are present.,none,cla820glps4sz071u35jbgcpc,are there any instruments in the image check all that are present,Yes/No,None/NA,Are there any instruments in the image? Check all that are present. none,None/NA,None/NA
Ulcerative Colitis,What is the size of the polyp?,none,cla820gles4bf071u0hjs3axx,what is the size of the polyp,Entity,None/NA,What is the size of the polyp? none,None/NA,None/NA
Ulcerative Colitis,Is this finding easy to detect?,yes,cla820gl0s3of071u96ilg9hm,is this finding easy to detect,Yes/No,Yes/No,Is this finding easy to detect? yes,Yes/No,Yes/No
Ulcerative Colitis,Have all polyps been removed?,not relevant,cla820glws50n071uc0iu30z0,have all polyps been removed,Yes/No,Token,Have all polyps been removed? not relevant,Token,Token
Ulcerative Colitis,What color is the abnormality? If more than one separate with ;,pink; red; white; yellow,cla820gmbs5iv071u45v7fxxz,what color is the abnormality if more than one separate with,Color,List,What color is the abnormality? If more than one separate with ; pink; red; white; yellow,List,List
Ulcerative Colitis,Are there any anatomical landmarks in the image? Check all that are present.,none,cla820gmhs5r7071u0jxl775h,are there any anatomical landmarks in the image check all that are present,Yes/No,None/NA,Are there any anatomical landmarks in the image? Check all that are present. none,None/NA,None/NA
Ulcerative Colitis,What type of polyp is present?,none,cla820glds49z071u2jyvcspl,what type of polyp is present,Entity,None/NA,What type of polyp is present? none,None/NA,None/NA
Ulcerative Colitis,What type of procedure is the image taken from?,colonoscopy,cla820gl5s3w3071u2e1ub3zb,what type of procedure is the image taken from,Entity,Token,What type of procedure is the image taken from? colonoscopy,Token,Token
Ulcerative Colitis,Is there text?,yes,cla820gmes5mf071u7mhk0wpr,is there text,Yes/No,Yes/No,Is there text? yes,Yes/No,Yes/No
Ulcerative Colitis,Is there text?,yes,cla820gmos637071u7bd8b3ow,is there text,Yes/No,Yes/No,Is there text? yes,Yes/No,Yes/No
Ulcerative Colitis,Is there a green/black box artefact?,yes,cla820glts4xj071u5m9x8znu,is there a green black box artefact,Yes/No,Yes/No,Is there a green/black box artefact? yes,Yes/No,Yes/No
Ulcerative Colitis,Where in the image is the anatomical landmark?,none,cla820gmis5sf071uczzb4rze,where in the image is the anatomical landmark,Location,None/NA,Where in the image is the anatomical landmark? none,None/NA,None/NA
Ulcerative Colitis,Is there a green/black box artefact?,yes,cla820gmws6d3071u7f54d5go,is there a green black box artefact,Yes/No,Yes/No,Is there a green/black box artefact? yes,Yes/No,Yes/No
Ulcerative Colitis,What is the size of the polyp?,none,cla820gl4s3uf071u8jle90s0,what is the size of the polyp,Entity,None/NA,What is the size of the polyp? none,None/NA,None/NA
Ulcerative Colitis,What color is the abnormality? If more than one separate with ;,pink; yellow; white,cla820glzs54n071u2ojhbs6l,what color is the abnormality if more than one separate with,Color,List,What color is the abnormality? If more than one separate with ; pink; yellow; white,List,List
Ulcerative Colitis,Is there a green/black box artefact?,no,cla820gn4s6j3071ub2uiei3q,is there a green black box artefact,Yes/No,Yes/No,Is there a green/black box artefact? no,Yes/No,Yes/No
Ulcerative Colitis,What type of polyp is present?,none,cla820gl5s3vb071u5qsbatev,what type of polyp is present,Entity,None/NA,What type of polyp is present? none,None/NA,None/NA
Ulcerative Colitis,Where in the image is the abnormality?,center; center-left; center-right; lower-center; lower-right; upper-center; upper-left; upper-right,cla820gl1s3pr071u2vi94r92,where in the image is the abnormality,Location,List,Where in the image is the abnormality? center; center-left; center-right; lower-center; lower-right; upper-center; upper-left; upper-right,List,List
Ulcerative Colitis,How many instrumnets are in the image?,0,cla820glfs4cv071u0btu07hy,how many instrumnets are in the image,Counting,Numeric,How many instrumnets are in the image? 0,Numeric,Numeric
Ulcerative Colitis,Is this finding easy to detect?,yes,cla820gl9s42n071u4evu0gc7,is this finding easy to detect,Yes/No,Yes/No,Is this finding easy to detect? yes,Yes/No,Yes/No
Ulcerative Colitis,Are there any anatomical landmarks in the image? Check all that are present.,none,cla820gl0s3o3071ufxqh1brg,are there any anatomical landmarks in the image check all that are present,Yes/No,None/NA,Are there any anatomical landmarks in the image? Check all that are present. none,None/NA,None/NA
Ulcerative Colitis,What type of polyp is present?,none,cla820gmds5m3071ud5wma2c6,what type of polyp is present,Entity,None/NA,What type of polyp is present? none,None/NA,None/NA
Ulcerative Colitis,What type of polyp is present?,none,cla820gmrs66n071u430dgpmx,what type of polyp is present,Entity,None/NA,What type of polyp is present? none,None/NA,None/NA
Ulcerative Colitis,Is there a green/black box artefact?,no,cla820gmus6a3071uezzm8dac,is there a green black box artefact,Yes/No,Yes/No,Is there a green/black box artefact? no,Yes/No,Yes/No
Ulcerative Colitis,Where in the image is the abnormality?,center; center-left; center-right; lower-center; lower-left; lower-right; upper-center; upper-left; upper-right,cla820gl5s3wn071ua5gg1mx6,where in the image is the abnormality,Location,List,Where in the image is the abnormality? center; center-left; center-right; lower-center; lower-left; lower-right; upper-center; upper-left; upper-right,List,List
Ulcerative Colitis,Is there text?,yes,cla820gmps63r071ubhdh4alg,is there text,Yes/No,Yes/No,Is there text? yes,Yes/No,Yes/No
Ulcerative Colitis,Are there any instruments in the image? Check all that are present.,none,cla820glfs4dr071u4szgddq4,are there any instruments in the image check all that are present,Yes/No,None/NA,Are there any instruments in the image? Check all that are present. none,None/NA,None/NA
Ulcerative Colitis,What is the size of the polyp?,none,cla820gm5s5bv071u5q119mtp,what is the size of the polyp,Entity,None/NA,What is the size of the polyp? none,None/NA,None/NA
Ulcerative Colitis,What is the size of the polyp?,none,cla820gl4s3ur071ucbq5ar57,what is the size of the polyp,Entity,None/NA,What is the size of the polyp? none,None/NA,None/NA
Ulcerative Colitis,How many instrumnets are in the image?,0,cla820gmss67z071u5qbncwa3,how many instrumnets are in the image,Counting,Numeric,How many instrumnets are in the image? 0,Numeric,Numeric
Ulcerative Colitis,Are there any instruments in the image? Check all that are present.,none,cla820glas44v071u6740gysk,are there any instruments in the image check all that are present,Yes/No,None/NA,Are there any instruments in the image? Check all that are present. none,None/NA,None/NA
Ulcerative Colitis,How many findings are present?,1,cla820glhs4gn071u52j3hlkn,how many findings are present,Counting,Numeric,How many findings are present? 1,Numeric,Numeric
Ulcerative Colitis,Are there any anatomical landmarks in the image? Check all that are present.,none,cla820glcs48f071uaeot7zw6,are there any anatomical landmarks in the image check all that are present,Yes/No,None/NA,Are there any anatomical landmarks in the image? Check all that are present. none,None/NA,None/NA
Ulcerative Colitis,Is there text?,no,cla820gmcs5kr071ubtem3zb1,is there text,Yes/No,Yes/No,Is there text? no,Yes/No,Yes/No
Ulcerative Colitis,How many findings are present?,1,cla820gmns61r071u1iky106v,how many findings are present,Counting,Numeric,How many findings are present? 1,Numeric,Numeric
Ulcerative Colitis,How many instrumnets are in the image?,0,cla820glrs4uz071u7ewk3y5a,how many instrumnets are in the image,Counting,Numeric,How many instrumnets are in the image? 0,Numeric,Numeric
Ulcerative Colitis,How many polyps are in the image?,0,cla820gn3s6i7071u09uj170e,how many polyps are in the image,Counting,Numeric,How many polyps are in the image? 0,Numeric,Numeric
Ulcerative Colitis,What type of procedure is the image taken from?,colonoscopy,cla820gl7s3zr071uambb5w1s,what type of procedure is the image taken from,Entity,Token,What type of procedure is the image taken from? colonoscopy,Token,Token
Ulcerative Colitis,Is this finding easy to detect?,yes,cla820gl2s3qb071u5u6c3vmq,is this finding easy to detect,Yes/No,Yes/No,Is this finding easy to detect? yes,Yes/No,Yes/No
Ulcerative Colitis,How many findings are present?,1,cla820gn9s6qj071u0dyq6axe,how many findings are present,Counting,Numeric,How many findings are present? 1,Numeric,Numeric
Ulcerative Colitis,What type of procedure is the image taken from?,colonoscopy,cla820gmcs5kv071u8tud9ta7,what type of procedure is the image taken from,Entity,Token,What type of procedure is the image taken from? colonoscopy,Token,Token
Ulcerative Colitis,What is the size of the polyp?,none,cla820glzs547071udexh8064,what is the size of the polyp,Entity,None/NA,What is the size of the polyp? none,None/NA,None/NA
Ulcerative Colitis,Are there any abnormalities in the image? Check all that are present.,ulcerative colitis,cla820glos4qn071u5xdug8zw,are there any abnormalities in the image check all that are present,Yes/No,Token,Are there any abnormalities in the image? Check all that are present. ulcerative colitis,Token,Token
Ulcerative Colitis,How many polyps are in the image?,0,cla820gmus6b3071u5w72dabp,how many polyps are in the image,Counting,Numeric,How many polyps are in the image? 0,Numeric,Numeric
Ulcerative Colitis,Is this finding easy to detect?,yes,cla820gmws6cz071ugn88edv9,is this finding easy to detect,Yes/No,Yes/No,Is this finding easy to detect? yes,Yes/No,Yes/No
Ulcerative Colitis,Is there a green/black box artefact?,yes,cla820glms4oj071uf2agdqy3,is there a green black box artefact,Yes/No,Yes/No,Is there a green/black box artefact? yes,Yes/No,Yes/No
Ulcerative Colitis,What type of polyp is present?,none,cla820gn4s6jj071u8fhj9kq4,what type of polyp is present,Entity,None/NA,What type of polyp is present? none,None/NA,None/NA
Ulcerative Colitis,Is there a green/black box artefact?,no,cla820gl2s3qn071ucguna2um,is there a green black box artefact,Yes/No,Yes/No,Is there a green/black box artefact? no,Yes/No,Yes/No
Ulcerative Colitis,Is there text?,yes,cla820gn3s6if071u2efz098u,is there text,Yes/No,Yes/No,Is there text? yes,Yes/No,Yes/No
Ulcerative Colitis,What type of procedure is the image taken from?,colonoscopy,cla820gmss67z071u5qbncwa3,what type of procedure is the image taken from,Entity,Token,What type of procedure is the image taken from? colonoscopy,Token,Token
Ulcerative Colitis,Where in the image is the anatomical landmark?,none,cla820glks4l7071u8901dvq0,where in the image is the anatomical landmark,Location,None/NA,Where in the image is the anatomical landmark? none,None/NA,None/NA
Ulcerative Colitis,How many instrumnets are in the image?,0,cla820gn2s6hz071u8lie4sjt,how many instrumnets are in the image,Counting,Numeric,How many instrumnets are in the image? 0,Numeric,Numeric
Ulcerative Colitis,Where in the image is the instrument?,none,cla820gm4s5ab071u7i219k5t,where in the image is the instrument,Location,None/NA,Where in the image is the instrument? none,None/NA,None/NA
Ulcerative Colitis,Is there text?,yes,cla820gmys6g7071u8l31egq9,is there text,Yes/No,Yes/No,Is there text? yes,Yes/No,Yes/No
Ulcerative Colitis,How many instrumnets are in the image?,0,cla820gmcs5kn071u46gz1t6t,how many instrumnets are in the image,Counting,Numeric,How many instrumnets are in the image? 0,Numeric,Numeric
Ulcerative Colitis,How many findings are present?,1,cla820glxs52n071u9674doxk,how many findings are present,Counting,Numeric,How many findings are present? 1,Numeric,Numeric
Ulcerative Colitis,Is there text?,yes,cla820gmis5tn071udd9zfu8l,is there text,Yes/No,Yes/No,Is there text? yes,Yes/No,Yes/No
Ulcerative Colitis,Where in the image is the anatomical landmark?,none,cla820gl0s3oj071u5qln6oim,where in the image is the anatomical landmark,Location,None/NA,Where in the image is the anatomical landmark? none,None/NA,None/NA
Ulcerative Colitis,Is this finding easy to detect?,yes,cla820glgs4er071udnzn4r9b,is this finding easy to detect,Yes/No,Yes/No,Is this finding easy to detect? yes,Yes/No,Yes/No
Ulcerative Colitis,How many polyps are in the image?,0,cla820glqs4u7071u4pgn24jp,how many polyps are in the image,Counting,Numeric,How many polyps are in the image? 0,Numeric,Numeric
Ulcerative Colitis,Are there any abnormalities in the image? Check all that are present.,ulcerative colitis,cla820gm0s55v071u4c586lps,are there any abnormalities in the image check all that are present,Yes/No,Token,Are there any abnormalities in the image? Check all that are present. ulcerative colitis,Token,Token
Ulcerative Colitis,Are there any anatomical landmarks in the image? Check all that are present.,none,cla820glls4mn071u0jbea274,are there any anatomical landmarks in the image check all that are present,Yes/No,None/NA,Are there any anatomical landmarks in the image? Check all that are present. none,None/NA,None/NA
Ulcerative Colitis,Are there any anatomical landmarks in the image? Check all that are present.,none,cla820glbs467071ufumlfdwb,are there any anatomical landmarks in the image check all that are present,Yes/No,None/NA,Are there any anatomical landmarks in the image? Check all that are present. none,None/NA,None/NA
Ulcerative Colitis,What is the size of the polyp?,none,cla820gmts69n071ua58s7x39,what is the size of the polyp,Entity,None/NA,What is the size of the polyp? none,None/NA,None/NA
Ulcerative Colitis,How many findings are present?,1,cla820gn5s6kj071uawhg5t93,how many findings are present,Counting,Numeric,How many findings are present? 1,Numeric,Numeric
Ulcerative Colitis,Where in the image is the instrument?,none,cla820glos4rn071uevt9c8rh,where in the image is the instrument,Location,None/NA,Where in the image is the instrument? none,None/NA,None/NA
Ulcerative Colitis,Is this finding easy to detect?,yes,cla820gmgs5q3071udmfyendc,is this finding easy to detect,Yes/No,Yes/No,Is this finding easy to detect? yes,Yes/No,Yes/No
Ulcerative Colitis,Are there any anatomical landmarks in the image? Check all that are present.,none,cla820glis4i3071u5rw5eer8,are there any anatomical landmarks in the image check all that are present,Yes/No,None/NA,Are there any anatomical landmarks in the image? Check all that are present. none,None/NA,None/NA
Ulcerative Colitis,Is there a green/black box artefact?,yes,cla820gmjs5tv071u60pj46dt,is there a green black box artefact,Yes/No,Yes/No,Is there a green/black box artefact? yes,Yes/No,Yes/No
Ulcerative Colitis,How many findings are present?,1,cla820gmes5n3071u39nr2p8w,how many findings are present,Counting,Numeric,How many findings are present? 1,Numeric,Numeric
Ulcerative Colitis,Is there text?,yes,cla820gmrs66n071u430dgpmx,is there text,Yes/No,Yes/No,Is there text? yes,Yes/No,Yes/No
Ulcerative Colitis,Where in the image is the anatomical landmark?,none,cla820gmss67r071ubbdsb48i,where in the image is the anatomical landmark,Location,None/NA,Where in the image is the anatomical landmark? none,None/NA,None/NA
Ulcerative Colitis,Is there a green/black box artefact?,no,cla820gn5s6k7071ua3bs0lo1,is there a green black box artefact,Yes/No,Yes/No,Is there a green/black box artefact? no,Yes/No,Yes/No
Ulcerative Colitis,Are there any abnormalities in the image? Check all that are present.,ulcerative colitis,cla820glus4yz071ugct55hvr,are there any abnormalities in the image check all that are present,Yes/No,Token,Are there any abnormalities in the image? Check all that are present. ulcerative colitis,Token,Token
Ulcerative Colitis,Are there any instruments in the image? Check all that are present.,none,cla820gles4bn071u1s4v4uz0,are there any instruments in the image check all that are present,Yes/No,None/NA,Are there any instruments in the image? Check all that are present. none,None/NA,None/NA
Ulcerative Colitis,Where in the image is the instrument?,none,cla820gmss687071u71az3czg,where in the image is the instrument,Location,None/NA,Where in the image is the instrument? none,None/NA,None/NA
Ulcerative Colitis,Where in the image is the anatomical landmark?,none,cla820gmhs5s3071uepw7afkz,where in the image is the anatomical landmark,Location,None/NA,Where in the image is the anatomical landmark? none,None/NA,None/NA
Ulcerative Colitis,What color is the abnormality? If more than one separate with ;,pink; red,cla820gmus6a3071uezzm8dac,what color is the abnormality if more than one separate with,Color,List,What color is the abnormality? If more than one separate with ; pink; red,List,List
Ulcerative Colitis,Is there a green/black box artefact?,no,cla820glts4x3071ufc7p0x89,is there a green black box artefact,Yes/No,Yes/No,Is there a green/black box artefact? no,Yes/No,Yes/No
Ulcerative Colitis,Are there any instruments in the image? Check all that are present.,none,cla820glxs52n071u9674doxk,are there any instruments in the image check all that are present,Yes/No,None/NA,Are there any instruments in the image? Check all that are present. none,None/NA,None/NA
Ulcerative Colitis,What is the size of the polyp?,none,cla820glos4qb071u0m84hdq3,what is the size of the polyp,Entity,None/NA,What is the size of the polyp? none,None/NA,None/NA
Ulcerative Colitis,What type of polyp is present?,none,cla820gl5s3wj071uhfhf8ijv,what type of polyp is present,Entity,None/NA,What type of polyp is present? none,None/NA,None/NA
Ulcerative Colitis,What type of polyp is present?,none,cla820glas44f071ubwqy4eeg,what type of polyp is present,Entity,None/NA,What type of polyp is present? none,None/NA,None/NA
Ulcerative Colitis,What type of procedure is the image taken from?,colonoscopy,cla820gmqs65v071ubbawf0bx,what type of procedure is the image taken from,Entity,Token,What type of procedure is the image taken from? colonoscopy,Token,Token
Ulcerative Colitis,How many findings are present?,1,cla820gn9s6q7071u0z5ifasv,how many findings are present,Counting,Numeric,How many findings are present? 1,Numeric,Numeric
Ulcerative Colitis,Is this finding easy to detect?,yes,cla820gmgs5q7071udblle3jw,is this finding easy to detect,Yes/No,Yes/No,Is this finding easy to detect? yes,Yes/No,Yes/No
Ulcerative Colitis,Is there text?,yes,cla820glzs543071u20yr5gvi,is there text,Yes/No,Yes/No,Is there text? yes,Yes/No,Yes/No
Ulcerative Colitis,Have all polyps been removed?,not relevant,cla820glhs4g3071ufew60vx0,have all polyps been removed,Yes/No,Token,Have all polyps been removed? not relevant,Token,Token
Ulcerative Colitis,Have all polyps been removed?,not relevant,cla820gm9s5gb071ubukj4rn3,have all polyps been removed,Yes/No,Token,Have all polyps been removed? not relevant,Token,Token
Ulcerative Colitis,What type of procedure is the image taken from?,colonoscopy,cla820glws50v071u2l7oeiz3,what type of procedure is the image taken from,Entity,Token,What type of procedure is the image taken from? colonoscopy,Token,Token
Ulcerative Colitis,Where in the image is the anatomical landmark?,none,cla820gmps64v071ufqru1pyy,where in the image is the anatomical landmark,Location,None/NA,Where in the image is the anatomical landmark? none,None/NA,None/NA
Ulcerative Colitis,What type of procedure is the image taken from?,colonoscopy,cla820gl1s3or071udurk9106,what type of procedure is the image taken from,Entity,Token,What type of procedure is the image taken from? colonoscopy,Token,Token
Ulcerative Colitis,What type of polyp is present?,none,cla820glhs4gn071u52j3hlkn,what type of polyp is present,Entity,None/NA,What type of polyp is present? none,None/NA,None/NA
Ulcerative Colitis,How many findings are present?,1,cla820gmws6cz071ugn88edv9,how many findings are present,Counting,Numeric,How many findings are present? 1,Numeric,Numeric
Ulcerative Colitis,What type of polyp is present?,none,cla820gmus6a7071u6c1g89eg,what type of polyp is present,Entity,None/NA,What type of polyp is present? none,None/NA,None/NA
Ulcerative Colitis,Are there any instruments in the image? Check all that are present.,none,cla820gl2s3qv071udlxnflmq,are there any instruments in the image check all that are present,Yes/No,None/NA,Are there any instruments in the image? Check all that are present. none,None/NA,None/NA
Ulcerative Colitis,What color is the abnormality? If more than one separate with ;,pink; red; white,cla820glbs45n071ubr5deoxc,what color is the abnormality if more than one separate with,Color,List,What color is the abnormality? If more than one separate with ; pink; red; white,List,List
Ulcerative Colitis,What color is the abnormality? If more than one separate with ;,pink; red; white,cla820gn8s6oz071u9rtd5ve1,what color is the abnormality if more than one separate with,Color,List,What color is the abnormality? If more than one separate with ; pink; red; white,List,List
Ulcerative Colitis,Is there text?,yes,cla820gmss67v071u9gz1h8q9,is there text,Yes/No,Yes/No,Is there text? yes,Yes/No,Yes/No
Ulcerative Colitis,How many instrumnets are in the image?,0,cla820glts4xb071uaie56hx1,how many instrumnets are in the image,Counting,Numeric,How many instrumnets are in the image? 0,Numeric,Numeric
Ulcerative Colitis,What is the size of the polyp?,none,cla820gmks5vn071ua5scaqdh,what is the size of the polyp,Entity,None/NA,What is the size of the polyp? none,None/NA,None/NA
Ulcerative Colitis,How many polyps are in the image?,0,cla820glas44n071u28gw6bch,how many polyps are in the image,Counting,Numeric,How many polyps are in the image? 0,Numeric,Numeric
Ulcerative Colitis,Is there text?,yes,cla820gljs4kr071u2qbo8zyu,is there text,Yes/No,Yes/No,Is there text? yes,Yes/No,Yes/No
Ulcerative Colitis,Where in the image is the instrument?,none,cla820gl4s3u7071u1ccm7nxt,where in the image is the instrument,Location,None/NA,Where in the image is the instrument? none,None/NA,None/NA
Ulcerative Colitis,Is this finding easy to detect?,yes,cla820gl9s433071udkafa6fr,is this finding easy to detect,Yes/No,Yes/No,Is this finding easy to detect? yes,Yes/No,Yes/No
Ulcerative Colitis,Is there a green/black box artefact?,no,cla820gmis5tb071u8iygepwo,is there a green black box artefact,Yes/No,Yes/No,Is there a green/black box artefact? no,Yes/No,Yes/No
Ulcerative Colitis,Where in the image is the instrument?,none,cla820glas45j071ud174degm,where in the image is the instrument,Location,None/NA,Where in the image is the instrument? none,None/NA,None/NA
Ulcerative Colitis,Where in the image is the anatomical landmark?,none,cla820gn4s6jf071u812y5qtt,where in the image is the anatomical landmark,Location,None/NA,Where in the image is the anatomical landmark? none,None/NA,None/NA
Ulcerative Colitis,What is the size of the polyp?,none,cla820glns4pr071u1pnkdizs,what is the size of the polyp,Entity,None/NA,What is the size of the polyp? none,None/NA,None/NA
Ulcerative Colitis,What color is the abnormality? If more than one separate with ;,pink; red,cla820glks4lb071u2xo3309v,what color is the abnormality if more than one separate with,Color,List,What color is the abnormality? If more than one separate with ; pink; red,List,List
Ulcerative Colitis,What is the size of the polyp?,none,cla820gmcs5k3071u6se0ha5o,what is the size of the polyp,Entity,None/NA,What is the size of the polyp? none,None/NA,None/NA
Ulcerative Colitis,What type of procedure is the image taken from?,colonoscopy,cla820glbs45n071ubr5deoxc,what type of procedure is the image taken from,Entity,Token,What type of procedure is the image taken from? colonoscopy,Token,Token
Ulcerative Colitis,Have all polyps been removed?,not relevant,cla820gn2s6hj071u6zj3em1t,have all polyps been removed,Yes/No,Token,Have all polyps been removed? not relevant,Token,Token
Ulcerative Colitis,Is this finding easy to detect?,yes,cla820glts4xv071ufq9pdvhl,is this finding easy to detect,Yes/No,Yes/No,Is this finding easy to detect? yes,Yes/No,Yes/No
Ulcerative Colitis,Where in the image is the anatomical landmark?,none,cla820glfs4db071u3kfi3wqj,where in the image is the anatomical landmark,Location,None/NA,Where in the image is the anatomical landmark? none,None/NA,None/NA
Ulcerative Colitis,How many findings are present?,1,cla820glys52r071u1n0wcat3,how many findings are present,Counting,Numeric,How many findings are present? 1,Numeric,Numeric
Ulcerative Colitis,What type of polyp is present?,none,cla820gmbs5jj071uhbn0b19h,what type of polyp is present,Entity,None/NA,What type of polyp is present? none,None/NA,None/NA
Ulcerative Colitis,Where in the image is the instrument?,none,cla820glis4ib071u1i14a7ce,where in the image is the instrument,Location,None/NA,Where in the image is the instrument? none,None/NA,None/NA
Ulcerative Colitis,What type of procedure is the image taken from?,colonoscopy,cla820glcs47v071u0n7i11qa,what type of procedure is the image taken from,Entity,Token,What type of procedure is the image taken from? colonoscopy,Token,Token
Ulcerative Colitis,Is there text?,yes,cla820glys53r071ub64d5s10,is there text,Yes/No,Yes/No,Is there text? yes,Yes/No,Yes/No
Ulcerative Colitis,Where in the image is the abnormality?,center; center-left; center-right; lower-center; lower-left; lower-right; upper-center; upper-left; upper-right,cla820glus4yn071uhk5o6ktu,where in the image is the abnormality,Location,List,Where in the image is the abnormality? center; center-left; center-right; lower-center; lower-left; lower-right; upper-center; upper-left; upper-right,List,List
Ulcerative Colitis,Is there text?,yes,cla820gl2s3rn071u23tn2cc2,is there text,Yes/No,Yes/No,Is there text? yes,Yes/No,Yes/No
Ulcerative Colitis,How many instrumnets are in the image?,0,cla820gmfs5on071u38ap5a7s,how many instrumnets are in the image,Counting,Numeric,How many instrumnets are in the image? 0,Numeric,Numeric
Ulcerative Colitis,Are there any abnormalities in the image? Check all that are present.,ulcerative colitis,cla820gn4s6jj071u8fhj9kq4,are there any abnormalities in the image check all that are present,Yes/No,Token,Are there any abnormalities in the image? Check all that are present. ulcerative colitis,Token,Token
Ulcerative Colitis,Are there any abnormalities in the image? Check all that are present.,ulcerative colitis,cla820gl0s3oj071u5qln6oim,are there any abnormalities in the image check all that are present,Yes/No,Token,Are there any abnormalities in the image? Check all that are present. ulcerative colitis,Token,Token
Ulcerative Colitis,How many instrumnets are in the image?,0,cla820gl9s42v071u1yt3ghov,how many instrumnets are in the image,Counting,Numeric,How many instrumnets are in the image? 0,Numeric,Numeric
Ulcerative Colitis,How many polyps are in the image?,0,cla820gles4ar071ue3wegs7a,how many polyps are in the image,Counting,Numeric,How many polyps are in the image? 0,Numeric,Numeric
Ulcerative Colitis,Have all polyps been removed?,not relevant,cla820glls4nn071u8mb6hls1,have all polyps been removed,Yes/No,Token,Have all polyps been removed? not relevant,Token,Token
Ulcerative Colitis,How many polyps are in the image?,0,cla820glis4ij071uf0lhhgr8,how many polyps are in the image,Counting,Numeric,How many polyps are in the image? 0,Numeric,Numeric
Ulcerative Colitis,How many polyps are in the image?,0,cla820gm4s59v071u2nxhcgt2,how many polyps are in the image,Counting,Numeric,How many polyps are in the image? 0,Numeric,Numeric
Ulcerative Colitis,Is there text?,no,cla820gmjs5u3071u8i965h3h,is there text,Yes/No,Yes/No,Is there text? no,Yes/No,Yes/No
Ulcerative Colitis,Is this finding easy to detect?,yes,cla820gn3s6ij071uf1bv3jbu,is this finding easy to detect,Yes/No,Yes/No,Is this finding easy to detect? yes,Yes/No,Yes/No
Ulcerative Colitis,Where in the image is the abnormality?,center; center-left; center-right; lower-center; lower-left; lower-right; upper-center; upper-left; upper-right,cla820gmks5vv071uc9yu02fh,where in the image is the abnormality,Location,List,Where in the image is the abnormality? center; center-left; center-right; lower-center; lower-left; lower-right; upper-center; upper-left; upper-right,List,List
Ulcerative Colitis,Where in the image is the instrument?,none,cla820gmps63n071ue5uwf4q5,where in the image is the instrument,Location,None/NA,Where in the image is the instrument? none,None/NA,None/NA
Ulcerative Colitis,What color is the abnormality? If more than one separate with ;,pink; red,cla820gmqs65f071ubmlm8ia9,what color is the abnormality if more than one separate with,Color,List,What color is the abnormality? If more than one separate with ; pink; red,List,List
Ulcerative Colitis,Is there a green/black box artefact?,no,cla820glus4yj071udps24xeu,is there a green black box artefact,Yes/No,Yes/No,Is there a green/black box artefact? no,Yes/No,Yes/No
Ulcerative Colitis,What type of procedure is the image taken from?,colonoscopy,cla820gljs4kn071ubqx68a5p,what type of procedure is the image taken from,Entity,Token,What type of procedure is the image taken from? colonoscopy,Token,Token
Ulcerative Colitis,Are there any abnormalities in the image? Check all that are present.,ulcerative colitis,cla820gl9s42r071uerl988wi,are there any abnormalities in the image check all that are present,Yes/No,Token,Are there any abnormalities in the image? Check all that are present. ulcerative colitis,Token,Token
Ulcerative Colitis,What color is the abnormality? If more than one separate with ;,pink; white; yellow,cla820gm6s5c3071u9rg73gh5,what color is the abnormality if more than one separate with,Color,List,What color is the abnormality? If more than one separate with ; pink; white; yellow,List,List
Ulcerative Colitis,Where in the image is the abnormality?,center; center-left; center-right; lower-center; lower-left; lower-right; upper-center; upper-left; upper-right,cla820glus4yb071u71nia0yw,where in the image is the abnormality,Location,List,Where in the image is the abnormality? center; center-left; center-right; lower-center; lower-left; lower-right; upper-center; upper-left; upper-right,List,List
Ulcerative Colitis,Are there any abnormalities in the image? Check all that are present.,ulcerative colitis,cla820gmis5t7071u6um08c20,are there any abnormalities in the image check all that are present,Yes/No,Token,Are there any abnormalities in the image? Check all that are present. ulcerative colitis,Token,Token
Ulcerative Colitis,Where in the image is the anatomical landmark?,center; center-right; lower-center; lower-rigth,cla820glts4xr071u9foy06vh,where in the image is the anatomical landmark,Location,List,Where in the image is the anatomical landmark? center; center-right; lower-center; lower-rigth,List,List
Ulcerative Colitis,Is there a green/black box artefact?,no,cla820gn7s6nv071udtpk00fo,is there a green black box artefact,Yes/No,Yes/No,Is there a green/black box artefact? no,Yes/No,Yes/No
Ulcerative Colitis,What color is the abnormality? If more than one separate with ;,pink; red,cla820gmws6cv071uextx3dk4,what color is the abnormality if more than one separate with,Color,List,What color is the abnormality? If more than one separate with ; pink; red,List,List
Ulcerative Colitis,Where in the image is the anatomical landmark?,none,cla820glfs4cv071u0btu07hy,where in the image is the anatomical landmark,Location,None/NA,Where in the image is the anatomical landmark? none,None/NA,None/NA
Ulcerative Colitis,Where in the image is the abnormality?,center; center-left; center-right; lower-center; lower-left; lower-right; upper-center; upper-left; upper-right,cla820gl1s3oz071u2ixjf7yk,where in the image is the abnormality,Location,List,Where in the image is the abnormality? center; center-left; center-right; lower-center; lower-left; lower-right; upper-center; upper-left; upper-right,List,List
Ulcerative Colitis,How many findings are present?,1,cla820gl8s423071u90jodevy,how many findings are present,Counting,Numeric,How many findings are present? 1,Numeric,Numeric
Ulcerative Colitis,How many instrumnets are in the image?,0,cla820gm8s5fb071u0bn7dy4k,how many instrumnets are in the image,Counting,Numeric,How many instrumnets are in the image? 0,Numeric,Numeric
Ulcerative Colitis,What type of procedure is the image taken from?,colonoscopy,cla820gmhs5qr071ug4smcqjc,what type of procedure is the image taken from,Entity,Token,What type of procedure is the image taken from? colonoscopy,Token,Token
Ulcerative Colitis,Have all polyps been removed?,not relevant,cla820gl6s3xf071uhz1s3rac,have all polyps been removed,Yes/No,Token,Have all polyps been removed? not relevant,Token,Token
Ulcerative Colitis,Is there text?,yes,cla820gmis5sn071u538x012x,is there text,Yes/No,Yes/No,Is there text? yes,Yes/No,Yes/No
Ulcerative Colitis,Have all polyps been removed?,not relevant,cla820gm4s59v071u2nxhcgt2,have all polyps been removed,Yes/No,Token,Have all polyps been removed? not relevant,Token,Token
Ulcerative Colitis,Have all polyps been removed?,not relevant,cla820gmjs5uf071u0c8y2918,have all polyps been removed,Yes/No,Token,Have all polyps been removed? not relevant,Token,Token
Ulcerative Colitis,Are there any instruments in the image? Check all that are present.,none,cla820gm4s59z071uc73c9xe5,are there any instruments in the image check all that are present,Yes/No,None/NA,Are there any instruments in the image? Check all that are present. none,None/NA,None/NA
Ulcerative Colitis,How many findings are present?,1,cla820glks4lz071ubsuc0pzr,how many findings are present,Counting,Numeric,How many findings are present? 1,Numeric,Numeric
Ulcerative Colitis,Have all polyps been removed?,not relevant,cla820glbs46f071uh7hu9bwy,have all polyps been removed,Yes/No,Token,Have all polyps been removed? not relevant,Token,Token
Ulcerative Colitis,Is there text?,no,cla820gmys6fj071ugumg685c,is there text,Yes/No,Yes/No,Is there text? no,Yes/No,Yes/No
Ulcerative Colitis,none,nan,cla820glbs45r071u31utcvuz,none,Other,Token,none nan,Token,Token
Ulcerative Colitis,Are there any abnormalities in the image? Check all that are present.,polyp; ulcerative colitis,cla820gmys6f7071u4py0f9we,are there any abnormalities in the image check all that are present,Yes/No,List,Are there any abnormalities in the image? Check all that are present. polyp; ulcerative colitis,List,Token
Ulcerative Colitis,Is this finding easy to detect?,no,cla820glus4yr071ucrs636hg,is this finding easy to detect,Yes/No,Yes/No,Is this finding easy to detect? no,Yes/No,Token
Ulcerative Colitis,What type of procedure is the image taken from?,colonoscopy,cla820gmvs6bz071u3y7hcecb,what type of procedure is the image taken from,Entity,Token,What type of procedure is the image taken from? colonoscopy,Token,Token
Ulcerative Colitis,What color is the abnormality? If more than one separate with ;,pink; red; yellow; white,cla820gl1s3q3071udvtaggoi,what color is the abnormality if more than one separate with,Color,List,What color is the abnormality? If more than one separate with ; pink; red; yellow; white,List,List
Ulcerative Colitis,Is this finding easy to detect?,yes,cla820gmjs5u7071u91moec65,is this finding easy to detect,Yes/No,Yes/No,Is this finding easy to detect? yes,Yes/No,Yes/No
Ulcerative Colitis,Is there a green/black box artefact?,no,cla820glxs52j071u46eo0au1,is there a green black box artefact,Yes/No,Yes/No,Is there a green/black box artefact? no,Yes/No,Yes/No
Ulcerative Colitis,How many findings are present?,1,cla820glps4sz071u35jbgcpc,how many findings are present,Counting,Numeric,How many findings are present? 1,Numeric,Numeric
Ulcerative Colitis,Where in the image is the anatomical landmark?,none,cla820glis4i7071uayhe7zjh,where in the image is the anatomical landmark,Location,None/NA,Where in the image is the anatomical landmark? none,None/NA,None/NA
Ulcerative Colitis,What type of procedure is the image taken from?,colonoscopy,cla820glts4xb071uaie56hx1,what type of procedure is the image taken from,Entity,Token,What type of procedure is the image taken from? colonoscopy,Token,Token
Ulcerative Colitis,Is there a green/black box artefact?,yes,cla820gmns61r071u1iky106v,is there a green black box artefact,Yes/No,Yes/No,Is there a green/black box artefact? yes,Yes/No,Yes/No
Ulcerative Colitis,How many polyps are in the image?,0,cla820gmjs5tr071ugp0l1tsm,how many polyps are in the image,Counting,Numeric,How many polyps are in the image? 0,Numeric,Numeric
Ulcerative Colitis,Are there any anatomical landmarks in the image? Check all that are present.,none,cla820gl8s413071u63tn9z7t,are there any anatomical landmarks in the image check all that are present,Yes/No,None/NA,Are there any anatomical landmarks in the image? Check all that are present. none,None/NA,None/NA
Ulcerative Colitis,Are there any abnormalities in the image? Check all that are present.,ulcerative colitis,cla820gn5s6kr071ue6jighxj,are there any abnormalities in the image check all that are present,Yes/No,Token,Are there any abnormalities in the image? Check all that are present. ulcerative colitis,Token,Token
Ulcerative Colitis,How many instrumnets are in the image?,0,cla820glis4i7071uayhe7zjh,how many instrumnets are in the image,Counting,Numeric,How many instrumnets are in the image? 0,Numeric,Numeric
Ulcerative Colitis,Is there a green/black box artefact?,no,cla820gmqs65f071ubmlm8ia9,is there a green black box artefact,Yes/No,Yes/No,Is there a green/black box artefact? no,Yes/No,Yes/No
Ulcerative Colitis,Is there a green/black box artefact?,no,cla820gmvs6bz071u3y7hcecb,is there a green black box artefact,Yes/No,Yes/No,Is there a green/black box artefact? no,Yes/No,Yes/No
Ulcerative Colitis,Is there a green/black box artefact?,no,cla820gn6s6m3071uc9mp6sji,is there a green black box artefact,Yes/No,Yes/No,Is there a green/black box artefact? no,Yes/No,Yes/No
Ulcerative Colitis,Where in the image is the abnormality?,center; center-left; center-right; lower-center; lower-right; upper-center; upper-left; upper-right,cla820glbs46f071uh7hu9bwy,where in the image is the abnormality,Location,List,Where in the image is the abnormality? center; center-left; center-right; lower-center; lower-right; upper-center; upper-left; upper-right,List,List
Ulcerative Colitis,How many polyps are in the image?,0,cla820gl6s3xf071uhz1s3rac,how many polyps are in the image,Counting,Numeric,How many polyps are in the image? 0,Numeric,Numeric
Ulcerative Colitis,Where in the image is the instrument?,none,cla820gmes5nn071u4li1c0zd,where in the image is the instrument,Location,None/NA,Where in the image is the instrument? none,None/NA,None/NA
Ulcerative Colitis,What type of polyp is present?,none,cla820glds49n071ub8xd31uc,what type of polyp is present,Entity,None/NA,What type of polyp is present? none,None/NA,None/NA
Ulcerative Colitis,Is this finding easy to detect?,yes,cla820glcs48z071ue55u7r1k,is this finding easy to detect,Yes/No,Yes/No,Is this finding easy to detect? yes,Yes/No,Yes/No
Ulcerative Colitis,Are there any anatomical landmarks in the image? Check all that are present.,none,cla820gn6s6lz071u7srk70v5,are there any anatomical landmarks in the image check all that are present,Yes/No,None/NA,Are there any anatomical landmarks in the image? Check all that are present. none,None/NA,None/NA
Ulcerative Colitis,Is there a green/black box artefact?,no,cla820glbs473071u1468er6g,is there a green black box artefact,Yes/No,Yes/No,Is there a green/black box artefact? no,Yes/No,Yes/No
Ulcerative Colitis,What type of polyp is present?,none,cla820gm6s5cn071u175vd987,what type of polyp is present,Entity,None/NA,What type of polyp is present? none,None/NA,None/NA
Ulcerative Colitis,Where in the image is the instrument?,none,cla820glgs4fv071uf4ux93ks,where in the image is the instrument,Location,None/NA,Where in the image is the instrument? none,None/NA,None/NA
Ulcerative Colitis,Where in the image is the abnormality?,center; center-left; center-right; lower-center; lower-left; lower-right; upper-center; upper-left; upper-right,cla820gn8s6of071u5bae3ift,where in the image is the abnormality,Location,List,Where in the image is the abnormality? center; center-left; center-right; lower-center; lower-left; lower-right; upper-center; upper-left; upper-right,List,List
Ulcerative Colitis,What type of polyp is present?,none,cla820gn3s6ij071uf1bv3jbu,what type of polyp is present,Entity,None/NA,What type of polyp is present? none,None/NA,None/NA
Ulcerative Colitis,Are there any anatomical landmarks in the image? Check all that are present.,none,cla820glks4lr071u6gschk16,are there any anatomical landmarks in the image check all that are present,Yes/No,None/NA,Are there any anatomical landmarks in the image? Check all that are present. none,None/NA,None/NA
Ulcerative Colitis,Have all polyps been removed?,not relevant,cla820gljs4kn071ubqx68a5p,have all polyps been removed,Yes/No,Token,Have all polyps been removed? not relevant,Token,Token
Ulcerative Colitis,What color is the abnormality? If more than one separate with ;,pink; red,cla820glrs4v3071u41toe6lv,what color is the abnormality if more than one separate with,Color,List,What color is the abnormality? If more than one separate with ; pink; red,List,List
Ulcerative Colitis,What type of polyp is present?,none,cla820glws513071uc5v00me8,what type of polyp is present,Entity,None/NA,What type of polyp is present? none,None/NA,None/NA
Ulcerative Colitis,What type of polyp is present?,none,cla820gmbs5jr071u0j9f6bnj,what type of polyp is present,Entity,None/NA,What type of polyp is present? none,None/NA,None/NA
Ulcerative Colitis,Are there any instruments in the image? Check all that are present.,none,cla820glds49n071ub8xd31uc,are there any instruments in the image check all that are present,Yes/No,None/NA,Are there any instruments in the image? Check all that are present. none,None/NA,None/NA
Ulcerative Colitis,What color is the abnormality? If more than one separate with ;,pink; red; white; yellow,cla820gmgs5pf071u3vm4gt1z,what color is the abnormality if more than one separate with,Color,List,What color is the abnormality? If more than one separate with ; pink; red; white; yellow,List,List
Ulcerative Colitis,What color is the abnormality? If more than one separate with ;,pink; red,cla820gmgs5pz071u1iikahxn,what color is the abnormality if more than one separate with,Color,List,What color is the abnormality? If more than one separate with ; pink; red,List,List
Ulcerative Colitis,How many findings are present?,1,cla820gn9s6qf071u7p31bq1g,how many findings are present,Counting,Numeric,How many findings are present? 1,Numeric,Numeric
Ulcerative Colitis,Where in the image is the anatomical landmark?,none,cla820gmns60r071u963pb90r,where in the image is the anatomical landmark,Location,None/NA,Where in the image is the anatomical landmark? none,None/NA,None/NA
Ulcerative Colitis,Are there any instruments in the image? Check all that are present.,none,cla820glfs4d3071u2fq0313f,are there any instruments in the image check all that are present,Yes/No,None/NA,Are there any instruments in the image? Check all that are present. none,None/NA,None/NA
Ulcerative Colitis,Where in the image is the anatomical landmark?,none,cla820glxs52f071u5huf69gh,where in the image is the anatomical landmark,Location,None/NA,Where in the image is the anatomical landmark? none,None/NA,None/NA
Ulcerative Colitis,Where in the image is the abnormality?,center; center-left; center-right; lower-center; lower-right; upper-center; upper-left; upper-right,cla820glds49b071ug3s35hh0,where in the image is the abnormality,Location,List,Where in the image is the abnormality? center; center-left; center-right; lower-center; lower-right; upper-center; upper-left; upper-right,List,List
Ulcerative Colitis,Where in the image is the abnormality?,center; center-left; center-right; lower-center; lower-right; upper-center; upper-left; upper-right,cla820gl8s40f071u27wyhkha,where in the image is the abnormality,Location,List,Where in the image is the abnormality? center; center-left; center-right; lower-center; lower-right; upper-center; upper-left; upper-right,List,List
Ulcerative Colitis,Have all polyps been removed?,not relevant,cla820glos4rn071uevt9c8rh,have all polyps been removed,Yes/No,Token,Have all polyps been removed? not relevant,Token,Token
Ulcerative Colitis,What type of procedure is the image taken from?,colonoscopy,cla820gm4s59r071u3r8o1qbf,what type of procedure is the image taken from,Entity,Token,What type of procedure is the image taken from? colonoscopy,Token,Token
Ulcerative Colitis,What is the size of the polyp?,none,cla820gmrs66z071ubq3f9zbr,what is the size of the polyp,Entity,None/NA,What is the size of the polyp? none,None/NA,None/NA
Ulcerative Colitis,Where in the image is the abnormality?,center; center-left; center-right; lower-center; lower-right; upper-center; upper-left; upper-right,cla820gmys6gf071u9oicd9z0,where in the image is the abnormality,Location,List,Where in the image is the abnormality? center; center-left; center-right; lower-center; lower-right; upper-center; upper-left; upper-right,List,List
Ulcerative Colitis,What type of polyp is present?,none,cla820glbs477071u6xqddb6d,what type of polyp is present,Entity,None/NA,What type of polyp is present? none,None/NA,None/NA
Ulcerative Colitis,Are there any anatomical landmarks in the image? Check all that are present.,none,cla820gm1s57b071u12v541lw,are there any anatomical landmarks in the image check all that are present,Yes/No,None/NA,Are there any anatomical landmarks in the image? Check all that are present. none,None/NA,None/NA
Ulcerative Colitis,How many polyps are in the image?,0,cla820gmss68b071u8m268bbr,how many polyps are in the image,Counting,Numeric,How many polyps are in the image? 0,Numeric,Numeric
Ulcerative Colitis,Are there any instruments in the image? Check all that are present.,none,cla820gm2s587071u5rub5yy5,are there any instruments in the image check all that are present,Yes/No,None/NA,Are there any instruments in the image? Check all that are present. none,None/NA,None/NA
Ulcerative Colitis,What type of procedure is the image taken from?,colonoscopy,cla820gmas5hv071u5cph9r7y,what type of procedure is the image taken from,Entity,Token,What type of procedure is the image taken from? colonoscopy,Token,Token
Ulcerative Colitis,Where in the image is the instrument?,none,cla820glts4xr071u9foy06vh,where in the image is the instrument,Location,None/NA,Where in the image is the instrument? none,None/NA,None/NA
Ulcerative Colitis,Where in the image is the anatomical landmark?,none,cla820gmks5wn071u8uoz7uq7,where in the image is the anatomical landmark,Location,None/NA,Where in the image is the anatomical landmark? none,None/NA,None/NA
Ulcerative Colitis,Is there a green/black box artefact?,yes,cla820gm5s5b3071uc8r7gnts,is there a green black box artefact,Yes/No,Yes/No,Is there a green/black box artefact? yes,Yes/No,Yes/No
Ulcerative Colitis,Is this finding easy to detect?,yes,cla820glms4o3071u7c667svz,is this finding easy to detect,Yes/No,Yes/No,Is this finding easy to detect? yes,Yes/No,Yes/No
Ulcerative Colitis,Is there text?,yes,cla820glts4xv071ufq9pdvhl,is there text,Yes/No,Yes/No,Is there text? yes,Yes/No,Yes/No
Ulcerative Colitis,How many findings are present?,1,cla820gm4s5a7071uedgy8hov,how many findings are present,Counting,Numeric,How many findings are present? 1,Numeric,Numeric
Ulcerative Colitis,What color is the abnormality? If more than one separate with ;,pink; red,cla820gmys6fn071uf4cp0f8g,what color is the abnormality if more than one separate with,Color,List,What color is the abnormality? If more than one separate with ; pink; red,List,List
Ulcerative Colitis,How many polyps are in the image?,0,cla820glas443071u6ga4fbrw,how many polyps are in the image,Counting,Numeric,How many polyps are in the image? 0,Numeric,Numeric
Ulcerative Colitis,What is the size of the polyp?,none,cla820glgs4fb071ufpu576g9,what is the size of the polyp,Entity,None/NA,What is the size of the polyp? none,None/NA,None/NA
Ulcerative Colitis,What is the size of the polyp?,none,cla820gmys6g3071ubra6dfgr,what is the size of the polyp,Entity,None/NA,What is the size of the polyp? none,None/NA,None/NA
Ulcerative Colitis,What is the size of the polyp?,none,cla820glds4aj071u7k0ec1xd,what is the size of the polyp,Entity,None/NA,What is the size of the polyp? none,None/NA,None/NA
Ulcerative Colitis,Is there text?,yes,cla820gm4s59r071u3r8o1qbf,is there text,Yes/No,Yes/No,Is there text? yes,Yes/No,Yes/No
Ulcerative Colitis,What color is the abnormality? If more than one separate with ;,pink; red,cla820gl2s3qr071u67g3c2fe,what color is the abnormality if more than one separate with,Color,List,What color is the abnormality? If more than one separate with ; pink; red,List,List
Ulcerative Colitis,Is there a green/black box artefact?,no,cla820gmjs5un071ug4fuf5y6,is there a green black box artefact,Yes/No,Yes/No,Is there a green/black box artefact? no,Yes/No,Yes/No
Ulcerative Colitis,What type of procedure is the image taken from?,colonoscopy,cla820gmhs5rz071u2pbpd86q,what type of procedure is the image taken from,Entity,Token,What type of procedure is the image taken from? colonoscopy,Token,Token
Ulcerative Colitis,What type of procedure is the image taken from?,colonoscopy,cla820gm9s5gz071uaot51f4q,what type of procedure is the image taken from,Entity,Token,What type of procedure is the image taken from? colonoscopy,Token,Token
Ulcerative Colitis,What color is the abnormality? If more than one separate with ;,pink; red; white,cla820gmks5wn071u8uoz7uq7,what color is the abnormality if more than one separate with,Color,List,What color is the abnormality? If more than one separate with ; pink; red; white,List,List
Ulcerative Colitis,Where in the image is the instrument?,none,cla820gljs4jv071uck7ne3gg,where in the image is the instrument,Location,None/NA,Where in the image is the instrument? none,None/NA,None/NA
Ulcerative Colitis,Is there text?,yes,cla820gm2s57v071u2vobeeor,is there text,Yes/No,Yes/No,Is there text? yes,Yes/No,Yes/No
Ulcerative Colitis,Where in the image is the instrument?,none,cla820gmms5zb071u6g8k2fhy,where in the image is the instrument,Location,None/NA,Where in the image is the instrument? none,None/NA,None/NA
Ulcerative Colitis,Are there any instruments in the image? Check all that are present.,none,cla820gmns60v071u3wm1gp4o,are there any instruments in the image check all that are present,Yes/No,None/NA,Are there any instruments in the image? Check all that are present. none,None/NA,None/NA
Ulcerative Colitis,How many polyps are in the image?,0,cla820gm1s57f071ubbs03fi2,how many polyps are in the image,Counting,Numeric,How many polyps are in the image? 0,Numeric,Numeric
Ulcerative Colitis,Are there any anatomical landmarks in the image? Check all that are present.,none,cla820gmus6av071u3bfa71nu,are there any anatomical landmarks in the image check all that are present,Yes/No,None/NA,Are there any anatomical landmarks in the image? Check all that are present. none,None/NA,None/NA
Ulcerative Colitis,How many polyps are in the image?,0,cla820glhs4h3071udw551juj,how many polyps are in the image,Counting,Numeric,How many polyps are in the image? 0,Numeric,Numeric
Ulcerative Colitis,How many instrumnets are in the image?,0,cla820glqs4tf071uebf256qf,how many instrumnets are in the image,Counting,Numeric,How many instrumnets are in the image? 0,Numeric,Numeric
Ulcerative Colitis,Is there text?,no,cla820gm2s58b071uc7pvb8v5,is there text,Yes/No,Yes/No,Is there text? no,Yes/No,Yes/No
Ulcerative Colitis,Have all polyps been removed?,not relevant,cla820gl0s3o3071ufxqh1brg,have all polyps been removed,Yes/No,Token,Have all polyps been removed? not relevant,Token,Token
Ulcerative Colitis,What type of polyp is present?,none,cla820glvs4zj071uh60z79xm,what type of polyp is present,Entity,None/NA,What type of polyp is present? none,None/NA,None/NA
Ulcerative Colitis,Is there text?,yes,cla820gm1s56n071u59x1e4fa,is there text,Yes/No,Yes/No,Is there text? yes,Yes/No,Yes/No
Ulcerative Colitis,Are there any abnormalities in the image? Check all that are present.,ulcerative colitis,cla820gmds5lv071u2prbaqhq,are there any abnormalities in the image check all that are present,Yes/No,Token,Are there any abnormalities in the image? Check all that are present. ulcerative colitis,Token,Token
Ulcerative Colitis,Have all polyps been removed?,not relevant,cla820glts4xj071u5m9x8znu,have all polyps been removed,Yes/No,Token,Have all polyps been removed? not relevant,Token,Token
Ulcerative Colitis,How many findings are present?,1,cla820glis4if071u86jxeue6,how many findings are present,Counting,Numeric,How many findings are present? 1,Numeric,Numeric
Ulcerative Colitis,Where in the image is the anatomical landmark?,none,cla820gmvs6b7071u80pp5llt,where in the image is the anatomical landmark,Location,None/NA,Where in the image is the anatomical landmark? none,None/NA,None/NA
Ulcerative Colitis,What type of procedure is the image taken from?,colonoscopy,cla820glts4x7071u15zj93it,what type of procedure is the image taken from,Entity,Token,What type of procedure is the image taken from? colonoscopy,Token,Token
Ulcerative Colitis,Is there text?,yes,cla820glts4xj071u5m9x8znu,is there text,Yes/No,Yes/No,Is there text? yes,Yes/No,Yes/No
Ulcerative Colitis,Is there text?,yes,cla820glos4qb071u0m84hdq3,is there text,Yes/No,Yes/No,Is there text? yes,Yes/No,Yes/No
Ulcerative Colitis,Are there any instruments in the image? Check all that are present.,none,cla820glrs4vf071u1j3n0v9l,are there any instruments in the image check all that are present,Yes/No,None/NA,Are there any instruments in the image? Check all that are present. none,None/NA,None/NA
Ulcerative Colitis,How many polyps are in the image?,0,cla820glds49r071uc4a4amxd,how many polyps are in the image,Counting,Numeric,How many polyps are in the image? 0,Numeric,Numeric
Ulcerative Colitis,Are there any instruments in the image? Check all that are present.,none,cla820gl7s3zr071uambb5w1s,are there any instruments in the image check all that are present,Yes/No,None/NA,Are there any instruments in the image? Check all that are present. none,None/NA,None/NA
Ulcerative Colitis,Is there a green/black box artefact?,no,cla820gles4bj071u6rxicrf7,is there a green black box artefact,Yes/No,Yes/No,Is there a green/black box artefact? no,Yes/No,Yes/No
Ulcerative Colitis,Is there a green/black box artefact?,no,cla820gm3s58v071u2hykeacd,is there a green black box artefact,Yes/No,Yes/No,Is there a green/black box artefact? no,Yes/No,Yes/No
Ulcerative Colitis,Are there any abnormalities in the image? Check all that are present.,ulcerative colitis,cla820gmqs65f071ubmlm8ia9,are there any abnormalities in the image check all that are present,Yes/No,Token,Are there any abnormalities in the image? Check all that are present. ulcerative colitis,Token,Token
Ulcerative Colitis,How many findings are present?,1,cla820gl8s417071u5nc66zi3,how many findings are present,Counting,Numeric,How many findings are present? 1,Numeric,Numeric
Ulcerative Colitis,Where in the image is the anatomical landmark?,none,cla820gmns61r071u1iky106v,where in the image is the anatomical landmark,Location,None/NA,Where in the image is the anatomical landmark? none,None/NA,None/NA
Ulcerative Colitis,Is there text?,yes,cla820gmes5nn071u4li1c0zd,is there text,Yes/No,Yes/No,Is there text? yes,Yes/No,Yes/No
Ulcerative Colitis,Have all polyps been removed?,not relevant,cla820glas44f071ubwqy4eeg,have all polyps been removed,Yes/No,Token,Have all polyps been removed? not relevant,Token,Token
Ulcerative Colitis,What is the size of the polyp?,none,cla820gn2s6hb071u8wnnh6cc,what is the size of the polyp,Entity,None/NA,What is the size of the polyp? none,None/NA,None/NA
Ulcerative Colitis,How many polyps are in the image?,0,cla820gl2s3rj071u5pabhsg1,how many polyps are in the image,Counting,Numeric,How many polyps are in the image? 0,Numeric,Numeric
Ulcerative Colitis,How many instrumnets are in the image?,0,cla820gmcs5kj071uhv1f8dpl,how many instrumnets are in the image,Counting,Numeric,How many instrumnets are in the image? 0,Numeric,Numeric
Ulcerative Colitis,What type of procedure is the image taken from?,colonoscopy,cla820glps4sj071ug75952ul,what type of procedure is the image taken from,Entity,Token,What type of procedure is the image taken from? colonoscopy,Token,Token
Ulcerative Colitis,Have all polyps been removed?,not relevant,cla820glys52z071u710gh37o,have all polyps been removed,Yes/No,Token,Have all polyps been removed? not relevant,Token,Token
Ulcerative Colitis,Where in the image is the instrument?,none,cla820gmys6fn071uf4cp0f8g,where in the image is the instrument,Location,None/NA,Where in the image is the instrument? none,None/NA,None/NA
Ulcerative Colitis,Are there any anatomical landmarks in the image? Check all that are present.,none,cla820gn4s6jf071u812y5qtt,are there any anatomical landmarks in the image check all that are present,Yes/No,None/NA,Are there any anatomical landmarks in the image? Check all that are present. none,None/NA,None/NA
Ulcerative Colitis,Is there a green/black box artefact?,no,cla820glgs4ej071u4bkd4px4,is there a green black box artefact,Yes/No,Yes/No,Is there a green/black box artefact? no,Yes/No,Yes/No
Ulcerative Colitis,Where in the image is the anatomical landmark?,center-left,cla820glts4x7071u15zj93it,where in the image is the anatomical landmark,Location,Token,Where in the image is the anatomical landmark? center-left,Token,Token
Ulcerative Colitis,Where in the image is the abnormality?,center; center-left; center-right; lower-center; lower-left; lower-right; upper-center; upper-left; upper-right,cla820gmcs5kj071uhv1f8dpl,where in the image is the abnormality,Location,List,Where in the image is the abnormality? center; center-left; center-right; lower-center; lower-left; lower-right; upper-center; upper-left; upper-right,List,List
Ulcerative Colitis,How many findings are present?,1,cla820glns4pv071u35kocc2o,how many findings are present,Counting,Numeric,How many findings are present? 1,Numeric,Numeric
Ulcerative Colitis,How many findings are present?,1,cla820gmjs5un071ug4fuf5y6,how many findings are present,Counting,Numeric,How many findings are present? 1,Numeric,Numeric
Ulcerative Colitis,How many findings are present?,1,cla820gl7s3z3071u90yh7f7r,how many findings are present,Counting,Numeric,How many findings are present? 1,Numeric,Numeric
Ulcerative Colitis,Are there any instruments in the image? Check all that are present.,none,cla820gl1s3pb071u45lb0snu,are there any instruments in the image check all that are present,Yes/No,None/NA,Are there any instruments in the image? Check all that are present. none,None/NA,None/NA
Ulcerative Colitis,Where in the image is the anatomical landmark?,none,cla820gm6s5cf071u06wmfvg9,where in the image is the anatomical landmark,Location,None/NA,Where in the image is the anatomical landmark? none,None/NA,None/NA
Ulcerative Colitis,Where in the image is the abnormality?,center; center-left; center-right; lower-center; lower-left; lower-right; upper-center; upper-left; upper-right,cla820glus4z7071u8ibo003f,where in the image is the abnormality,Location,List,Where in the image is the abnormality? center; center-left; center-right; lower-center; lower-left; lower-right; upper-center; upper-left; upper-right,List,List
Ulcerative Colitis,Have all polyps been removed?,not relevant,cla820gl0s3of071u96ilg9hm,have all polyps been removed,Yes/No,Token,Have all polyps been removed? not relevant,Token,Token
Ulcerative Colitis,How many polyps are in the image?,0,cla820glts4xj071u5m9x8znu,how many polyps are in the image,Counting,Numeric,How many polyps are in the image? 0,Numeric,Numeric
Ulcerative Colitis,Where in the image is the anatomical landmark?,none,cla820gl2s3rn071u23tn2cc2,where in the image is the anatomical landmark,Location,None/NA,Where in the image is the anatomical landmark? none,None/NA,None/NA
Ulcerative Colitis,What color is the abnormality? If more than one separate with ;,pink; red,cla820gmas5hz071u3wcp2jiq,what color is the abnormality if more than one separate with,Color,List,What color is the abnormality? If more than one separate with ; pink; red,List,List
Ulcerative Colitis,What color is the abnormality? If more than one separate with ;,pink; red; white,cla820gmvs6c7071u67zzc336,what color is the abnormality if more than one separate with,Color,List,What color is the abnormality? If more than one separate with ; pink; red; white,List,List
Ulcerative Colitis,Have all polyps been removed?,not relevant,cla820gmds5l7071ucfhi2562,have all polyps been removed,Yes/No,Token,Have all polyps been removed? not relevant,Token,Token
Ulcerative Colitis,How many polyps are in the image?,0,cla820glls4mj071uaz64hgj3,how many polyps are in the image,Counting,Numeric,How many polyps are in the image? 0,Numeric,Numeric
Ulcerative Colitis,Where in the image is the anatomical landmark?,none,cla820gl0s3nz071uch6e0sas,where in the image is the anatomical landmark,Location,None/NA,Where in the image is the anatomical landmark? none,None/NA,None/NA
Ulcerative Colitis,Where in the image is the abnormality?,center; center-left; center-right; lower-center; lower-left; lower-right; upper-center; upper-left; upper-right,cla820gl8s41z071u2siucxod,where in the image is the abnormality,Location,List,Where in the image is the abnormality? center; center-left; center-right; lower-center; lower-left; lower-right; upper-center; upper-left; upper-right,List,List
Ulcerative Colitis,Is there text?,yes,cla820gm6s5d3071ue18mak4h,is there text,Yes/No,Yes/No,Is there text? yes,Yes/No,Yes/No
Ulcerative Colitis,Are there any abnormalities in the image? Check all that are present.,ulcerative colitis,cla820gm3s593071uczd0d0bf,are there any abnormalities in the image check all that are present,Yes/No,Token,Are there any abnormalities in the image? Check all that are present. ulcerative colitis,Token,Token
Ulcerative Colitis,Have all polyps been removed?,not relevant,cla820gl1s3q3071udvtaggoi,have all polyps been removed,Yes/No,Token,Have all polyps been removed? not relevant,Token,Token
Ulcerative Colitis,How many polyps are in the image?,0,cla820glls4mb071uflw5cath,how many polyps are in the image,Counting,Numeric,How many polyps are in the image? 0,Numeric,Numeric
Ulcerative Colitis,Where in the image is the abnormality?,center; center-left; center-right; lower-center; lower-right; upper-center; upper-left; upper-right,cla820gm0s563071u1wfnfv5i,where in the image is the abnormality,Location,List,Where in the image is the abnormality? center; center-left; center-right; lower-center; lower-right; upper-center; upper-left; upper-right,List,List
Ulcerative Colitis,Where in the image is the instrument?,none,cla820gl2s3qf071u1ndiftcx,where in the image is the instrument,Location,None/NA,Where in the image is the instrument? none,None/NA,None/NA
Ulcerative Colitis,Are there any instruments in the image? Check all that are present.,none,cla820gm4s5an071u7a4o4mv5,are there any instruments in the image check all that are present,Yes/No,None/NA,Are there any instruments in the image? Check all that are present. none,None/NA,None/NA
Ulcerative Colitis,Are there any anatomical landmarks in the image? Check all that are present.,none,cla820glbs46j071u3vje36lt,are there any anatomical landmarks in the image check all that are present,Yes/No,None/NA,Are there any anatomical landmarks in the image? Check all that are present. none,None/NA,None/NA
Ulcerative Colitis,Are there any instruments in the image? Check all that are present.,none,cla820glss4w3071u08lkfmgu,are there any instruments in the image check all that are present,Yes/No,None/NA,Are there any instruments in the image? Check all that are present. none,None/NA,None/NA
Ulcerative Colitis,What color is the abnormality? If more than one separate with ;,pink; red,cla820gmxs6ev071u983n8k9e,what color is the abnormality if more than one separate with,Color,List,What color is the abnormality? If more than one separate with ; pink; red,List,List
Ulcerative Colitis,Is there a green/black box artefact?,yes,cla820gmss687071u71az3czg,is there a green black box artefact,Yes/No,Yes/No,Is there a green/black box artefact? yes,Yes/No,Yes/No
Ulcerative Colitis,Is this finding easy to detect?,yes,cla820glfs4df071u98r5gart,is this finding easy to detect,Yes/No,Yes/No,Is this finding easy to detect? yes,Yes/No,Yes/No
Ulcerative Colitis,Where in the image is the abnormality?,center; center-left; center-right; lower-center; lower-left; lower-right; upper-center; upper-left; upper-right,cla820gmcs5kn071u46gz1t6t,where in the image is the abnormality,Location,List,Where in the image is the abnormality? center; center-left; center-right; lower-center; lower-left; lower-right; upper-center; upper-left; upper-right,List,List
Ulcerative Colitis,What is the size of the polyp?,none,cla820glqs4un071ug08jc5ar,what is the size of the polyp,Entity,None/NA,What is the size of the polyp? none,None/NA,None/NA
Ulcerative Colitis,What color is the abnormality? If more than one separate with ;,pink; red; brown; white,cla820gmvs6bz071u3y7hcecb,what color is the abnormality if more than one separate with,Color,List,What color is the abnormality? If more than one separate with ; pink; red; brown; white,List,List
Ulcerative Colitis,none,nan,cla820gl5s3wf071ug6lm6ich,none,Other,Token,none nan,Token,Token
Ulcerative Colitis,How many findings are present?,1,cla820glgs4fb071ufpu576g9,how many findings are present,Counting,Numeric,How many findings are present? 1,Numeric,Numeric
Ulcerative Colitis,Is there a green/black box artefact?,no,cla820glxs52n071u9674doxk,is there a green black box artefact,Yes/No,Yes/No,Is there a green/black box artefact? no,Yes/No,Yes/No
Ulcerative Colitis,Where in the image is the instrument?,none,cla820gmts69j071uczyi0fbb,where in the image is the instrument,Location,None/NA,Where in the image is the instrument? none,None/NA,None/NA
Ulcerative Colitis,Are there any anatomical landmarks in the image? Check all that are present.,none,cla820glls4mz071u0cuo22tn,are there any anatomical landmarks in the image check all that are present,Yes/No,None/NA,Are there any anatomical landmarks in the image? Check all that are present. none,None/NA,None/NA
Ulcerative Colitis,How many polyps are in the image?,0,cla820gmps63v071u5ir39wzu,how many polyps are in the image,Counting,Numeric,How many polyps are in the image? 0,Numeric,Numeric
Ulcerative Colitis,What color is the abnormality? If more than one separate with ;,pink; red; white,cla820gmts69b071uhpl3dyhl,what color is the abnormality if more than one separate with,Color,List,What color is the abnormality? If more than one separate with ; pink; red; white,List,List
Ulcerative Colitis,Where in the image is the abnormality?,center; center-left; center-right; lower-center; lower-left; lower-right; upper-center; upper-left; upper-right,cla820glgs4fb071ufpu576g9,where in the image is the abnormality,Location,List,Where in the image is the abnormality? center; center-left; center-right; lower-center; lower-left; lower-right; upper-center; upper-left; upper-right,List,List
Ulcerative Colitis,How many instrumnets are in the image?,0,cla820glks4lj071ubi733tn9,how many instrumnets are in the image,Counting,Numeric,How many instrumnets are in the image? 0,Numeric,Numeric
Ulcerative Colitis,Are there any anatomical landmarks in the image? Check all that are present.,none,cla820glvs4zj071uh60z79xm,are there any anatomical landmarks in the image check all that are present,Yes/No,None/NA,Are there any anatomical landmarks in the image? Check all that are present. none,None/NA,None/NA
Ulcerative Colitis,Where in the image is the anatomical landmark?,none,cla820gl3s3sr071uc4152r95,where in the image is the anatomical landmark,Location,None/NA,Where in the image is the anatomical landmark? none,None/NA,None/NA
Ulcerative Colitis,Is there a green/black box artefact?,yes,cla820gm7s5ef071u69bx0un4,is there a green black box artefact,Yes/No,Yes/No,Is there a green/black box artefact? yes,Yes/No,Yes/No
Ulcerative Colitis,Are there any instruments in the image? Check all that are present.,none,cla820gmms5zz071uchi02ycl,are there any instruments in the image check all that are present,Yes/No,None/NA,Are there any instruments in the image? Check all that are present. none,None/NA,None/NA
Ulcerative Colitis,Are there any anatomical landmarks in the image? Check all that are present.,none,cla820gm8s5fn071u32oc67ik,are there any anatomical landmarks in the image check all that are present,Yes/No,None/NA,Are there any anatomical landmarks in the image? Check all that are present. none,None/NA,None/NA
Ulcerative Colitis,What type of procedure is the image taken from?,colonoscopy,cla820gm6s5cf071u06wmfvg9,what type of procedure is the image taken from,Entity,Token,What type of procedure is the image taken from? colonoscopy,Token,Token
Ulcerative Colitis,Where in the image is the abnormality?,center; center-left; center-right; lower-center; lower-right; upper-center; upper-left; upper-right,cla820gmys6gj071u6j7760jv,where in the image is the abnormality,Location,List,Where in the image is the abnormality? center; center-left; center-right; lower-center; lower-right; upper-center; upper-left; upper-right,List,List
Ulcerative Colitis,Are there any anatomical landmarks in the image? Check all that are present.,cecum,cla820gm8s5ev071uda60flrc,are there any anatomical landmarks in the image check all that are present,Yes/No,Token,Are there any anatomical landmarks in the image? Check all that are present. cecum,Token,Token
Ulcerative Colitis,Is there a green/black box artefact?,no,cla820gmqs65v071ubbawf0bx,is there a green black box artefact,Yes/No,Yes/No,Is there a green/black box artefact? no,Yes/No,Yes/No
Ulcerative Colitis,Are there any anatomical landmarks in the image? Check all that are present.,none,cla820glcs48r071u6b2k2ctb,are there any anatomical landmarks in the image check all that are present,Yes/No,None/NA,Are there any anatomical landmarks in the image? Check all that are present. none,None/NA,None/NA
Ulcerative Colitis,Are there any instruments in the image? Check all that are present.,none,cla820gmds5lz071uduyzhfb7,are there any instruments in the image check all that are present,Yes/No,None/NA,Are there any instruments in the image? Check all that are present. none,None/NA,None/NA
Ulcerative Colitis,Are there any instruments in the image? Check all that are present.,none,cla820gmks5wb071u3ekp8y39,are there any instruments in the image check all that are present,Yes/No,None/NA,Are there any instruments in the image? Check all that are present. none,None/NA,None/NA
Ulcerative Colitis,Is this finding easy to detect?,yes,cla820gl4s3un071uck4cg79b,is this finding easy to detect,Yes/No,Yes/No,Is this finding easy to detect? yes,Yes/No,Yes/No
Ulcerative Colitis,Are there any instruments in the image? Check all that are present.,none,cla820glys52r071u1n0wcat3,are there any instruments in the image check all that are present,Yes/No,None/NA,Are there any instruments in the image? Check all that are present. none,None/NA,None/NA
Ulcerative Colitis,What type of procedure is the image taken from?,colonoscopy,cla820gmfs5nv071u6chpgp1v,what type of procedure is the image taken from,Entity,Token,What type of procedure is the image taken from? colonoscopy,Token,Token
Ulcerative Colitis,Are there any abnormalities in the image? Check all that are present.,ulcerative colitis,cla820gn8s6pf071u3k5p1n83,are there any abnormalities in the image check all that are present,Yes/No,Token,Are there any abnormalities in the image? Check all that are present. ulcerative colitis,Token,Token
Ulcerative Colitis,Is this finding easy to detect?,yes,cla820glxs51v071uhmfh7mkc,is this finding easy to detect,Yes/No,Yes/No,Is this finding easy to detect? yes,Yes/No,Yes/No
Ulcerative Colitis,Where in the image is the instrument?,none,cla820gmls5xn071uc5g3czha,where in the image is the instrument,Location,None/NA,Where in the image is the instrument? none,None/NA,None/NA
Ulcerative Colitis,Is there text?,yes,cla820gm6s5cf071u06wmfvg9,is there text,Yes/No,Yes/No,Is there text? yes,Yes/No,Yes/No
Ulcerative Colitis,Are there any instruments in the image? Check all that are present.,none,cla820gmys6f3071u1oh36llx,are there any instruments in the image check all that are present,Yes/No,None/NA,Are there any instruments in the image? Check all that are present. none,None/NA,None/NA
Ulcerative Colitis,Where in the image is the abnormality?,center; center-left; center-right; lower-center; lower-left; lower-right; upper-center; upper-left; upper-right,cla820gl1s3pb071u45lb0snu,where in the image is the abnormality,Location,List,Where in the image is the abnormality? center; center-left; center-right; lower-center; lower-left; lower-right; upper-center; upper-left; upper-right,List,List
Ulcerative Colitis,Are there any abnormalities in the image? Check all that are present.,ulcerative colitis,cla820gl3s3t7071u351d62ys,are there any abnormalities in the image check all that are present,Yes/No,Token,Are there any abnormalities in the image? Check all that are present. ulcerative colitis,Token,Token
Ulcerative Colitis,How many findings are present?,1,cla820glks4lb071u2xo3309v,how many findings are present,Counting,Numeric,How many findings are present? 1,Numeric,Numeric
Ulcerative Colitis,How many instrumnets are in the image?,0,cla820gl7s3zf071ueloh0xir,how many instrumnets are in the image,Counting,Numeric,How many instrumnets are in the image? 0,Numeric,Numeric
Ulcerative Colitis,What type of procedure is the image taken from?,colonoscopy,cla820gmcs5k7071u5tascyte,what type of procedure is the image taken from,Entity,Token,What type of procedure is the image taken from? colonoscopy,Token,Token
Ulcerative Colitis,Is there text?,yes,cla820glas44r071ubx640diy,is there text,Yes/No,Yes/No,Is there text? yes,Yes/No,Yes/No
Ulcerative Colitis,What is the size of the polyp?,none,cla820gmss67f071ue4myftrq,what is the size of the polyp,Entity,None/NA,What is the size of the polyp? none,None/NA,None/NA
Ulcerative Colitis,Is there text?,yes,cla820gmos62b071ua36s3w9w,is there text,Yes/No,Yes/No,Is there text? yes,Yes/No,Yes/No
Ulcerative Colitis,Are there any abnormalities in the image? Check all that are present.,ulcerative colitis,cla820gn7s6nr071u0onh2amg,are there any abnormalities in the image check all that are present,Yes/No,Token,Are there any abnormalities in the image? Check all that are present. ulcerative colitis,Token,Token
Ulcerative Colitis,Are there any anatomical landmarks in the image? Check all that are present.,none,cla820gmvs6bz071u3y7hcecb,are there any anatomical landmarks in the image check all that are present,Yes/No,None/NA,Are there any anatomical landmarks in the image? Check all that are present. none,None/NA,None/NA
Ulcerative Colitis,Where in the image is the anatomical landmark?,none,cla820gl8s40f071u27wyhkha,where in the image is the anatomical landmark,Location,None/NA,Where in the image is the anatomical landmark? none,None/NA,None/NA
Ulcerative Colitis,Is there a green/black box artefact?,yes,cla820gm7s5dv071u6flka5po,is there a green black box artefact,Yes/No,Yes/No,Is there a green/black box artefact? yes,Yes/No,Yes/No
Ulcerative Colitis,Where in the image is the instrument?,none,cla820glis4in071uh54x4ih5,where in the image is the instrument,Location,None/NA,Where in the image is the instrument? none,None/NA,None/NA
Ulcerative Colitis,Are there any instruments in the image? Check all that are present.,none,cla820gm0s55v071u4c586lps,are there any instruments in the image check all that are present,Yes/No,None/NA,Are there any instruments in the image? Check all that are present. none,None/NA,None/NA
Ulcerative Colitis,Where in the image is the anatomical landmark?,none,cla820gmis5tb071u8iygepwo,where in the image is the anatomical landmark,Location,None/NA,Where in the image is the anatomical landmark? none,None/NA,None/NA
Ulcerative Colitis,Where in the image is the anatomical landmark?,none,cla820gl9s42b071uhcii678h,where in the image is the anatomical landmark,Location,None/NA,Where in the image is the anatomical landmark? none,None/NA,None/NA
Ulcerative Colitis,Where in the image is the instrument?,none,cla820gmfs5oz071u5ihnbhr0,where in the image is the instrument,Location,None/NA,Where in the image is the instrument? none,None/NA,None/NA
Ulcerative Colitis,Are there any abnormalities in the image? Check all that are present.,ulcerative colitis,cla820gl4s3tz071u1ewe1zbv,are there any abnormalities in the image check all that are present,Yes/No,Token,Are there any abnormalities in the image? Check all that are present. ulcerative colitis,Token,Token
Ulcerative Colitis,What type of polyp is present?,none,cla820gl8s41n071uanbv7xro,what type of polyp is present,Entity,None/NA,What type of polyp is present? none,None/NA,None/NA
Ulcerative Colitis,How many findings are present?,1,cla820gmvs6bb071u63f8edyw,how many findings are present,Counting,Numeric,How many findings are present? 1,Numeric,Numeric
Ulcerative Colitis,How many instrumnets are in the image?,0,cla820glgs4eb071u31fa4soe,how many instrumnets are in the image,Counting,Numeric,How many instrumnets are in the image? 0,Numeric,Numeric
Ulcerative Colitis,What color is the abnormality? If more than one separate with ;,pink; white; yellow,cla820gmhs5rr071u3ba0f0er,what color is the abnormality if more than one separate with,Color,List,What color is the abnormality? If more than one separate with ; pink; white; yellow,List,List
Ulcerative Colitis,Where in the image is the instrument?,none,cla820glxs51r071ubhx28deg,where in the image is the instrument,Location,None/NA,Where in the image is the instrument? none,None/NA,None/NA
Ulcerative Colitis,Is this finding easy to detect?,yes,cla820gm7s5ej071ucq1vab9h,is this finding easy to detect,Yes/No,Yes/No,Is this finding easy to detect? yes,Yes/No,Yes/No
Ulcerative Colitis,Where in the image is the anatomical landmark?,none,cla820glns4p3071uhtoi5f6r,where in the image is the anatomical landmark,Location,None/NA,Where in the image is the anatomical landmark? none,None/NA,None/NA
Ulcerative Colitis,How many instrumnets are in the image?,0,cla820gl6s3xz071ubrzzdd9a,how many instrumnets are in the image,Counting,Numeric,How many instrumnets are in the image? 0,Numeric,Numeric
Ulcerative Colitis,What type of polyp is present?,none,cla820glis4j3071u0zef4fft,what type of polyp is present,Entity,None/NA,What type of polyp is present? none,None/NA,None/NA
Ulcerative Colitis,How many polyps are in the image?,0,cla820gl7s407071u0j1bd6ly,how many polyps are in the image,Counting,Numeric,How many polyps are in the image? 0,Numeric,Numeric
Ulcerative Colitis,Is there a green/black box artefact?,no,cla820gmfs5o3071u2nyigw5j,is there a green black box artefact,Yes/No,Yes/No,Is there a green/black box artefact? no,Yes/No,Yes/No
Ulcerative Colitis,How many instrumnets are in the image?,0,cla820gmss67n071u8izzakyk,how many instrumnets are in the image,Counting,Numeric,How many instrumnets are in the image? 0,Numeric,Numeric
Ulcerative Colitis,Is there text?,yes,cla820glbs46f071uh7hu9bwy,is there text,Yes/No,Yes/No,Is there text? yes,Yes/No,Yes/No
Ulcerative Colitis,Is there text?,yes,cla820glds4a3071uh8e7cjrw,is there text,Yes/No,Yes/No,Is there text? yes,Yes/No,Yes/No
Ulcerative Colitis,What color is the abnormality? If more than one separate with ;,pink; red; white,cla820gn7s6o7071ucxfnd1dy,what color is the abnormality if more than one separate with,Color,List,What color is the abnormality? If more than one separate with ; pink; red; white,List,List
Ulcerative Colitis,Have all polyps been removed?,not relevant,cla820gl7s3zr071uambb5w1s,have all polyps been removed,Yes/No,Token,Have all polyps been removed? not relevant,Token,Token
Ulcerative Colitis,What color is the abnormality? If more than one separate with ;,pink; red; white,cla820gmts68r071u3rz09961,what color is the abnormality if more than one separate with,Color,List,What color is the abnormality? If more than one separate with ; pink; red; white,List,List
Ulcerative Colitis,How many findings are present?,1,cla820gn8s6p7071u0a2bcv1n,how many findings are present,Counting,Numeric,How many findings are present? 1,Numeric,Numeric
Ulcerative Colitis,What color is the abnormality? If more than one separate with ;,pink; white,cla820gm9s5gb071ubukj4rn3,what color is the abnormality if more than one separate with,Color,List,What color is the abnormality? If more than one separate with ; pink; white,List,List
Ulcerative Colitis,Are there any abnormalities in the image? Check all that are present.,ulcerative colitis,cla820gles4bf071u0hjs3axx,are there any abnormalities in the image check all that are present,Yes/No,Token,Are there any abnormalities in the image? Check all that are present. ulcerative colitis,Token,Token
Ulcerative Colitis,How many instrumnets are in the image?,0,cla820glys53j071u5tsm31dz,how many instrumnets are in the image,Counting,Numeric,How many instrumnets are in the image? 0,Numeric,Numeric
Ulcerative Colitis,Are there any abnormalities in the image? Check all that are present.,ulcerative colitis,cla820gl6s3yb071u4x8bg1hq,are there any abnormalities in the image check all that are present,Yes/No,Token,Are there any abnormalities in the image? Check all that are present. ulcerative colitis,Token,Token
Ulcerative Colitis,Where in the image is the anatomical landmark?,none,cla820glhs4gv071uhfx8hwoo,where in the image is the anatomical landmark,Location,None/NA,Where in the image is the anatomical landmark? none,None/NA,None/NA
Ulcerative Colitis,Have all polyps been removed?,not relevant,cla820gmfs5oz071u5ihnbhr0,have all polyps been removed,Yes/No,Token,Have all polyps been removed? not relevant,Token,Token
Ulcerative Colitis,What type of procedure is the image taken from?,colonoscopy,cla820gl0s3o7071u4ouwcitb,what type of procedure is the image taken from,Entity,Token,What type of procedure is the image taken from? colonoscopy,Token,Token
Ulcerative Colitis,What type of procedure is the image taken from?,colonoscopy,cla820glls4n7071uew2z0t79,what type of procedure is the image taken from,Entity,Token,What type of procedure is the image taken from? colonoscopy,Token,Token
Ulcerative Colitis,What type of procedure is the image taken from?,colonoscopy,cla820glps4sf071u3ckud9nv,what type of procedure is the image taken from,Entity,Token,What type of procedure is the image taken from? colonoscopy,Token,Token
Ulcerative Colitis,Where in the image is the abnormality?,center; center-left; center-right; lower-center; lower-right; upper-center; upper-left; upper-right,cla820gmss67r071ubbdsb48i,where in the image is the abnormality,Location,List,Where in the image is the abnormality? center; center-left; center-right; lower-center; lower-right; upper-center; upper-left; upper-right,List,List
Ulcerative Colitis,Is there a green/black box artefact?,yes,cla820gm6s5c7071u8qxfg8mk,is there a green black box artefact,Yes/No,Yes/No,Is there a green/black box artefact? yes,Yes/No,Yes/No
Ulcerative Colitis,Are there any abnormalities in the image? Check all that are present.,ulcerative colitis,cla820gmds5lr071ufjyr538p,are there any abnormalities in the image check all that are present,Yes/No,Token,Are there any abnormalities in the image? Check all that are present. ulcerative colitis,Token,Token
Ulcerative Colitis,Is there text?,yes,cla820gmus6ab071u8iua1wys,is there text,Yes/No,Yes/No,Is there text? yes,Yes/No,Yes/No
Ulcerative Colitis,Is this finding easy to detect?,yes,cla820gles4bz071u8fr012hd,is this finding easy to detect,Yes/No,Yes/No,Is this finding easy to detect? yes,Yes/No,Yes/No
Ulcerative Colitis,Are there any abnormalities in the image? Check all that are present.,ulcerative colitis,cla820gljs4k3071u70un91au,are there any abnormalities in the image check all that are present,Yes/No,Token,Are there any abnormalities in the image? Check all that are present. ulcerative colitis,Token,Token
Ulcerative Colitis,What type of polyp is present?,none,cla820gmfs5nr071ueghc9d0l,what type of polyp is present,Entity,None/NA,What type of polyp is present? none,None/NA,None/NA
Ulcerative Colitis,What is the size of the polyp?,none,cla820glis4jb071u9dny0zkz,what is the size of the polyp,Entity,None/NA,What is the size of the polyp? none,None/NA,None/NA
Ulcerative Colitis,Where in the image is the instrument?,none,cla820gmds5lv071u2prbaqhq,where in the image is the instrument,Location,None/NA,Where in the image is the instrument? none,None/NA,None/NA
Ulcerative Colitis,How many polyps are in the image?,0,cla820gmns61b071u1jrtajcx,how many polyps are in the image,Counting,Numeric,How many polyps are in the image? 0,Numeric,Numeric
Ulcerative Colitis,Are there any instruments in the image? Check all that are present.,none,cla820gl4s3uz071u7o0za9ab,are there any instruments in the image check all that are present,Yes/No,None/NA,Are there any instruments in the image? Check all that are present. none,None/NA,None/NA
Ulcerative Colitis,What color is the abnormality? If more than one separate with ;,pink; red; white,cla820gl4s3tj071uakhw1bd9,what color is the abnormality if more than one separate with,Color,List,What color is the abnormality? If more than one separate with ; pink; red; white,List,List
Ulcerative Colitis,How many instrumnets are in the image?,0,cla820gmfs5oj071u095r5i8n,how many instrumnets are in the image,Counting,Numeric,How many instrumnets are in the image? 0,Numeric,Numeric
Ulcerative Colitis,Is this finding easy to detect?,not relevant,cla820gn5s6kz071u8vnjhh8o,is this finding easy to detect,Yes/No,Token,Is this finding easy to detect? not relevant,Token,Token
Ulcerative Colitis,What type of procedure is the image taken from?,colonoscopy,cla820gm5s5b7071ubt3dd1vj,what type of procedure is the image taken from,Entity,Token,What type of procedure is the image taken from? colonoscopy,Token,Token
Ulcerative Colitis,Are there any abnormalities in the image? Check all that are present.,ulcerative colitis,cla820gl0s3nv071u4fgd7xgq,are there any abnormalities in the image check all that are present,Yes/No,Token,Are there any abnormalities in the image? Check all that are present. ulcerative colitis,Token,Token
Ulcerative Colitis,Is there a green/black box artefact?,no,cla820glfs4d7071u447u26s7,is there a green black box artefact,Yes/No,Yes/No,Is there a green/black box artefact? no,Yes/No,Yes/No
Ulcerative Colitis,Are there any abnormalities in the image? Check all that are present.,ulcerative colitis,cla820gn6s6lv071u6ibw16sz,are there any abnormalities in the image check all that are present,Yes/No,Token,Are there any abnormalities in the image? Check all that are present. ulcerative colitis,Token,Token
Ulcerative Colitis,Are there any abnormalities in the image? Check all that are present.,ulcerative colitis,cla820gm6s5cj071ucvqjgfy5,are there any abnormalities in the image check all that are present,Yes/No,Token,Are there any abnormalities in the image? Check all that are present. ulcerative colitis,Token,Token
Ulcerative Colitis,What type of procedure is the image taken from?,colonoscopy,cla820gljs4k7071u3s8vhkea,what type of procedure is the image taken from,Entity,Token,What type of procedure is the image taken from? colonoscopy,Token,Token
Ulcerative Colitis,Is there a green/black box artefact?,no,cla820gl8s41n071uanbv7xro,is there a green black box artefact,Yes/No,Yes/No,Is there a green/black box artefact? no,Yes/No,Yes/No
Ulcerative Colitis,Is there a green/black box artefact?,no,cla820glls4mb071uflw5cath,is there a green black box artefact,Yes/No,Yes/No,Is there a green/black box artefact? no,Yes/No,Yes/No
Ulcerative Colitis,Is there text?,yes,cla820glws50z071u300wha1x,is there text,Yes/No,Yes/No,Is there text? yes,Yes/No,Yes/No
Ulcerative Colitis,Is there text?,yes,cla820gn7s6n7071ud7xg2k8v,is there text,Yes/No,Yes/No,Is there text? yes,Yes/No,Yes/No
Ulcerative Colitis,Is there a green/black box artefact?,no,cla820glzs54b071uavsmcevb,is there a green black box artefact,Yes/No,Yes/No,Is there a green/black box artefact? no,Yes/No,Yes/No
Ulcerative Colitis,Are there any anatomical landmarks in the image? Check all that are present.,none,cla820glbs45z071uceqn97vk,are there any anatomical landmarks in the image check all that are present,Yes/No,None/NA,Are there any anatomical landmarks in the image? Check all that are present. none,None/NA,None/NA
Ulcerative Colitis,What type of polyp is present?,none,cla820gl1s3p3071udi3n74jf,what type of polyp is present,Entity,None/NA,What type of polyp is present? none,None/NA,None/NA
Ulcerative Colitis,What color is the abnormality? If more than one separate with ;,yellow; white; pink; red,cla820gm6s5c7071u8qxfg8mk,what color is the abnormality if more than one separate with,Color,List,What color is the abnormality? If more than one separate with ; yellow; white; pink; red,List,List
Ulcerative Colitis,What type of procedure is the image taken from?,colonoscopy,cla820gl3s3sj071u5wz74zhy,what type of procedure is the image taken from,Entity,Token,What type of procedure is the image taken from? colonoscopy,Token,Token
Ulcerative Colitis,What is the size of the polyp?,none,cla820glxs51v071uhmfh7mkc,what is the size of the polyp,Entity,None/NA,What is the size of the polyp? none,None/NA,None/NA
Ulcerative Colitis,Is this finding easy to detect?,yes,cla820gm0s55r071u2gze3vr6,is this finding easy to detect,Yes/No,Yes/No,Is this finding easy to detect? yes,Yes/No,Yes/No
Ulcerative Colitis,What is the size of the polyp?,none,cla820glzs54n071u2ojhbs6l,what is the size of the polyp,Entity,None/NA,What is the size of the polyp? none,None/NA,None/NA
Ulcerative Colitis,Is there text?,yes,cla820glds4af071uc0qg6nsg,is there text,Yes/No,Yes/No,Is there text? yes,Yes/No,Yes/No
Ulcerative Colitis,What type of procedure is the image taken from?,colonoscopy,cla820gm5s5bv071u5q119mtp,what type of procedure is the image taken from,Entity,Token,What type of procedure is the image taken from? colonoscopy,Token,Token
Ulcerative Colitis,Is this finding easy to detect?,no,cla820glvs4zr071u0uk12gji,is this finding easy to detect,Yes/No,Yes/No,Is this finding easy to detect? no,Yes/No,Token
Ulcerative Colitis,How many polyps are in the image?,0,cla820gles4b3071uf3ys5xf3,how many polyps are in the image,Counting,Numeric,How many polyps are in the image? 0,Numeric,Numeric
Ulcerative Colitis,How many polyps are in the image?,0,cla820gl6s3x7071u8n2ibyi4,how many polyps are in the image,Counting,Numeric,How many polyps are in the image? 0,Numeric,Numeric
Ulcerative Colitis,Are there any instruments in the image? Check all that are present.,none,cla820gn2s6hz071u8lie4sjt,are there any instruments in the image check all that are present,Yes/No,None/NA,Are there any instruments in the image? Check all that are present. none,None/NA,None/NA
Ulcerative Colitis,Are there any abnormalities in the image? Check all that are present.,ulcerative colitis,cla820gmqs65v071ubbawf0bx,are there any abnormalities in the image check all that are present,Yes/No,Token,Are there any abnormalities in the image? Check all that are present. ulcerative colitis,Token,Token
Ulcerative Colitis,How many polyps are in the image?,0,cla820glss4wr071u9rbsg5ki,how many polyps are in the image,Counting,Numeric,How many polyps are in the image? 0,Numeric,Numeric
Ulcerative Colitis,Are there any abnormalities in the image? Check all that are present.,ulcerative colitis,cla820gn4s6jf071u812y5qtt,are there any abnormalities in the image check all that are present,Yes/No,Token,Are there any abnormalities in the image? Check all that are present. ulcerative colitis,Token,Token
Ulcerative Colitis,Is there a green/black box artefact?,yes,cla820glhs4gn071u52j3hlkn,is there a green black box artefact,Yes/No,Yes/No,Is there a green/black box artefact? yes,Yes/No,Yes/No
Ulcerative Colitis,How many polyps are in the image?,0,cla820gmds5lj071ueefe8bki,how many polyps are in the image,Counting,Numeric,How many polyps are in the image? 0,Numeric,Numeric
Ulcerative Colitis,Where in the image is the instrument?,none,cla820glas44j071u71kvfzd9,where in the image is the instrument,Location,None/NA,Where in the image is the instrument? none,None/NA,None/NA
Ulcerative Colitis,What is the size of the polyp?,none,cla820gl7s403071uhl071dze,what is the size of the polyp,Entity,None/NA,What is the size of the polyp? none,None/NA,None/NA
Ulcerative Colitis,Are there any instruments in the image? Check all that are present.,none,cla820gm7s5dv071u6flka5po,are there any instruments in the image check all that are present,Yes/No,None/NA,Are there any instruments in the image? Check all that are present. none,None/NA,None/NA
Ulcerative Colitis,What type of procedure is the image taken from?,colonoscopy,cla820glcs47r071ufos036pr,what type of procedure is the image taken from,Entity,Token,What type of procedure is the image taken from? colonoscopy,Token,Token
Ulcerative Colitis,Is there text?,yes,cla820glhs4gz071u8nte4r4w,is there text,Yes/No,Yes/No,Is there text? yes,Yes/No,Yes/No
Ulcerative Colitis,How many instrumnets are in the image?,0,cla820gmrs66j071uaka934t9,how many instrumnets are in the image,Counting,Numeric,How many instrumnets are in the image? 0,Numeric,Numeric
Ulcerative Colitis,How many polyps are in the image?,0,cla820gmis5tj071ub7blex4q,how many polyps are in the image,Counting,Numeric,How many polyps are in the image? 0,Numeric,Numeric
Ulcerative Colitis,What type of procedure is the image taken from?,colonoscopy,cla820gmks5w3071ua58ygkgi,what type of procedure is the image taken from,Entity,Token,What type of procedure is the image taken from? colonoscopy,Token,Token
Ulcerative Colitis,Have all polyps been removed?,not relevant,cla820glns4pf071uaocdg34x,have all polyps been removed,Yes/No,Token,Have all polyps been removed? not relevant,Token,Token
Ulcerative Colitis,How many instrumnets are in the image?,0,cla820glas44j071u71kvfzd9,how many instrumnets are in the image,Counting,Numeric,How many instrumnets are in the image? 0,Numeric,Numeric
Ulcerative Colitis,Where in the image is the abnormality?,center; center-left; center-right; lower-center; lower-left; lower-right; upper-center; upper-left; upper-right,cla820glts4y3071u46ye8u85,where in the image is the abnormality,Location,List,Where in the image is the abnormality? center; center-left; center-right; lower-center; lower-left; lower-right; upper-center; upper-left; upper-right,List,List
Ulcerative Colitis,What color is the abnormality? If more than one separate with ;,pink; red,cla820glls4nj071uczhd0lu8,what color is the abnormality if more than one separate with,Color,List,What color is the abnormality? If more than one separate with ; pink; red,List,List
Ulcerative Colitis,What is the size of the polyp?,none,cla820glus4yb071u71nia0yw,what is the size of the polyp,Entity,None/NA,What is the size of the polyp? none,None/NA,None/NA
Ulcerative Colitis,Is there text?,yes,cla820gmms5zv071u5yw05he4,is there text,Yes/No,Yes/No,Is there text? yes,Yes/No,Yes/No
Ulcerative Colitis,What type of procedure is the image taken from?,colonoscopy,cla820gmms5zv071u5yw05he4,what type of procedure is the image taken from,Entity,Token,What type of procedure is the image taken from? colonoscopy,Token,Token
Ulcerative Colitis,What type of procedure is the image taken from?,colonoscopy,cla820gl9s42b071uhcii678h,what type of procedure is the image taken from,Entity,Token,What type of procedure is the image taken from? colonoscopy,Token,Token
Ulcerative Colitis,How many instrumnets are in the image?,0,cla820gm4s59r071u3r8o1qbf,how many instrumnets are in the image,Counting,Numeric,How many instrumnets are in the image? 0,Numeric,Numeric
Ulcerative Colitis,Is this finding easy to detect?,yes,cla820gmss687071u71az3czg,is this finding easy to detect,Yes/No,Yes/No,Is this finding easy to detect? yes,Yes/No,Yes/No
Ulcerative Colitis,What color is the abnormality? If more than one separate with ;,pink; red; white; yellow,cla820gl4s3v3071uf47na29u,what color is the abnormality if more than one separate with,Color,List,What color is the abnormality? If more than one separate with ; pink; red; white; yellow,List,List
Ulcerative Colitis,How many polyps are in the image?,0,cla820gm6s5d3071ue18mak4h,how many polyps are in the image,Counting,Numeric,How many polyps are in the image? 0,Numeric,Numeric
Ulcerative Colitis,How many findings are present?,1,cla820gn6s6mb071u3iwgd8n2,how many findings are present,Counting,Numeric,How many findings are present? 1,Numeric,Numeric
Ulcerative Colitis,What type of procedure is the image taken from?,colonoscopy,cla820gl5s3vb071u5qsbatev,what type of procedure is the image taken from,Entity,Token,What type of procedure is the image taken from? colonoscopy,Token,Token
Ulcerative Colitis,Are there any anatomical landmarks in the image? Check all that are present.,none,cla820gl8s40v071uhg55e4u9,are there any anatomical landmarks in the image check all that are present,Yes/No,None/NA,Are there any anatomical landmarks in the image? Check all that are present. none,None/NA,None/NA
Ulcerative Colitis,Is this finding easy to detect?,yes,cla820glas457071u9vwefrjk,is this finding easy to detect,Yes/No,Yes/No,Is this finding easy to detect? yes,Yes/No,Yes/No
Ulcerative Colitis,How many findings are present?,1,cla820gmas5if071uey8f56yv,how many findings are present,Counting,Numeric,How many findings are present? 1,Numeric,Numeric
Ulcerative Colitis,Where in the image is the instrument?,none,cla820gmms5zj071u3igl0m5n,where in the image is the instrument,Location,None/NA,Where in the image is the instrument? none,None/NA,None/NA
Ulcerative Colitis,How many findings are present?,1,cla820gl1s3ov071u2b7h3r59,how many findings are present,Counting,Numeric,How many findings are present? 1,Numeric,Numeric
Ulcerative Colitis,Have all polyps been removed?,not relevant,cla820glks4lj071ubi733tn9,have all polyps been removed,Yes/No,Token,Have all polyps been removed? not relevant,Token,Token
Ulcerative Colitis,Is there text?,yes,cla820glqs4u3071u57j2f3kj,is there text,Yes/No,Yes/No,Is there text? yes,Yes/No,Yes/No
Ulcerative Colitis,What type of procedure is the image taken from?,colonoscopy,cla820gl9s43r071u6vs31s5s,what type of procedure is the image taken from,Entity,Token,What type of procedure is the image taken from? colonoscopy,Token,Token
Ulcerative Colitis,Are there any instruments in the image? Check all that are present.,none,cla820gl9s42f071ucqtt9qsy,are there any instruments in the image check all that are present,Yes/No,None/NA,Are there any instruments in the image? Check all that are present. none,None/NA,None/NA
Ulcerative Colitis,How many polyps are in the image?,0,cla820gl7s403071uhl071dze,how many polyps are in the image,Counting,Numeric,How many polyps are in the image? 0,Numeric,Numeric
Ulcerative Colitis,Are there any instruments in the image? Check all that are present.,none,cla820glws50r071ucawv6lg5,are there any instruments in the image check all that are present,Yes/No,None/NA,Are there any instruments in the image? Check all that are present. none,None/NA,None/NA
Ulcerative Colitis,What color is the abnormality? If more than one separate with ;,pink; red; yellow,cla820gmhs5qr071ug4smcqjc,what color is the abnormality if more than one separate with,Color,List,What color is the abnormality? If more than one separate with ; pink; red; yellow,List,List
Ulcerative Colitis,What type of procedure is the image taken from?,colonoscopy,cla820glgs4er071udnzn4r9b,what type of procedure is the image taken from,Entity,Token,What type of procedure is the image taken from? colonoscopy,Token,Token
Ulcerative Colitis,Is there a green/black box artefact?,no,cla820gmps64r071ufnce9rvw,is there a green black box artefact,Yes/No,Yes/No,Is there a green/black box artefact? no,Yes/No,Yes/No
Ulcerative Colitis,Where in the image is the instrument?,none,cla820gljs4kz071uaa8h1tjs,where in the image is the instrument,Location,None/NA,Where in the image is the instrument? none,None/NA,None/NA
Ulcerative Colitis,How many polyps are in the image?,0,cla820gmhs5qv071u9bum40jl,how many polyps are in the image,Counting,Numeric,How many polyps are in the image? 0,Numeric,Numeric
Ulcerative Colitis,How many polyps are in the image?,0,cla820glis4iz071u0w216ekw,how many polyps are in the image,Counting,Numeric,How many polyps are in the image? 0,Numeric,Numeric
Ulcerative Colitis,What type of polyp is present?,none,cla820gl8s40v071uhg55e4u9,what type of polyp is present,Entity,None/NA,What type of polyp is present? none,None/NA,None/NA
Ulcerative Colitis,Is there a green/black box artefact?,yes,cla820gmms5yz071ud3hed2un,is there a green black box artefact,Yes/No,Yes/No,Is there a green/black box artefact? yes,Yes/No,Yes/No
Ulcerative Colitis,What color is the abnormality? If more than one separate with ;,pink; red; white; yellow,cla820gl5s3wv071u32becg92,what color is the abnormality if more than one separate with,Color,List,What color is the abnormality? If more than one separate with ; pink; red; white; yellow,List,List
Ulcerative Colitis,Is this finding easy to detect?,yes,cla820gm9s5gb071ubukj4rn3,is this finding easy to detect,Yes/No,Yes/No,Is this finding easy to detect? yes,Yes/No,Yes/No
Ulcerative Colitis,What type of procedure is the image taken from?,colonoscopy,cla820gmss68b071u8m268bbr,what type of procedure is the image taken from,Entity,Token,What type of procedure is the image taken from? colonoscopy,Token,Token
Ulcerative Colitis,How many polyps are in the image?,0,cla820gn7s6nf071u7txg9xwi,how many polyps are in the image,Counting,Numeric,How many polyps are in the image? 0,Numeric,Numeric
Ulcerative Colitis,What type of polyp is present?,none,cla820gn3s6i3071u7ohg3qbj,what type of polyp is present,Entity,None/NA,What type of polyp is present? none,None/NA,None/NA
Ulcerative Colitis,Is there text?,yes,cla820gmqs65v071ubbawf0bx,is there text,Yes/No,Yes/No,Is there text? yes,Yes/No,Yes/No
Ulcerative Colitis,Is there text?,yes,cla820gm6s5cb071u6dbacwxh,is there text,Yes/No,Yes/No,Is there text? yes,Yes/No,Yes/No
Ulcerative Colitis,Are there any anatomical landmarks in the image? Check all that are present.,none,cla820gm8s5fj071u2tqu57bx,are there any anatomical landmarks in the image check all that are present,Yes/No,None/NA,Are there any anatomical landmarks in the image? Check all that are present. none,None/NA,None/NA
Ulcerative Colitis,Have all polyps been removed?,not relevant,cla820glxs51r071ubhx28deg,have all polyps been removed,Yes/No,Token,Have all polyps been removed? not relevant,Token,Token
Ulcerative Colitis,Is this finding easy to detect?,yes,cla820gm5s5bf071u6yppfvdo,is this finding easy to detect,Yes/No,Yes/No,Is this finding easy to detect? yes,Yes/No,Yes/No
Ulcerative Colitis,Where in the image is the abnormality?,center; center-left; center-right; lower-center; lower-left; lower-right; upper-center; upper-left; upper-right,cla820gmfs5o3071u2nyigw5j,where in the image is the abnormality,Location,List,Where in the image is the abnormality? center; center-left; center-right; lower-center; lower-left; lower-right; upper-center; upper-left; upper-right,List,List
Ulcerative Colitis,Is there a green/black box artefact?,yes,cla820glcs48f071uaeot7zw6,is there a green black box artefact,Yes/No,Yes/No,Is there a green/black box artefact? yes,Yes/No,Yes/No
Ulcerative Colitis,What is the size of the polyp?,none,cla820glos4qf071ucr136se5,what is the size of the polyp,Entity,None/NA,What is the size of the polyp? none,None/NA,None/NA
Ulcerative Colitis,How many polyps are in the image?,0,cla820glcs48z071ue55u7r1k,how many polyps are in the image,Counting,Numeric,How many polyps are in the image? 0,Numeric,Numeric
Ulcerative Colitis,Is there a green/black box artefact?,no,cla820glbs46j071u3vje36lt,is there a green black box artefact,Yes/No,Yes/No,Is there a green/black box artefact? no,Yes/No,Yes/No
Ulcerative Colitis,What type of procedure is the image taken from?,colonoscopy,cla820glks4lv071u2rqfar1d,what type of procedure is the image taken from,Entity,Token,What type of procedure is the image taken from? colonoscopy,Token,Token
Ulcerative Colitis,What type of polyp is present?,none,cla820glos4rn071uevt9c8rh,what type of polyp is present,Entity,None/NA,What type of polyp is present? none,None/NA,None/NA
Ulcerative Colitis,How many polyps are in the image?,0,cla820gmss67z071u5qbncwa3,how many polyps are in the image,Counting,Numeric,How many polyps are in the image? 0,Numeric,Numeric
Ulcerative Colitis,Is there text?,yes,cla820glis4hz071u07tyhe3a,is there text,Yes/No,Yes/No,Is there text? yes,Yes/No,Yes/No
Ulcerative Colitis,What color is the abnormality? If more than one separate with ;,pink; white; yellow; black,cla820gmhs5rj071u2hj42bmw,what color is the abnormality if more than one separate with,Color,List,What color is the abnormality? If more than one separate with ; pink; white; yellow; black,List,List
Ulcerative Colitis,How many instrumnets are in the image?,0,cla820gn8s6oj071u2rjydjgb,how many instrumnets are in the image,Counting,Numeric,How many instrumnets are in the image? 0,Numeric,Numeric
Ulcerative Colitis,What type of procedure is the image taken from?,colonoscopy,cla820gn4s6jv071u2uaj0y9r,what type of procedure is the image taken from,Entity,Token,What type of procedure is the image taken from? colonoscopy,Token,Token
Ulcerative Colitis,Is there text?,yes,cla820gmss68j071u8cp9bv0v,is there text,Yes/No,Yes/No,Is there text? yes,Yes/No,Yes/No
Ulcerative Colitis,Where in the image is the anatomical landmark?,none,cla820gl6s3yn071u1z4u1dh6,where in the image is the anatomical landmark,Location,None/NA,Where in the image is the anatomical landmark? none,None/NA,None/NA
Ulcerative Colitis,Is this finding easy to detect?,yes,cla820gmes5n3071u39nr2p8w,is this finding easy to detect,Yes/No,Yes/No,Is this finding easy to detect? yes,Yes/No,Yes/No
Ulcerative Colitis,What type of polyp is present?,none,cla820gmgs5pb071uev6pcbwt,what type of polyp is present,Entity,None/NA,What type of polyp is present? none,None/NA,None/NA
Ulcerative Colitis,What type of procedure is the image taken from?,colonoscopy,cla820gmls5yj071u9nci1ei6,what type of procedure is the image taken from,Entity,Token,What type of procedure is the image taken from? colonoscopy,Token,Token
Ulcerative Colitis,How many instrumnets are in the image?,0,cla820gm0s563071u1wfnfv5i,how many instrumnets are in the image,Counting,Numeric,How many instrumnets are in the image? 0,Numeric,Numeric
Ulcerative Colitis,What type of polyp is present?,none,cla820glrs4v7071ufojf8iiu,what type of polyp is present,Entity,None/NA,What type of polyp is present? none,None/NA,None/NA
Ulcerative Colitis,Have all polyps been removed?,not relevant,cla820gmes5n7071u8o6u0p6p,have all polyps been removed,Yes/No,Token,Have all polyps been removed? not relevant,Token,Token
Ulcerative Colitis,Are there any instruments in the image? Check all that are present.,none,cla820glis4jn071ubfw9bdud,are there any instruments in the image check all that are present,Yes/No,None/NA,Are there any instruments in the image? Check all that are present. none,None/NA,None/NA
Ulcerative Colitis,What type of procedure is the image taken from?,colonoscopy,cla820gl4s3tv071ugdtudp1p,what type of procedure is the image taken from,Entity,Token,What type of procedure is the image taken from? colonoscopy,Token,Token
Ulcerative Colitis,How many findings are present?,1,cla820gmhs5rr071u3ba0f0er,how many findings are present,Counting,Numeric,How many findings are present? 1,Numeric,Numeric
Ulcerative Colitis,How many findings are present?,1,cla820gn9s6qn071u6imo4s20,how many findings are present,Counting,Numeric,How many findings are present? 1,Numeric,Numeric
Ulcerative Colitis,How many polyps are in the image?,0,cla820gm7s5df071u8qclbgm9,how many polyps are in the image,Counting,Numeric,How many polyps are in the image? 0,Numeric,Numeric
Ulcerative Colitis,Are there any instruments in the image? Check all that are present.,none,cla820glvs4zz071u0v2zdenk,are there any instruments in the image check all that are present,Yes/No,None/NA,Are there any instruments in the image? Check all that are present. none,None/NA,None/NA
Ulcerative Colitis,Are there any instruments in the image? Check all that are present.,none,cla820gn5s6kr071ue6jighxj,are there any instruments in the image check all that are present,Yes/No,None/NA,Are there any instruments in the image? Check all that are present. none,None/NA,None/NA
Ulcerative Colitis,Where in the image is the anatomical landmark?,none,cla820gm8s5f7071udu39h5l0,where in the image is the anatomical landmark,Location,None/NA,Where in the image is the anatomical landmark? none,None/NA,None/NA
Ulcerative Colitis,Are there any abnormalities in the image? Check all that are present.,ulcerative colitis,cla820gl9s42b071uhcii678h,are there any abnormalities in the image check all that are present,Yes/No,Token,Are there any abnormalities in the image? Check all that are present. ulcerative colitis,Token,Token
Ulcerative Colitis,Where in the image is the abnormality?,center; center-left; center-right; lower-center; lower-left; lower-right; upper-center; upper-left; upper-right,cla820gmls5wz071u2rajex2s,where in the image is the abnormality,Location,List,Where in the image is the abnormality? center; center-left; center-right; lower-center; lower-left; lower-right; upper-center; upper-left; upper-right,List,List
Ulcerative Colitis,Are there any instruments in the image? Check all that are present.,none,cla820glss4wb071uf2k770vj,are there any instruments in the image check all that are present,Yes/No,None/NA,Are there any instruments in the image? Check all that are present. none,None/NA,None/NA
Ulcerative Colitis,Where in the image is the abnormality?,center; center-left; center-right; lower-center; lower-left; lower-right; upper-center; upper-left; upper-right,cla820gmgs5qf071ug2ph4ud6,where in the image is the abnormality,Location,List,Where in the image is the abnormality? center; center-left; center-right; lower-center; lower-left; lower-right; upper-center; upper-left; upper-right,List,List
Ulcerative Colitis,Is there a green/black box artefact?,yes,cla820gmls5xb071u9njcamwn,is there a green black box artefact,Yes/No,Yes/No,Is there a green/black box artefact? yes,Yes/No,Yes/No
Ulcerative Colitis,What color is the abnormality? If more than one separate with ;,pink; red,cla820gmfs5oj071u095r5i8n,what color is the abnormality if more than one separate with,Color,List,What color is the abnormality? If more than one separate with ; pink; red,List,List
Ulcerative Colitis,How many findings are present?,1,cla820gl3s3t7071u351d62ys,how many findings are present,Counting,Numeric,How many findings are present? 1,Numeric,Numeric
Ulcerative Colitis,Where in the image is the abnormality?,center; center-left; center-right; lower-center; lower-left; lower-right; upper-center; upper-left; upper-right,cla820glls4nf071u5311ciqa,where in the image is the abnormality,Location,List,Where in the image is the abnormality? center; center-left; center-right; lower-center; lower-left; lower-right; upper-center; upper-left; upper-right,List,List
Ulcerative Colitis,What is the size of the polyp?,none,cla820gmps64j071u9z0mb1eb,what is the size of the polyp,Entity,None/NA,What is the size of the polyp? none,None/NA,None/NA
Ulcerative Colitis,Where in the image is the instrument?,none,cla820gmps63r071ubhdh4alg,where in the image is the instrument,Location,None/NA,Where in the image is the instrument? none,None/NA,None/NA
Ulcerative Colitis,Where in the image is the anatomical landmark?,none,cla820gmus6a3071uezzm8dac,where in the image is the anatomical landmark,Location,None/NA,Where in the image is the anatomical landmark? none,None/NA,None/NA
Ulcerative Colitis,What type of procedure is the image taken from?,colonoscopy,cla820gl7s3yz071u8j1a4nms,what type of procedure is the image taken from,Entity,Token,What type of procedure is the image taken from? colonoscopy,Token,Token
Ulcerative Colitis,Have all polyps been removed?,not relevant,cla820gm5s5bb071u0cc7gqjg,have all polyps been removed,Yes/No,Token,Have all polyps been removed? not relevant,Token,Token
Ulcerative Colitis,How many findings are present?,1,cla820glcs48r071u6b2k2ctb,how many findings are present,Counting,Numeric,How many findings are present? 1,Numeric,Numeric
Ulcerative Colitis,What color is the abnormality? If more than one separate with ;,pink; red,cla820glfs4cn071u0m2x8rre,what color is the abnormality if more than one separate with,Color,List,What color is the abnormality? If more than one separate with ; pink; red,List,List
Ulcerative Colitis,Are there any anatomical landmarks in the image? Check all that are present.,none,cla820glls4mj071uaz64hgj3,are there any anatomical landmarks in the image check all that are present,Yes/No,None/NA,Are there any anatomical landmarks in the image? Check all that are present. none,None/NA,None/NA
Ulcerative Colitis,Where in the image is the abnormality?,center; center-left; center-right; lower-center; lower-left; lower-right; upper-center; upper-left; upper-right,cla820gmss67z071u5qbncwa3,where in the image is the abnormality,Location,List,Where in the image is the abnormality? center; center-left; center-right; lower-center; lower-left; lower-right; upper-center; upper-left; upper-right,List,List
Ulcerative Colitis,Where in the image is the abnormality?,center; center-left; center-right; lower-center; lower-left; lower-right; upper-center; upper-left; upper-right,cla820gn9s6q3071u1ntnad6g,where in the image is the abnormality,Location,List,Where in the image is the abnormality? center; center-left; center-right; lower-center; lower-left; lower-right; upper-center; upper-left; upper-right,List,List
Ulcerative Colitis,Is there a green/black box artefact?,no,cla820gmxs6ef071u04rl1l3a,is there a green black box artefact,Yes/No,Yes/No,Is there a green/black box artefact? no,Yes/No,Yes/No
Ulcerative Colitis,What type of procedure is the image taken from?,colonoscopy,cla820gljs4kz071uaa8h1tjs,what type of procedure is the image taken from,Entity,Token,What type of procedure is the image taken from? colonoscopy,Token,Token
Ulcerative Colitis,How many instrumnets are in the image?,0,cla820gm3s58v071u2hykeacd,how many instrumnets are in the image,Counting,Numeric,How many instrumnets are in the image? 0,Numeric,Numeric
Ulcerative Colitis,Is there text?,yes,cla820glbs46v071u6gyo8zmj,is there text,Yes/No,Yes/No,Is there text? yes,Yes/No,Yes/No
Ulcerative Colitis,Have all polyps been removed?,not relevant,cla820gmls5wz071u2rajex2s,have all polyps been removed,Yes/No,Token,Have all polyps been removed? not relevant,Token,Token
Ulcerative Colitis,How many findings are present?,1,cla820gm1s573071uboxn339w,how many findings are present,Counting,Numeric,How many findings are present? 1,Numeric,Numeric
Ulcerative Colitis,Where in the image is the abnormality?,center; center-left; center-right; lower-center; lower-left; lower-right; upper-center; upper-left; upper-right,cla820gm0s55z071u6bws6y9p,where in the image is the abnormality,Location,List,Where in the image is the abnormality? center; center-left; center-right; lower-center; lower-left; lower-right; upper-center; upper-left; upper-right,List,List
Ulcerative Colitis,How many instrumnets are in the image?,0,cla820gmgs5pv071ubu4gcmgh,how many instrumnets are in the image,Counting,Numeric,How many instrumnets are in the image? 0,Numeric,Numeric
Ulcerative Colitis,Are there any abnormalities in the image? Check all that are present.,ulcerative colitis,cla820gmhs5qz071u160h8g7c,are there any abnormalities in the image check all that are present,Yes/No,Token,Are there any abnormalities in the image? Check all that are present. ulcerative colitis,Token,Token
Ulcerative Colitis,Where in the image is the instrument?,none,cla820gl1s3pn071u6vzxgsxv,where in the image is the instrument,Location,None/NA,Where in the image is the instrument? none,None/NA,None/NA
Ulcerative Colitis,Are there any anatomical landmarks in the image? Check all that are present.,none,cla820gl4s3uj071u8so1gxth,are there any anatomical landmarks in the image check all that are present,Yes/No,None/NA,Are there any anatomical landmarks in the image? Check all that are present. none,None/NA,None/NA
Ulcerative Colitis,How many instrumnets are in the image?,0,cla820gl6s3yj071u0108e4le,how many instrumnets are in the image,Counting,Numeric,How many instrumnets are in the image? 0,Numeric,Numeric
Ulcerative Colitis,Is there a green/black box artefact?,yes,cla820glps4sj071ug75952ul,is there a green black box artefact,Yes/No,Yes/No,Is there a green/black box artefact? yes,Yes/No,Yes/No
Ulcerative Colitis,What type of polyp is present?,none,cla820glks4lj071ubi733tn9,what type of polyp is present,Entity,None/NA,What type of polyp is present? none,None/NA,None/NA
Ulcerative Colitis,Where in the image is the instrument?,none,cla820gn4s6k3071u09h0775w,where in the image is the instrument,Location,None/NA,Where in the image is the instrument? none,None/NA,None/NA
Ulcerative Colitis,Are there any instruments in the image? Check all that are present.,none,cla820gn7s6nz071ucibt4ct0,are there any instruments in the image check all that are present,Yes/No,None/NA,Are there any instruments in the image? Check all that are present. none,None/NA,None/NA
Ulcerative Colitis,How many polyps are in the image?,0,cla820gmws6cr071uhahobz60,how many polyps are in the image,Counting,Numeric,How many polyps are in the image? 0,Numeric,Numeric
Ulcerative Colitis,How many instrumnets are in the image?,0,cla820glhs4h3071udw551juj,how many instrumnets are in the image,Counting,Numeric,How many instrumnets are in the image? 0,Numeric,Numeric
Ulcerative Colitis,What is the size of the polyp?,none,cla820gl4s3v7071u0fac2ztj,what is the size of the polyp,Entity,None/NA,What is the size of the polyp? none,None/NA,None/NA
Ulcerative Colitis,What is the size of the polyp?,none,cla820gmfs5on071u38ap5a7s,what is the size of the polyp,Entity,None/NA,What is the size of the polyp? none,None/NA,None/NA
Ulcerative Colitis,What is the size of the polyp?,none,cla820gn2s6hr071u48c9f4x3,what is the size of the polyp,Entity,None/NA,What is the size of the polyp? none,None/NA,None/NA
Ulcerative Colitis,What is the size of the polyp?,none,cla820gmxs6ef071u04rl1l3a,what is the size of the polyp,Entity,None/NA,What is the size of the polyp? none,None/NA,None/NA
Ulcerative Colitis,What is the size of the polyp?,none,cla820glns4q7071ugyu0d6xg,what is the size of the polyp,Entity,None/NA,What is the size of the polyp? none,None/NA,None/NA
Ulcerative Colitis,Is there a green/black box artefact?,yes,cla820gl8s41b071u9jv628nz,is there a green black box artefact,Yes/No,Yes/No,Is there a green/black box artefact? yes,Yes/No,Yes/No
Ulcerative Colitis,Are there any instruments in the image? Check all that are present.,none,cla820glvs4zr071u0uk12gji,are there any instruments in the image check all that are present,Yes/No,None/NA,Are there any instruments in the image? Check all that are present. none,None/NA,None/NA
Ulcerative Colitis,Have all polyps been removed?,not relevant,cla820glqs4u3071u57j2f3kj,have all polyps been removed,Yes/No,Token,Have all polyps been removed? not relevant,Token,Token
Ulcerative Colitis,What is the size of the polyp?,none,cla820gn8s6of071u5bae3ift,what is the size of the polyp,Entity,None/NA,What is the size of the polyp? none,None/NA,None/NA
Ulcerative Colitis,How many instrumnets are in the image?,0,cla820gm6s5db071u99xohsru,how many instrumnets are in the image,Counting,Numeric,How many instrumnets are in the image? 0,Numeric,Numeric
Ulcerative Colitis,Where in the image is the instrument?,center; center-left; upper-center; upper-left,cla820gmws6cn071u6esibke1,where in the image is the instrument,Location,List,Where in the image is the instrument? center; center-left; upper-center; upper-left,List,List
Ulcerative Colitis,Is there text?,yes,cla820gmvs6cf071ufbgw0jqu,is there text,Yes/No,Yes/No,Is there text? yes,Yes/No,Yes/No
Ulcerative Colitis,Is this finding easy to detect?,yes,cla820gmns60v071u3wm1gp4o,is this finding easy to detect,Yes/No,Yes/No,Is this finding easy to detect? yes,Yes/No,Yes/No
Ulcerative Colitis,Is there text?,no,cla820gmms5zn071u9lqc9ywi,is there text,Yes/No,Yes/No,Is there text? no,Yes/No,Yes/No
Ulcerative Colitis,Have all polyps been removed?,not relevant,cla820glcs483071u0w6t0pwq,have all polyps been removed,Yes/No,Token,Have all polyps been removed? not relevant,Token,Token
Ulcerative Colitis,Are there any instruments in the image? Check all that are present.,none,cla820gmks5wj071ufomv96u5,are there any instruments in the image check all that are present,Yes/No,None/NA,Are there any instruments in the image? Check all that are present. none,None/NA,None/NA
Ulcerative Colitis,What type of procedure is the image taken from?,colonoscopy,cla820gmms5zb071u6g8k2fhy,what type of procedure is the image taken from,Entity,Token,What type of procedure is the image taken from? colonoscopy,Token,Token
Ulcerative Colitis,Are there any instruments in the image? Check all that are present.,none,cla820gmps63z071u9nfpaxel,are there any instruments in the image check all that are present,Yes/No,None/NA,Are there any instruments in the image? Check all that are present. none,None/NA,None/NA
Ulcerative Colitis,Where in the image is the abnormality?,center; center-left; center-right; lower-center; lower-left; lower-right; upper-center; upper-left; upper-right,cla820gm2s58f071ug6yfd155,where in the image is the abnormality,Location,List,Where in the image is the abnormality? center; center-left; center-right; lower-center; lower-left; lower-right; upper-center; upper-left; upper-right,List,List
Ulcerative Colitis,What is the size of the polyp?,none,cla820gmrs66j071uaka934t9,what is the size of the polyp,Entity,None/NA,What is the size of the polyp? none,None/NA,None/NA
Ulcerative Colitis,Are there any instruments in the image? Check all that are present.,none,cla820gmgs5pj071u704xdemn,are there any instruments in the image check all that are present,Yes/No,None/NA,Are there any instruments in the image? Check all that are present. none,None/NA,None/NA
Ulcerative Colitis,Have all polyps been removed?,not relevant,cla820glos4qn071u5xdug8zw,have all polyps been removed,Yes/No,Token,Have all polyps been removed? not relevant,Token,Token
Ulcerative Colitis,Are there any anatomical landmarks in the image? Check all that are present.,none,cla820glrs4uv071u49oceotk,are there any anatomical landmarks in the image check all that are present,Yes/No,None/NA,Are there any anatomical landmarks in the image? Check all that are present. none,None/NA,None/NA
Ulcerative Colitis,What type of procedure is the image taken from?,colonoscopy,cla820glys53z071u0kdfg268,what type of procedure is the image taken from,Entity,Token,What type of procedure is the image taken from? colonoscopy,Token,Token
Ulcerative Colitis,What type of procedure is the image taken from?,colonoscopy,cla820gmus6af071u9mfk6o3o,what type of procedure is the image taken from,Entity,Token,What type of procedure is the image taken from? colonoscopy,Token,Token
Ulcerative Colitis,Where in the image is the abnormality?,center; center-left; center-right; lower-center; lower-left; lower-right; upper-center; upper-left; upper-right,cla820glgs4en071u90m6cq1k,where in the image is the abnormality,Location,List,Where in the image is the abnormality? center; center-left; center-right; lower-center; lower-left; lower-right; upper-center; upper-left; upper-right,List,List
Ulcerative Colitis,What type of polyp is present?,none,cla820glis4j7071u8wd17ygy,what type of polyp is present,Entity,None/NA,What type of polyp is present? none,None/NA,None/NA
Ulcerative Colitis,What type of polyp is present?,none,cla820gmus6af071u9mfk6o3o,what type of polyp is present,Entity,None/NA,What type of polyp is present? none,None/NA,None/NA
Ulcerative Colitis,What is the size of the polyp?,none,cla820glfs4dz071u4zz3h11m,what is the size of the polyp,Entity,None/NA,What is the size of the polyp? none,None/NA,None/NA
Ulcerative Colitis,Is there a green/black box artefact?,no,cla820gl7s3yv071u0z3o93jw,is there a green black box artefact,Yes/No,Yes/No,Is there a green/black box artefact? no,Yes/No,Yes/No
Ulcerative Colitis,Is there a green/black box artefact?,no,cla820gm1s57f071ubbs03fi2,is there a green black box artefact,Yes/No,Yes/No,Is there a green/black box artefact? no,Yes/No,Yes/No
Ulcerative Colitis,Where in the image is the abnormality?,center; center-left; center-right; lower-center; lower-left; lower-right; upper-center; upper-left; upper-right,cla820gm1s56f071u6z4x5v2k,where in the image is the abnormality,Location,List,Where in the image is the abnormality? center; center-left; center-right; lower-center; lower-left; lower-right; upper-center; upper-left; upper-right,List,List
Ulcerative Colitis,How many findings are present?,1,cla820gn4s6jr071uco5u8wbg,how many findings are present,Counting,Numeric,How many findings are present? 1,Numeric,Numeric
Ulcerative Colitis,What color is the abnormality? If more than one separate with ;,pink; red; white,cla820glbs46v071u6gyo8zmj,what color is the abnormality if more than one separate with,Color,List,What color is the abnormality? If more than one separate with ; pink; red; white,List,List
Ulcerative Colitis,Are there any instruments in the image? Check all that are present.,none,cla820glas45j071ud174degm,are there any instruments in the image check all that are present,Yes/No,None/NA,Are there any instruments in the image? Check all that are present. none,None/NA,None/NA
Ulcerative Colitis,How many instrumnets are in the image?,0,cla820glys533071uh5p3gbon,how many instrumnets are in the image,Counting,Numeric,How many instrumnets are in the image? 0,Numeric,Numeric
Ulcerative Colitis,Where in the image is the anatomical landmark?,none,cla820gm6s5c7071u8qxfg8mk,where in the image is the anatomical landmark,Location,None/NA,Where in the image is the anatomical landmark? none,None/NA,None/NA
Ulcerative Colitis,How many findings are present?,1,cla820gl7s3zn071u8ubx2rvn,how many findings are present,Counting,Numeric,How many findings are present? 1,Numeric,Numeric
Ulcerative Colitis,Are there any abnormalities in the image? Check all that are present.,ulcerative colitis,cla820gmps64v071ufqru1pyy,are there any abnormalities in the image check all that are present,Yes/No,Token,Are there any abnormalities in the image? Check all that are present. ulcerative colitis,Token,Token
Ulcerative Colitis,Is there a green/black box artefact?,yes,cla820glts4xf071uhw7u4dwm,is there a green black box artefact,Yes/No,Yes/No,Is there a green/black box artefact? yes,Yes/No,Yes/No
Ulcerative Colitis,How many findings are present?,1,cla820glis4jb071u9dny0zkz,how many findings are present,Counting,Numeric,How many findings are present? 1,Numeric,Numeric
Ulcerative Colitis,What color is the abnormality? If more than one separate with ;,pink; red; yellow,cla820gmvs6bv071u7llu5ik5,what color is the abnormality if more than one separate with,Color,List,What color is the abnormality? If more than one separate with ; pink; red; yellow,List,List
Ulcerative Colitis,What color is the abnormality? If more than one separate with ;,pink; red; white,cla820gl8s40n071ua3uphnl3,what color is the abnormality if more than one separate with,Color,List,What color is the abnormality? If more than one separate with ; pink; red; white,List,List
Ulcerative Colitis,What type of procedure is the image taken from?,colonoscopy,cla820gm1s56z071uejuucfjw,what type of procedure is the image taken from,Entity,Token,What type of procedure is the image taken from? colonoscopy,Token,Token
Ulcerative Colitis,Are there any instruments in the image? Check all that are present.,none,cla820gmks5wn071u8uoz7uq7,are there any instruments in the image check all that are present,Yes/No,None/NA,Are there any instruments in the image? Check all that are present. none,None/NA,None/NA
Ulcerative Colitis,What is the size of the polyp?,none,cla820gmns61b071u1jrtajcx,what is the size of the polyp,Entity,None/NA,What is the size of the polyp? none,None/NA,None/NA
Ulcerative Colitis,Where in the image is the instrument?,none,cla820glls4mz071u0cuo22tn,where in the image is the instrument,Location,None/NA,Where in the image is the instrument? none,None/NA,None/NA
Ulcerative Colitis,How many instrumnets are in the image?,0,cla820gmus6ar071ug2p91uiy,how many instrumnets are in the image,Counting,Numeric,How many instrumnets are in the image? 0,Numeric,Numeric
Ulcerative Colitis,Is this finding easy to detect?,yes,cla820gm3s58r071u0xv040pb,is this finding easy to detect,Yes/No,Yes/No,Is this finding easy to detect? yes,Yes/No,Yes/No
Ulcerative Colitis,Is there text?,yes,cla820gles4bj071u6rxicrf7,is there text,Yes/No,Yes/No,Is there text? yes,Yes/No,Yes/No
Ulcerative Colitis,Is this finding easy to detect?,yes,cla820gmks5vn071ua5scaqdh,is this finding easy to detect,Yes/No,Yes/No,Is this finding easy to detect? yes,Yes/No,Yes/No
Ulcerative Colitis,What is the size of the polyp?,none,cla820gmos63b071ucfr74ie6,what is the size of the polyp,Entity,None/NA,What is the size of the polyp? none,None/NA,None/NA
Ulcerative Colitis,How many polyps are in the image?,0,cla820glws50j071ud36oh1m6,how many polyps are in the image,Counting,Numeric,How many polyps are in the image? 0,Numeric,Numeric
Ulcerative Colitis,How many polyps are in the image?,0,cla820gmjs5ur071uaonq1yss,how many polyps are in the image,Counting,Numeric,How many polyps are in the image? 0,Numeric,Numeric
Ulcerative Colitis,What type of procedure is the image taken from?,colonoscopy,cla820gn2s6hz071u8lie4sjt,what type of procedure is the image taken from,Entity,Token,What type of procedure is the image taken from? colonoscopy,Token,Token
Ulcerative Colitis,Is there a green/black box artefact?,yes,cla820gl2s3qz071u9ed6awtv,is there a green black box artefact,Yes/No,Yes/No,Is there a green/black box artefact? yes,Yes/No,Yes/No
Ulcerative Colitis,Are there any instruments in the image? Check all that are present.,none,cla820glls4mf071ub9sx3pm6,are there any instruments in the image check all that are present,Yes/No,None/NA,Are there any instruments in the image? Check all that are present. none,None/NA,None/NA
Ulcerative Colitis,What color is the abnormality? If more than one separate with ;,pink; red; white,cla820gm3s58r071u0xv040pb,what color is the abnormality if more than one separate with,Color,List,What color is the abnormality? If more than one separate with ; pink; red; white,List,List
Ulcerative Colitis,Is this finding easy to detect?,yes,cla820glks4lb071u2xo3309v,is this finding easy to detect,Yes/No,Yes/No,Is this finding easy to detect? yes,Yes/No,Yes/No
Ulcerative Colitis,Is this finding easy to detect?,yes,cla820glfs4dn071ugbvrazqs,is this finding easy to detect,Yes/No,Yes/No,Is this finding easy to detect? yes,Yes/No,Yes/No
Ulcerative Colitis,Are there any abnormalities in the image? Check all that are present.,ulcerative colitis,cla820glms4ov071uase2f3kh,are there any abnormalities in the image check all that are present,Yes/No,Token,Are there any abnormalities in the image? Check all that are present. ulcerative colitis,Token,Token
Ulcerative Colitis,What is the size of the polyp?,none,cla820gmus6b3071u5w72dabp,what is the size of the polyp,Entity,None/NA,What is the size of the polyp? none,None/NA,None/NA
Ulcerative Colitis,What is the size of the polyp?,none,cla820glls4nf071u5311ciqa,what is the size of the polyp,Entity,None/NA,What is the size of the polyp? none,None/NA,None/NA
Ulcerative Colitis,Is there a green/black box artefact?,no,cla820gmxs6ez071ug5c7c9hd,is there a green black box artefact,Yes/No,Yes/No,Is there a green/black box artefact? no,Yes/No,Yes/No
Ulcerative Colitis,What is the size of the polyp?,none,cla820gmks5wv071u35op55hi,what is the size of the polyp,Entity,None/NA,What is the size of the polyp? none,None/NA,None/NA
Ulcerative Colitis,What is the size of the polyp?,none,cla820gn2s6hj071u6zj3em1t,what is the size of the polyp,Entity,None/NA,What is the size of the polyp? none,None/NA,None/NA
Ulcerative Colitis,Have all polyps been removed?,not relevant,cla820gmvs6c3071ugjeig683,have all polyps been removed,Yes/No,Token,Have all polyps been removed? not relevant,Token,Token
Ulcerative Colitis,Where in the image is the instrument?,none,cla820gmxs6dr071ud4avacp9,where in the image is the instrument,Location,None/NA,Where in the image is the instrument? none,None/NA,None/NA
Ulcerative Colitis,Where in the image is the abnormality?,center; center-left; center-right; lower-center; lower-left; lower-right; upper-center; upper-left; upper-right,cla820gn8s6oz071u9rtd5ve1,where in the image is the abnormality,Location,List,Where in the image is the abnormality? center; center-left; center-right; lower-center; lower-left; lower-right; upper-center; upper-left; upper-right,List,List
Ulcerative Colitis,Where in the image is the anatomical landmark?,none,cla820gn8s6pj071u62zg5j20,where in the image is the anatomical landmark,Location,None/NA,Where in the image is the anatomical landmark? none,None/NA,None/NA
Ulcerative Colitis,What color is the abnormality? If more than one separate with ;,pink; red,cla820glms4nr071u3lxf2s1v,what color is the abnormality if more than one separate with,Color,List,What color is the abnormality? If more than one separate with ; pink; red,List,List
Ulcerative Colitis,Is there a green/black box artefact?,no,cla820gm3s59n071u5g9p1bll,is there a green black box artefact,Yes/No,Yes/No,Is there a green/black box artefact? no,Yes/No,Yes/No
Ulcerative Colitis,Is there a green/black box artefact?,yes,cla820gm4s5ab071u7i219k5t,is there a green black box artefact,Yes/No,Yes/No,Is there a green/black box artefact? yes,Yes/No,Yes/No
Ulcerative Colitis,Is there a green/black box artefact?,yes,cla820glps4rz071u6kspddxw,is there a green black box artefact,Yes/No,Yes/No,Is there a green/black box artefact? yes,Yes/No,Yes/No
Ulcerative Colitis,What type of polyp is present?,none,cla820gmrs66f071u2e0m0unl,what type of polyp is present,Entity,None/NA,What type of polyp is present? none,None/NA,None/NA
Ulcerative Colitis,What color is the abnormality? If more than one separate with ;,pink; red; white; brown,cla820gmts69v071u5vji03hy,what color is the abnormality if more than one separate with,Color,List,What color is the abnormality? If more than one separate with ; pink; red; white; brown,List,List
Ulcerative Colitis,What color is the abnormality? If more than one separate with ;,pink; red; white; grey,cla820gmes5nb071u8xs2d2wu,what color is the abnormality if more than one separate with,Color,List,What color is the abnormality? If more than one separate with ; pink; red; white; grey,List,List
Ulcerative Colitis,What type of polyp is present?,none,cla820glws50z071u300wha1x,what type of polyp is present,Entity,None/NA,What type of polyp is present? none,None/NA,None/NA
Ulcerative Colitis,Where in the image is the instrument?,none,cla820gmhs5qz071u160h8g7c,where in the image is the instrument,Location,None/NA,Where in the image is the instrument? none,None/NA,None/NA
Ulcerative Colitis,Is this finding easy to detect?,yes,cla820gmys6fn071uf4cp0f8g,is this finding easy to detect,Yes/No,Yes/No,Is this finding easy to detect? yes,Yes/No,Yes/No
Ulcerative Colitis,Are there any abnormalities in the image? Check all that are present.,ulcerative colitis,cla820glts4xb071uaie56hx1,are there any abnormalities in the image check all that are present,Yes/No,Token,Are there any abnormalities in the image? Check all that are present. ulcerative colitis,Token,Token
Ulcerative Colitis,Is there a green/black box artefact?,no,cla820gmis5t7071u6um08c20,is there a green black box artefact,Yes/No,Yes/No,Is there a green/black box artefact? no,Yes/No,Yes/No
Ulcerative Colitis,What is the size of the polyp?,none,cla820gl4s3u3071u2dfi4v58,what is the size of the polyp,Entity,None/NA,What is the size of the polyp? none,None/NA,None/NA
Ulcerative Colitis,What is the size of the polyp?,none,cla820glgs4ez071u8svee8wo,what is the size of the polyp,Entity,None/NA,What is the size of the polyp? none,None/NA,None/NA
Ulcerative Colitis,Where in the image is the instrument?,none,cla820gm4s5av071uaaahh9j3,where in the image is the instrument,Location,None/NA,Where in the image is the instrument? none,None/NA,None/NA
Ulcerative Colitis,What type of polyp is present?,none,cla820gmjs5uf071u0c8y2918,what type of polyp is present,Entity,None/NA,What type of polyp is present? none,None/NA,None/NA
Ulcerative Colitis,Where in the image is the instrument?,none,cla820gl7s3yr071u9kft4435,where in the image is the instrument,Location,None/NA,Where in the image is the instrument? none,None/NA,None/NA
Ulcerative Colitis,Is there a green/black box artefact?,yes,cla820gl7s3zr071uambb5w1s,is there a green black box artefact,Yes/No,Yes/No,Is there a green/black box artefact? yes,Yes/No,Yes/No
Ulcerative Colitis,Where in the image is the anatomical landmark?,none,cla820glfs4cj071u5kek6b66,where in the image is the anatomical landmark,Location,None/NA,Where in the image is the anatomical landmark? none,None/NA,None/NA
Ulcerative Colitis,Where in the image is the instrument?,none,cla820gm3s59j071ufowzddjs,where in the image is the instrument,Location,None/NA,Where in the image is the instrument? none,None/NA,None/NA
Ulcerative Colitis,Are there any abnormalities in the image? Check all that are present.,ulcerative colitis,cla820gn7s6o3071u48ukegv2,are there any abnormalities in the image check all that are present,Yes/No,Token,Are there any abnormalities in the image? Check all that are present. ulcerative colitis,Token,Token
Ulcerative Colitis,What type of polyp is present?,none,cla820gm6s5c3071u9rg73gh5,what type of polyp is present,Entity,None/NA,What type of polyp is present? none,None/NA,None/NA
Ulcerative Colitis,How many polyps are in the image?,0,cla820gmes5nn071u4li1c0zd,how many polyps are in the image,Counting,Numeric,How many polyps are in the image? 0,Numeric,Numeric
Ulcerative Colitis,Are there any abnormalities in the image? Check all that are present.,ulcerative colitis,cla820gmfs5ob071u4r09f589,are there any abnormalities in the image check all that are present,Yes/No,Token,Are there any abnormalities in the image? Check all that are present. ulcerative colitis,Token,Token
Ulcerative Colitis,Are there any abnormalities in the image? Check all that are present.,ulcerative colitis,cla820gmvs6bv071u7llu5ik5,are there any abnormalities in the image check all that are present,Yes/No,Token,Are there any abnormalities in the image? Check all that are present. ulcerative colitis,Token,Token
Ulcerative Colitis,Where in the image is the abnormality?,center; center-left; center-right; lower-center; lower-left; lower-right; upper-center; upper-left; upper-right,cla820gm6s5cz071udwjhayjc,where in the image is the abnormality,Location,List,Where in the image is the abnormality? center; center-left; center-right; lower-center; lower-left; lower-right; upper-center; upper-left; upper-right,List,List
Ulcerative Colitis,What is the size of the polyp?,none,cla820glxs51n071u7cqd831x,what is the size of the polyp,Entity,None/NA,What is the size of the polyp? none,None/NA,None/NA
Ulcerative Colitis,Are there any instruments in the image? Check all that are present.,none,cla820gmss67b071u3h7o5k3t,are there any instruments in the image check all that are present,Yes/No,None/NA,Are there any instruments in the image? Check all that are present. none,None/NA,None/NA
Ulcerative Colitis,Have all polyps been removed?,not relevant,cla820gmls5xj071uarbihlni,have all polyps been removed,Yes/No,Token,Have all polyps been removed? not relevant,Token,Token
Ulcerative Colitis,What type of polyp is present?,none,cla820gm0s55r071u2gze3vr6,what type of polyp is present,Entity,None/NA,What type of polyp is present? none,None/NA,None/NA
Ulcerative Colitis,Have all polyps been removed?,not relevant,cla820gmms5zr071ubsmqaxtm,have all polyps been removed,Yes/No,Token,Have all polyps been removed? not relevant,Token,Token
Ulcerative Colitis,Are there any anatomical landmarks in the image? Check all that are present.,none,cla820gmcs5kz071u0oi7ffxb,are there any anatomical landmarks in the image check all that are present,Yes/No,None/NA,Are there any anatomical landmarks in the image? Check all that are present. none,None/NA,None/NA
Ulcerative Colitis,Is this finding easy to detect?,yes,cla820gm7s5eb071u1vrd4xjm,is this finding easy to detect,Yes/No,Yes/No,Is this finding easy to detect? yes,Yes/No,Yes/No
Ulcerative Colitis,Are there any anatomical landmarks in the image? Check all that are present.,none,cla820gl0s3oj071u5qln6oim,are there any anatomical landmarks in the image check all that are present,Yes/No,None/NA,Are there any anatomical landmarks in the image? Check all that are present. none,None/NA,None/NA
Ulcerative Colitis,What is the size of the polyp?,none,cla820gmos633071u2s5l5lpm,what is the size of the polyp,Entity,None/NA,What is the size of the polyp? none,None/NA,None/NA
Ulcerative Colitis,Where in the image is the anatomical landmark?,center,cla820glss4wr071u9rbsg5ki,where in the image is the anatomical landmark,Location,Token,Where in the image is the anatomical landmark? center,Token,Token
Ulcerative Colitis,What type of polyp is present?,none,cla820gn8s6pf071u3k5p1n83,what type of polyp is present,Entity,None/NA,What type of polyp is present? none,None/NA,None/NA
Ulcerative Colitis,Are there any instruments in the image? Check all that are present.,none,cla820gles4bj071u6rxicrf7,are there any instruments in the image check all that are present,Yes/No,None/NA,Are there any instruments in the image? Check all that are present. none,None/NA,None/NA
Ulcerative Colitis,How many instrumnets are in the image?,0,cla820gmls5xv071u4iiz09gv,how many instrumnets are in the image,Counting,Numeric,How many instrumnets are in the image? 0,Numeric,Numeric
Ulcerative Colitis,What type of polyp is present?,none,cla820gn8s6ov071u3wbifj86,what type of polyp is present,Entity,None/NA,What type of polyp is present? none,None/NA,None/NA
Ulcerative Colitis,How many instrumnets are in the image?,0,cla820gl4s3v3071uf47na29u,how many instrumnets are in the image,Counting,Numeric,How many instrumnets are in the image? 0,Numeric,Numeric
Ulcerative Colitis,How many polyps are in the image?,0,cla820gmks5wn071u8uoz7uq7,how many polyps are in the image,Counting,Numeric,How many polyps are in the image? 0,Numeric,Numeric
Ulcerative Colitis,Are there any abnormalities in the image? Check all that are present.,ulcerative colitis,cla820glrs4vj071ucq6z2u3z,are there any abnormalities in the image check all that are present,Yes/No,Token,Are there any abnormalities in the image? Check all that are present. ulcerative colitis,Token,Token
Ulcerative Colitis,What type of procedure is the image taken from?,colonoscopy,cla820gn7s6nf071u7txg9xwi,what type of procedure is the image taken from,Entity,Token,What type of procedure is the image taken from? colonoscopy,Token,Token
Ulcerative Colitis,Where in the image is the anatomical landmark?,none,cla820glis4jn071ubfw9bdud,where in the image is the anatomical landmark,Location,None/NA,Where in the image is the anatomical landmark? none,None/NA,None/NA
Ulcerative Colitis,Where in the image is the instrument?,none,cla820glps4t3071u3cfnegcf,where in the image is the instrument,Location,None/NA,Where in the image is the instrument? none,None/NA,None/NA
Ulcerative Colitis,How many findings are present?,1,cla820glus4yf071ufp7e4p4s,how many findings are present,Counting,Numeric,How many findings are present? 1,Numeric,Numeric
Ulcerative Colitis,What color is the abnormality? If more than one separate with ;,pink; red; yellow,cla820gmas5hr071uh5ftaiov,what color is the abnormality if more than one separate with,Color,List,What color is the abnormality? If more than one separate with ; pink; red; yellow,List,List
Ulcerative Colitis,Are there any abnormalities in the image? Check all that are present.,ulcerative colitis,cla820glvs50f071ufkhtf8we,are there any abnormalities in the image check all that are present,Yes/No,Token,Are there any abnormalities in the image? Check all that are present. ulcerative colitis,Token,Token
Ulcerative Colitis,Is there a green/black box artefact?,no,cla820gmbs5j3071u80u3fjlb,is there a green black box artefact,Yes/No,Yes/No,Is there a green/black box artefact? no,Yes/No,Yes/No
Ulcerative Colitis,Is there text?,no,cla820gmms5z7071ub7pfau3k,is there text,Yes/No,Yes/No,Is there text? no,Yes/No,Yes/No
Ulcerative Colitis,How many polyps are in the image?,0,cla820glas45j071ud174degm,how many polyps are in the image,Counting,Numeric,How many polyps are in the image? 0,Numeric,Numeric
Ulcerative Colitis,How many polyps are in the image?,0,cla820gn4s6j7071u58if9aat,how many polyps are in the image,Counting,Numeric,How many polyps are in the image? 0,Numeric,Numeric
Ulcerative Colitis,How many findings are present?,1,cla820glks4lr071u6gschk16,how many findings are present,Counting,Numeric,How many findings are present? 1,Numeric,Numeric
Ulcerative Colitis,How many findings are present?,1,cla820gn8s6oz071u9rtd5ve1,how many findings are present,Counting,Numeric,How many findings are present? 1,Numeric,Numeric
Ulcerative Colitis,Where in the image is the abnormality?,center; center-left; center-right; lower-center; lower-left; lower-right; upper-center; upper-left; upper-right,cla820gn5s6kv071u3g621gv4,where in the image is the abnormality,Location,List,Where in the image is the abnormality? center; center-left; center-right; lower-center; lower-left; lower-right; upper-center; upper-left; upper-right,List,List
Ulcerative Colitis,Are there any anatomical landmarks in the image? Check all that are present.,none,cla820gn4s6jr071uco5u8wbg,are there any anatomical landmarks in the image check all that are present,Yes/No,None/NA,Are there any anatomical landmarks in the image? Check all that are present. none,None/NA,None/NA
Ulcerative Colitis,Where in the image is the abnormality?,center; center-left; center-right; lower-center; lower-left; lower-right; upper-center; upper-left; upper-right,cla820glis4ij071uf0lhhgr8,where in the image is the abnormality,Location,List,Where in the image is the abnormality? center; center-left; center-right; lower-center; lower-left; lower-right; upper-center; upper-left; upper-right,List,List
Ulcerative Colitis,Where in the image is the abnormality?,center; center-left; center-right; lower-center; lower-left; lower-right; upper-center; upper-left; upper-right,cla820gm0s55n071ubuk7hvyx,where in the image is the abnormality,Location,List,Where in the image is the abnormality? center; center-left; center-right; lower-center; lower-left; lower-right; upper-center; upper-left; upper-right,List,List
Ulcerative Colitis,Where in the image is the anatomical landmark?,none,cla820gmws6cn071u6esibke1,where in the image is the anatomical landmark,Location,None/NA,Where in the image is the anatomical landmark? none,None/NA,None/NA
Ulcerative Colitis,What color is the abnormality? If more than one separate with ;,pink; yellow; white,cla820gmbs5jv071u2nr79rfo,what color is the abnormality if more than one separate with,Color,List,What color is the abnormality? If more than one separate with ; pink; yellow; white,List,List
Ulcerative Colitis,What type of polyp is present?,none,cla820glhs4g3071ufew60vx0,what type of polyp is present,Entity,None/NA,What type of polyp is present? none,None/NA,None/NA
Ulcerative Colitis,What type of procedure is the image taken from?,colonoscopy,cla820gmks5wj071ufomv96u5,what type of procedure is the image taken from,Entity,Token,What type of procedure is the image taken from? colonoscopy,Token,Token
Ulcerative Colitis,What type of polyp is present?,none,cla820glhs4hb071u8ksn6l73,what type of polyp is present,Entity,None/NA,What type of polyp is present? none,None/NA,None/NA
Ulcerative Colitis,What color is the abnormality? If more than one separate with ;,pink; red; black; orange,cla820gn5s6kn071u8pacbjav,what color is the abnormality if more than one separate with,Color,List,What color is the abnormality? If more than one separate with ; pink; red; black; orange,List,List
Ulcerative Colitis,Where in the image is the instrument?,none,cla820gmas5hv071u5cph9r7y,where in the image is the instrument,Location,None/NA,Where in the image is the instrument? none,None/NA,None/NA
Ulcerative Colitis,Are there any anatomical landmarks in the image? Check all that are present.,none,cla820glds49r071uc4a4amxd,are there any anatomical landmarks in the image check all that are present,Yes/No,None/NA,Are there any anatomical landmarks in the image? Check all that are present. none,None/NA,None/NA
Ulcerative Colitis,Are there any instruments in the image? Check all that are present.,none,cla820glds49z071u2jyvcspl,are there any instruments in the image check all that are present,Yes/No,None/NA,Are there any instruments in the image? Check all that are present. none,None/NA,None/NA
Ulcerative Colitis,What type of procedure is the image taken from?,colonoscopy,cla820gmcs5kz071u0oi7ffxb,what type of procedure is the image taken from,Entity,Token,What type of procedure is the image taken from? colonoscopy,Token,Token
Ulcerative Colitis,Are there any abnormalities in the image? Check all that are present.,ulcerative colitis,cla820gmos637071u7bd8b3ow,are there any abnormalities in the image check all that are present,Yes/No,Token,Are there any abnormalities in the image? Check all that are present. ulcerative colitis,Token,Token
Ulcerative Colitis,How many findings are present?,1,cla820gmks5vz071ubwqh5xzw,how many findings are present,Counting,Numeric,How many findings are present? 1,Numeric,Numeric
Ulcerative Colitis,What color is the abnormality? If more than one separate with ;,pink; red,cla820gmxs6dz071u89c518b7,what color is the abnormality if more than one separate with,Color,List,What color is the abnormality? If more than one separate with ; pink; red,List,List
Ulcerative Colitis,Where in the image is the anatomical landmark?,none,cla820gl0s3o7071u4ouwcitb,where in the image is the anatomical landmark,Location,None/NA,Where in the image is the anatomical landmark? none,None/NA,None/NA
Ulcerative Colitis,What type of procedure is the image taken from?,colonoscopy,cla820gl9s43n071u50v7gmsx,what type of procedure is the image taken from,Entity,Token,What type of procedure is the image taken from? colonoscopy,Token,Token
Ulcerative Colitis,Where in the image is the abnormality?,center; center-left; center-right; lower-center; lower-right; upper-center; upper-left; upper-right,cla820gmus6ab071u8iua1wys,where in the image is the abnormality,Location,List,Where in the image is the abnormality? center; center-left; center-right; lower-center; lower-right; upper-center; upper-left; upper-right,List,List
Ulcerative Colitis,How many polyps are in the image?,0,cla820gmps64r071ufnce9rvw,how many polyps are in the image,Counting,Numeric,How many polyps are in the image? 0,Numeric,Numeric
Ulcerative Colitis,Are there any abnormalities in the image? Check all that are present.,ulcerative colitis,cla820gles4c3071u4ctg8u80,are there any abnormalities in the image check all that are present,Yes/No,Token,Are there any abnormalities in the image? Check all that are present. ulcerative colitis,Token,Token
Ulcerative Colitis,Is there text?,yes,cla820glms4or071u3gr770w6,is there text,Yes/No,Yes/No,Is there text? yes,Yes/No,Yes/No
Ulcerative Colitis,Have all polyps been removed?,not relevant,cla820gl4s3ub071u7ypd8d4h,have all polyps been removed,Yes/No,Token,Have all polyps been removed? not relevant,Token,Token
Ulcerative Colitis,Where in the image is the anatomical landmark?,none,cla820gmos627071uc11qby84,where in the image is the anatomical landmark,Location,None/NA,Where in the image is the anatomical landmark? none,None/NA,None/NA
Ulcerative Colitis,Are there any instruments in the image? Check all that are present.,none,cla820gmps64n071ughf3929p,are there any instruments in the image check all that are present,Yes/No,None/NA,Are there any instruments in the image? Check all that are present. none,None/NA,None/NA
Ulcerative Colitis,How many polyps are in the image?,0,cla820gm0s55f071u8hlqhno2,how many polyps are in the image,Counting,Numeric,How many polyps are in the image? 0,Numeric,Numeric
Ulcerative Colitis,What type of procedure is the image taken from?,colonoscopy,cla820gmfs5o3071u2nyigw5j,what type of procedure is the image taken from,Entity,Token,What type of procedure is the image taken from? colonoscopy,Token,Token
Ulcerative Colitis,What type of procedure is the image taken from?,colonoscopy,cla820gl2s3q7071u7ej2fp2n,what type of procedure is the image taken from,Entity,Token,What type of procedure is the image taken from? colonoscopy,Token,Token
Ulcerative Colitis,Is this finding easy to detect?,yes,cla820glas44j071u71kvfzd9,is this finding easy to detect,Yes/No,Yes/No,Is this finding easy to detect? yes,Yes/No,Yes/No
Ulcerative Colitis,Are there any abnormalities in the image? Check all that are present.,ulcerative colitis,cla820gn7s6nn071u689g17m8,are there any abnormalities in the image check all that are present,Yes/No,Token,Are there any abnormalities in the image? Check all that are present. ulcerative colitis,Token,Token
Ulcerative Colitis,Where in the image is the abnormality?,center; center-left; center-right; lower-center; lower-left; lower-right; upper-center; upper-left; upper-right,cla820gm2s587071u5rub5yy5,where in the image is the abnormality,Location,List,Where in the image is the abnormality? center; center-left; center-right; lower-center; lower-left; lower-right; upper-center; upper-left; upper-right,List,List
Ulcerative Colitis,Where in the image is the anatomical landmark?,none,cla820glns4p7071ucmxog59s,where in the image is the anatomical landmark,Location,None/NA,Where in the image is the anatomical landmark? none,None/NA,None/NA
Ulcerative Colitis,How many polyps are in the image?,0,cla820glps4sb071ueih8gy1f,how many polyps are in the image,Counting,Numeric,How many polyps are in the image? 0,Numeric,Numeric
Ulcerative Colitis,How many polyps are in the image?,0,cla820glqs4uj071u9r4reg1m,how many polyps are in the image,Counting,Numeric,How many polyps are in the image? 0,Numeric,Numeric
Ulcerative Colitis,Where in the image is the abnormality?,center; center-left; center-right; lower-center; lower-left; lower-right; upper-center; upper-left; upper-right,cla820gm9s5gv071ucr51e9hs,where in the image is the abnormality,Location,List,Where in the image is the abnormality? center; center-left; center-right; lower-center; lower-left; lower-right; upper-center; upper-left; upper-right,List,List
Ulcerative Colitis,Are there any instruments in the image? Check all that are present.,none,cla820gmks5vn071ua5scaqdh,are there any instruments in the image check all that are present,Yes/No,None/NA,Are there any instruments in the image? Check all that are present. none,None/NA,None/NA
Ulcerative Colitis,Have all polyps been removed?,not relevant,cla820glxs51z071u66002dpu,have all polyps been removed,Yes/No,Token,Have all polyps been removed? not relevant,Token,Token
Ulcerative Colitis,What type of procedure is the image taken from?,colonoscopy,cla820gmbs5ir071u0wut6edt,what type of procedure is the image taken from,Entity,Token,What type of procedure is the image taken from? colonoscopy,Token,Token
Ulcerative Colitis,Are there any anatomical landmarks in the image? Check all that are present.,none,cla820gmbs5in071u7b4zc3oz,are there any anatomical landmarks in the image check all that are present,Yes/No,None/NA,Are there any anatomical landmarks in the image? Check all that are present. none,None/NA,None/NA
Ulcerative Colitis,Is there text?,yes,cla820gn2s6hn071ughyqhcy2,is there text,Yes/No,Yes/No,Is there text? yes,Yes/No,Yes/No
Ulcerative Colitis,Are there any anatomical landmarks in the image? Check all that are present.,none,cla820gl6s3xr071ufbe6hwzb,are there any anatomical landmarks in the image check all that are present,Yes/No,None/NA,Are there any anatomical landmarks in the image? Check all that are present. none,None/NA,None/NA
Ulcerative Colitis,Is this finding easy to detect?,yes,cla820gljs4jz071u3awv8vsp,is this finding easy to detect,Yes/No,Yes/No,Is this finding easy to detect? yes,Yes/No,Yes/No
Ulcerative Colitis,Is there a green/black box artefact?,no,cla820gmts69r071u43ysgnkv,is there a green black box artefact,Yes/No,Yes/No,Is there a green/black box artefact? no,Yes/No,Yes/No
Ulcerative Colitis,Is this finding easy to detect?,yes,cla820gn6s6m7071u55bo4ffs,is this finding easy to detect,Yes/No,Yes/No,Is this finding easy to detect? yes,Yes/No,Yes/No
Ulcerative Colitis,Are there any instruments in the image? Check all that are present.,none,cla820gmss67f071ue4myftrq,are there any instruments in the image check all that are present,Yes/No,None/NA,Are there any instruments in the image? Check all that are present. none,None/NA,None/NA
Ulcerative Colitis,How many findings are present?,1,cla820gmrs66n071u430dgpmx,how many findings are present,Counting,Numeric,How many findings are present? 1,Numeric,Numeric
Ulcerative Colitis,Is there text?,no,cla820gmss683071u621obu0s,is there text,Yes/No,Yes/No,Is there text? no,Yes/No,Yes/No
Ulcerative Colitis,Where in the image is the abnormality?,center; center-left; center-right; lower-center; lower-left; lower-right; upper-center; upper-left; upper-right,cla820gmos62b071ua36s3w9w,where in the image is the abnormality,Location,List,Where in the image is the abnormality? center; center-left; center-right; lower-center; lower-left; lower-right; upper-center; upper-left; upper-right,List,List
Ulcerative Colitis,How many findings are present?,1,cla820gmes5nn071u4li1c0zd,how many findings are present,Counting,Numeric,How many findings are present? 1,Numeric,Numeric
