split,img_id,image_path,exists
train,train_000000,out/images/train/train_000000.jpg,True
train,train_000001,out/images/train/train_000001.jpg,True
train,train_000002,out/images/train/train_000002.jpg,True
train,train_000003,out/images/train/train_000003.jpg,True
train,train_000004,out/images/train/train_000004.jpg,True
train,train_000005,out/images/train/train_000005.jpg,True
train,train_000006,out/images/train/train_000006.jpg,True
train,train_000007,out/images/train/train_000007.jpg,True
train,train_000008,out/images/train/train_000008.jpg,True
train,train_000009,out/images/train/train_000009.jpg,True
train,train_000010,out/images/train/train_000010.jpg,True
train,train_000011,out/images/train/train_000011.jpg,True
train,train_000012,out/images/train/train_000012.jpg,True
train,train_000013,out/images/train/train_000013.jpg,True
train,train_000014,out/images/train/train_000014.jpg,True
train,train_000015,out/images/train/train_000015.jpg,True
train,train_000016,out/images/train/train_000016.jpg,True
train,train_000017,out/images/train/train_000017.jpg,True
train,train_000018,out/images/train/train_000018.jpg,True
train,train_000019,out/images/train/train_000019.jpg,True
train,train_000020,out/images/train/train_000020.jpg,True
train,train_000021,out/images/train/train_000021.jpg,True
train,train_000022,out/images/train/train_000022.jpg,True
train,train_000023,out/images/train/train_000023.jpg,True
train,train_000024,out/images/train/train_000024.jpg,True
train,train_000025,out/images/train/train_000025.jpg,True
train,train_000026,out/images/train/train_000026.jpg,True
train,train_000027,out/images/train/train_000027.jpg,True
train,train_000028,out/images/train/train_000028.jpg,True
train,train_000029,out/images/train/train_000029.jpg,True
train,train_000030,out/images/train/train_000030.jpg,True
train,train_000031,out/images/train/train_000031.jpg,True
train,train_000032,out/images/train/train_000032.jpg,True
train,train_000033,out/images/train/train_000033.jpg,True
train,train_000034,out/images/train/train_000034.jpg,True
train,train_000035,out/images/train/train_000035.jpg,True
train,train_000036,out/images/train/train_000036.jpg,True
train,train_000037,out/images/train/train_000037.jpg,True
train,train_000038,out/images/train/train_000038.jpg,True
train,train_000039,out/images/train/train_000039.jpg,True
train,train_000040,out/images/train/train_000040.jpg,True
train,train_000041,out/images/train/train_000041.jpg,True
train,train_000042,out/images/train/train_000042.jpg,True
train,train_000043,out/images/train/train_000043.jpg,True
train,train_000044,out/images/train/train_000044.jpg,True
train,train_000045,out/images/train/train_000045.jpg,True
train,train_000046,out/images/train/train_000046.jpg,True
train,train_000047,out/images/train/train_000047.jpg,True
train,train_000048,out/images/train/train_000048.jpg,True
train,train_000049,out/images/train/train_000049.jpg,True
train,train_000050,out/images/train/train_000050.jpg,True
train,train_000051,out/images/train/train_000051.jpg,True
train,train_000052,out/images/train/train_000052.jpg,True
train,train_000053,out/images/train/train_000053.jpg,True
train,train_000054,out/images/train/train_000054.jpg,True
train,train_000055,out/images/train/train_000055.jpg,True
train,train_000056,out/images/train/train_000056.jpg,True
train,train_000057,out/images/train/train_000057.jpg,True
train,train_000058,out/images/train/train_000058.jpg,True
train,train_000059,out/images/train/train_000059.jpg,True
train,train_000060,out/images/train/train_000060.jpg,True
train,train_000061,out/images/train/train_000061.jpg,True
train,train_000062,out/images/train/train_000062.jpg,True
train,train_000063,out/images/train/train_000063.jpg,True
train,train_000064,out/images/train/train_000064.jpg,True
train,train_000065,out/images/train/train_000065.jpg,True
train,train_000066,out/images/train/train_000066.jpg,True
train,train_000067,out/images/train/train_000067.jpg,True
train,train_000068,out/images/train/train_000068.jpg,True
train,train_000069,out/images/train/train_000069.jpg,True
train,train_000070,out/images/train/train_000070.jpg,True
train,train_000071,out/images/train/train_000071.jpg,True
train,train_000072,out/images/train/train_000072.jpg,True
train,train_000073,out/images/train/train_000073.jpg,True
train,train_000074,out/images/train/train_000074.jpg,True
train,train_000075,out/images/train/train_000075.jpg,True
train,train_000076,out/images/train/train_000076.jpg,True
train,train_000077,out/images/train/train_000077.jpg,True
train,train_000078,out/images/train/train_000078.jpg,True
train,train_000079,out/images/train/train_000079.jpg,True
train,train_000080,out/images/train/train_000080.jpg,True
train,train_000081,out/images/train/train_000081.jpg,True
train,train_000082,out/images/train/train_000082.jpg,True
train,train_000083,out/images/train/train_000083.jpg,True
train,train_000084,out/images/train/train_000084.jpg,True
train,train_000085,out/images/train/train_000085.jpg,True
train,train_000086,out/images/train/train_000086.jpg,True
train,train_000087,out/images/train/train_000087.jpg,True
train,train_000088,out/images/train/train_000088.jpg,True
train,train_000089,out/images/train/train_000089.jpg,True
train,train_000090,out/images/train/train_000090.jpg,True
train,train_000091,out/images/train/train_000091.jpg,True
train,train_000092,out/images/train/train_000092.jpg,True
train,train_000093,out/images/train/train_000093.jpg,True
train,train_000094,out/images/train/train_000094.jpg,True
train,train_000095,out/images/train/train_000095.jpg,True
train,train_000096,out/images/train/train_000096.jpg,True
train,train_000097,out/images/train/train_000097.jpg,True
train,train_000098,out/images/train/train_000098.jpg,True
train,train_000099,out/images/train/train_000099.jpg,True
train,train_000100,out/images/train/train_000100.jpg,True
train,train_000101,out/images/train/train_000101.jpg,True
train,train_000102,out/images/train/train_000102.jpg,True
train,train_000103,out/images/train/train_000103.jpg,True
train,train_000104,out/images/train/train_000104.jpg,True
train,train_000105,out/images/train/train_000105.jpg,True
train,train_000106,out/images/train/train_000106.jpg,True
train,train_000107,out/images/train/train_000107.jpg,True
train,train_000108,out/images/train/train_000108.jpg,True
train,train_000109,out/images/train/train_000109.jpg,True
train,train_000110,out/images/train/train_000110.jpg,True
train,train_000111,out/images/train/train_000111.jpg,True
train,train_000112,out/images/train/train_000112.jpg,True
train,train_000113,out/images/train/train_000113.jpg,True
train,train_000114,out/images/train/train_000114.jpg,True
train,train_000115,out/images/train/train_000115.jpg,True
train,train_000116,out/images/train/train_000116.jpg,True
train,train_000117,out/images/train/train_000117.jpg,True
train,train_000118,out/images/train/train_000118.jpg,True
train,train_000119,out/images/train/train_000119.jpg,True
train,train_000120,out/images/train/train_000120.jpg,True
train,train_000121,out/images/train/train_000121.jpg,True
train,train_000122,out/images/train/train_000122.jpg,True
train,train_000123,out/images/train/train_000123.jpg,True
train,train_000124,out/images/train/train_000124.jpg,True
train,train_000125,out/images/train/train_000125.jpg,True
train,train_000126,out/images/train/train_000126.jpg,True
train,train_000127,out/images/train/train_000127.jpg,True
train,train_000128,out/images/train/train_000128.jpg,True
train,train_000129,out/images/train/train_000129.jpg,True
train,train_000130,out/images/train/train_000130.jpg,True
train,train_000131,out/images/train/train_000131.jpg,True
train,train_000132,out/images/train/train_000132.jpg,True
train,train_000133,out/images/train/train_000133.jpg,True
train,train_000134,out/images/train/train_000134.jpg,True
train,train_000135,out/images/train/train_000135.jpg,True
train,train_000136,out/images/train/train_000136.jpg,True
train,train_000137,out/images/train/train_000137.jpg,True
train,train_000138,out/images/train/train_000138.jpg,True
train,train_000139,out/images/train/train_000139.jpg,True
train,train_000140,out/images/train/train_000140.jpg,True
train,train_000141,out/images/train/train_000141.jpg,True
train,train_000142,out/images/train/train_000142.jpg,True
train,train_000143,out/images/train/train_000143.jpg,True
train,train_000144,out/images/train/train_000144.jpg,True
train,train_000145,out/images/train/train_000145.jpg,True
train,train_000146,out/images/train/train_000146.jpg,True
train,train_000147,out/images/train/train_000147.jpg,True
train,train_000148,out/images/train/train_000148.jpg,True
train,train_000149,out/images/train/train_000149.jpg,True
train,train_000150,out/images/train/train_000150.jpg,True
train,train_000151,out/images/train/train_000151.jpg,True
train,train_000152,out/images/train/train_000152.jpg,True
train,train_000153,out/images/train/train_000153.jpg,True
train,train_000154,out/images/train/train_000154.jpg,True
train,train_000155,out/images/train/train_000155.jpg,True
train,train_000156,out/images/train/train_000156.jpg,True
train,train_000157,out/images/train/train_000157.jpg,True
train,train_000158,out/images/train/train_000158.jpg,True
train,train_000159,out/images/train/train_000159.jpg,True
train,train_000160,out/images/train/train_000160.jpg,True
train,train_000161,out/images/train/train_000161.jpg,True
train,train_000162,out/images/train/train_000162.jpg,True
train,train_000163,out/images/train/train_000163.jpg,True
train,train_000164,out/images/train/train_000164.jpg,True
train,train_000165,out/images/train/train_000165.jpg,True
train,train_000166,out/images/train/train_000166.jpg,True
train,train_000167,out/images/train/train_000167.jpg,True
train,train_000168,out/images/train/train_000168.jpg,True
train,train_000169,out/images/train/train_000169.jpg,True
train,train_000170,out/images/train/train_000170.jpg,True
train,train_000171,out/images/train/train_000171.jpg,True
train,train_000172,out/images/train/train_000172.jpg,True
train,train_000173,out/images/train/train_000173.jpg,True
train,train_000174,out/images/train/train_000174.jpg,True
train,train_000175,out/images/train/train_000175.jpg,True
train,train_000176,out/images/train/train_000176.jpg,True
train,train_000177,out/images/train/train_000177.jpg,True
train,train_000178,out/images/train/train_000178.jpg,True
train,train_000179,out/images/train/train_000179.jpg,True
train,train_000180,out/images/train/train_000180.jpg,True
train,train_000181,out/images/train/train_000181.jpg,True
train,train_000182,out/images/train/train_000182.jpg,True
train,train_000183,out/images/train/train_000183.jpg,True
train,train_000184,out/images/train/train_000184.jpg,True
train,train_000185,out/images/train/train_000185.jpg,True
train,train_000186,out/images/train/train_000186.jpg,True
train,train_000187,out/images/train/train_000187.jpg,True
train,train_000188,out/images/train/train_000188.jpg,True
train,train_000189,out/images/train/train_000189.jpg,True
train,train_000190,out/images/train/train_000190.jpg,True
train,train_000191,out/images/train/train_000191.jpg,True
train,train_000192,out/images/train/train_000192.jpg,True
train,train_000193,out/images/train/train_000193.jpg,True
train,train_000194,out/images/train/train_000194.jpg,True
train,train_000195,out/images/train/train_000195.jpg,True
train,train_000196,out/images/train/train_000196.jpg,True
train,train_000197,out/images/train/train_000197.jpg,True
train,train_000198,out/images/train/train_000198.jpg,True
train,train_000199,out/images/train/train_000199.jpg,True
train,train_000200,out/images/train/train_000200.jpg,True
train,train_000201,out/images/train/train_000201.jpg,True
train,train_000202,out/images/train/train_000202.jpg,True
train,train_000203,out/images/train/train_000203.jpg,True
train,train_000204,out/images/train/train_000204.jpg,True
train,train_000205,out/images/train/train_000205.jpg,True
train,train_000206,out/images/train/train_000206.jpg,True
train,train_000207,out/images/train/train_000207.jpg,True
train,train_000208,out/images/train/train_000208.jpg,True
train,train_000209,out/images/train/train_000209.jpg,True
train,train_000210,out/images/train/train_000210.jpg,True
train,train_000211,out/images/train/train_000211.jpg,True
train,train_000212,out/images/train/train_000212.jpg,True
train,train_000213,out/images/train/train_000213.jpg,True
train,train_000214,out/images/train/train_000214.jpg,True
train,train_000215,out/images/train/train_000215.jpg,True
train,train_000216,out/images/train/train_000216.jpg,True
train,train_000217,out/images/train/train_000217.jpg,True
train,train_000218,out/images/train/train_000218.jpg,True
train,train_000219,out/images/train/train_000219.jpg,True
train,train_000220,out/images/train/train_000220.jpg,True
train,train_000221,out/images/train/train_000221.jpg,True
train,train_000222,out/images/train/train_000222.jpg,True
train,train_000223,out/images/train/train_000223.jpg,True
train,train_000224,out/images/train/train_000224.jpg,True
train,train_000225,out/images/train/train_000225.jpg,True
train,train_000226,out/images/train/train_000226.jpg,True
train,train_000227,out/images/train/train_000227.jpg,True
train,train_000228,out/images/train/train_000228.jpg,True
train,train_000229,out/images/train/train_000229.jpg,True
train,train_000230,out/images/train/train_000230.jpg,True
train,train_000231,out/images/train/train_000231.jpg,True
train,train_000232,out/images/train/train_000232.jpg,True
train,train_000233,out/images/train/train_000233.jpg,True
train,train_000234,out/images/train/train_000234.jpg,True
train,train_000235,out/images/train/train_000235.jpg,True
train,train_000236,out/images/train/train_000236.jpg,True
train,train_000237,out/images/train/train_000237.jpg,True
train,train_000238,out/images/train/train_000238.jpg,True
train,train_000239,out/images/train/train_000239.jpg,True
train,train_000240,out/images/train/train_000240.jpg,True
train,train_000241,out/images/train/train_000241.jpg,True
train,train_000242,out/images/train/train_000242.jpg,True
train,train_000243,out/images/train/train_000243.jpg,True
train,train_000244,out/images/train/train_000244.jpg,True
train,train_000245,out/images/train/train_000245.jpg,True
train,train_000246,out/images/train/train_000246.jpg,True
train,train_000247,out/images/train/train_000247.jpg,True
train,train_000248,out/images/train/train_000248.jpg,True
train,train_000249,out/images/train/train_000249.jpg,True
train,train_000250,out/images/train/train_000250.jpg,True
train,train_000251,out/images/train/train_000251.jpg,True
train,train_000252,out/images/train/train_000252.jpg,True
train,train_000253,out/images/train/train_000253.jpg,True
train,train_000254,out/images/train/train_000254.jpg,True
train,train_000255,out/images/train/train_000255.jpg,True
train,train_000256,out/images/train/train_000256.jpg,True
train,train_000257,out/images/train/train_000257.jpg,True
train,train_000258,out/images/train/train_000258.jpg,True
train,train_000259,out/images/train/train_000259.jpg,True
train,train_000260,out/images/train/train_000260.jpg,True
train,train_000261,out/images/train/train_000261.jpg,True
train,train_000262,out/images/train/train_000262.jpg,True
train,train_000263,out/images/train/train_000263.jpg,True
train,train_000264,out/images/train/train_000264.jpg,True
train,train_000265,out/images/train/train_000265.jpg,True
train,train_000266,out/images/train/train_000266.jpg,True
train,train_000267,out/images/train/train_000267.jpg,True
train,train_000268,out/images/train/train_000268.jpg,True
train,train_000269,out/images/train/train_000269.jpg,True
train,train_000270,out/images/train/train_000270.jpg,True
train,train_000271,out/images/train/train_000271.jpg,True
train,train_000272,out/images/train/train_000272.jpg,True
train,train_000273,out/images/train/train_000273.jpg,True
train,train_000274,out/images/train/train_000274.jpg,True
train,train_000275,out/images/train/train_000275.jpg,True
train,train_000276,out/images/train/train_000276.jpg,True
train,train_000277,out/images/train/train_000277.jpg,True
train,train_000278,out/images/train/train_000278.jpg,True
train,train_000279,out/images/train/train_000279.jpg,True
train,train_000280,out/images/train/train_000280.jpg,True
train,train_000281,out/images/train/train_000281.jpg,True
train,train_000282,out/images/train/train_000282.jpg,True
train,train_000283,out/images/train/train_000283.jpg,True
train,train_000284,out/images/train/train_000284.jpg,True
train,train_000285,out/images/train/train_000285.jpg,True
train,train_000286,out/images/train/train_000286.jpg,True
train,train_000287,out/images/train/train_000287.jpg,True
train,train_000288,out/images/train/train_000288.jpg,True
train,train_000289,out/images/train/train_000289.jpg,True
train,train_000290,out/images/train/train_000290.jpg,True
train,train_000291,out/images/train/train_000291.jpg,True
train,train_000292,out/images/train/train_000292.jpg,True
train,train_000293,out/images/train/train_000293.jpg,True
train,train_000294,out/images/train/train_000294.jpg,True
train,train_000295,out/images/train/train_000295.jpg,True
train,train_000296,out/images/train/train_000296.jpg,True
train,train_000297,out/images/train/train_000297.jpg,True
train,train_000298,out/images/train/train_000298.jpg,True
train,train_000299,out/images/train/train_000299.jpg,True
train,train_000300,out/images/train/train_000300.jpg,True
train,train_000301,out/images/train/train_000301.jpg,True
train,train_000302,out/images/train/train_000302.jpg,True
train,train_000303,out/images/train/train_000303.jpg,True
train,train_000304,out/images/train/train_000304.jpg,True
train,train_000305,out/images/train/train_000305.jpg,True
train,train_000306,out/images/train/train_000306.jpg,True
train,train_000307,out/images/train/train_000307.jpg,True
train,train_000308,out/images/train/train_000308.jpg,True
train,train_000309,out/images/train/train_000309.jpg,True
train,train_000310,out/images/train/train_000310.jpg,True
train,train_000311,out/images/train/train_000311.jpg,True
train,train_000312,out/images/train/train_000312.jpg,True
train,train_000313,out/images/train/train_000313.jpg,True
train,train_000314,out/images/train/train_000314.jpg,True
train,train_000315,out/images/train/train_000315.jpg,True
train,train_000316,out/images/train/train_000316.jpg,True
train,train_000317,out/images/train/train_000317.jpg,True
train,train_000318,out/images/train/train_000318.jpg,True
train,train_000319,out/images/train/train_000319.jpg,True
train,train_000320,out/images/train/train_000320.jpg,True
train,train_000321,out/images/train/train_000321.jpg,True
train,train_000322,out/images/train/train_000322.jpg,True
train,train_000323,out/images/train/train_000323.jpg,True
train,train_000324,out/images/train/train_000324.jpg,True
train,train_000325,out/images/train/train_000325.jpg,True
train,train_000326,out/images/train/train_000326.jpg,True
train,train_000327,out/images/train/train_000327.jpg,True
train,train_000328,out/images/train/train_000328.jpg,True
train,train_000329,out/images/train/train_000329.jpg,True
train,train_000330,out/images/train/train_000330.jpg,True
train,train_000331,out/images/train/train_000331.jpg,True
train,train_000332,out/images/train/train_000332.jpg,True
train,train_000333,out/images/train/train_000333.jpg,True
train,train_000334,out/images/train/train_000334.jpg,True
train,train_000335,out/images/train/train_000335.jpg,True
train,train_000336,out/images/train/train_000336.jpg,True
train,train_000337,out/images/train/train_000337.jpg,True
train,train_000338,out/images/train/train_000338.jpg,True
train,train_000339,out/images/train/train_000339.jpg,True
train,train_000340,out/images/train/train_000340.jpg,True
train,train_000341,out/images/train/train_000341.jpg,True
train,train_000342,out/images/train/train_000342.jpg,True
train,train_000343,out/images/train/train_000343.jpg,True
train,train_000344,out/images/train/train_000344.jpg,True
train,train_000345,out/images/train/train_000345.jpg,True
train,train_000346,out/images/train/train_000346.jpg,True
train,train_000347,out/images/train/train_000347.jpg,True
train,train_000348,out/images/train/train_000348.jpg,True
train,train_000349,out/images/train/train_000349.jpg,True
train,train_000350,out/images/train/train_000350.jpg,True
train,train_000351,out/images/train/train_000351.jpg,True
train,train_000352,out/images/train/train_000352.jpg,True
train,train_000353,out/images/train/train_000353.jpg,True
train,train_000354,out/images/train/train_000354.jpg,True
train,train_000355,out/images/train/train_000355.jpg,True
train,train_000356,out/images/train/train_000356.jpg,True
train,train_000357,out/images/train/train_000357.jpg,True
train,train_000358,out/images/train/train_000358.jpg,True
train,train_000359,out/images/train/train_000359.jpg,True
train,train_000360,out/images/train/train_000360.jpg,True
train,train_000361,out/images/train/train_000361.jpg,True
train,train_000362,out/images/train/train_000362.jpg,True
train,train_000363,out/images/train/train_000363.jpg,True
train,train_000364,out/images/train/train_000364.jpg,True
train,train_000365,out/images/train/train_000365.jpg,True
train,train_000366,out/images/train/train_000366.jpg,True
train,train_000367,out/images/train/train_000367.jpg,True
train,train_000368,out/images/train/train_000368.jpg,True
train,train_000369,out/images/train/train_000369.jpg,True
train,train_000370,out/images/train/train_000370.jpg,True
train,train_000371,out/images/train/train_000371.jpg,True
train,train_000372,out/images/train/train_000372.jpg,True
train,train_000373,out/images/train/train_000373.jpg,True
train,train_000374,out/images/train/train_000374.jpg,True
train,train_000375,out/images/train/train_000375.jpg,True
train,train_000376,out/images/train/train_000376.jpg,True
train,train_000377,out/images/train/train_000377.jpg,True
train,train_000378,out/images/train/train_000378.jpg,True
train,train_000379,out/images/train/train_000379.jpg,True
train,train_000380,out/images/train/train_000380.jpg,True
train,train_000381,out/images/train/train_000381.jpg,True
train,train_000382,out/images/train/train_000382.jpg,True
train,train_000383,out/images/train/train_000383.jpg,True
train,train_000384,out/images/train/train_000384.jpg,True
train,train_000385,out/images/train/train_000385.jpg,True
train,train_000386,out/images/train/train_000386.jpg,True
train,train_000387,out/images/train/train_000387.jpg,True
train,train_000388,out/images/train/train_000388.jpg,True
train,train_000389,out/images/train/train_000389.jpg,True
train,train_000390,out/images/train/train_000390.jpg,True
train,train_000391,out/images/train/train_000391.jpg,True
train,train_000392,out/images/train/train_000392.jpg,True
train,train_000393,out/images/train/train_000393.jpg,True
train,train_000394,out/images/train/train_000394.jpg,True
train,train_000395,out/images/train/train_000395.jpg,True
train,train_000396,out/images/train/train_000396.jpg,True
train,train_000397,out/images/train/train_000397.jpg,True
train,train_000398,out/images/train/train_000398.jpg,True
train,train_000399,out/images/train/train_000399.jpg,True
train,train_000400,out/images/train/train_000400.jpg,True
train,train_000401,out/images/train/train_000401.jpg,True
train,train_000402,out/images/train/train_000402.jpg,True
train,train_000403,out/images/train/train_000403.jpg,True
train,train_000404,out/images/train/train_000404.jpg,True
train,train_000405,out/images/train/train_000405.jpg,True
train,train_000406,out/images/train/train_000406.jpg,True
train,train_000407,out/images/train/train_000407.jpg,True
train,train_000408,out/images/train/train_000408.jpg,True
train,train_000409,out/images/train/train_000409.jpg,True
train,train_000410,out/images/train/train_000410.jpg,True
train,train_000411,out/images/train/train_000411.jpg,True
train,train_000412,out/images/train/train_000412.jpg,True
train,train_000413,out/images/train/train_000413.jpg,True
train,train_000414,out/images/train/train_000414.jpg,True
train,train_000415,out/images/train/train_000415.jpg,True
train,train_000416,out/images/train/train_000416.jpg,True
train,train_000417,out/images/train/train_000417.jpg,True
train,train_000418,out/images/train/train_000418.jpg,True
train,train_000419,out/images/train/train_000419.jpg,True
train,train_000420,out/images/train/train_000420.jpg,True
train,train_000421,out/images/train/train_000421.jpg,True
train,train_000422,out/images/train/train_000422.jpg,True
train,train_000423,out/images/train/train_000423.jpg,True
train,train_000424,out/images/train/train_000424.jpg,True
train,train_000425,out/images/train/train_000425.jpg,True
train,train_000426,out/images/train/train_000426.jpg,True
train,train_000427,out/images/train/train_000427.jpg,True
train,train_000428,out/images/train/train_000428.jpg,True
train,train_000429,out/images/train/train_000429.jpg,True
train,train_000430,out/images/train/train_000430.jpg,True
train,train_000431,out/images/train/train_000431.jpg,True
train,train_000432,out/images/train/train_000432.jpg,True
train,train_000433,out/images/train/train_000433.jpg,True
train,train_000434,out/images/train/train_000434.jpg,True
train,train_000435,out/images/train/train_000435.jpg,True
train,train_000436,out/images/train/train_000436.jpg,True
train,train_000437,out/images/train/train_000437.jpg,True
train,train_000438,out/images/train/train_000438.jpg,True
train,train_000439,out/images/train/train_000439.jpg,True
train,train_000440,out/images/train/train_000440.jpg,True
train,train_000441,out/images/train/train_000441.jpg,True
train,train_000442,out/images/train/train_000442.jpg,True
train,train_000443,out/images/train/train_000443.jpg,True
train,train_000444,out/images/train/train_000444.jpg,True
train,train_000445,out/images/train/train_000445.jpg,True
train,train_000446,out/images/train/train_000446.jpg,True
train,train_000447,out/images/train/train_000447.jpg,True
train,train_000448,out/images/train/train_000448.jpg,True
train,train_000449,out/images/train/train_000449.jpg,True
train,train_000450,out/images/train/train_000450.jpg,True
train,train_000451,out/images/train/train_000451.jpg,True
train,train_000452,out/images/train/train_000452.jpg,True
train,train_000453,out/images/train/train_000453.jpg,True
train,train_000454,out/images/train/train_000454.jpg,True
train,train_000455,out/images/train/train_000455.jpg,True
train,train_000456,out/images/train/train_000456.jpg,True
train,train_000457,out/images/train/train_000457.jpg,True
train,train_000458,out/images/train/train_000458.jpg,True
train,train_000459,out/images/train/train_000459.jpg,True
train,train_000460,out/images/train/train_000460.jpg,True
train,train_000461,out/images/train/train_000461.jpg,True
train,train_000462,out/images/train/train_000462.jpg,True
train,train_000463,out/images/train/train_000463.jpg,True
train,train_000464,out/images/train/train_000464.jpg,True
train,train_000465,out/images/train/train_000465.jpg,True
train,train_000466,out/images/train/train_000466.jpg,True
train,train_000467,out/images/train/train_000467.jpg,True
train,train_000468,out/images/train/train_000468.jpg,True
train,train_000469,out/images/train/train_000469.jpg,True
train,train_000470,out/images/train/train_000470.jpg,True
train,train_000471,out/images/train/train_000471.jpg,True
train,train_000472,out/images/train/train_000472.jpg,True
train,train_000473,out/images/train/train_000473.jpg,True
train,train_000474,out/images/train/train_000474.jpg,True
train,train_000475,out/images/train/train_000475.jpg,True
train,train_000476,out/images/train/train_000476.jpg,True
train,train_000477,out/images/train/train_000477.jpg,True
train,train_000478,out/images/train/train_000478.jpg,True
train,train_000479,out/images/train/train_000479.jpg,True
train,train_000480,out/images/train/train_000480.jpg,True
train,train_000481,out/images/train/train_000481.jpg,True
train,train_000482,out/images/train/train_000482.jpg,True
train,train_000483,out/images/train/train_000483.jpg,True
train,train_000484,out/images/train/train_000484.jpg,True
train,train_000485,out/images/train/train_000485.jpg,True
train,train_000486,out/images/train/train_000486.jpg,True
train,train_000487,out/images/train/train_000487.jpg,True
train,train_000488,out/images/train/train_000488.jpg,True
train,train_000489,out/images/train/train_000489.jpg,True
train,train_000490,out/images/train/train_000490.jpg,True
train,train_000491,out/images/train/train_000491.jpg,True
train,train_000492,out/images/train/train_000492.jpg,True
train,train_000493,out/images/train/train_000493.jpg,True
train,train_000494,out/images/train/train_000494.jpg,True
train,train_000495,out/images/train/train_000495.jpg,True
train,train_000496,out/images/train/train_000496.jpg,True
train,train_000497,out/images/train/train_000497.jpg,True
train,train_000498,out/images/train/train_000498.jpg,True
train,train_000499,out/images/train/train_000499.jpg,True
train,train_000500,out/images/train/train_000500.jpg,True
train,train_000501,out/images/train/train_000501.jpg,True
train,train_000502,out/images/train/train_000502.jpg,True
train,train_000503,out/images/train/train_000503.jpg,True
train,train_000504,out/images/train/train_000504.jpg,True
train,train_000505,out/images/train/train_000505.jpg,True
train,train_000506,out/images/train/train_000506.jpg,True
train,train_000507,out/images/train/train_000507.jpg,True
train,train_000508,out/images/train/train_000508.jpg,True
train,train_000509,out/images/train/train_000509.jpg,True
train,train_000510,out/images/train/train_000510.jpg,True
train,train_000511,out/images/train/train_000511.jpg,True
train,train_000512,out/images/train/train_000512.jpg,True
train,train_000513,out/images/train/train_000513.jpg,True
train,train_000514,out/images/train/train_000514.jpg,True
train,train_000515,out/images/train/train_000515.jpg,True
train,train_000516,out/images/train/train_000516.jpg,True
train,train_000517,out/images/train/train_000517.jpg,True
train,train_000518,out/images/train/train_000518.jpg,True
train,train_000519,out/images/train/train_000519.jpg,True
train,train_000520,out/images/train/train_000520.jpg,True
train,train_000521,out/images/train/train_000521.jpg,True
train,train_000522,out/images/train/train_000522.jpg,True
train,train_000523,out/images/train/train_000523.jpg,True
train,train_000524,out/images/train/train_000524.jpg,True
train,train_000525,out/images/train/train_000525.jpg,True
train,train_000526,out/images/train/train_000526.jpg,True
train,train_000527,out/images/train/train_000527.jpg,True
train,train_000528,out/images/train/train_000528.jpg,True
train,train_000529,out/images/train/train_000529.jpg,True
train,train_000530,out/images/train/train_000530.jpg,True
train,train_000531,out/images/train/train_000531.jpg,True
train,train_000532,out/images/train/train_000532.jpg,True
train,train_000533,out/images/train/train_000533.jpg,True
train,train_000534,out/images/train/train_000534.jpg,True
train,train_000535,out/images/train/train_000535.jpg,True
train,train_000536,out/images/train/train_000536.jpg,True
train,train_000537,out/images/train/train_000537.jpg,True
train,train_000538,out/images/train/train_000538.jpg,True
train,train_000539,out/images/train/train_000539.jpg,True
train,train_000540,out/images/train/train_000540.jpg,True
train,train_000541,out/images/train/train_000541.jpg,True
train,train_000542,out/images/train/train_000542.jpg,True
train,train_000543,out/images/train/train_000543.jpg,True
train,train_000544,out/images/train/train_000544.jpg,True
train,train_000545,out/images/train/train_000545.jpg,True
train,train_000546,out/images/train/train_000546.jpg,True
train,train_000547,out/images/train/train_000547.jpg,True
train,train_000548,out/images/train/train_000548.jpg,True
train,train_000549,out/images/train/train_000549.jpg,True
train,train_000550,out/images/train/train_000550.jpg,True
train,train_000551,out/images/train/train_000551.jpg,True
train,train_000552,out/images/train/train_000552.jpg,True
train,train_000553,out/images/train/train_000553.jpg,True
train,train_000554,out/images/train/train_000554.jpg,True
train,train_000555,out/images/train/train_000555.jpg,True
train,train_000556,out/images/train/train_000556.jpg,True
train,train_000557,out/images/train/train_000557.jpg,True
train,train_000558,out/images/train/train_000558.jpg,True
train,train_000559,out/images/train/train_000559.jpg,True
train,train_000560,out/images/train/train_000560.jpg,True
train,train_000561,out/images/train/train_000561.jpg,True
train,train_000562,out/images/train/train_000562.jpg,True
train,train_000563,out/images/train/train_000563.jpg,True
train,train_000564,out/images/train/train_000564.jpg,True
train,train_000565,out/images/train/train_000565.jpg,True
train,train_000566,out/images/train/train_000566.jpg,True
train,train_000567,out/images/train/train_000567.jpg,True
train,train_000568,out/images/train/train_000568.jpg,True
train,train_000569,out/images/train/train_000569.jpg,True
train,train_000570,out/images/train/train_000570.jpg,True
train,train_000571,out/images/train/train_000571.jpg,True
train,train_000572,out/images/train/train_000572.jpg,True
train,train_000573,out/images/train/train_000573.jpg,True
train,train_000574,out/images/train/train_000574.jpg,True
train,train_000575,out/images/train/train_000575.jpg,True
train,train_000576,out/images/train/train_000576.jpg,True
train,train_000577,out/images/train/train_000577.jpg,True
train,train_000578,out/images/train/train_000578.jpg,True
train,train_000579,out/images/train/train_000579.jpg,True
train,train_000580,out/images/train/train_000580.jpg,True
train,train_000581,out/images/train/train_000581.jpg,True
train,train_000582,out/images/train/train_000582.jpg,True
train,train_000583,out/images/train/train_000583.jpg,True
train,train_000584,out/images/train/train_000584.jpg,True
train,train_000585,out/images/train/train_000585.jpg,True
train,train_000586,out/images/train/train_000586.jpg,True
train,train_000587,out/images/train/train_000587.jpg,True
train,train_000588,out/images/train/train_000588.jpg,True
train,train_000589,out/images/train/train_000589.jpg,True
train,train_000590,out/images/train/train_000590.jpg,True
train,train_000591,out/images/train/train_000591.jpg,True
train,train_000592,out/images/train/train_000592.jpg,True
train,train_000593,out/images/train/train_000593.jpg,True
train,train_000594,out/images/train/train_000594.jpg,True
train,train_000595,out/images/train/train_000595.jpg,True
train,train_000596,out/images/train/train_000596.jpg,True
train,train_000597,out/images/train/train_000597.jpg,True
train,train_000598,out/images/train/train_000598.jpg,True
train,train_000599,out/images/train/train_000599.jpg,True
train,train_000600,out/images/train/train_000600.jpg,True
train,train_000601,out/images/train/train_000601.jpg,True
train,train_000602,out/images/train/train_000602.jpg,True
train,train_000603,out/images/train/train_000603.jpg,True
train,train_000604,out/images/train/train_000604.jpg,True
train,train_000605,out/images/train/train_000605.jpg,True
train,train_000606,out/images/train/train_000606.jpg,True
train,train_000607,out/images/train/train_000607.jpg,True
train,train_000608,out/images/train/train_000608.jpg,True
train,train_000609,out/images/train/train_000609.jpg,True
train,train_000610,out/images/train/train_000610.jpg,True
train,train_000611,out/images/train/train_000611.jpg,True
train,train_000612,out/images/train/train_000612.jpg,True
train,train_000613,out/images/train/train_000613.jpg,True
train,train_000614,out/images/train/train_000614.jpg,True
train,train_000615,out/images/train/train_000615.jpg,True
train,train_000616,out/images/train/train_000616.jpg,True
train,train_000617,out/images/train/train_000617.jpg,True
train,train_000618,out/images/train/train_000618.jpg,True
train,train_000619,out/images/train/train_000619.jpg,True
train,train_000620,out/images/train/train_000620.jpg,True
train,train_000621,out/images/train/train_000621.jpg,True
train,train_000622,out/images/train/train_000622.jpg,True
train,train_000623,out/images/train/train_000623.jpg,True
train,train_000624,out/images/train/train_000624.jpg,True
train,train_000625,out/images/train/train_000625.jpg,True
train,train_000626,out/images/train/train_000626.jpg,True
train,train_000627,out/images/train/train_000627.jpg,True
train,train_000628,out/images/train/train_000628.jpg,True
train,train_000629,out/images/train/train_000629.jpg,True
train,train_000630,out/images/train/train_000630.jpg,True
train,train_000631,out/images/train/train_000631.jpg,True
train,train_000632,out/images/train/train_000632.jpg,True
train,train_000633,out/images/train/train_000633.jpg,True
train,train_000634,out/images/train/train_000634.jpg,True
train,train_000635,out/images/train/train_000635.jpg,True
train,train_000636,out/images/train/train_000636.jpg,True
train,train_000637,out/images/train/train_000637.jpg,True
train,train_000638,out/images/train/train_000638.jpg,True
train,train_000639,out/images/train/train_000639.jpg,True
train,train_000640,out/images/train/train_000640.jpg,True
train,train_000641,out/images/train/train_000641.jpg,True
train,train_000642,out/images/train/train_000642.jpg,True
train,train_000643,out/images/train/train_000643.jpg,True
train,train_000644,out/images/train/train_000644.jpg,True
train,train_000645,out/images/train/train_000645.jpg,True
train,train_000646,out/images/train/train_000646.jpg,True
train,train_000647,out/images/train/train_000647.jpg,True
train,train_000648,out/images/train/train_000648.jpg,True
train,train_000649,out/images/train/train_000649.jpg,True
train,train_000650,out/images/train/train_000650.jpg,True
train,train_000651,out/images/train/train_000651.jpg,True
train,train_000652,out/images/train/train_000652.jpg,True
train,train_000653,out/images/train/train_000653.jpg,True
train,train_000654,out/images/train/train_000654.jpg,True
train,train_000655,out/images/train/train_000655.jpg,True
train,train_000656,out/images/train/train_000656.jpg,True
train,train_000657,out/images/train/train_000657.jpg,True
train,train_000658,out/images/train/train_000658.jpg,True
train,train_000659,out/images/train/train_000659.jpg,True
train,train_000660,out/images/train/train_000660.jpg,True
train,train_000661,out/images/train/train_000661.jpg,True
train,train_000662,out/images/train/train_000662.jpg,True
train,train_000663,out/images/train/train_000663.jpg,True
train,train_000664,out/images/train/train_000664.jpg,True
train,train_000665,out/images/train/train_000665.jpg,True
train,train_000666,out/images/train/train_000666.jpg,True
train,train_000667,out/images/train/train_000667.jpg,True
train,train_000668,out/images/train/train_000668.jpg,True
train,train_000669,out/images/train/train_000669.jpg,True
train,train_000670,out/images/train/train_000670.jpg,True
train,train_000671,out/images/train/train_000671.jpg,True
train,train_000672,out/images/train/train_000672.jpg,True
train,train_000673,out/images/train/train_000673.jpg,True
train,train_000674,out/images/train/train_000674.jpg,True
train,train_000675,out/images/train/train_000675.jpg,True
train,train_000676,out/images/train/train_000676.jpg,True
train,train_000677,out/images/train/train_000677.jpg,True
train,train_000678,out/images/train/train_000678.jpg,True
train,train_000679,out/images/train/train_000679.jpg,True
train,train_000680,out/images/train/train_000680.jpg,True
train,train_000681,out/images/train/train_000681.jpg,True
train,train_000682,out/images/train/train_000682.jpg,True
train,train_000683,out/images/train/train_000683.jpg,True
train,train_000684,out/images/train/train_000684.jpg,True
train,train_000685,out/images/train/train_000685.jpg,True
train,train_000686,out/images/train/train_000686.jpg,True
train,train_000687,out/images/train/train_000687.jpg,True
train,train_000688,out/images/train/train_000688.jpg,True
train,train_000689,out/images/train/train_000689.jpg,True
train,train_000690,out/images/train/train_000690.jpg,True
train,train_000691,out/images/train/train_000691.jpg,True
train,train_000692,out/images/train/train_000692.jpg,True
train,train_000693,out/images/train/train_000693.jpg,True
train,train_000694,out/images/train/train_000694.jpg,True
train,train_000695,out/images/train/train_000695.jpg,True
train,train_000696,out/images/train/train_000696.jpg,True
train,train_000697,out/images/train/train_000697.jpg,True
train,train_000698,out/images/train/train_000698.jpg,True
train,train_000699,out/images/train/train_000699.jpg,True
train,train_000700,out/images/train/train_000700.jpg,True
train,train_000701,out/images/train/train_000701.jpg,True
train,train_000702,out/images/train/train_000702.jpg,True
train,train_000703,out/images/train/train_000703.jpg,True
train,train_000704,out/images/train/train_000704.jpg,True
train,train_000705,out/images/train/train_000705.jpg,True
train,train_000706,out/images/train/train_000706.jpg,True
train,train_000707,out/images/train/train_000707.jpg,True
train,train_000708,out/images/train/train_000708.jpg,True
train,train_000709,out/images/train/train_000709.jpg,True
train,train_000710,out/images/train/train_000710.jpg,True
train,train_000711,out/images/train/train_000711.jpg,True
train,train_000712,out/images/train/train_000712.jpg,True
train,train_000713,out/images/train/train_000713.jpg,True
train,train_000714,out/images/train/train_000714.jpg,True
train,train_000715,out/images/train/train_000715.jpg,True
train,train_000716,out/images/train/train_000716.jpg,True
train,train_000717,out/images/train/train_000717.jpg,True
train,train_000718,out/images/train/train_000718.jpg,True
train,train_000719,out/images/train/train_000719.jpg,True
train,train_000720,out/images/train/train_000720.jpg,True
train,train_000721,out/images/train/train_000721.jpg,True
train,train_000722,out/images/train/train_000722.jpg,True
train,train_000723,out/images/train/train_000723.jpg,True
train,train_000724,out/images/train/train_000724.jpg,True
train,train_000725,out/images/train/train_000725.jpg,True
train,train_000726,out/images/train/train_000726.jpg,True
train,train_000727,out/images/train/train_000727.jpg,True
train,train_000728,out/images/train/train_000728.jpg,True
train,train_000729,out/images/train/train_000729.jpg,True
train,train_000730,out/images/train/train_000730.jpg,True
train,train_000731,out/images/train/train_000731.jpg,True
train,train_000732,out/images/train/train_000732.jpg,True
train,train_000733,out/images/train/train_000733.jpg,True
train,train_000734,out/images/train/train_000734.jpg,True
train,train_000735,out/images/train/train_000735.jpg,True
train,train_000736,out/images/train/train_000736.jpg,True
train,train_000737,out/images/train/train_000737.jpg,True
train,train_000738,out/images/train/train_000738.jpg,True
train,train_000739,out/images/train/train_000739.jpg,True
train,train_000740,out/images/train/train_000740.jpg,True
train,train_000741,out/images/train/train_000741.jpg,True
train,train_000742,out/images/train/train_000742.jpg,True
train,train_000743,out/images/train/train_000743.jpg,True
train,train_000744,out/images/train/train_000744.jpg,True
train,train_000745,out/images/train/train_000745.jpg,True
train,train_000746,out/images/train/train_000746.jpg,True
train,train_000747,out/images/train/train_000747.jpg,True
train,train_000748,out/images/train/train_000748.jpg,True
train,train_000749,out/images/train/train_000749.jpg,True
train,train_000750,out/images/train/train_000750.jpg,True
train,train_000751,out/images/train/train_000751.jpg,True
train,train_000752,out/images/train/train_000752.jpg,True
train,train_000753,out/images/train/train_000753.jpg,True
train,train_000754,out/images/train/train_000754.jpg,True
train,train_000755,out/images/train/train_000755.jpg,True
train,train_000756,out/images/train/train_000756.jpg,True
train,train_000757,out/images/train/train_000757.jpg,True
train,train_000758,out/images/train/train_000758.jpg,True
train,train_000759,out/images/train/train_000759.jpg,True
train,train_000760,out/images/train/train_000760.jpg,True
train,train_000761,out/images/train/train_000761.jpg,True
train,train_000762,out/images/train/train_000762.jpg,True
train,train_000763,out/images/train/train_000763.jpg,True
train,train_000764,out/images/train/train_000764.jpg,True
train,train_000765,out/images/train/train_000765.jpg,True
train,train_000766,out/images/train/train_000766.jpg,True
train,train_000767,out/images/train/train_000767.jpg,True
train,train_000768,out/images/train/train_000768.jpg,True
train,train_000769,out/images/train/train_000769.jpg,True
train,train_000770,out/images/train/train_000770.jpg,True
train,train_000771,out/images/train/train_000771.jpg,True
train,train_000772,out/images/train/train_000772.jpg,True
train,train_000773,out/images/train/train_000773.jpg,True
train,train_000774,out/images/train/train_000774.jpg,True
train,train_000775,out/images/train/train_000775.jpg,True
train,train_000776,out/images/train/train_000776.jpg,True
train,train_000777,out/images/train/train_000777.jpg,True
train,train_000778,out/images/train/train_000778.jpg,True
train,train_000779,out/images/train/train_000779.jpg,True
train,train_000780,out/images/train/train_000780.jpg,True
train,train_000781,out/images/train/train_000781.jpg,True
train,train_000782,out/images/train/train_000782.jpg,True
train,train_000783,out/images/train/train_000783.jpg,True
train,train_000784,out/images/train/train_000784.jpg,True
train,train_000785,out/images/train/train_000785.jpg,True
train,train_000786,out/images/train/train_000786.jpg,True
train,train_000787,out/images/train/train_000787.jpg,True
train,train_000788,out/images/train/train_000788.jpg,True
train,train_000789,out/images/train/train_000789.jpg,True
train,train_000790,out/images/train/train_000790.jpg,True
train,train_000791,out/images/train/train_000791.jpg,True
train,train_000792,out/images/train/train_000792.jpg,True
train,train_000793,out/images/train/train_000793.jpg,True
train,train_000794,out/images/train/train_000794.jpg,True
train,train_000795,out/images/train/train_000795.jpg,True
train,train_000796,out/images/train/train_000796.jpg,True
train,train_000797,out/images/train/train_000797.jpg,True
train,train_000798,out/images/train/train_000798.jpg,True
train,train_000799,out/images/train/train_000799.jpg,True
train,train_000800,out/images/train/train_000800.jpg,True
train,train_000801,out/images/train/train_000801.jpg,True
train,train_000802,out/images/train/train_000802.jpg,True
train,train_000803,out/images/train/train_000803.jpg,True
train,train_000804,out/images/train/train_000804.jpg,True
train,train_000805,out/images/train/train_000805.jpg,True
train,train_000806,out/images/train/train_000806.jpg,True
train,train_000807,out/images/train/train_000807.jpg,True
train,train_000808,out/images/train/train_000808.jpg,True
train,train_000809,out/images/train/train_000809.jpg,True
train,train_000810,out/images/train/train_000810.jpg,True
train,train_000811,out/images/train/train_000811.jpg,True
train,train_000812,out/images/train/train_000812.jpg,True
train,train_000813,out/images/train/train_000813.jpg,True
train,train_000814,out/images/train/train_000814.jpg,True
train,train_000815,out/images/train/train_000815.jpg,True
train,train_000816,out/images/train/train_000816.jpg,True
train,train_000817,out/images/train/train_000817.jpg,True
train,train_000818,out/images/train/train_000818.jpg,True
train,train_000819,out/images/train/train_000819.jpg,True
train,train_000820,out/images/train/train_000820.jpg,True
train,train_000821,out/images/train/train_000821.jpg,True
train,train_000822,out/images/train/train_000822.jpg,True
train,train_000823,out/images/train/train_000823.jpg,True
train,train_000824,out/images/train/train_000824.jpg,True
train,train_000825,out/images/train/train_000825.jpg,True
train,train_000826,out/images/train/train_000826.jpg,True
train,train_000827,out/images/train/train_000827.jpg,True
train,train_000828,out/images/train/train_000828.jpg,True
train,train_000829,out/images/train/train_000829.jpg,True
train,train_000830,out/images/train/train_000830.jpg,True
train,train_000831,out/images/train/train_000831.jpg,True
train,train_000832,out/images/train/train_000832.jpg,True
train,train_000833,out/images/train/train_000833.jpg,True
train,train_000834,out/images/train/train_000834.jpg,True
train,train_000835,out/images/train/train_000835.jpg,True
train,train_000836,out/images/train/train_000836.jpg,True
train,train_000837,out/images/train/train_000837.jpg,True
train,train_000838,out/images/train/train_000838.jpg,True
train,train_000839,out/images/train/train_000839.jpg,True
train,train_000840,out/images/train/train_000840.jpg,True
train,train_000841,out/images/train/train_000841.jpg,True
train,train_000842,out/images/train/train_000842.jpg,True
train,train_000843,out/images/train/train_000843.jpg,True
train,train_000844,out/images/train/train_000844.jpg,True
train,train_000845,out/images/train/train_000845.jpg,True
train,train_000846,out/images/train/train_000846.jpg,True
train,train_000847,out/images/train/train_000847.jpg,True
train,train_000848,out/images/train/train_000848.jpg,True
train,train_000849,out/images/train/train_000849.jpg,True
train,train_000850,out/images/train/train_000850.jpg,True
train,train_000851,out/images/train/train_000851.jpg,True
train,train_000852,out/images/train/train_000852.jpg,True
train,train_000853,out/images/train/train_000853.jpg,True
train,train_000854,out/images/train/train_000854.jpg,True
train,train_000855,out/images/train/train_000855.jpg,True
train,train_000856,out/images/train/train_000856.jpg,True
train,train_000857,out/images/train/train_000857.jpg,True
train,train_000858,out/images/train/train_000858.jpg,True
train,train_000859,out/images/train/train_000859.jpg,True
train,train_000860,out/images/train/train_000860.jpg,True
train,train_000861,out/images/train/train_000861.jpg,True
train,train_000862,out/images/train/train_000862.jpg,True
train,train_000863,out/images/train/train_000863.jpg,True
train,train_000864,out/images/train/train_000864.jpg,True
train,train_000865,out/images/train/train_000865.jpg,True
train,train_000866,out/images/train/train_000866.jpg,True
train,train_000867,out/images/train/train_000867.jpg,True
train,train_000868,out/images/train/train_000868.jpg,True
train,train_000869,out/images/train/train_000869.jpg,True
train,train_000870,out/images/train/train_000870.jpg,True
train,train_000871,out/images/train/train_000871.jpg,True
train,train_000872,out/images/train/train_000872.jpg,True
train,train_000873,out/images/train/train_000873.jpg,True
train,train_000874,out/images/train/train_000874.jpg,True
train,train_000875,out/images/train/train_000875.jpg,True
train,train_000876,out/images/train/train_000876.jpg,True
train,train_000877,out/images/train/train_000877.jpg,True
train,train_000878,out/images/train/train_000878.jpg,True
train,train_000879,out/images/train/train_000879.jpg,True
train,train_000880,out/images/train/train_000880.jpg,True
train,train_000881,out/images/train/train_000881.jpg,True
train,train_000882,out/images/train/train_000882.jpg,True
train,train_000883,out/images/train/train_000883.jpg,True
train,train_000884,out/images/train/train_000884.jpg,True
train,train_000885,out/images/train/train_000885.jpg,True
train,train_000886,out/images/train/train_000886.jpg,True
train,train_000887,out/images/train/train_000887.jpg,True
train,train_000888,out/images/train/train_000888.jpg,True
train,train_000889,out/images/train/train_000889.jpg,True
train,train_000890,out/images/train/train_000890.jpg,True
train,train_000891,out/images/train/train_000891.jpg,True
train,train_000892,out/images/train/train_000892.jpg,True
train,train_000893,out/images/train/train_000893.jpg,True
train,train_000894,out/images/train/train_000894.jpg,True
train,train_000895,out/images/train/train_000895.jpg,True
train,train_000896,out/images/train/train_000896.jpg,True
train,train_000897,out/images/train/train_000897.jpg,True
train,train_000898,out/images/train/train_000898.jpg,True
train,train_000899,out/images/train/train_000899.jpg,True
train,train_000900,out/images/train/train_000900.jpg,True
train,train_000901,out/images/train/train_000901.jpg,True
train,train_000902,out/images/train/train_000902.jpg,True
train,train_000903,out/images/train/train_000903.jpg,True
train,train_000904,out/images/train/train_000904.jpg,True
train,train_000905,out/images/train/train_000905.jpg,True
train,train_000906,out/images/train/train_000906.jpg,True
train,train_000907,out/images/train/train_000907.jpg,True
train,train_000908,out/images/train/train_000908.jpg,True
train,train_000909,out/images/train/train_000909.jpg,True
train,train_000910,out/images/train/train_000910.jpg,True
train,train_000911,out/images/train/train_000911.jpg,True
train,train_000912,out/images/train/train_000912.jpg,True
train,train_000913,out/images/train/train_000913.jpg,True
train,train_000914,out/images/train/train_000914.jpg,True
train,train_000915,out/images/train/train_000915.jpg,True
train,train_000916,out/images/train/train_000916.jpg,True
train,train_000917,out/images/train/train_000917.jpg,True
train,train_000918,out/images/train/train_000918.jpg,True
train,train_000919,out/images/train/train_000919.jpg,True
train,train_000920,out/images/train/train_000920.jpg,True
train,train_000921,out/images/train/train_000921.jpg,True
train,train_000922,out/images/train/train_000922.jpg,True
train,train_000923,out/images/train/train_000923.jpg,True
train,train_000924,out/images/train/train_000924.jpg,True
train,train_000925,out/images/train/train_000925.jpg,True
train,train_000926,out/images/train/train_000926.jpg,True
train,train_000927,out/images/train/train_000927.jpg,True
train,train_000928,out/images/train/train_000928.jpg,True
train,train_000929,out/images/train/train_000929.jpg,True
train,train_000930,out/images/train/train_000930.jpg,True
train,train_000931,out/images/train/train_000931.jpg,True
train,train_000932,out/images/train/train_000932.jpg,True
train,train_000933,out/images/train/train_000933.jpg,True
train,train_000934,out/images/train/train_000934.jpg,True
train,train_000935,out/images/train/train_000935.jpg,True
train,train_000936,out/images/train/train_000936.jpg,True
train,train_000937,out/images/train/train_000937.jpg,True
train,train_000938,out/images/train/train_000938.jpg,True
train,train_000939,out/images/train/train_000939.jpg,True
train,train_000940,out/images/train/train_000940.jpg,True
train,train_000941,out/images/train/train_000941.jpg,True
train,train_000942,out/images/train/train_000942.jpg,True
train,train_000943,out/images/train/train_000943.jpg,True
train,train_000944,out/images/train/train_000944.jpg,True
train,train_000945,out/images/train/train_000945.jpg,True
train,train_000946,out/images/train/train_000946.jpg,True
train,train_000947,out/images/train/train_000947.jpg,True
train,train_000948,out/images/train/train_000948.jpg,True
train,train_000949,out/images/train/train_000949.jpg,True
train,train_000950,out/images/train/train_000950.jpg,True
train,train_000951,out/images/train/train_000951.jpg,True
train,train_000952,out/images/train/train_000952.jpg,True
train,train_000953,out/images/train/train_000953.jpg,True
train,train_000954,out/images/train/train_000954.jpg,True
train,train_000955,out/images/train/train_000955.jpg,True
train,train_000956,out/images/train/train_000956.jpg,True
train,train_000957,out/images/train/train_000957.jpg,True
train,train_000958,out/images/train/train_000958.jpg,True
train,train_000959,out/images/train/train_000959.jpg,True
train,train_000960,out/images/train/train_000960.jpg,True
train,train_000961,out/images/train/train_000961.jpg,True
train,train_000962,out/images/train/train_000962.jpg,True
train,train_000963,out/images/train/train_000963.jpg,True
train,train_000964,out/images/train/train_000964.jpg,True
train,train_000965,out/images/train/train_000965.jpg,True
train,train_000966,out/images/train/train_000966.jpg,True
train,train_000967,out/images/train/train_000967.jpg,True
train,train_000968,out/images/train/train_000968.jpg,True
train,train_000969,out/images/train/train_000969.jpg,True
train,train_000970,out/images/train/train_000970.jpg,True
train,train_000971,out/images/train/train_000971.jpg,True
train,train_000972,out/images/train/train_000972.jpg,True
train,train_000973,out/images/train/train_000973.jpg,True
train,train_000974,out/images/train/train_000974.jpg,True
train,train_000975,out/images/train/train_000975.jpg,True
train,train_000976,out/images/train/train_000976.jpg,True
train,train_000977,out/images/train/train_000977.jpg,True
train,train_000978,out/images/train/train_000978.jpg,True
train,train_000979,out/images/train/train_000979.jpg,True
train,train_000980,out/images/train/train_000980.jpg,True
train,train_000981,out/images/train/train_000981.jpg,True
train,train_000982,out/images/train/train_000982.jpg,True
train,train_000983,out/images/train/train_000983.jpg,True
train,train_000984,out/images/train/train_000984.jpg,True
train,train_000985,out/images/train/train_000985.jpg,True
train,train_000986,out/images/train/train_000986.jpg,True
train,train_000987,out/images/train/train_000987.jpg,True
train,train_000988,out/images/train/train_000988.jpg,True
train,train_000989,out/images/train/train_000989.jpg,True
train,train_000990,out/images/train/train_000990.jpg,True
train,train_000991,out/images/train/train_000991.jpg,True
train,train_000992,out/images/train/train_000992.jpg,True
train,train_000993,out/images/train/train_000993.jpg,True
train,train_000994,out/images/train/train_000994.jpg,True
train,train_000995,out/images/train/train_000995.jpg,True
train,train_000996,out/images/train/train_000996.jpg,True
train,train_000997,out/images/train/train_000997.jpg,True
train,train_000998,out/images/train/train_000998.jpg,True
train,train_000999,out/images/train/train_000999.jpg,True
train,train_001000,out/images/train/train_001000.jpg,True
train,train_001001,out/images/train/train_001001.jpg,True
train,train_001002,out/images/train/train_001002.jpg,True
train,train_001003,out/images/train/train_001003.jpg,True
train,train_001004,out/images/train/train_001004.jpg,True
train,train_001005,out/images/train/train_001005.jpg,True
train,train_001006,out/images/train/train_001006.jpg,True
train,train_001007,out/images/train/train_001007.jpg,True
train,train_001008,out/images/train/train_001008.jpg,True
train,train_001009,out/images/train/train_001009.jpg,True
train,train_001010,out/images/train/train_001010.jpg,True
train,train_001011,out/images/train/train_001011.jpg,True
train,train_001012,out/images/train/train_001012.jpg,True
train,train_001013,out/images/train/train_001013.jpg,True
train,train_001014,out/images/train/train_001014.jpg,True
train,train_001015,out/images/train/train_001015.jpg,True
train,train_001016,out/images/train/train_001016.jpg,True
train,train_001017,out/images/train/train_001017.jpg,True
train,train_001018,out/images/train/train_001018.jpg,True
train,train_001019,out/images/train/train_001019.jpg,True
train,train_001020,out/images/train/train_001020.jpg,True
train,train_001021,out/images/train/train_001021.jpg,True
train,train_001022,out/images/train/train_001022.jpg,True
train,train_001023,out/images/train/train_001023.jpg,True
train,train_001024,out/images/train/train_001024.jpg,True
train,train_001025,out/images/train/train_001025.jpg,True
train,train_001026,out/images/train/train_001026.jpg,True
train,train_001027,out/images/train/train_001027.jpg,True
train,train_001028,out/images/train/train_001028.jpg,True
train,train_001029,out/images/train/train_001029.jpg,True
train,train_001030,out/images/train/train_001030.jpg,True
train,train_001031,out/images/train/train_001031.jpg,True
train,train_001032,out/images/train/train_001032.jpg,True
train,train_001033,out/images/train/train_001033.jpg,True
train,train_001034,out/images/train/train_001034.jpg,True
train,train_001035,out/images/train/train_001035.jpg,True
train,train_001036,out/images/train/train_001036.jpg,True
train,train_001037,out/images/train/train_001037.jpg,True
train,train_001038,out/images/train/train_001038.jpg,True
train,train_001039,out/images/train/train_001039.jpg,True
train,train_001040,out/images/train/train_001040.jpg,True
train,train_001041,out/images/train/train_001041.jpg,True
train,train_001042,out/images/train/train_001042.jpg,True
train,train_001043,out/images/train/train_001043.jpg,True
train,train_001044,out/images/train/train_001044.jpg,True
train,train_001045,out/images/train/train_001045.jpg,True
train,train_001046,out/images/train/train_001046.jpg,True
train,train_001047,out/images/train/train_001047.jpg,True
train,train_001048,out/images/train/train_001048.jpg,True
train,train_001049,out/images/train/train_001049.jpg,True
train,train_001050,out/images/train/train_001050.jpg,True
train,train_001051,out/images/train/train_001051.jpg,True
train,train_001052,out/images/train/train_001052.jpg,True
train,train_001053,out/images/train/train_001053.jpg,True
train,train_001054,out/images/train/train_001054.jpg,True
train,train_001055,out/images/train/train_001055.jpg,True
train,train_001056,out/images/train/train_001056.jpg,True
train,train_001057,out/images/train/train_001057.jpg,True
train,train_001058,out/images/train/train_001058.jpg,True
train,train_001059,out/images/train/train_001059.jpg,True
train,train_001060,out/images/train/train_001060.jpg,True
train,train_001061,out/images/train/train_001061.jpg,True
train,train_001062,out/images/train/train_001062.jpg,True
train,train_001063,out/images/train/train_001063.jpg,True
train,train_001064,out/images/train/train_001064.jpg,True
train,train_001065,out/images/train/train_001065.jpg,True
train,train_001066,out/images/train/train_001066.jpg,True
train,train_001067,out/images/train/train_001067.jpg,True
train,train_001068,out/images/train/train_001068.jpg,True
train,train_001069,out/images/train/train_001069.jpg,True
train,train_001070,out/images/train/train_001070.jpg,True
train,train_001071,out/images/train/train_001071.jpg,True
train,train_001072,out/images/train/train_001072.jpg,True
train,train_001073,out/images/train/train_001073.jpg,True
train,train_001074,out/images/train/train_001074.jpg,True
train,train_001075,out/images/train/train_001075.jpg,True
train,train_001076,out/images/train/train_001076.jpg,True
train,train_001077,out/images/train/train_001077.jpg,True
train,train_001078,out/images/train/train_001078.jpg,True
train,train_001079,out/images/train/train_001079.jpg,True
train,train_001080,out/images/train/train_001080.jpg,True
train,train_001081,out/images/train/train_001081.jpg,True
train,train_001082,out/images/train/train_001082.jpg,True
train,train_001083,out/images/train/train_001083.jpg,True
train,train_001084,out/images/train/train_001084.jpg,True
train,train_001085,out/images/train/train_001085.jpg,True
train,train_001086,out/images/train/train_001086.jpg,True
train,train_001087,out/images/train/train_001087.jpg,True
train,train_001088,out/images/train/train_001088.jpg,True
train,train_001089,out/images/train/train_001089.jpg,True
train,train_001090,out/images/train/train_001090.jpg,True
train,train_001091,out/images/train/train_001091.jpg,True
train,train_001092,out/images/train/train_001092.jpg,True
train,train_001093,out/images/train/train_001093.jpg,True
train,train_001094,out/images/train/train_001094.jpg,True
train,train_001095,out/images/train/train_001095.jpg,True
train,train_001096,out/images/train/train_001096.jpg,True
train,train_001097,out/images/train/train_001097.jpg,True
train,train_001098,out/images/train/train_001098.jpg,True
train,train_001099,out/images/train/train_001099.jpg,True
train,train_001100,out/images/train/train_001100.jpg,True
train,train_001101,out/images/train/train_001101.jpg,True
train,train_001102,out/images/train/train_001102.jpg,True
train,train_001103,out/images/train/train_001103.jpg,True
train,train_001104,out/images/train/train_001104.jpg,True
train,train_001105,out/images/train/train_001105.jpg,True
train,train_001106,out/images/train/train_001106.jpg,True
train,train_001107,out/images/train/train_001107.jpg,True
train,train_001108,out/images/train/train_001108.jpg,True
train,train_001109,out/images/train/train_001109.jpg,True
train,train_001110,out/images/train/train_001110.jpg,True
train,train_001111,out/images/train/train_001111.jpg,True
train,train_001112,out/images/train/train_001112.jpg,True
train,train_001113,out/images/train/train_001113.jpg,True
train,train_001114,out/images/train/train_001114.jpg,True
train,train_001115,out/images/train/train_001115.jpg,True
train,train_001116,out/images/train/train_001116.jpg,True
train,train_001117,out/images/train/train_001117.jpg,True
train,train_001118,out/images/train/train_001118.jpg,True
train,train_001119,out/images/train/train_001119.jpg,True
train,train_001120,out/images/train/train_001120.jpg,True
train,train_001121,out/images/train/train_001121.jpg,True
train,train_001122,out/images/train/train_001122.jpg,True
train,train_001123,out/images/train/train_001123.jpg,True
train,train_001124,out/images/train/train_001124.jpg,True
train,train_001125,out/images/train/train_001125.jpg,True
train,train_001126,out/images/train/train_001126.jpg,True
train,train_001127,out/images/train/train_001127.jpg,True
train,train_001128,out/images/train/train_001128.jpg,True
train,train_001129,out/images/train/train_001129.jpg,True
train,train_001130,out/images/train/train_001130.jpg,True
train,train_001131,out/images/train/train_001131.jpg,True
train,train_001132,out/images/train/train_001132.jpg,True
train,train_001133,out/images/train/train_001133.jpg,True
train,train_001134,out/images/train/train_001134.jpg,True
train,train_001135,out/images/train/train_001135.jpg,True
train,train_001136,out/images/train/train_001136.jpg,True
train,train_001137,out/images/train/train_001137.jpg,True
train,train_001138,out/images/train/train_001138.jpg,True
train,train_001139,out/images/train/train_001139.jpg,True
train,train_001140,out/images/train/train_001140.jpg,True
train,train_001141,out/images/train/train_001141.jpg,True
train,train_001142,out/images/train/train_001142.jpg,True
train,train_001143,out/images/train/train_001143.jpg,True
train,train_001144,out/images/train/train_001144.jpg,True
train,train_001145,out/images/train/train_001145.jpg,True
train,train_001146,out/images/train/train_001146.jpg,True
train,train_001147,out/images/train/train_001147.jpg,True
train,train_001148,out/images/train/train_001148.jpg,True
train,train_001149,out/images/train/train_001149.jpg,True
train,train_001150,out/images/train/train_001150.jpg,True
train,train_001151,out/images/train/train_001151.jpg,True
train,train_001152,out/images/train/train_001152.jpg,True
train,train_001153,out/images/train/train_001153.jpg,True
train,train_001154,out/images/train/train_001154.jpg,True
train,train_001155,out/images/train/train_001155.jpg,True
train,train_001156,out/images/train/train_001156.jpg,True
train,train_001157,out/images/train/train_001157.jpg,True
train,train_001158,out/images/train/train_001158.jpg,True
train,train_001159,out/images/train/train_001159.jpg,True
train,train_001160,out/images/train/train_001160.jpg,True
train,train_001161,out/images/train/train_001161.jpg,True
train,train_001162,out/images/train/train_001162.jpg,True
train,train_001163,out/images/train/train_001163.jpg,True
train,train_001164,out/images/train/train_001164.jpg,True
train,train_001165,out/images/train/train_001165.jpg,True
train,train_001166,out/images/train/train_001166.jpg,True
train,train_001167,out/images/train/train_001167.jpg,True
train,train_001168,out/images/train/train_001168.jpg,True
train,train_001169,out/images/train/train_001169.jpg,True
train,train_001170,out/images/train/train_001170.jpg,True
train,train_001171,out/images/train/train_001171.jpg,True
train,train_001172,out/images/train/train_001172.jpg,True
train,train_001173,out/images/train/train_001173.jpg,True
train,train_001174,out/images/train/train_001174.jpg,True
train,train_001175,out/images/train/train_001175.jpg,True
train,train_001176,out/images/train/train_001176.jpg,True
train,train_001177,out/images/train/train_001177.jpg,True
train,train_001178,out/images/train/train_001178.jpg,True
train,train_001179,out/images/train/train_001179.jpg,True
train,train_001180,out/images/train/train_001180.jpg,True
train,train_001181,out/images/train/train_001181.jpg,True
train,train_001182,out/images/train/train_001182.jpg,True
train,train_001183,out/images/train/train_001183.jpg,True
train,train_001184,out/images/train/train_001184.jpg,True
train,train_001185,out/images/train/train_001185.jpg,True
train,train_001186,out/images/train/train_001186.jpg,True
train,train_001187,out/images/train/train_001187.jpg,True
train,train_001188,out/images/train/train_001188.jpg,True
train,train_001189,out/images/train/train_001189.jpg,True
train,train_001190,out/images/train/train_001190.jpg,True
train,train_001191,out/images/train/train_001191.jpg,True
train,train_001192,out/images/train/train_001192.jpg,True
train,train_001193,out/images/train/train_001193.jpg,True
train,train_001194,out/images/train/train_001194.jpg,True
train,train_001195,out/images/train/train_001195.jpg,True
train,train_001196,out/images/train/train_001196.jpg,True
train,train_001197,out/images/train/train_001197.jpg,True
train,train_001198,out/images/train/train_001198.jpg,True
train,train_001199,out/images/train/train_001199.jpg,True
train,train_001200,out/images/train/train_001200.jpg,True
train,train_001201,out/images/train/train_001201.jpg,True
train,train_001202,out/images/train/train_001202.jpg,True
train,train_001203,out/images/train/train_001203.jpg,True
train,train_001204,out/images/train/train_001204.jpg,True
train,train_001205,out/images/train/train_001205.jpg,True
train,train_001206,out/images/train/train_001206.jpg,True
train,train_001207,out/images/train/train_001207.jpg,True
train,train_001208,out/images/train/train_001208.jpg,True
train,train_001209,out/images/train/train_001209.jpg,True
train,train_001210,out/images/train/train_001210.jpg,True
train,train_001211,out/images/train/train_001211.jpg,True
train,train_001212,out/images/train/train_001212.jpg,True
train,train_001213,out/images/train/train_001213.jpg,True
train,train_001214,out/images/train/train_001214.jpg,True
train,train_001215,out/images/train/train_001215.jpg,True
train,train_001216,out/images/train/train_001216.jpg,True
train,train_001217,out/images/train/train_001217.jpg,True
train,train_001218,out/images/train/train_001218.jpg,True
train,train_001219,out/images/train/train_001219.jpg,True
train,train_001220,out/images/train/train_001220.jpg,True
train,train_001221,out/images/train/train_001221.jpg,True
train,train_001222,out/images/train/train_001222.jpg,True
train,train_001223,out/images/train/train_001223.jpg,True
train,train_001224,out/images/train/train_001224.jpg,True
train,train_001225,out/images/train/train_001225.jpg,True
train,train_001226,out/images/train/train_001226.jpg,True
train,train_001227,out/images/train/train_001227.jpg,True
train,train_001228,out/images/train/train_001228.jpg,True
train,train_001229,out/images/train/train_001229.jpg,True
train,train_001230,out/images/train/train_001230.jpg,True
train,train_001231,out/images/train/train_001231.jpg,True
train,train_001232,out/images/train/train_001232.jpg,True
train,train_001233,out/images/train/train_001233.jpg,True
train,train_001234,out/images/train/train_001234.jpg,True
train,train_001235,out/images/train/train_001235.jpg,True
train,train_001236,out/images/train/train_001236.jpg,True
train,train_001237,out/images/train/train_001237.jpg,True
train,train_001238,out/images/train/train_001238.jpg,True
train,train_001239,out/images/train/train_001239.jpg,True
train,train_001240,out/images/train/train_001240.jpg,True
train,train_001241,out/images/train/train_001241.jpg,True
train,train_001242,out/images/train/train_001242.jpg,True
train,train_001243,out/images/train/train_001243.jpg,True
train,train_001244,out/images/train/train_001244.jpg,True
train,train_001245,out/images/train/train_001245.jpg,True
train,train_001246,out/images/train/train_001246.jpg,True
train,train_001247,out/images/train/train_001247.jpg,True
train,train_001248,out/images/train/train_001248.jpg,True
train,train_001249,out/images/train/train_001249.jpg,True
train,train_001250,out/images/train/train_001250.jpg,True
train,train_001251,out/images/train/train_001251.jpg,True
train,train_001252,out/images/train/train_001252.jpg,True
train,train_001253,out/images/train/train_001253.jpg,True
train,train_001254,out/images/train/train_001254.jpg,True
train,train_001255,out/images/train/train_001255.jpg,True
train,train_001256,out/images/train/train_001256.jpg,True
train,train_001257,out/images/train/train_001257.jpg,True
train,train_001258,out/images/train/train_001258.jpg,True
train,train_001259,out/images/train/train_001259.jpg,True
train,train_001260,out/images/train/train_001260.jpg,True
train,train_001261,out/images/train/train_001261.jpg,True
train,train_001262,out/images/train/train_001262.jpg,True
train,train_001263,out/images/train/train_001263.jpg,True
train,train_001264,out/images/train/train_001264.jpg,True
train,train_001265,out/images/train/train_001265.jpg,True
train,train_001266,out/images/train/train_001266.jpg,True
train,train_001267,out/images/train/train_001267.jpg,True
train,train_001268,out/images/train/train_001268.jpg,True
train,train_001269,out/images/train/train_001269.jpg,True
train,train_001270,out/images/train/train_001270.jpg,True
train,train_001271,out/images/train/train_001271.jpg,True
train,train_001272,out/images/train/train_001272.jpg,True
train,train_001273,out/images/train/train_001273.jpg,True
train,train_001274,out/images/train/train_001274.jpg,True
train,train_001275,out/images/train/train_001275.jpg,True
train,train_001276,out/images/train/train_001276.jpg,True
train,train_001277,out/images/train/train_001277.jpg,True
train,train_001278,out/images/train/train_001278.jpg,True
train,train_001279,out/images/train/train_001279.jpg,True
train,train_001280,out/images/train/train_001280.jpg,True
train,train_001281,out/images/train/train_001281.jpg,True
train,train_001282,out/images/train/train_001282.jpg,True
train,train_001283,out/images/train/train_001283.jpg,True
train,train_001284,out/images/train/train_001284.jpg,True
train,train_001285,out/images/train/train_001285.jpg,True
train,train_001286,out/images/train/train_001286.jpg,True
train,train_001287,out/images/train/train_001287.jpg,True
train,train_001288,out/images/train/train_001288.jpg,True
train,train_001289,out/images/train/train_001289.jpg,True
train,train_001290,out/images/train/train_001290.jpg,True
train,train_001291,out/images/train/train_001291.jpg,True
train,train_001292,out/images/train/train_001292.jpg,True
train,train_001293,out/images/train/train_001293.jpg,True
train,train_001294,out/images/train/train_001294.jpg,True
train,train_001295,out/images/train/train_001295.jpg,True
train,train_001296,out/images/train/train_001296.jpg,True
train,train_001297,out/images/train/train_001297.jpg,True
train,train_001298,out/images/train/train_001298.jpg,True
train,train_001299,out/images/train/train_001299.jpg,True
train,train_001300,out/images/train/train_001300.jpg,True
train,train_001301,out/images/train/train_001301.jpg,True
train,train_001302,out/images/train/train_001302.jpg,True
train,train_001303,out/images/train/train_001303.jpg,True
train,train_001304,out/images/train/train_001304.jpg,True
train,train_001305,out/images/train/train_001305.jpg,True
train,train_001306,out/images/train/train_001306.jpg,True
train,train_001307,out/images/train/train_001307.jpg,True
train,train_001308,out/images/train/train_001308.jpg,True
train,train_001309,out/images/train/train_001309.jpg,True
train,train_001310,out/images/train/train_001310.jpg,True
train,train_001311,out/images/train/train_001311.jpg,True
train,train_001312,out/images/train/train_001312.jpg,True
train,train_001313,out/images/train/train_001313.jpg,True
train,train_001314,out/images/train/train_001314.jpg,True
train,train_001315,out/images/train/train_001315.jpg,True
train,train_001316,out/images/train/train_001316.jpg,True
train,train_001317,out/images/train/train_001317.jpg,True
train,train_001318,out/images/train/train_001318.jpg,True
train,train_001319,out/images/train/train_001319.jpg,True
train,train_001320,out/images/train/train_001320.jpg,True
train,train_001321,out/images/train/train_001321.jpg,True
train,train_001322,out/images/train/train_001322.jpg,True
train,train_001323,out/images/train/train_001323.jpg,True
train,train_001324,out/images/train/train_001324.jpg,True
train,train_001325,out/images/train/train_001325.jpg,True
train,train_001326,out/images/train/train_001326.jpg,True
train,train_001327,out/images/train/train_001327.jpg,True
train,train_001328,out/images/train/train_001328.jpg,True
train,train_001329,out/images/train/train_001329.jpg,True
train,train_001330,out/images/train/train_001330.jpg,True
train,train_001331,out/images/train/train_001331.jpg,True
train,train_001332,out/images/train/train_001332.jpg,True
train,train_001333,out/images/train/train_001333.jpg,True
train,train_001334,out/images/train/train_001334.jpg,True
train,train_001335,out/images/train/train_001335.jpg,True
train,train_001336,out/images/train/train_001336.jpg,True
train,train_001337,out/images/train/train_001337.jpg,True
train,train_001338,out/images/train/train_001338.jpg,True
train,train_001339,out/images/train/train_001339.jpg,True
train,train_001340,out/images/train/train_001340.jpg,True
train,train_001341,out/images/train/train_001341.jpg,True
train,train_001342,out/images/train/train_001342.jpg,True
train,train_001343,out/images/train/train_001343.jpg,True
train,train_001344,out/images/train/train_001344.jpg,True
train,train_001345,out/images/train/train_001345.jpg,True
train,train_001346,out/images/train/train_001346.jpg,True
train,train_001347,out/images/train/train_001347.jpg,True
train,train_001348,out/images/train/train_001348.jpg,True
train,train_001349,out/images/train/train_001349.jpg,True
train,train_001350,out/images/train/train_001350.jpg,True
train,train_001351,out/images/train/train_001351.jpg,True
train,train_001352,out/images/train/train_001352.jpg,True
train,train_001353,out/images/train/train_001353.jpg,True
train,train_001354,out/images/train/train_001354.jpg,True
train,train_001355,out/images/train/train_001355.jpg,True
train,train_001356,out/images/train/train_001356.jpg,True
train,train_001357,out/images/train/train_001357.jpg,True
train,train_001358,out/images/train/train_001358.jpg,True
train,train_001359,out/images/train/train_001359.jpg,True
train,train_001360,out/images/train/train_001360.jpg,True
train,train_001361,out/images/train/train_001361.jpg,True
train,train_001362,out/images/train/train_001362.jpg,True
train,train_001363,out/images/train/train_001363.jpg,True
train,train_001364,out/images/train/train_001364.jpg,True
train,train_001365,out/images/train/train_001365.jpg,True
train,train_001366,out/images/train/train_001366.jpg,True
train,train_001367,out/images/train/train_001367.jpg,True
train,train_001368,out/images/train/train_001368.jpg,True
train,train_001369,out/images/train/train_001369.jpg,True
train,train_001370,out/images/train/train_001370.jpg,True
train,train_001371,out/images/train/train_001371.jpg,True
train,train_001372,out/images/train/train_001372.jpg,True
train,train_001373,out/images/train/train_001373.jpg,True
train,train_001374,out/images/train/train_001374.jpg,True
train,train_001375,out/images/train/train_001375.jpg,True
train,train_001376,out/images/train/train_001376.jpg,True
train,train_001377,out/images/train/train_001377.jpg,True
train,train_001378,out/images/train/train_001378.jpg,True
train,train_001379,out/images/train/train_001379.jpg,True
train,train_001380,out/images/train/train_001380.jpg,True
train,train_001381,out/images/train/train_001381.jpg,True
train,train_001382,out/images/train/train_001382.jpg,True
train,train_001383,out/images/train/train_001383.jpg,True
train,train_001384,out/images/train/train_001384.jpg,True
train,train_001385,out/images/train/train_001385.jpg,True
train,train_001386,out/images/train/train_001386.jpg,True
train,train_001387,out/images/train/train_001387.jpg,True
train,train_001388,out/images/train/train_001388.jpg,True
train,train_001389,out/images/train/train_001389.jpg,True
train,train_001390,out/images/train/train_001390.jpg,True
train,train_001391,out/images/train/train_001391.jpg,True
train,train_001392,out/images/train/train_001392.jpg,True
train,train_001393,out/images/train/train_001393.jpg,True
train,train_001394,out/images/train/train_001394.jpg,True
train,train_001395,out/images/train/train_001395.jpg,True
train,train_001396,out/images/train/train_001396.jpg,True
train,train_001397,out/images/train/train_001397.jpg,True
train,train_001398,out/images/train/train_001398.jpg,True
train,train_001399,out/images/train/train_001399.jpg,True
train,train_001400,out/images/train/train_001400.jpg,True
train,train_001401,out/images/train/train_001401.jpg,True
train,train_001402,out/images/train/train_001402.jpg,True
train,train_001403,out/images/train/train_001403.jpg,True
train,train_001404,out/images/train/train_001404.jpg,True
train,train_001405,out/images/train/train_001405.jpg,True
train,train_001406,out/images/train/train_001406.jpg,True
train,train_001407,out/images/train/train_001407.jpg,True
train,train_001408,out/images/train/train_001408.jpg,True
train,train_001409,out/images/train/train_001409.jpg,True
train,train_001410,out/images/train/train_001410.jpg,True
train,train_001411,out/images/train/train_001411.jpg,True
train,train_001412,out/images/train/train_001412.jpg,True
train,train_001413,out/images/train/train_001413.jpg,True
train,train_001414,out/images/train/train_001414.jpg,True
train,train_001415,out/images/train/train_001415.jpg,True
train,train_001416,out/images/train/train_001416.jpg,True
train,train_001417,out/images/train/train_001417.jpg,True
train,train_001418,out/images/train/train_001418.jpg,True
train,train_001419,out/images/train/train_001419.jpg,True
train,train_001420,out/images/train/train_001420.jpg,True
train,train_001421,out/images/train/train_001421.jpg,True
train,train_001422,out/images/train/train_001422.jpg,True
train,train_001423,out/images/train/train_001423.jpg,True
train,train_001424,out/images/train/train_001424.jpg,True
train,train_001425,out/images/train/train_001425.jpg,True
train,train_001426,out/images/train/train_001426.jpg,True
train,train_001427,out/images/train/train_001427.jpg,True
train,train_001428,out/images/train/train_001428.jpg,True
train,train_001429,out/images/train/train_001429.jpg,True
train,train_001430,out/images/train/train_001430.jpg,True
train,train_001431,out/images/train/train_001431.jpg,True
train,train_001432,out/images/train/train_001432.jpg,True
train,train_001433,out/images/train/train_001433.jpg,True
train,train_001434,out/images/train/train_001434.jpg,True
train,train_001435,out/images/train/train_001435.jpg,True
train,train_001436,out/images/train/train_001436.jpg,True
train,train_001437,out/images/train/train_001437.jpg,True
train,train_001438,out/images/train/train_001438.jpg,True
train,train_001439,out/images/train/train_001439.jpg,True
train,train_001440,out/images/train/train_001440.jpg,True
train,train_001441,out/images/train/train_001441.jpg,True
train,train_001442,out/images/train/train_001442.jpg,True
train,train_001443,out/images/train/train_001443.jpg,True
train,train_001444,out/images/train/train_001444.jpg,True
train,train_001445,out/images/train/train_001445.jpg,True
train,train_001446,out/images/train/train_001446.jpg,True
train,train_001447,out/images/train/train_001447.jpg,True
train,train_001448,out/images/train/train_001448.jpg,True
train,train_001449,out/images/train/train_001449.jpg,True
train,train_001450,out/images/train/train_001450.jpg,True
train,train_001451,out/images/train/train_001451.jpg,True
train,train_001452,out/images/train/train_001452.jpg,True
train,train_001453,out/images/train/train_001453.jpg,True
train,train_001454,out/images/train/train_001454.jpg,True
train,train_001455,out/images/train/train_001455.jpg,True
train,train_001456,out/images/train/train_001456.jpg,True
train,train_001457,out/images/train/train_001457.jpg,True
train,train_001458,out/images/train/train_001458.jpg,True
train,train_001459,out/images/train/train_001459.jpg,True
train,train_001460,out/images/train/train_001460.jpg,True
train,train_001461,out/images/train/train_001461.jpg,True
train,train_001462,out/images/train/train_001462.jpg,True
train,train_001463,out/images/train/train_001463.jpg,True
train,train_001464,out/images/train/train_001464.jpg,True
train,train_001465,out/images/train/train_001465.jpg,True
train,train_001466,out/images/train/train_001466.jpg,True
train,train_001467,out/images/train/train_001467.jpg,True
train,train_001468,out/images/train/train_001468.jpg,True
train,train_001469,out/images/train/train_001469.jpg,True
train,train_001470,out/images/train/train_001470.jpg,True
train,train_001471,out/images/train/train_001471.jpg,True
train,train_001472,out/images/train/train_001472.jpg,True
train,train_001473,out/images/train/train_001473.jpg,True
train,train_001474,out/images/train/train_001474.jpg,True
train,train_001475,out/images/train/train_001475.jpg,True
train,train_001476,out/images/train/train_001476.jpg,True
train,train_001477,out/images/train/train_001477.jpg,True
train,train_001478,out/images/train/train_001478.jpg,True
train,train_001479,out/images/train/train_001479.jpg,True
train,train_001480,out/images/train/train_001480.jpg,True
train,train_001481,out/images/train/train_001481.jpg,True
train,train_001482,out/images/train/train_001482.jpg,True
train,train_001483,out/images/train/train_001483.jpg,True
train,train_001484,out/images/train/train_001484.jpg,True
train,train_001485,out/images/train/train_001485.jpg,True
train,train_001486,out/images/train/train_001486.jpg,True
train,train_001487,out/images/train/train_001487.jpg,True
train,train_001488,out/images/train/train_001488.jpg,True
train,train_001489,out/images/train/train_001489.jpg,True
train,train_001490,out/images/train/train_001490.jpg,True
train,train_001491,out/images/train/train_001491.jpg,True
train,train_001492,out/images/train/train_001492.jpg,True
train,train_001493,out/images/train/train_001493.jpg,True
train,train_001494,out/images/train/train_001494.jpg,True
train,train_001495,out/images/train/train_001495.jpg,True
train,train_001496,out/images/train/train_001496.jpg,True
train,train_001497,out/images/train/train_001497.jpg,True
train,train_001498,out/images/train/train_001498.jpg,True
train,train_001499,out/images/train/train_001499.jpg,True
train,train_001500,out/images/train/train_001500.jpg,True
train,train_001501,out/images/train/train_001501.jpg,True
train,train_001502,out/images/train/train_001502.jpg,True
train,train_001503,out/images/train/train_001503.jpg,True
train,train_001504,out/images/train/train_001504.jpg,True
train,train_001505,out/images/train/train_001505.jpg,True
train,train_001506,out/images/train/train_001506.jpg,True
train,train_001507,out/images/train/train_001507.jpg,True
train,train_001508,out/images/train/train_001508.jpg,True
train,train_001509,out/images/train/train_001509.jpg,True
train,train_001510,out/images/train/train_001510.jpg,True
train,train_001511,out/images/train/train_001511.jpg,True
train,train_001512,out/images/train/train_001512.jpg,True
train,train_001513,out/images/train/train_001513.jpg,True
train,train_001514,out/images/train/train_001514.jpg,True
train,train_001515,out/images/train/train_001515.jpg,True
train,train_001516,out/images/train/train_001516.jpg,True
train,train_001517,out/images/train/train_001517.jpg,True
train,train_001518,out/images/train/train_001518.jpg,True
train,train_001519,out/images/train/train_001519.jpg,True
train,train_001520,out/images/train/train_001520.jpg,True
train,train_001521,out/images/train/train_001521.jpg,True
train,train_001522,out/images/train/train_001522.jpg,True
train,train_001523,out/images/train/train_001523.jpg,True
train,train_001524,out/images/train/train_001524.jpg,True
train,train_001525,out/images/train/train_001525.jpg,True
train,train_001526,out/images/train/train_001526.jpg,True
train,train_001527,out/images/train/train_001527.jpg,True
train,train_001528,out/images/train/train_001528.jpg,True
train,train_001529,out/images/train/train_001529.jpg,True
train,train_001530,out/images/train/train_001530.jpg,True
train,train_001531,out/images/train/train_001531.jpg,True
train,train_001532,out/images/train/train_001532.jpg,True
train,train_001533,out/images/train/train_001533.jpg,True
train,train_001534,out/images/train/train_001534.jpg,True
train,train_001535,out/images/train/train_001535.jpg,True
train,train_001536,out/images/train/train_001536.jpg,True
train,train_001537,out/images/train/train_001537.jpg,True
train,train_001538,out/images/train/train_001538.jpg,True
train,train_001539,out/images/train/train_001539.jpg,True
train,train_001540,out/images/train/train_001540.jpg,True
train,train_001541,out/images/train/train_001541.jpg,True
train,train_001542,out/images/train/train_001542.jpg,True
train,train_001543,out/images/train/train_001543.jpg,True
train,train_001544,out/images/train/train_001544.jpg,True
train,train_001545,out/images/train/train_001545.jpg,True
train,train_001546,out/images/train/train_001546.jpg,True
train,train_001547,out/images/train/train_001547.jpg,True
train,train_001548,out/images/train/train_001548.jpg,True
train,train_001549,out/images/train/train_001549.jpg,True
train,train_001550,out/images/train/train_001550.jpg,True
train,train_001551,out/images/train/train_001551.jpg,True
train,train_001552,out/images/train/train_001552.jpg,True
train,train_001553,out/images/train/train_001553.jpg,True
train,train_001554,out/images/train/train_001554.jpg,True
train,train_001555,out/images/train/train_001555.jpg,True
train,train_001556,out/images/train/train_001556.jpg,True
train,train_001557,out/images/train/train_001557.jpg,True
train,train_001558,out/images/train/train_001558.jpg,True
train,train_001559,out/images/train/train_001559.jpg,True
train,train_001560,out/images/train/train_001560.jpg,True
train,train_001561,out/images/train/train_001561.jpg,True
train,train_001562,out/images/train/train_001562.jpg,True
train,train_001563,out/images/train/train_001563.jpg,True
train,train_001564,out/images/train/train_001564.jpg,True
train,train_001565,out/images/train/train_001565.jpg,True
train,train_001566,out/images/train/train_001566.jpg,True
train,train_001567,out/images/train/train_001567.jpg,True
train,train_001568,out/images/train/train_001568.jpg,True
train,train_001569,out/images/train/train_001569.jpg,True
train,train_001570,out/images/train/train_001570.jpg,True
train,train_001571,out/images/train/train_001571.jpg,True
train,train_001572,out/images/train/train_001572.jpg,True
train,train_001573,out/images/train/train_001573.jpg,True
train,train_001574,out/images/train/train_001574.jpg,True
train,train_001575,out/images/train/train_001575.jpg,True
train,train_001576,out/images/train/train_001576.jpg,True
train,train_001577,out/images/train/train_001577.jpg,True
train,train_001578,out/images/train/train_001578.jpg,True
train,train_001579,out/images/train/train_001579.jpg,True
train,train_001580,out/images/train/train_001580.jpg,True
train,train_001581,out/images/train/train_001581.jpg,True
train,train_001582,out/images/train/train_001582.jpg,True
train,train_001583,out/images/train/train_001583.jpg,True
train,train_001584,out/images/train/train_001584.jpg,True
train,train_001585,out/images/train/train_001585.jpg,True
train,train_001586,out/images/train/train_001586.jpg,True
train,train_001587,out/images/train/train_001587.jpg,True
train,train_001588,out/images/train/train_001588.jpg,True
train,train_001589,out/images/train/train_001589.jpg,True
train,train_001590,out/images/train/train_001590.jpg,True
train,train_001591,out/images/train/train_001591.jpg,True
train,train_001592,out/images/train/train_001592.jpg,True
train,train_001593,out/images/train/train_001593.jpg,True
train,train_001594,out/images/train/train_001594.jpg,True
train,train_001595,out/images/train/train_001595.jpg,True
train,train_001596,out/images/train/train_001596.jpg,True
train,train_001597,out/images/train/train_001597.jpg,True
train,train_001598,out/images/train/train_001598.jpg,True
train,train_001599,out/images/train/train_001599.jpg,True
train,train_001600,out/images/train/train_001600.jpg,True
train,train_001601,out/images/train/train_001601.jpg,True
train,train_001602,out/images/train/train_001602.jpg,True
train,train_001603,out/images/train/train_001603.jpg,True
train,train_001604,out/images/train/train_001604.jpg,True
train,train_001605,out/images/train/train_001605.jpg,True
train,train_001606,out/images/train/train_001606.jpg,True
train,train_001607,out/images/train/train_001607.jpg,True
train,train_001608,out/images/train/train_001608.jpg,True
train,train_001609,out/images/train/train_001609.jpg,True
train,train_001610,out/images/train/train_001610.jpg,True
train,train_001611,out/images/train/train_001611.jpg,True
train,train_001612,out/images/train/train_001612.jpg,True
train,train_001613,out/images/train/train_001613.jpg,True
train,train_001614,out/images/train/train_001614.jpg,True
train,train_001615,out/images/train/train_001615.jpg,True
train,train_001616,out/images/train/train_001616.jpg,True
train,train_001617,out/images/train/train_001617.jpg,True
train,train_001618,out/images/train/train_001618.jpg,True
train,train_001619,out/images/train/train_001619.jpg,True
train,train_001620,out/images/train/train_001620.jpg,True
train,train_001621,out/images/train/train_001621.jpg,True
train,train_001622,out/images/train/train_001622.jpg,True
train,train_001623,out/images/train/train_001623.jpg,True
train,train_001624,out/images/train/train_001624.jpg,True
train,train_001625,out/images/train/train_001625.jpg,True
train,train_001626,out/images/train/train_001626.jpg,True
train,train_001627,out/images/train/train_001627.jpg,True
train,train_001628,out/images/train/train_001628.jpg,True
train,train_001629,out/images/train/train_001629.jpg,True
train,train_001630,out/images/train/train_001630.jpg,True
train,train_001631,out/images/train/train_001631.jpg,True
train,train_001632,out/images/train/train_001632.jpg,True
train,train_001633,out/images/train/train_001633.jpg,True
train,train_001634,out/images/train/train_001634.jpg,True
train,train_001635,out/images/train/train_001635.jpg,True
train,train_001636,out/images/train/train_001636.jpg,True
train,train_001637,out/images/train/train_001637.jpg,True
train,train_001638,out/images/train/train_001638.jpg,True
train,train_001639,out/images/train/train_001639.jpg,True
train,train_001640,out/images/train/train_001640.jpg,True
train,train_001641,out/images/train/train_001641.jpg,True
train,train_001642,out/images/train/train_001642.jpg,True
train,train_001643,out/images/train/train_001643.jpg,True
train,train_001644,out/images/train/train_001644.jpg,True
train,train_001645,out/images/train/train_001645.jpg,True
train,train_001646,out/images/train/train_001646.jpg,True
train,train_001647,out/images/train/train_001647.jpg,True
train,train_001648,out/images/train/train_001648.jpg,True
train,train_001649,out/images/train/train_001649.jpg,True
train,train_001650,out/images/train/train_001650.jpg,True
train,train_001651,out/images/train/train_001651.jpg,True
train,train_001652,out/images/train/train_001652.jpg,True
train,train_001653,out/images/train/train_001653.jpg,True
train,train_001654,out/images/train/train_001654.jpg,True
train,train_001655,out/images/train/train_001655.jpg,True
train,train_001656,out/images/train/train_001656.jpg,True
train,train_001657,out/images/train/train_001657.jpg,True
train,train_001658,out/images/train/train_001658.jpg,True
train,train_001659,out/images/train/train_001659.jpg,True
train,train_001660,out/images/train/train_001660.jpg,True
train,train_001661,out/images/train/train_001661.jpg,True
train,train_001662,out/images/train/train_001662.jpg,True
train,train_001663,out/images/train/train_001663.jpg,True
train,train_001664,out/images/train/train_001664.jpg,True
train,train_001665,out/images/train/train_001665.jpg,True
train,train_001666,out/images/train/train_001666.jpg,True
train,train_001667,out/images/train/train_001667.jpg,True
train,train_001668,out/images/train/train_001668.jpg,True
train,train_001669,out/images/train/train_001669.jpg,True
train,train_001670,out/images/train/train_001670.jpg,True
train,train_001671,out/images/train/train_001671.jpg,True
train,train_001672,out/images/train/train_001672.jpg,True
train,train_001673,out/images/train/train_001673.jpg,True
train,train_001674,out/images/train/train_001674.jpg,True
train,train_001675,out/images/train/train_001675.jpg,True
train,train_001676,out/images/train/train_001676.jpg,True
train,train_001677,out/images/train/train_001677.jpg,True
train,train_001678,out/images/train/train_001678.jpg,True
train,train_001679,out/images/train/train_001679.jpg,True
train,train_001680,out/images/train/train_001680.jpg,True
train,train_001681,out/images/train/train_001681.jpg,True
train,train_001682,out/images/train/train_001682.jpg,True
train,train_001683,out/images/train/train_001683.jpg,True
train,train_001684,out/images/train/train_001684.jpg,True
train,train_001685,out/images/train/train_001685.jpg,True
train,train_001686,out/images/train/train_001686.jpg,True
train,train_001687,out/images/train/train_001687.jpg,True
train,train_001688,out/images/train/train_001688.jpg,True
train,train_001689,out/images/train/train_001689.jpg,True
train,train_001690,out/images/train/train_001690.jpg,True
train,train_001691,out/images/train/train_001691.jpg,True
train,train_001692,out/images/train/train_001692.jpg,True
train,train_001693,out/images/train/train_001693.jpg,True
train,train_001694,out/images/train/train_001694.jpg,True
train,train_001695,out/images/train/train_001695.jpg,True
train,train_001696,out/images/train/train_001696.jpg,True
train,train_001697,out/images/train/train_001697.jpg,True
train,train_001698,out/images/train/train_001698.jpg,True
train,train_001699,out/images/train/train_001699.jpg,True
train,train_001700,out/images/train/train_001700.jpg,True
train,train_001701,out/images/train/train_001701.jpg,True
train,train_001702,out/images/train/train_001702.jpg,True
train,train_001703,out/images/train/train_001703.jpg,True
train,train_001704,out/images/train/train_001704.jpg,True
train,train_001705,out/images/train/train_001705.jpg,True
train,train_001706,out/images/train/train_001706.jpg,True
train,train_001707,out/images/train/train_001707.jpg,True
train,train_001708,out/images/train/train_001708.jpg,True
train,train_001709,out/images/train/train_001709.jpg,True
train,train_001710,out/images/train/train_001710.jpg,True
train,train_001711,out/images/train/train_001711.jpg,True
train,train_001712,out/images/train/train_001712.jpg,True
train,train_001713,out/images/train/train_001713.jpg,True
train,train_001714,out/images/train/train_001714.jpg,True
train,train_001715,out/images/train/train_001715.jpg,True
train,train_001716,out/images/train/train_001716.jpg,True
train,train_001717,out/images/train/train_001717.jpg,True
train,train_001718,out/images/train/train_001718.jpg,True
train,train_001719,out/images/train/train_001719.jpg,True
train,train_001720,out/images/train/train_001720.jpg,True
train,train_001721,out/images/train/train_001721.jpg,True
train,train_001722,out/images/train/train_001722.jpg,True
train,train_001723,out/images/train/train_001723.jpg,True
train,train_001724,out/images/train/train_001724.jpg,True
train,train_001725,out/images/train/train_001725.jpg,True
train,train_001726,out/images/train/train_001726.jpg,True
train,train_001727,out/images/train/train_001727.jpg,True
train,train_001728,out/images/train/train_001728.jpg,True
train,train_001729,out/images/train/train_001729.jpg,True
train,train_001730,out/images/train/train_001730.jpg,True
train,train_001731,out/images/train/train_001731.jpg,True
train,train_001732,out/images/train/train_001732.jpg,True
train,train_001733,out/images/train/train_001733.jpg,True
train,train_001734,out/images/train/train_001734.jpg,True
train,train_001735,out/images/train/train_001735.jpg,True
train,train_001736,out/images/train/train_001736.jpg,True
train,train_001737,out/images/train/train_001737.jpg,True
train,train_001738,out/images/train/train_001738.jpg,True
train,train_001739,out/images/train/train_001739.jpg,True
train,train_001740,out/images/train/train_001740.jpg,True
train,train_001741,out/images/train/train_001741.jpg,True
train,train_001742,out/images/train/train_001742.jpg,True
train,train_001743,out/images/train/train_001743.jpg,True
train,train_001744,out/images/train/train_001744.jpg,True
train,train_001745,out/images/train/train_001745.jpg,True
train,train_001746,out/images/train/train_001746.jpg,True
train,train_001747,out/images/train/train_001747.jpg,True
train,train_001748,out/images/train/train_001748.jpg,True
train,train_001749,out/images/train/train_001749.jpg,True
train,train_001750,out/images/train/train_001750.jpg,True
train,train_001751,out/images/train/train_001751.jpg,True
train,train_001752,out/images/train/train_001752.jpg,True
train,train_001753,out/images/train/train_001753.jpg,True
train,train_001754,out/images/train/train_001754.jpg,True
train,train_001755,out/images/train/train_001755.jpg,True
train,train_001756,out/images/train/train_001756.jpg,True
train,train_001757,out/images/train/train_001757.jpg,True
train,train_001758,out/images/train/train_001758.jpg,True
train,train_001759,out/images/train/train_001759.jpg,True
train,train_001760,out/images/train/train_001760.jpg,True
train,train_001761,out/images/train/train_001761.jpg,True
train,train_001762,out/images/train/train_001762.jpg,True
train,train_001763,out/images/train/train_001763.jpg,True
train,train_001764,out/images/train/train_001764.jpg,True
train,train_001765,out/images/train/train_001765.jpg,True
train,train_001766,out/images/train/train_001766.jpg,True
train,train_001767,out/images/train/train_001767.jpg,True
train,train_001768,out/images/train/train_001768.jpg,True
train,train_001769,out/images/train/train_001769.jpg,True
train,train_001770,out/images/train/train_001770.jpg,True
train,train_001771,out/images/train/train_001771.jpg,True
train,train_001772,out/images/train/train_001772.jpg,True
train,train_001773,out/images/train/train_001773.jpg,True
train,train_001774,out/images/train/train_001774.jpg,True
train,train_001775,out/images/train/train_001775.jpg,True
train,train_001776,out/images/train/train_001776.jpg,True
train,train_001777,out/images/train/train_001777.jpg,True
train,train_001778,out/images/train/train_001778.jpg,True
train,train_001779,out/images/train/train_001779.jpg,True
train,train_001780,out/images/train/train_001780.jpg,True
train,train_001781,out/images/train/train_001781.jpg,True
train,train_001782,out/images/train/train_001782.jpg,True
train,train_001783,out/images/train/train_001783.jpg,True
train,train_001784,out/images/train/train_001784.jpg,True
train,train_001785,out/images/train/train_001785.jpg,True
train,train_001786,out/images/train/train_001786.jpg,True
train,train_001787,out/images/train/train_001787.jpg,True
train,train_001788,out/images/train/train_001788.jpg,True
train,train_001789,out/images/train/train_001789.jpg,True
train,train_001790,out/images/train/train_001790.jpg,True
train,train_001791,out/images/train/train_001791.jpg,True
train,train_001792,out/images/train/train_001792.jpg,True
train,train_001793,out/images/train/train_001793.jpg,True
train,train_001794,out/images/train/train_001794.jpg,True
train,train_001795,out/images/train/train_001795.jpg,True
train,train_001796,out/images/train/train_001796.jpg,True
train,train_001797,out/images/train/train_001797.jpg,True
train,train_001798,out/images/train/train_001798.jpg,True
train,train_001799,out/images/train/train_001799.jpg,True
train,train_001800,out/images/train/train_001800.jpg,True
train,train_001801,out/images/train/train_001801.jpg,True
train,train_001802,out/images/train/train_001802.jpg,True
train,train_001803,out/images/train/train_001803.jpg,True
train,train_001804,out/images/train/train_001804.jpg,True
train,train_001805,out/images/train/train_001805.jpg,True
train,train_001806,out/images/train/train_001806.jpg,True
train,train_001807,out/images/train/train_001807.jpg,True
train,train_001808,out/images/train/train_001808.jpg,True
train,train_001809,out/images/train/train_001809.jpg,True
train,train_001810,out/images/train/train_001810.jpg,True
train,train_001811,out/images/train/train_001811.jpg,True
train,train_001812,out/images/train/train_001812.jpg,True
train,train_001813,out/images/train/train_001813.jpg,True
train,train_001814,out/images/train/train_001814.jpg,True
train,train_001815,out/images/train/train_001815.jpg,True
train,train_001816,out/images/train/train_001816.jpg,True
train,train_001817,out/images/train/train_001817.jpg,True
train,train_001818,out/images/train/train_001818.jpg,True
train,train_001819,out/images/train/train_001819.jpg,True
train,train_001820,out/images/train/train_001820.jpg,True
train,train_001821,out/images/train/train_001821.jpg,True
train,train_001822,out/images/train/train_001822.jpg,True
train,train_001823,out/images/train/train_001823.jpg,True
train,train_001824,out/images/train/train_001824.jpg,True
train,train_001825,out/images/train/train_001825.jpg,True
train,train_001826,out/images/train/train_001826.jpg,True
train,train_001827,out/images/train/train_001827.jpg,True
train,train_001828,out/images/train/train_001828.jpg,True
train,train_001829,out/images/train/train_001829.jpg,True
train,train_001830,out/images/train/train_001830.jpg,True
train,train_001831,out/images/train/train_001831.jpg,True
train,train_001832,out/images/train/train_001832.jpg,True
train,train_001833,out/images/train/train_001833.jpg,True
train,train_001834,out/images/train/train_001834.jpg,True
train,train_001835,out/images/train/train_001835.jpg,True
train,train_001836,out/images/train/train_001836.jpg,True
train,train_001837,out/images/train/train_001837.jpg,True
train,train_001838,out/images/train/train_001838.jpg,True
train,train_001839,out/images/train/train_001839.jpg,True
train,train_001840,out/images/train/train_001840.jpg,True
train,train_001841,out/images/train/train_001841.jpg,True
train,train_001842,out/images/train/train_001842.jpg,True
train,train_001843,out/images/train/train_001843.jpg,True
train,train_001844,out/images/train/train_001844.jpg,True
train,train_001845,out/images/train/train_001845.jpg,True
train,train_001846,out/images/train/train_001846.jpg,True
train,train_001847,out/images/train/train_001847.jpg,True
train,train_001848,out/images/train/train_001848.jpg,True
train,train_001849,out/images/train/train_001849.jpg,True
train,train_001850,out/images/train/train_001850.jpg,True
train,train_001851,out/images/train/train_001851.jpg,True
train,train_001852,out/images/train/train_001852.jpg,True
train,train_001853,out/images/train/train_001853.jpg,True
train,train_001854,out/images/train/train_001854.jpg,True
train,train_001855,out/images/train/train_001855.jpg,True
train,train_001856,out/images/train/train_001856.jpg,True
train,train_001857,out/images/train/train_001857.jpg,True
train,train_001858,out/images/train/train_001858.jpg,True
train,train_001859,out/images/train/train_001859.jpg,True
train,train_001860,out/images/train/train_001860.jpg,True
train,train_001861,out/images/train/train_001861.jpg,True
train,train_001862,out/images/train/train_001862.jpg,True
train,train_001863,out/images/train/train_001863.jpg,True
train,train_001864,out/images/train/train_001864.jpg,True
train,train_001865,out/images/train/train_001865.jpg,True
train,train_001866,out/images/train/train_001866.jpg,True
train,train_001867,out/images/train/train_001867.jpg,True
train,train_001868,out/images/train/train_001868.jpg,True
train,train_001869,out/images/train/train_001869.jpg,True
train,train_001870,out/images/train/train_001870.jpg,True
train,train_001871,out/images/train/train_001871.jpg,True
train,train_001872,out/images/train/train_001872.jpg,True
train,train_001873,out/images/train/train_001873.jpg,True
train,train_001874,out/images/train/train_001874.jpg,True
train,train_001875,out/images/train/train_001875.jpg,True
train,train_001876,out/images/train/train_001876.jpg,True
train,train_001877,out/images/train/train_001877.jpg,True
train,train_001878,out/images/train/train_001878.jpg,True
train,train_001879,out/images/train/train_001879.jpg,True
train,train_001880,out/images/train/train_001880.jpg,True
train,train_001881,out/images/train/train_001881.jpg,True
train,train_001882,out/images/train/train_001882.jpg,True
train,train_001883,out/images/train/train_001883.jpg,True
train,train_001884,out/images/train/train_001884.jpg,True
train,train_001885,out/images/train/train_001885.jpg,True
train,train_001886,out/images/train/train_001886.jpg,True
train,train_001887,out/images/train/train_001887.jpg,True
train,train_001888,out/images/train/train_001888.jpg,True
train,train_001889,out/images/train/train_001889.jpg,True
train,train_001890,out/images/train/train_001890.jpg,True
train,train_001891,out/images/train/train_001891.jpg,True
train,train_001892,out/images/train/train_001892.jpg,True
train,train_001893,out/images/train/train_001893.jpg,True
train,train_001894,out/images/train/train_001894.jpg,True
train,train_001895,out/images/train/train_001895.jpg,True
train,train_001896,out/images/train/train_001896.jpg,True
train,train_001897,out/images/train/train_001897.jpg,True
train,train_001898,out/images/train/train_001898.jpg,True
train,train_001899,out/images/train/train_001899.jpg,True
train,train_001900,out/images/train/train_001900.jpg,True
train,train_001901,out/images/train/train_001901.jpg,True
train,train_001902,out/images/train/train_001902.jpg,True
train,train_001903,out/images/train/train_001903.jpg,True
train,train_001904,out/images/train/train_001904.jpg,True
train,train_001905,out/images/train/train_001905.jpg,True
train,train_001906,out/images/train/train_001906.jpg,True
train,train_001907,out/images/train/train_001907.jpg,True
train,train_001908,out/images/train/train_001908.jpg,True
train,train_001909,out/images/train/train_001909.jpg,True
train,train_001910,out/images/train/train_001910.jpg,True
train,train_001911,out/images/train/train_001911.jpg,True
train,train_001912,out/images/train/train_001912.jpg,True
train,train_001913,out/images/train/train_001913.jpg,True
train,train_001914,out/images/train/train_001914.jpg,True
train,train_001915,out/images/train/train_001915.jpg,True
train,train_001916,out/images/train/train_001916.jpg,True
train,train_001917,out/images/train/train_001917.jpg,True
train,train_001918,out/images/train/train_001918.jpg,True
train,train_001919,out/images/train/train_001919.jpg,True
train,train_001920,out/images/train/train_001920.jpg,True
train,train_001921,out/images/train/train_001921.jpg,True
train,train_001922,out/images/train/train_001922.jpg,True
train,train_001923,out/images/train/train_001923.jpg,True
train,train_001924,out/images/train/train_001924.jpg,True
train,train_001925,out/images/train/train_001925.jpg,True
train,train_001926,out/images/train/train_001926.jpg,True
train,train_001927,out/images/train/train_001927.jpg,True
train,train_001928,out/images/train/train_001928.jpg,True
train,train_001929,out/images/train/train_001929.jpg,True
train,train_001930,out/images/train/train_001930.jpg,True
train,train_001931,out/images/train/train_001931.jpg,True
train,train_001932,out/images/train/train_001932.jpg,True
train,train_001933,out/images/train/train_001933.jpg,True
train,train_001934,out/images/train/train_001934.jpg,True
train,train_001935,out/images/train/train_001935.jpg,True
train,train_001936,out/images/train/train_001936.jpg,True
train,train_001937,out/images/train/train_001937.jpg,True
train,train_001938,out/images/train/train_001938.jpg,True
train,train_001939,out/images/train/train_001939.jpg,True
train,train_001940,out/images/train/train_001940.jpg,True
train,train_001941,out/images/train/train_001941.jpg,True
train,train_001942,out/images/train/train_001942.jpg,True
train,train_001943,out/images/train/train_001943.jpg,True
train,train_001944,out/images/train/train_001944.jpg,True
train,train_001945,out/images/train/train_001945.jpg,True
train,train_001946,out/images/train/train_001946.jpg,True
train,train_001947,out/images/train/train_001947.jpg,True
train,train_001948,out/images/train/train_001948.jpg,True
train,train_001949,out/images/train/train_001949.jpg,True
train,train_001950,out/images/train/train_001950.jpg,True
train,train_001951,out/images/train/train_001951.jpg,True
train,train_001952,out/images/train/train_001952.jpg,True
train,train_001953,out/images/train/train_001953.jpg,True
train,train_001954,out/images/train/train_001954.jpg,True
train,train_001955,out/images/train/train_001955.jpg,True
train,train_001956,out/images/train/train_001956.jpg,True
train,train_001957,out/images/train/train_001957.jpg,True
train,train_001958,out/images/train/train_001958.jpg,True
train,train_001959,out/images/train/train_001959.jpg,True
train,train_001960,out/images/train/train_001960.jpg,True
train,train_001961,out/images/train/train_001961.jpg,True
train,train_001962,out/images/train/train_001962.jpg,True
train,train_001963,out/images/train/train_001963.jpg,True
train,train_001964,out/images/train/train_001964.jpg,True
train,train_001965,out/images/train/train_001965.jpg,True
train,train_001966,out/images/train/train_001966.jpg,True
train,train_001967,out/images/train/train_001967.jpg,True
train,train_001968,out/images/train/train_001968.jpg,True
train,train_001969,out/images/train/train_001969.jpg,True
train,train_001970,out/images/train/train_001970.jpg,True
train,train_001971,out/images/train/train_001971.jpg,True
train,train_001972,out/images/train/train_001972.jpg,True
train,train_001973,out/images/train/train_001973.jpg,True
train,train_001974,out/images/train/train_001974.jpg,True
train,train_001975,out/images/train/train_001975.jpg,True
train,train_001976,out/images/train/train_001976.jpg,True
train,train_001977,out/images/train/train_001977.jpg,True
train,train_001978,out/images/train/train_001978.jpg,True
train,train_001979,out/images/train/train_001979.jpg,True
train,train_001980,out/images/train/train_001980.jpg,True
train,train_001981,out/images/train/train_001981.jpg,True
train,train_001982,out/images/train/train_001982.jpg,True
train,train_001983,out/images/train/train_001983.jpg,True
train,train_001984,out/images/train/train_001984.jpg,True
train,train_001985,out/images/train/train_001985.jpg,True
train,train_001986,out/images/train/train_001986.jpg,True
train,train_001987,out/images/train/train_001987.jpg,True
train,train_001988,out/images/train/train_001988.jpg,True
train,train_001989,out/images/train/train_001989.jpg,True
train,train_001990,out/images/train/train_001990.jpg,True
train,train_001991,out/images/train/train_001991.jpg,True
train,train_001992,out/images/train/train_001992.jpg,True
train,train_001993,out/images/train/train_001993.jpg,True
train,train_001994,out/images/train/train_001994.jpg,True
train,train_001995,out/images/train/train_001995.jpg,True
train,train_001996,out/images/train/train_001996.jpg,True
train,train_001997,out/images/train/train_001997.jpg,True
train,train_001998,out/images/train/train_001998.jpg,True
train,train_001999,out/images/train/train_001999.jpg,True
train,train_002000,out/images/train/train_002000.jpg,True
train,train_002001,out/images/train/train_002001.jpg,True
train,train_002002,out/images/train/train_002002.jpg,True
train,train_002003,out/images/train/train_002003.jpg,True
train,train_002004,out/images/train/train_002004.jpg,True
train,train_002005,out/images/train/train_002005.jpg,True
train,train_002006,out/images/train/train_002006.jpg,True
train,train_002007,out/images/train/train_002007.jpg,True
train,train_002008,out/images/train/train_002008.jpg,True
train,train_002009,out/images/train/train_002009.jpg,True
train,train_002010,out/images/train/train_002010.jpg,True
train,train_002011,out/images/train/train_002011.jpg,True
train,train_002012,out/images/train/train_002012.jpg,True
train,train_002013,out/images/train/train_002013.jpg,True
train,train_002014,out/images/train/train_002014.jpg,True
train,train_002015,out/images/train/train_002015.jpg,True
train,train_002016,out/images/train/train_002016.jpg,True
train,train_002017,out/images/train/train_002017.jpg,True
train,train_002018,out/images/train/train_002018.jpg,True
train,train_002019,out/images/train/train_002019.jpg,True
train,train_002020,out/images/train/train_002020.jpg,True
train,train_002021,out/images/train/train_002021.jpg,True
train,train_002022,out/images/train/train_002022.jpg,True
train,train_002023,out/images/train/train_002023.jpg,True
train,train_002024,out/images/train/train_002024.jpg,True
train,train_002025,out/images/train/train_002025.jpg,True
train,train_002026,out/images/train/train_002026.jpg,True
train,train_002027,out/images/train/train_002027.jpg,True
train,train_002028,out/images/train/train_002028.jpg,True
train,train_002029,out/images/train/train_002029.jpg,True
train,train_002030,out/images/train/train_002030.jpg,True
train,train_002031,out/images/train/train_002031.jpg,True
train,train_002032,out/images/train/train_002032.jpg,True
train,train_002033,out/images/train/train_002033.jpg,True
train,train_002034,out/images/train/train_002034.jpg,True
train,train_002035,out/images/train/train_002035.jpg,True
train,train_002036,out/images/train/train_002036.jpg,True
train,train_002037,out/images/train/train_002037.jpg,True
train,train_002038,out/images/train/train_002038.jpg,True
train,train_002039,out/images/train/train_002039.jpg,True
train,train_002040,out/images/train/train_002040.jpg,True
train,train_002041,out/images/train/train_002041.jpg,True
train,train_002042,out/images/train/train_002042.jpg,True
train,train_002043,out/images/train/train_002043.jpg,True
train,train_002044,out/images/train/train_002044.jpg,True
train,train_002045,out/images/train/train_002045.jpg,True
train,train_002046,out/images/train/train_002046.jpg,True
train,train_002047,out/images/train/train_002047.jpg,True
train,train_002048,out/images/train/train_002048.jpg,True
train,train_002049,out/images/train/train_002049.jpg,True
train,train_002050,out/images/train/train_002050.jpg,True
train,train_002051,out/images/train/train_002051.jpg,True
train,train_002052,out/images/train/train_002052.jpg,True
train,train_002053,out/images/train/train_002053.jpg,True
train,train_002054,out/images/train/train_002054.jpg,True
train,train_002055,out/images/train/train_002055.jpg,True
train,train_002056,out/images/train/train_002056.jpg,True
train,train_002057,out/images/train/train_002057.jpg,True
train,train_002058,out/images/train/train_002058.jpg,True
train,train_002059,out/images/train/train_002059.jpg,True
train,train_002060,out/images/train/train_002060.jpg,True
train,train_002061,out/images/train/train_002061.jpg,True
train,train_002062,out/images/train/train_002062.jpg,True
train,train_002063,out/images/train/train_002063.jpg,True
train,train_002064,out/images/train/train_002064.jpg,True
train,train_002065,out/images/train/train_002065.jpg,True
train,train_002066,out/images/train/train_002066.jpg,True
train,train_002067,out/images/train/train_002067.jpg,True
train,train_002068,out/images/train/train_002068.jpg,True
train,train_002069,out/images/train/train_002069.jpg,True
train,train_002070,out/images/train/train_002070.jpg,True
train,train_002071,out/images/train/train_002071.jpg,True
train,train_002072,out/images/train/train_002072.jpg,True
train,train_002073,out/images/train/train_002073.jpg,True
train,train_002074,out/images/train/train_002074.jpg,True
train,train_002075,out/images/train/train_002075.jpg,True
train,train_002076,out/images/train/train_002076.jpg,True
train,train_002077,out/images/train/train_002077.jpg,True
train,train_002078,out/images/train/train_002078.jpg,True
train,train_002079,out/images/train/train_002079.jpg,True
train,train_002080,out/images/train/train_002080.jpg,True
train,train_002081,out/images/train/train_002081.jpg,True
train,train_002082,out/images/train/train_002082.jpg,True
train,train_002083,out/images/train/train_002083.jpg,True
train,train_002084,out/images/train/train_002084.jpg,True
train,train_002085,out/images/train/train_002085.jpg,True
train,train_002086,out/images/train/train_002086.jpg,True
train,train_002087,out/images/train/train_002087.jpg,True
train,train_002088,out/images/train/train_002088.jpg,True
train,train_002089,out/images/train/train_002089.jpg,True
train,train_002090,out/images/train/train_002090.jpg,True
train,train_002091,out/images/train/train_002091.jpg,True
train,train_002092,out/images/train/train_002092.jpg,True
train,train_002093,out/images/train/train_002093.jpg,True
train,train_002094,out/images/train/train_002094.jpg,True
train,train_002095,out/images/train/train_002095.jpg,True
train,train_002096,out/images/train/train_002096.jpg,True
train,train_002097,out/images/train/train_002097.jpg,True
train,train_002098,out/images/train/train_002098.jpg,True
train,train_002099,out/images/train/train_002099.jpg,True
train,train_002100,out/images/train/train_002100.jpg,True
train,train_002101,out/images/train/train_002101.jpg,True
train,train_002102,out/images/train/train_002102.jpg,True
train,train_002103,out/images/train/train_002103.jpg,True
train,train_002104,out/images/train/train_002104.jpg,True
train,train_002105,out/images/train/train_002105.jpg,True
train,train_002106,out/images/train/train_002106.jpg,True
train,train_002107,out/images/train/train_002107.jpg,True
train,train_002108,out/images/train/train_002108.jpg,True
train,train_002109,out/images/train/train_002109.jpg,True
train,train_002110,out/images/train/train_002110.jpg,True
train,train_002111,out/images/train/train_002111.jpg,True
train,train_002112,out/images/train/train_002112.jpg,True
train,train_002113,out/images/train/train_002113.jpg,True
train,train_002114,out/images/train/train_002114.jpg,True
train,train_002115,out/images/train/train_002115.jpg,True
train,train_002116,out/images/train/train_002116.jpg,True
train,train_002117,out/images/train/train_002117.jpg,True
train,train_002118,out/images/train/train_002118.jpg,True
train,train_002119,out/images/train/train_002119.jpg,True
train,train_002120,out/images/train/train_002120.jpg,True
train,train_002121,out/images/train/train_002121.jpg,True
train,train_002122,out/images/train/train_002122.jpg,True
train,train_002123,out/images/train/train_002123.jpg,True
train,train_002124,out/images/train/train_002124.jpg,True
train,train_002125,out/images/train/train_002125.jpg,True
train,train_002126,out/images/train/train_002126.jpg,True
train,train_002127,out/images/train/train_002127.jpg,True
train,train_002128,out/images/train/train_002128.jpg,True
train,train_002129,out/images/train/train_002129.jpg,True
train,train_002130,out/images/train/train_002130.jpg,True
train,train_002131,out/images/train/train_002131.jpg,True
train,train_002132,out/images/train/train_002132.jpg,True
train,train_002133,out/images/train/train_002133.jpg,True
train,train_002134,out/images/train/train_002134.jpg,True
train,train_002135,out/images/train/train_002135.jpg,True
train,train_002136,out/images/train/train_002136.jpg,True
train,train_002137,out/images/train/train_002137.jpg,True
train,train_002138,out/images/train/train_002138.jpg,True
train,train_002139,out/images/train/train_002139.jpg,True
train,train_002140,out/images/train/train_002140.jpg,True
train,train_002141,out/images/train/train_002141.jpg,True
train,train_002142,out/images/train/train_002142.jpg,True
train,train_002143,out/images/train/train_002143.jpg,True
train,train_002144,out/images/train/train_002144.jpg,True
train,train_002145,out/images/train/train_002145.jpg,True
train,train_002146,out/images/train/train_002146.jpg,True
train,train_002147,out/images/train/train_002147.jpg,True
train,train_002148,out/images/train/train_002148.jpg,True
train,train_002149,out/images/train/train_002149.jpg,True
train,train_002150,out/images/train/train_002150.jpg,True
train,train_002151,out/images/train/train_002151.jpg,True
train,train_002152,out/images/train/train_002152.jpg,True
train,train_002153,out/images/train/train_002153.jpg,True
train,train_002154,out/images/train/train_002154.jpg,True
train,train_002155,out/images/train/train_002155.jpg,True
train,train_002156,out/images/train/train_002156.jpg,True
train,train_002157,out/images/train/train_002157.jpg,True
train,train_002158,out/images/train/train_002158.jpg,True
train,train_002159,out/images/train/train_002159.jpg,True
train,train_002160,out/images/train/train_002160.jpg,True
train,train_002161,out/images/train/train_002161.jpg,True
train,train_002162,out/images/train/train_002162.jpg,True
train,train_002163,out/images/train/train_002163.jpg,True
train,train_002164,out/images/train/train_002164.jpg,True
train,train_002165,out/images/train/train_002165.jpg,True
train,train_002166,out/images/train/train_002166.jpg,True
train,train_002167,out/images/train/train_002167.jpg,True
train,train_002168,out/images/train/train_002168.jpg,True
train,train_002169,out/images/train/train_002169.jpg,True
train,train_002170,out/images/train/train_002170.jpg,True
train,train_002171,out/images/train/train_002171.jpg,True
train,train_002172,out/images/train/train_002172.jpg,True
train,train_002173,out/images/train/train_002173.jpg,True
train,train_002174,out/images/train/train_002174.jpg,True
train,train_002175,out/images/train/train_002175.jpg,True
train,train_002176,out/images/train/train_002176.jpg,True
train,train_002177,out/images/train/train_002177.jpg,True
train,train_002178,out/images/train/train_002178.jpg,True
train,train_002179,out/images/train/train_002179.jpg,True
train,train_002180,out/images/train/train_002180.jpg,True
train,train_002181,out/images/train/train_002181.jpg,True
train,train_002182,out/images/train/train_002182.jpg,True
train,train_002183,out/images/train/train_002183.jpg,True
train,train_002184,out/images/train/train_002184.jpg,True
train,train_002185,out/images/train/train_002185.jpg,True
train,train_002186,out/images/train/train_002186.jpg,True
train,train_002187,out/images/train/train_002187.jpg,True
train,train_002188,out/images/train/train_002188.jpg,True
train,train_002189,out/images/train/train_002189.jpg,True
train,train_002190,out/images/train/train_002190.jpg,True
train,train_002191,out/images/train/train_002191.jpg,True
train,train_002192,out/images/train/train_002192.jpg,True
train,train_002193,out/images/train/train_002193.jpg,True
train,train_002194,out/images/train/train_002194.jpg,True
train,train_002195,out/images/train/train_002195.jpg,True
train,train_002196,out/images/train/train_002196.jpg,True
train,train_002197,out/images/train/train_002197.jpg,True
train,train_002198,out/images/train/train_002198.jpg,True
train,train_002199,out/images/train/train_002199.jpg,True
train,train_002200,out/images/train/train_002200.jpg,True
train,train_002201,out/images/train/train_002201.jpg,True
train,train_002202,out/images/train/train_002202.jpg,True
train,train_002203,out/images/train/train_002203.jpg,True
train,train_002204,out/images/train/train_002204.jpg,True
train,train_002205,out/images/train/train_002205.jpg,True
train,train_002206,out/images/train/train_002206.jpg,True
train,train_002207,out/images/train/train_002207.jpg,True
train,train_002208,out/images/train/train_002208.jpg,True
train,train_002209,out/images/train/train_002209.jpg,True
train,train_002210,out/images/train/train_002210.jpg,True
train,train_002211,out/images/train/train_002211.jpg,True
train,train_002212,out/images/train/train_002212.jpg,True
train,train_002213,out/images/train/train_002213.jpg,True
train,train_002214,out/images/train/train_002214.jpg,True
train,train_002215,out/images/train/train_002215.jpg,True
train,train_002216,out/images/train/train_002216.jpg,True
train,train_002217,out/images/train/train_002217.jpg,True
train,train_002218,out/images/train/train_002218.jpg,True
train,train_002219,out/images/train/train_002219.jpg,True
train,train_002220,out/images/train/train_002220.jpg,True
train,train_002221,out/images/train/train_002221.jpg,True
train,train_002222,out/images/train/train_002222.jpg,True
train,train_002223,out/images/train/train_002223.jpg,True
train,train_002224,out/images/train/train_002224.jpg,True
train,train_002225,out/images/train/train_002225.jpg,True
train,train_002226,out/images/train/train_002226.jpg,True
train,train_002227,out/images/train/train_002227.jpg,True
train,train_002228,out/images/train/train_002228.jpg,True
train,train_002229,out/images/train/train_002229.jpg,True
train,train_002230,out/images/train/train_002230.jpg,True
train,train_002231,out/images/train/train_002231.jpg,True
train,train_002232,out/images/train/train_002232.jpg,True
train,train_002233,out/images/train/train_002233.jpg,True
train,train_002234,out/images/train/train_002234.jpg,True
train,train_002235,out/images/train/train_002235.jpg,True
train,train_002236,out/images/train/train_002236.jpg,True
train,train_002237,out/images/train/train_002237.jpg,True
train,train_002238,out/images/train/train_002238.jpg,True
train,train_002239,out/images/train/train_002239.jpg,True
train,train_002240,out/images/train/train_002240.jpg,True
train,train_002241,out/images/train/train_002241.jpg,True
train,train_002242,out/images/train/train_002242.jpg,True
train,train_002243,out/images/train/train_002243.jpg,True
train,train_002244,out/images/train/train_002244.jpg,True
train,train_002245,out/images/train/train_002245.jpg,True
train,train_002246,out/images/train/train_002246.jpg,True
train,train_002247,out/images/train/train_002247.jpg,True
train,train_002248,out/images/train/train_002248.jpg,True
train,train_002249,out/images/train/train_002249.jpg,True
train,train_002250,out/images/train/train_002250.jpg,True
train,train_002251,out/images/train/train_002251.jpg,True
train,train_002252,out/images/train/train_002252.jpg,True
train,train_002253,out/images/train/train_002253.jpg,True
train,train_002254,out/images/train/train_002254.jpg,True
train,train_002255,out/images/train/train_002255.jpg,True
train,train_002256,out/images/train/train_002256.jpg,True
train,train_002257,out/images/train/train_002257.jpg,True
train,train_002258,out/images/train/train_002258.jpg,True
train,train_002259,out/images/train/train_002259.jpg,True
train,train_002260,out/images/train/train_002260.jpg,True
train,train_002261,out/images/train/train_002261.jpg,True
train,train_002262,out/images/train/train_002262.jpg,True
train,train_002263,out/images/train/train_002263.jpg,True
train,train_002264,out/images/train/train_002264.jpg,True
train,train_002265,out/images/train/train_002265.jpg,True
train,train_002266,out/images/train/train_002266.jpg,True
train,train_002267,out/images/train/train_002267.jpg,True
train,train_002268,out/images/train/train_002268.jpg,True
train,train_002269,out/images/train/train_002269.jpg,True
train,train_002270,out/images/train/train_002270.jpg,True
train,train_002271,out/images/train/train_002271.jpg,True
train,train_002272,out/images/train/train_002272.jpg,True
train,train_002273,out/images/train/train_002273.jpg,True
train,train_002274,out/images/train/train_002274.jpg,True
train,train_002275,out/images/train/train_002275.jpg,True
train,train_002276,out/images/train/train_002276.jpg,True
train,train_002277,out/images/train/train_002277.jpg,True
train,train_002278,out/images/train/train_002278.jpg,True
train,train_002279,out/images/train/train_002279.jpg,True
train,train_002280,out/images/train/train_002280.jpg,True
train,train_002281,out/images/train/train_002281.jpg,True
train,train_002282,out/images/train/train_002282.jpg,True
train,train_002283,out/images/train/train_002283.jpg,True
train,train_002284,out/images/train/train_002284.jpg,True
train,train_002285,out/images/train/train_002285.jpg,True
train,train_002286,out/images/train/train_002286.jpg,True
train,train_002287,out/images/train/train_002287.jpg,True
train,train_002288,out/images/train/train_002288.jpg,True
train,train_002289,out/images/train/train_002289.jpg,True
train,train_002290,out/images/train/train_002290.jpg,True
train,train_002291,out/images/train/train_002291.jpg,True
train,train_002292,out/images/train/train_002292.jpg,True
train,train_002293,out/images/train/train_002293.jpg,True
train,train_002294,out/images/train/train_002294.jpg,True
train,train_002295,out/images/train/train_002295.jpg,True
train,train_002296,out/images/train/train_002296.jpg,True
train,train_002297,out/images/train/train_002297.jpg,True
train,train_002298,out/images/train/train_002298.jpg,True
train,train_002299,out/images/train/train_002299.jpg,True
train,train_002300,out/images/train/train_002300.jpg,True
train,train_002301,out/images/train/train_002301.jpg,True
train,train_002302,out/images/train/train_002302.jpg,True
train,train_002303,out/images/train/train_002303.jpg,True
train,train_002304,out/images/train/train_002304.jpg,True
train,train_002305,out/images/train/train_002305.jpg,True
train,train_002306,out/images/train/train_002306.jpg,True
train,train_002307,out/images/train/train_002307.jpg,True
train,train_002308,out/images/train/train_002308.jpg,True
train,train_002309,out/images/train/train_002309.jpg,True
train,train_002310,out/images/train/train_002310.jpg,True
train,train_002311,out/images/train/train_002311.jpg,True
train,train_002312,out/images/train/train_002312.jpg,True
train,train_002313,out/images/train/train_002313.jpg,True
train,train_002314,out/images/train/train_002314.jpg,True
train,train_002315,out/images/train/train_002315.jpg,True
train,train_002316,out/images/train/train_002316.jpg,True
train,train_002317,out/images/train/train_002317.jpg,True
train,train_002318,out/images/train/train_002318.jpg,True
train,train_002319,out/images/train/train_002319.jpg,True
train,train_002320,out/images/train/train_002320.jpg,True
train,train_002321,out/images/train/train_002321.jpg,True
train,train_002322,out/images/train/train_002322.jpg,True
train,train_002323,out/images/train/train_002323.jpg,True
train,train_002324,out/images/train/train_002324.jpg,True
train,train_002325,out/images/train/train_002325.jpg,True
train,train_002326,out/images/train/train_002326.jpg,True
train,train_002327,out/images/train/train_002327.jpg,True
train,train_002328,out/images/train/train_002328.jpg,True
train,train_002329,out/images/train/train_002329.jpg,True
train,train_002330,out/images/train/train_002330.jpg,True
train,train_002331,out/images/train/train_002331.jpg,True
train,train_002332,out/images/train/train_002332.jpg,True
train,train_002333,out/images/train/train_002333.jpg,True
train,train_002334,out/images/train/train_002334.jpg,True
train,train_002335,out/images/train/train_002335.jpg,True
train,train_002336,out/images/train/train_002336.jpg,True
train,train_002337,out/images/train/train_002337.jpg,True
train,train_002338,out/images/train/train_002338.jpg,True
train,train_002339,out/images/train/train_002339.jpg,True
train,train_002340,out/images/train/train_002340.jpg,True
train,train_002341,out/images/train/train_002341.jpg,True
train,train_002342,out/images/train/train_002342.jpg,True
train,train_002343,out/images/train/train_002343.jpg,True
train,train_002344,out/images/train/train_002344.jpg,True
train,train_002345,out/images/train/train_002345.jpg,True
train,train_002346,out/images/train/train_002346.jpg,True
train,train_002347,out/images/train/train_002347.jpg,True
train,train_002348,out/images/train/train_002348.jpg,True
train,train_002349,out/images/train/train_002349.jpg,True
train,train_002350,out/images/train/train_002350.jpg,True
train,train_002351,out/images/train/train_002351.jpg,True
train,train_002352,out/images/train/train_002352.jpg,True
train,train_002353,out/images/train/train_002353.jpg,True
train,train_002354,out/images/train/train_002354.jpg,True
train,train_002355,out/images/train/train_002355.jpg,True
train,train_002356,out/images/train/train_002356.jpg,True
train,train_002357,out/images/train/train_002357.jpg,True
train,train_002358,out/images/train/train_002358.jpg,True
train,train_002359,out/images/train/train_002359.jpg,True
train,train_002360,out/images/train/train_002360.jpg,True
train,train_002361,out/images/train/train_002361.jpg,True
train,train_002362,out/images/train/train_002362.jpg,True
train,train_002363,out/images/train/train_002363.jpg,True
train,train_002364,out/images/train/train_002364.jpg,True
train,train_002365,out/images/train/train_002365.jpg,True
train,train_002366,out/images/train/train_002366.jpg,True
train,train_002367,out/images/train/train_002367.jpg,True
train,train_002368,out/images/train/train_002368.jpg,True
train,train_002369,out/images/train/train_002369.jpg,True
train,train_002370,out/images/train/train_002370.jpg,True
train,train_002371,out/images/train/train_002371.jpg,True
train,train_002372,out/images/train/train_002372.jpg,True
train,train_002373,out/images/train/train_002373.jpg,True
train,train_002374,out/images/train/train_002374.jpg,True
train,train_002375,out/images/train/train_002375.jpg,True
train,train_002376,out/images/train/train_002376.jpg,True
train,train_002377,out/images/train/train_002377.jpg,True
train,train_002378,out/images/train/train_002378.jpg,True
train,train_002379,out/images/train/train_002379.jpg,True
train,train_002380,out/images/train/train_002380.jpg,True
train,train_002381,out/images/train/train_002381.jpg,True
train,train_002382,out/images/train/train_002382.jpg,True
train,train_002383,out/images/train/train_002383.jpg,True
train,train_002384,out/images/train/train_002384.jpg,True
train,train_002385,out/images/train/train_002385.jpg,True
train,train_002386,out/images/train/train_002386.jpg,True
train,train_002387,out/images/train/train_002387.jpg,True
train,train_002388,out/images/train/train_002388.jpg,True
train,train_002389,out/images/train/train_002389.jpg,True
train,train_002390,out/images/train/train_002390.jpg,True
train,train_002391,out/images/train/train_002391.jpg,True
train,train_002392,out/images/train/train_002392.jpg,True
train,train_002393,out/images/train/train_002393.jpg,True
train,train_002394,out/images/train/train_002394.jpg,True
train,train_002395,out/images/train/train_002395.jpg,True
train,train_002396,out/images/train/train_002396.jpg,True
train,train_002397,out/images/train/train_002397.jpg,True
train,train_002398,out/images/train/train_002398.jpg,True
train,train_002399,out/images/train/train_002399.jpg,True
train,train_002400,out/images/train/train_002400.jpg,True
train,train_002401,out/images/train/train_002401.jpg,True
train,train_002402,out/images/train/train_002402.jpg,True
train,train_002403,out/images/train/train_002403.jpg,True
train,train_002404,out/images/train/train_002404.jpg,True
train,train_002405,out/images/train/train_002405.jpg,True
train,train_002406,out/images/train/train_002406.jpg,True
train,train_002407,out/images/train/train_002407.jpg,True
train,train_002408,out/images/train/train_002408.jpg,True
train,train_002409,out/images/train/train_002409.jpg,True
train,train_002410,out/images/train/train_002410.jpg,True
train,train_002411,out/images/train/train_002411.jpg,True
train,train_002412,out/images/train/train_002412.jpg,True
train,train_002413,out/images/train/train_002413.jpg,True
train,train_002414,out/images/train/train_002414.jpg,True
train,train_002415,out/images/train/train_002415.jpg,True
train,train_002416,out/images/train/train_002416.jpg,True
train,train_002417,out/images/train/train_002417.jpg,True
train,train_002418,out/images/train/train_002418.jpg,True
train,train_002419,out/images/train/train_002419.jpg,True
train,train_002420,out/images/train/train_002420.jpg,True
train,train_002421,out/images/train/train_002421.jpg,True
train,train_002422,out/images/train/train_002422.jpg,True
train,train_002423,out/images/train/train_002423.jpg,True
train,train_002424,out/images/train/train_002424.jpg,True
train,train_002425,out/images/train/train_002425.jpg,True
train,train_002426,out/images/train/train_002426.jpg,True
train,train_002427,out/images/train/train_002427.jpg,True
train,train_002428,out/images/train/train_002428.jpg,True
train,train_002429,out/images/train/train_002429.jpg,True
train,train_002430,out/images/train/train_002430.jpg,True
train,train_002431,out/images/train/train_002431.jpg,True
train,train_002432,out/images/train/train_002432.jpg,True
train,train_002433,out/images/train/train_002433.jpg,True
train,train_002434,out/images/train/train_002434.jpg,True
train,train_002435,out/images/train/train_002435.jpg,True
train,train_002436,out/images/train/train_002436.jpg,True
train,train_002437,out/images/train/train_002437.jpg,True
train,train_002438,out/images/train/train_002438.jpg,True
train,train_002439,out/images/train/train_002439.jpg,True
train,train_002440,out/images/train/train_002440.jpg,True
train,train_002441,out/images/train/train_002441.jpg,True
train,train_002442,out/images/train/train_002442.jpg,True
train,train_002443,out/images/train/train_002443.jpg,True
train,train_002444,out/images/train/train_002444.jpg,True
train,train_002445,out/images/train/train_002445.jpg,True
train,train_002446,out/images/train/train_002446.jpg,True
train,train_002447,out/images/train/train_002447.jpg,True
train,train_002448,out/images/train/train_002448.jpg,True
train,train_002449,out/images/train/train_002449.jpg,True
train,train_002450,out/images/train/train_002450.jpg,True
train,train_002451,out/images/train/train_002451.jpg,True
train,train_002452,out/images/train/train_002452.jpg,True
train,train_002453,out/images/train/train_002453.jpg,True
train,train_002454,out/images/train/train_002454.jpg,True
train,train_002455,out/images/train/train_002455.jpg,True
train,train_002456,out/images/train/train_002456.jpg,True
train,train_002457,out/images/train/train_002457.jpg,True
train,train_002458,out/images/train/train_002458.jpg,True
train,train_002459,out/images/train/train_002459.jpg,True
train,train_002460,out/images/train/train_002460.jpg,True
train,train_002461,out/images/train/train_002461.jpg,True
train,train_002462,out/images/train/train_002462.jpg,True
train,train_002463,out/images/train/train_002463.jpg,True
train,train_002464,out/images/train/train_002464.jpg,True
train,train_002465,out/images/train/train_002465.jpg,True
train,train_002466,out/images/train/train_002466.jpg,True
train,train_002467,out/images/train/train_002467.jpg,True
train,train_002468,out/images/train/train_002468.jpg,True
train,train_002469,out/images/train/train_002469.jpg,True
train,train_002470,out/images/train/train_002470.jpg,True
train,train_002471,out/images/train/train_002471.jpg,True
train,train_002472,out/images/train/train_002472.jpg,True
train,train_002473,out/images/train/train_002473.jpg,True
train,train_002474,out/images/train/train_002474.jpg,True
train,train_002475,out/images/train/train_002475.jpg,True
train,train_002476,out/images/train/train_002476.jpg,True
train,train_002477,out/images/train/train_002477.jpg,True
train,train_002478,out/images/train/train_002478.jpg,True
train,train_002479,out/images/train/train_002479.jpg,True
train,train_002480,out/images/train/train_002480.jpg,True
train,train_002481,out/images/train/train_002481.jpg,True
train,train_002482,out/images/train/train_002482.jpg,True
train,train_002483,out/images/train/train_002483.jpg,True
train,train_002484,out/images/train/train_002484.jpg,True
train,train_002485,out/images/train/train_002485.jpg,True
train,train_002486,out/images/train/train_002486.jpg,True
train,train_002487,out/images/train/train_002487.jpg,True
train,train_002488,out/images/train/train_002488.jpg,True
train,train_002489,out/images/train/train_002489.jpg,True
train,train_002490,out/images/train/train_002490.jpg,True
train,train_002491,out/images/train/train_002491.jpg,True
train,train_002492,out/images/train/train_002492.jpg,True
train,train_002493,out/images/train/train_002493.jpg,True
train,train_002494,out/images/train/train_002494.jpg,True
train,train_002495,out/images/train/train_002495.jpg,True
train,train_002496,out/images/train/train_002496.jpg,True
train,train_002497,out/images/train/train_002497.jpg,True
train,train_002498,out/images/train/train_002498.jpg,True
train,train_002499,out/images/train/train_002499.jpg,True
train,train_002500,out/images/train/train_002500.jpg,True
train,train_002501,out/images/train/train_002501.jpg,True
train,train_002502,out/images/train/train_002502.jpg,True
train,train_002503,out/images/train/train_002503.jpg,True
train,train_002504,out/images/train/train_002504.jpg,True
train,train_002505,out/images/train/train_002505.jpg,True
train,train_002506,out/images/train/train_002506.jpg,True
train,train_002507,out/images/train/train_002507.jpg,True
train,train_002508,out/images/train/train_002508.jpg,True
train,train_002509,out/images/train/train_002509.jpg,True
train,train_002510,out/images/train/train_002510.jpg,True
train,train_002511,out/images/train/train_002511.jpg,True
train,train_002512,out/images/train/train_002512.jpg,True
train,train_002513,out/images/train/train_002513.jpg,True
train,train_002514,out/images/train/train_002514.jpg,True
train,train_002515,out/images/train/train_002515.jpg,True
train,train_002516,out/images/train/train_002516.jpg,True
train,train_002517,out/images/train/train_002517.jpg,True
train,train_002518,out/images/train/train_002518.jpg,True
train,train_002519,out/images/train/train_002519.jpg,True
train,train_002520,out/images/train/train_002520.jpg,True
train,train_002521,out/images/train/train_002521.jpg,True
train,train_002522,out/images/train/train_002522.jpg,True
train,train_002523,out/images/train/train_002523.jpg,True
train,train_002524,out/images/train/train_002524.jpg,True
train,train_002525,out/images/train/train_002525.jpg,True
train,train_002526,out/images/train/train_002526.jpg,True
train,train_002527,out/images/train/train_002527.jpg,True
train,train_002528,out/images/train/train_002528.jpg,True
train,train_002529,out/images/train/train_002529.jpg,True
train,train_002530,out/images/train/train_002530.jpg,True
train,train_002531,out/images/train/train_002531.jpg,True
train,train_002532,out/images/train/train_002532.jpg,True
train,train_002533,out/images/train/train_002533.jpg,True
train,train_002534,out/images/train/train_002534.jpg,True
train,train_002535,out/images/train/train_002535.jpg,True
train,train_002536,out/images/train/train_002536.jpg,True
train,train_002537,out/images/train/train_002537.jpg,True
train,train_002538,out/images/train/train_002538.jpg,True
train,train_002539,out/images/train/train_002539.jpg,True
train,train_002540,out/images/train/train_002540.jpg,True
train,train_002541,out/images/train/train_002541.jpg,True
train,train_002542,out/images/train/train_002542.jpg,True
train,train_002543,out/images/train/train_002543.jpg,True
train,train_002544,out/images/train/train_002544.jpg,True
train,train_002545,out/images/train/train_002545.jpg,True
train,train_002546,out/images/train/train_002546.jpg,True
train,train_002547,out/images/train/train_002547.jpg,True
train,train_002548,out/images/train/train_002548.jpg,True
train,train_002549,out/images/train/train_002549.jpg,True
train,train_002550,out/images/train/train_002550.jpg,True
train,train_002551,out/images/train/train_002551.jpg,True
train,train_002552,out/images/train/train_002552.jpg,True
train,train_002553,out/images/train/train_002553.jpg,True
train,train_002554,out/images/train/train_002554.jpg,True
train,train_002555,out/images/train/train_002555.jpg,True
train,train_002556,out/images/train/train_002556.jpg,True
train,train_002557,out/images/train/train_002557.jpg,True
train,train_002558,out/images/train/train_002558.jpg,True
train,train_002559,out/images/train/train_002559.jpg,True
train,train_002560,out/images/train/train_002560.jpg,True
train,train_002561,out/images/train/train_002561.jpg,True
train,train_002562,out/images/train/train_002562.jpg,True
train,train_002563,out/images/train/train_002563.jpg,True
train,train_002564,out/images/train/train_002564.jpg,True
train,train_002565,out/images/train/train_002565.jpg,True
train,train_002566,out/images/train/train_002566.jpg,True
train,train_002567,out/images/train/train_002567.jpg,True
train,train_002568,out/images/train/train_002568.jpg,True
train,train_002569,out/images/train/train_002569.jpg,True
train,train_002570,out/images/train/train_002570.jpg,True
train,train_002571,out/images/train/train_002571.jpg,True
train,train_002572,out/images/train/train_002572.jpg,True
train,train_002573,out/images/train/train_002573.jpg,True
train,train_002574,out/images/train/train_002574.jpg,True
train,train_002575,out/images/train/train_002575.jpg,True
train,train_002576,out/images/train/train_002576.jpg,True
train,train_002577,out/images/train/train_002577.jpg,True
train,train_002578,out/images/train/train_002578.jpg,True
train,train_002579,out/images/train/train_002579.jpg,True
train,train_002580,out/images/train/train_002580.jpg,True
train,train_002581,out/images/train/train_002581.jpg,True
train,train_002582,out/images/train/train_002582.jpg,True
train,train_002583,out/images/train/train_002583.jpg,True
train,train_002584,out/images/train/train_002584.jpg,True
train,train_002585,out/images/train/train_002585.jpg,True
train,train_002586,out/images/train/train_002586.jpg,True
train,train_002587,out/images/train/train_002587.jpg,True
train,train_002588,out/images/train/train_002588.jpg,True
train,train_002589,out/images/train/train_002589.jpg,True
train,train_002590,out/images/train/train_002590.jpg,True
train,train_002591,out/images/train/train_002591.jpg,True
train,train_002592,out/images/train/train_002592.jpg,True
train,train_002593,out/images/train/train_002593.jpg,True
train,train_002594,out/images/train/train_002594.jpg,True
train,train_002595,out/images/train/train_002595.jpg,True
train,train_002596,out/images/train/train_002596.jpg,True
train,train_002597,out/images/train/train_002597.jpg,True
train,train_002598,out/images/train/train_002598.jpg,True
train,train_002599,out/images/train/train_002599.jpg,True
train,train_002600,out/images/train/train_002600.jpg,True
train,train_002601,out/images/train/train_002601.jpg,True
train,train_002602,out/images/train/train_002602.jpg,True
train,train_002603,out/images/train/train_002603.jpg,True
train,train_002604,out/images/train/train_002604.jpg,True
train,train_002605,out/images/train/train_002605.jpg,True
train,train_002606,out/images/train/train_002606.jpg,True
train,train_002607,out/images/train/train_002607.jpg,True
train,train_002608,out/images/train/train_002608.jpg,True
train,train_002609,out/images/train/train_002609.jpg,True
train,train_002610,out/images/train/train_002610.jpg,True
train,train_002611,out/images/train/train_002611.jpg,True
train,train_002612,out/images/train/train_002612.jpg,True
train,train_002613,out/images/train/train_002613.jpg,True
train,train_002614,out/images/train/train_002614.jpg,True
train,train_002615,out/images/train/train_002615.jpg,True
train,train_002616,out/images/train/train_002616.jpg,True
train,train_002617,out/images/train/train_002617.jpg,True
train,train_002618,out/images/train/train_002618.jpg,True
train,train_002619,out/images/train/train_002619.jpg,True
train,train_002620,out/images/train/train_002620.jpg,True
train,train_002621,out/images/train/train_002621.jpg,True
train,train_002622,out/images/train/train_002622.jpg,True
train,train_002623,out/images/train/train_002623.jpg,True
train,train_002624,out/images/train/train_002624.jpg,True
train,train_002625,out/images/train/train_002625.jpg,True
train,train_002626,out/images/train/train_002626.jpg,True
train,train_002627,out/images/train/train_002627.jpg,True
train,train_002628,out/images/train/train_002628.jpg,True
train,train_002629,out/images/train/train_002629.jpg,True
train,train_002630,out/images/train/train_002630.jpg,True
train,train_002631,out/images/train/train_002631.jpg,True
train,train_002632,out/images/train/train_002632.jpg,True
train,train_002633,out/images/train/train_002633.jpg,True
train,train_002634,out/images/train/train_002634.jpg,True
train,train_002635,out/images/train/train_002635.jpg,True
train,train_002636,out/images/train/train_002636.jpg,True
train,train_002637,out/images/train/train_002637.jpg,True
train,train_002638,out/images/train/train_002638.jpg,True
train,train_002639,out/images/train/train_002639.jpg,True
train,train_002640,out/images/train/train_002640.jpg,True
train,train_002641,out/images/train/train_002641.jpg,True
train,train_002642,out/images/train/train_002642.jpg,True
train,train_002643,out/images/train/train_002643.jpg,True
train,train_002644,out/images/train/train_002644.jpg,True
train,train_002645,out/images/train/train_002645.jpg,True
train,train_002646,out/images/train/train_002646.jpg,True
train,train_002647,out/images/train/train_002647.jpg,True
train,train_002648,out/images/train/train_002648.jpg,True
train,train_002649,out/images/train/train_002649.jpg,True
train,train_002650,out/images/train/train_002650.jpg,True
train,train_002651,out/images/train/train_002651.jpg,True
train,train_002652,out/images/train/train_002652.jpg,True
train,train_002653,out/images/train/train_002653.jpg,True
train,train_002654,out/images/train/train_002654.jpg,True
train,train_002655,out/images/train/train_002655.jpg,True
train,train_002656,out/images/train/train_002656.jpg,True
train,train_002657,out/images/train/train_002657.jpg,True
train,train_002658,out/images/train/train_002658.jpg,True
train,train_002659,out/images/train/train_002659.jpg,True
train,train_002660,out/images/train/train_002660.jpg,True
train,train_002661,out/images/train/train_002661.jpg,True
train,train_002662,out/images/train/train_002662.jpg,True
train,train_002663,out/images/train/train_002663.jpg,True
train,train_002664,out/images/train/train_002664.jpg,True
train,train_002665,out/images/train/train_002665.jpg,True
train,train_002666,out/images/train/train_002666.jpg,True
train,train_002667,out/images/train/train_002667.jpg,True
train,train_002668,out/images/train/train_002668.jpg,True
train,train_002669,out/images/train/train_002669.jpg,True
train,train_002670,out/images/train/train_002670.jpg,True
train,train_002671,out/images/train/train_002671.jpg,True
train,train_002672,out/images/train/train_002672.jpg,True
train,train_002673,out/images/train/train_002673.jpg,True
train,train_002674,out/images/train/train_002674.jpg,True
train,train_002675,out/images/train/train_002675.jpg,True
train,train_002676,out/images/train/train_002676.jpg,True
train,train_002677,out/images/train/train_002677.jpg,True
train,train_002678,out/images/train/train_002678.jpg,True
train,train_002679,out/images/train/train_002679.jpg,True
train,train_002680,out/images/train/train_002680.jpg,True
train,train_002681,out/images/train/train_002681.jpg,True
train,train_002682,out/images/train/train_002682.jpg,True
train,train_002683,out/images/train/train_002683.jpg,True
train,train_002684,out/images/train/train_002684.jpg,True
train,train_002685,out/images/train/train_002685.jpg,True
train,train_002686,out/images/train/train_002686.jpg,True
train,train_002687,out/images/train/train_002687.jpg,True
train,train_002688,out/images/train/train_002688.jpg,True
train,train_002689,out/images/train/train_002689.jpg,True
train,train_002690,out/images/train/train_002690.jpg,True
train,train_002691,out/images/train/train_002691.jpg,True
train,train_002692,out/images/train/train_002692.jpg,True
train,train_002693,out/images/train/train_002693.jpg,True
train,train_002694,out/images/train/train_002694.jpg,True
train,train_002695,out/images/train/train_002695.jpg,True
train,train_002696,out/images/train/train_002696.jpg,True
train,train_002697,out/images/train/train_002697.jpg,True
train,train_002698,out/images/train/train_002698.jpg,True
train,train_002699,out/images/train/train_002699.jpg,True
train,train_002700,out/images/train/train_002700.jpg,True
train,train_002701,out/images/train/train_002701.jpg,True
train,train_002702,out/images/train/train_002702.jpg,True
train,train_002703,out/images/train/train_002703.jpg,True
train,train_002704,out/images/train/train_002704.jpg,True
train,train_002705,out/images/train/train_002705.jpg,True
train,train_002706,out/images/train/train_002706.jpg,True
train,train_002707,out/images/train/train_002707.jpg,True
train,train_002708,out/images/train/train_002708.jpg,True
train,train_002709,out/images/train/train_002709.jpg,True
train,train_002710,out/images/train/train_002710.jpg,True
train,train_002711,out/images/train/train_002711.jpg,True
train,train_002712,out/images/train/train_002712.jpg,True
train,train_002713,out/images/train/train_002713.jpg,True
train,train_002714,out/images/train/train_002714.jpg,True
train,train_002715,out/images/train/train_002715.jpg,True
train,train_002716,out/images/train/train_002716.jpg,True
train,train_002717,out/images/train/train_002717.jpg,True
train,train_002718,out/images/train/train_002718.jpg,True
train,train_002719,out/images/train/train_002719.jpg,True
train,train_002720,out/images/train/train_002720.jpg,True
train,train_002721,out/images/train/train_002721.jpg,True
train,train_002722,out/images/train/train_002722.jpg,True
train,train_002723,out/images/train/train_002723.jpg,True
train,train_002724,out/images/train/train_002724.jpg,True
train,train_002725,out/images/train/train_002725.jpg,True
train,train_002726,out/images/train/train_002726.jpg,True
train,train_002727,out/images/train/train_002727.jpg,True
train,train_002728,out/images/train/train_002728.jpg,True
train,train_002729,out/images/train/train_002729.jpg,True
train,train_002730,out/images/train/train_002730.jpg,True
train,train_002731,out/images/train/train_002731.jpg,True
train,train_002732,out/images/train/train_002732.jpg,True
train,train_002733,out/images/train/train_002733.jpg,True
train,train_002734,out/images/train/train_002734.jpg,True
train,train_002735,out/images/train/train_002735.jpg,True
train,train_002736,out/images/train/train_002736.jpg,True
train,train_002737,out/images/train/train_002737.jpg,True
train,train_002738,out/images/train/train_002738.jpg,True
train,train_002739,out/images/train/train_002739.jpg,True
train,train_002740,out/images/train/train_002740.jpg,True
train,train_002741,out/images/train/train_002741.jpg,True
train,train_002742,out/images/train/train_002742.jpg,True
train,train_002743,out/images/train/train_002743.jpg,True
train,train_002744,out/images/train/train_002744.jpg,True
train,train_002745,out/images/train/train_002745.jpg,True
train,train_002746,out/images/train/train_002746.jpg,True
train,train_002747,out/images/train/train_002747.jpg,True
train,train_002748,out/images/train/train_002748.jpg,True
train,train_002749,out/images/train/train_002749.jpg,True
train,train_002750,out/images/train/train_002750.jpg,True
train,train_002751,out/images/train/train_002751.jpg,True
train,train_002752,out/images/train/train_002752.jpg,True
train,train_002753,out/images/train/train_002753.jpg,True
train,train_002754,out/images/train/train_002754.jpg,True
train,train_002755,out/images/train/train_002755.jpg,True
train,train_002756,out/images/train/train_002756.jpg,True
train,train_002757,out/images/train/train_002757.jpg,True
train,train_002758,out/images/train/train_002758.jpg,True
train,train_002759,out/images/train/train_002759.jpg,True
train,train_002760,out/images/train/train_002760.jpg,True
train,train_002761,out/images/train/train_002761.jpg,True
train,train_002762,out/images/train/train_002762.jpg,True
train,train_002763,out/images/train/train_002763.jpg,True
train,train_002764,out/images/train/train_002764.jpg,True
train,train_002765,out/images/train/train_002765.jpg,True
train,train_002766,out/images/train/train_002766.jpg,True
train,train_002767,out/images/train/train_002767.jpg,True
train,train_002768,out/images/train/train_002768.jpg,True
train,train_002769,out/images/train/train_002769.jpg,True
train,train_002770,out/images/train/train_002770.jpg,True
train,train_002771,out/images/train/train_002771.jpg,True
train,train_002772,out/images/train/train_002772.jpg,True
train,train_002773,out/images/train/train_002773.jpg,True
train,train_002774,out/images/train/train_002774.jpg,True
train,train_002775,out/images/train/train_002775.jpg,True
train,train_002776,out/images/train/train_002776.jpg,True
train,train_002777,out/images/train/train_002777.jpg,True
train,train_002778,out/images/train/train_002778.jpg,True
train,train_002779,out/images/train/train_002779.jpg,True
train,train_002780,out/images/train/train_002780.jpg,True
train,train_002781,out/images/train/train_002781.jpg,True
train,train_002782,out/images/train/train_002782.jpg,True
train,train_002783,out/images/train/train_002783.jpg,True
train,train_002784,out/images/train/train_002784.jpg,True
train,train_002785,out/images/train/train_002785.jpg,True
train,train_002786,out/images/train/train_002786.jpg,True
train,train_002787,out/images/train/train_002787.jpg,True
train,train_002788,out/images/train/train_002788.jpg,True
train,train_002789,out/images/train/train_002789.jpg,True
train,train_002790,out/images/train/train_002790.jpg,True
train,train_002791,out/images/train/train_002791.jpg,True
train,train_002792,out/images/train/train_002792.jpg,True
train,train_002793,out/images/train/train_002793.jpg,True
train,train_002794,out/images/train/train_002794.jpg,True
train,train_002795,out/images/train/train_002795.jpg,True
train,train_002796,out/images/train/train_002796.jpg,True
train,train_002797,out/images/train/train_002797.jpg,True
train,train_002798,out/images/train/train_002798.jpg,True
train,train_002799,out/images/train/train_002799.jpg,True
train,train_002800,out/images/train/train_002800.jpg,True
train,train_002801,out/images/train/train_002801.jpg,True
train,train_002802,out/images/train/train_002802.jpg,True
train,train_002803,out/images/train/train_002803.jpg,True
train,train_002804,out/images/train/train_002804.jpg,True
train,train_002805,out/images/train/train_002805.jpg,True
train,train_002806,out/images/train/train_002806.jpg,True
train,train_002807,out/images/train/train_002807.jpg,True
train,train_002808,out/images/train/train_002808.jpg,True
train,train_002809,out/images/train/train_002809.jpg,True
train,train_002810,out/images/train/train_002810.jpg,True
train,train_002811,out/images/train/train_002811.jpg,True
train,train_002812,out/images/train/train_002812.jpg,True
train,train_002813,out/images/train/train_002813.jpg,True
train,train_002814,out/images/train/train_002814.jpg,True
train,train_002815,out/images/train/train_002815.jpg,True
train,train_002816,out/images/train/train_002816.jpg,True
train,train_002817,out/images/train/train_002817.jpg,True
train,train_002818,out/images/train/train_002818.jpg,True
train,train_002819,out/images/train/train_002819.jpg,True
train,train_002820,out/images/train/train_002820.jpg,True
train,train_002821,out/images/train/train_002821.jpg,True
train,train_002822,out/images/train/train_002822.jpg,True
train,train_002823,out/images/train/train_002823.jpg,True
train,train_002824,out/images/train/train_002824.jpg,True
train,train_002825,out/images/train/train_002825.jpg,True
train,train_002826,out/images/train/train_002826.jpg,True
train,train_002827,out/images/train/train_002827.jpg,True
train,train_002828,out/images/train/train_002828.jpg,True
train,train_002829,out/images/train/train_002829.jpg,True
train,train_002830,out/images/train/train_002830.jpg,True
train,train_002831,out/images/train/train_002831.jpg,True
train,train_002832,out/images/train/train_002832.jpg,True
train,train_002833,out/images/train/train_002833.jpg,True
train,train_002834,out/images/train/train_002834.jpg,True
train,train_002835,out/images/train/train_002835.jpg,True
train,train_002836,out/images/train/train_002836.jpg,True
train,train_002837,out/images/train/train_002837.jpg,True
train,train_002838,out/images/train/train_002838.jpg,True
train,train_002839,out/images/train/train_002839.jpg,True
train,train_002840,out/images/train/train_002840.jpg,True
train,train_002841,out/images/train/train_002841.jpg,True
train,train_002842,out/images/train/train_002842.jpg,True
train,train_002843,out/images/train/train_002843.jpg,True
train,train_002844,out/images/train/train_002844.jpg,True
train,train_002845,out/images/train/train_002845.jpg,True
train,train_002846,out/images/train/train_002846.jpg,True
train,train_002847,out/images/train/train_002847.jpg,True
train,train_002848,out/images/train/train_002848.jpg,True
train,train_002849,out/images/train/train_002849.jpg,True
train,train_002850,out/images/train/train_002850.jpg,True
train,train_002851,out/images/train/train_002851.jpg,True
train,train_002852,out/images/train/train_002852.jpg,True
train,train_002853,out/images/train/train_002853.jpg,True
train,train_002854,out/images/train/train_002854.jpg,True
train,train_002855,out/images/train/train_002855.jpg,True
train,train_002856,out/images/train/train_002856.jpg,True
train,train_002857,out/images/train/train_002857.jpg,True
train,train_002858,out/images/train/train_002858.jpg,True
train,train_002859,out/images/train/train_002859.jpg,True
train,train_002860,out/images/train/train_002860.jpg,True
train,train_002861,out/images/train/train_002861.jpg,True
train,train_002862,out/images/train/train_002862.jpg,True
train,train_002863,out/images/train/train_002863.jpg,True
train,train_002864,out/images/train/train_002864.jpg,True
train,train_002865,out/images/train/train_002865.jpg,True
train,train_002866,out/images/train/train_002866.jpg,True
train,train_002867,out/images/train/train_002867.jpg,True
train,train_002868,out/images/train/train_002868.jpg,True
train,train_002869,out/images/train/train_002869.jpg,True
train,train_002870,out/images/train/train_002870.jpg,True
train,train_002871,out/images/train/train_002871.jpg,True
train,train_002872,out/images/train/train_002872.jpg,True
train,train_002873,out/images/train/train_002873.jpg,True
train,train_002874,out/images/train/train_002874.jpg,True
train,train_002875,out/images/train/train_002875.jpg,True
train,train_002876,out/images/train/train_002876.jpg,True
train,train_002877,out/images/train/train_002877.jpg,True
train,train_002878,out/images/train/train_002878.jpg,True
train,train_002879,out/images/train/train_002879.jpg,True
train,train_002880,out/images/train/train_002880.jpg,True
train,train_002881,out/images/train/train_002881.jpg,True
train,train_002882,out/images/train/train_002882.jpg,True
train,train_002883,out/images/train/train_002883.jpg,True
train,train_002884,out/images/train/train_002884.jpg,True
train,train_002885,out/images/train/train_002885.jpg,True
train,train_002886,out/images/train/train_002886.jpg,True
train,train_002887,out/images/train/train_002887.jpg,True
train,train_002888,out/images/train/train_002888.jpg,True
train,train_002889,out/images/train/train_002889.jpg,True
train,train_002890,out/images/train/train_002890.jpg,True
train,train_002891,out/images/train/train_002891.jpg,True
train,train_002892,out/images/train/train_002892.jpg,True
train,train_002893,out/images/train/train_002893.jpg,True
train,train_002894,out/images/train/train_002894.jpg,True
train,train_002895,out/images/train/train_002895.jpg,True
train,train_002896,out/images/train/train_002896.jpg,True
train,train_002897,out/images/train/train_002897.jpg,True
train,train_002898,out/images/train/train_002898.jpg,True
train,train_002899,out/images/train/train_002899.jpg,True
train,train_002900,out/images/train/train_002900.jpg,True
train,train_002901,out/images/train/train_002901.jpg,True
train,train_002902,out/images/train/train_002902.jpg,True
train,train_002903,out/images/train/train_002903.jpg,True
train,train_002904,out/images/train/train_002904.jpg,True
train,train_002905,out/images/train/train_002905.jpg,True
train,train_002906,out/images/train/train_002906.jpg,True
train,train_002907,out/images/train/train_002907.jpg,True
train,train_002908,out/images/train/train_002908.jpg,True
train,train_002909,out/images/train/train_002909.jpg,True
train,train_002910,out/images/train/train_002910.jpg,True
train,train_002911,out/images/train/train_002911.jpg,True
train,train_002912,out/images/train/train_002912.jpg,True
train,train_002913,out/images/train/train_002913.jpg,True
train,train_002914,out/images/train/train_002914.jpg,True
train,train_002915,out/images/train/train_002915.jpg,True
train,train_002916,out/images/train/train_002916.jpg,True
train,train_002917,out/images/train/train_002917.jpg,True
train,train_002918,out/images/train/train_002918.jpg,True
train,train_002919,out/images/train/train_002919.jpg,True
train,train_002920,out/images/train/train_002920.jpg,True
train,train_002921,out/images/train/train_002921.jpg,True
train,train_002922,out/images/train/train_002922.jpg,True
train,train_002923,out/images/train/train_002923.jpg,True
train,train_002924,out/images/train/train_002924.jpg,True
train,train_002925,out/images/train/train_002925.jpg,True
train,train_002926,out/images/train/train_002926.jpg,True
train,train_002927,out/images/train/train_002927.jpg,True
train,train_002928,out/images/train/train_002928.jpg,True
train,train_002929,out/images/train/train_002929.jpg,True
train,train_002930,out/images/train/train_002930.jpg,True
train,train_002931,out/images/train/train_002931.jpg,True
train,train_002932,out/images/train/train_002932.jpg,True
train,train_002933,out/images/train/train_002933.jpg,True
train,train_002934,out/images/train/train_002934.jpg,True
train,train_002935,out/images/train/train_002935.jpg,True
train,train_002936,out/images/train/train_002936.jpg,True
train,train_002937,out/images/train/train_002937.jpg,True
train,train_002938,out/images/train/train_002938.jpg,True
train,train_002939,out/images/train/train_002939.jpg,True
train,train_002940,out/images/train/train_002940.jpg,True
train,train_002941,out/images/train/train_002941.jpg,True
train,train_002942,out/images/train/train_002942.jpg,True
train,train_002943,out/images/train/train_002943.jpg,True
train,train_002944,out/images/train/train_002944.jpg,True
train,train_002945,out/images/train/train_002945.jpg,True
train,train_002946,out/images/train/train_002946.jpg,True
train,train_002947,out/images/train/train_002947.jpg,True
train,train_002948,out/images/train/train_002948.jpg,True
train,train_002949,out/images/train/train_002949.jpg,True
train,train_002950,out/images/train/train_002950.jpg,True
train,train_002951,out/images/train/train_002951.jpg,True
train,train_002952,out/images/train/train_002952.jpg,True
train,train_002953,out/images/train/train_002953.jpg,True
train,train_002954,out/images/train/train_002954.jpg,True
train,train_002955,out/images/train/train_002955.jpg,True
train,train_002956,out/images/train/train_002956.jpg,True
train,train_002957,out/images/train/train_002957.jpg,True
train,train_002958,out/images/train/train_002958.jpg,True
train,train_002959,out/images/train/train_002959.jpg,True
train,train_002960,out/images/train/train_002960.jpg,True
train,train_002961,out/images/train/train_002961.jpg,True
train,train_002962,out/images/train/train_002962.jpg,True
train,train_002963,out/images/train/train_002963.jpg,True
train,train_002964,out/images/train/train_002964.jpg,True
train,train_002965,out/images/train/train_002965.jpg,True
train,train_002966,out/images/train/train_002966.jpg,True
train,train_002967,out/images/train/train_002967.jpg,True
train,train_002968,out/images/train/train_002968.jpg,True
train,train_002969,out/images/train/train_002969.jpg,True
train,train_002970,out/images/train/train_002970.jpg,True
train,train_002971,out/images/train/train_002971.jpg,True
train,train_002972,out/images/train/train_002972.jpg,True
train,train_002973,out/images/train/train_002973.jpg,True
train,train_002974,out/images/train/train_002974.jpg,True
train,train_002975,out/images/train/train_002975.jpg,True
train,train_002976,out/images/train/train_002976.jpg,True
train,train_002977,out/images/train/train_002977.jpg,True
train,train_002978,out/images/train/train_002978.jpg,True
train,train_002979,out/images/train/train_002979.jpg,True
train,train_002980,out/images/train/train_002980.jpg,True
train,train_002981,out/images/train/train_002981.jpg,True
train,train_002982,out/images/train/train_002982.jpg,True
train,train_002983,out/images/train/train_002983.jpg,True
train,train_002984,out/images/train/train_002984.jpg,True
train,train_002985,out/images/train/train_002985.jpg,True
train,train_002986,out/images/train/train_002986.jpg,True
train,train_002987,out/images/train/train_002987.jpg,True
train,train_002988,out/images/train/train_002988.jpg,True
train,train_002989,out/images/train/train_002989.jpg,True
train,train_002990,out/images/train/train_002990.jpg,True
train,train_002991,out/images/train/train_002991.jpg,True
train,train_002992,out/images/train/train_002992.jpg,True
train,train_002993,out/images/train/train_002993.jpg,True
train,train_002994,out/images/train/train_002994.jpg,True
train,train_002995,out/images/train/train_002995.jpg,True
train,train_002996,out/images/train/train_002996.jpg,True
train,train_002997,out/images/train/train_002997.jpg,True
train,train_002998,out/images/train/train_002998.jpg,True
train,train_002999,out/images/train/train_002999.jpg,True
train,train_003000,out/images/train/train_003000.jpg,True
train,train_003001,out/images/train/train_003001.jpg,True
train,train_003002,out/images/train/train_003002.jpg,True
train,train_003003,out/images/train/train_003003.jpg,True
train,train_003004,out/images/train/train_003004.jpg,True
train,train_003005,out/images/train/train_003005.jpg,True
train,train_003006,out/images/train/train_003006.jpg,True
train,train_003007,out/images/train/train_003007.jpg,True
train,train_003008,out/images/train/train_003008.jpg,True
train,train_003009,out/images/train/train_003009.jpg,True
train,train_003010,out/images/train/train_003010.jpg,True
train,train_003011,out/images/train/train_003011.jpg,True
train,train_003012,out/images/train/train_003012.jpg,True
train,train_003013,out/images/train/train_003013.jpg,True
train,train_003014,out/images/train/train_003014.jpg,True
train,train_003015,out/images/train/train_003015.jpg,True
train,train_003016,out/images/train/train_003016.jpg,True
train,train_003017,out/images/train/train_003017.jpg,True
train,train_003018,out/images/train/train_003018.jpg,True
train,train_003019,out/images/train/train_003019.jpg,True
train,train_003020,out/images/train/train_003020.jpg,True
train,train_003021,out/images/train/train_003021.jpg,True
train,train_003022,out/images/train/train_003022.jpg,True
train,train_003023,out/images/train/train_003023.jpg,True
train,train_003024,out/images/train/train_003024.jpg,True
train,train_003025,out/images/train/train_003025.jpg,True
train,train_003026,out/images/train/train_003026.jpg,True
train,train_003027,out/images/train/train_003027.jpg,True
train,train_003028,out/images/train/train_003028.jpg,True
train,train_003029,out/images/train/train_003029.jpg,True
train,train_003030,out/images/train/train_003030.jpg,True
train,train_003031,out/images/train/train_003031.jpg,True
train,train_003032,out/images/train/train_003032.jpg,True
train,train_003033,out/images/train/train_003033.jpg,True
train,train_003034,out/images/train/train_003034.jpg,True
train,train_003035,out/images/train/train_003035.jpg,True
train,train_003036,out/images/train/train_003036.jpg,True
train,train_003037,out/images/train/train_003037.jpg,True
train,train_003038,out/images/train/train_003038.jpg,True
train,train_003039,out/images/train/train_003039.jpg,True
train,train_003040,out/images/train/train_003040.jpg,True
train,train_003041,out/images/train/train_003041.jpg,True
train,train_003042,out/images/train/train_003042.jpg,True
train,train_003043,out/images/train/train_003043.jpg,True
train,train_003044,out/images/train/train_003044.jpg,True
train,train_003045,out/images/train/train_003045.jpg,True
train,train_003046,out/images/train/train_003046.jpg,True
train,train_003047,out/images/train/train_003047.jpg,True
train,train_003048,out/images/train/train_003048.jpg,True
train,train_003049,out/images/train/train_003049.jpg,True
train,train_003050,out/images/train/train_003050.jpg,True
train,train_003051,out/images/train/train_003051.jpg,True
train,train_003052,out/images/train/train_003052.jpg,True
train,train_003053,out/images/train/train_003053.jpg,True
train,train_003054,out/images/train/train_003054.jpg,True
train,train_003055,out/images/train/train_003055.jpg,True
train,train_003056,out/images/train/train_003056.jpg,True
train,train_003057,out/images/train/train_003057.jpg,True
train,train_003058,out/images/train/train_003058.jpg,True
train,train_003059,out/images/train/train_003059.jpg,True
train,train_003060,out/images/train/train_003060.jpg,True
train,train_003061,out/images/train/train_003061.jpg,True
train,train_003062,out/images/train/train_003062.jpg,True
train,train_003063,out/images/train/train_003063.jpg,True
train,train_003064,out/images/train/train_003064.jpg,True
train,train_003065,out/images/train/train_003065.jpg,True
train,train_003066,out/images/train/train_003066.jpg,True
train,train_003067,out/images/train/train_003067.jpg,True
train,train_003068,out/images/train/train_003068.jpg,True
train,train_003069,out/images/train/train_003069.jpg,True
train,train_003070,out/images/train/train_003070.jpg,True
train,train_003071,out/images/train/train_003071.jpg,True
train,train_003072,out/images/train/train_003072.jpg,True
train,train_003073,out/images/train/train_003073.jpg,True
train,train_003074,out/images/train/train_003074.jpg,True
train,train_003075,out/images/train/train_003075.jpg,True
train,train_003076,out/images/train/train_003076.jpg,True
train,train_003077,out/images/train/train_003077.jpg,True
train,train_003078,out/images/train/train_003078.jpg,True
train,train_003079,out/images/train/train_003079.jpg,True
train,train_003080,out/images/train/train_003080.jpg,True
train,train_003081,out/images/train/train_003081.jpg,True
train,train_003082,out/images/train/train_003082.jpg,True
train,train_003083,out/images/train/train_003083.jpg,True
train,train_003084,out/images/train/train_003084.jpg,True
train,train_003085,out/images/train/train_003085.jpg,True
train,train_003086,out/images/train/train_003086.jpg,True
train,train_003087,out/images/train/train_003087.jpg,True
train,train_003088,out/images/train/train_003088.jpg,True
train,train_003089,out/images/train/train_003089.jpg,True
train,train_003090,out/images/train/train_003090.jpg,True
train,train_003091,out/images/train/train_003091.jpg,True
train,train_003092,out/images/train/train_003092.jpg,True
train,train_003093,out/images/train/train_003093.jpg,True
train,train_003094,out/images/train/train_003094.jpg,True
train,train_003095,out/images/train/train_003095.jpg,True
train,train_003096,out/images/train/train_003096.jpg,True
train,train_003097,out/images/train/train_003097.jpg,True
train,train_003098,out/images/train/train_003098.jpg,True
train,train_003099,out/images/train/train_003099.jpg,True
train,train_003100,out/images/train/train_003100.jpg,True
train,train_003101,out/images/train/train_003101.jpg,True
train,train_003102,out/images/train/train_003102.jpg,True
train,train_003103,out/images/train/train_003103.jpg,True
train,train_003104,out/images/train/train_003104.jpg,True
train,train_003105,out/images/train/train_003105.jpg,True
train,train_003106,out/images/train/train_003106.jpg,True
train,train_003107,out/images/train/train_003107.jpg,True
train,train_003108,out/images/train/train_003108.jpg,True
train,train_003109,out/images/train/train_003109.jpg,True
train,train_003110,out/images/train/train_003110.jpg,True
train,train_003111,out/images/train/train_003111.jpg,True
train,train_003112,out/images/train/train_003112.jpg,True
train,train_003113,out/images/train/train_003113.jpg,True
train,train_003114,out/images/train/train_003114.jpg,True
train,train_003115,out/images/train/train_003115.jpg,True
train,train_003116,out/images/train/train_003116.jpg,True
train,train_003117,out/images/train/train_003117.jpg,True
train,train_003118,out/images/train/train_003118.jpg,True
train,train_003119,out/images/train/train_003119.jpg,True
train,train_003120,out/images/train/train_003120.jpg,True
train,train_003121,out/images/train/train_003121.jpg,True
train,train_003122,out/images/train/train_003122.jpg,True
train,train_003123,out/images/train/train_003123.jpg,True
train,train_003124,out/images/train/train_003124.jpg,True
train,train_003125,out/images/train/train_003125.jpg,True
train,train_003126,out/images/train/train_003126.jpg,True
train,train_003127,out/images/train/train_003127.jpg,True
train,train_003128,out/images/train/train_003128.jpg,True
train,train_003129,out/images/train/train_003129.jpg,True
train,train_003130,out/images/train/train_003130.jpg,True
train,train_003131,out/images/train/train_003131.jpg,True
train,train_003132,out/images/train/train_003132.jpg,True
train,train_003133,out/images/train/train_003133.jpg,True
train,train_003134,out/images/train/train_003134.jpg,True
train,train_003135,out/images/train/train_003135.jpg,True
train,train_003136,out/images/train/train_003136.jpg,True
train,train_003137,out/images/train/train_003137.jpg,True
train,train_003138,out/images/train/train_003138.jpg,True
train,train_003139,out/images/train/train_003139.jpg,True
train,train_003140,out/images/train/train_003140.jpg,True
train,train_003141,out/images/train/train_003141.jpg,True
train,train_003142,out/images/train/train_003142.jpg,True
train,train_003143,out/images/train/train_003143.jpg,True
train,train_003144,out/images/train/train_003144.jpg,True
train,train_003145,out/images/train/train_003145.jpg,True
train,train_003146,out/images/train/train_003146.jpg,True
train,train_003147,out/images/train/train_003147.jpg,True
train,train_003148,out/images/train/train_003148.jpg,True
train,train_003149,out/images/train/train_003149.jpg,True
train,train_003150,out/images/train/train_003150.jpg,True
train,train_003151,out/images/train/train_003151.jpg,True
train,train_003152,out/images/train/train_003152.jpg,True
train,train_003153,out/images/train/train_003153.jpg,True
train,train_003154,out/images/train/train_003154.jpg,True
train,train_003155,out/images/train/train_003155.jpg,True
train,train_003156,out/images/train/train_003156.jpg,True
train,train_003157,out/images/train/train_003157.jpg,True
train,train_003158,out/images/train/train_003158.jpg,True
train,train_003159,out/images/train/train_003159.jpg,True
train,train_003160,out/images/train/train_003160.jpg,True
train,train_003161,out/images/train/train_003161.jpg,True
train,train_003162,out/images/train/train_003162.jpg,True
train,train_003163,out/images/train/train_003163.jpg,True
train,train_003164,out/images/train/train_003164.jpg,True
train,train_003165,out/images/train/train_003165.jpg,True
train,train_003166,out/images/train/train_003166.jpg,True
train,train_003167,out/images/train/train_003167.jpg,True
train,train_003168,out/images/train/train_003168.jpg,True
train,train_003169,out/images/train/train_003169.jpg,True
train,train_003170,out/images/train/train_003170.jpg,True
train,train_003171,out/images/train/train_003171.jpg,True
train,train_003172,out/images/train/train_003172.jpg,True
train,train_003173,out/images/train/train_003173.jpg,True
train,train_003174,out/images/train/train_003174.jpg,True
train,train_003175,out/images/train/train_003175.jpg,True
train,train_003176,out/images/train/train_003176.jpg,True
train,train_003177,out/images/train/train_003177.jpg,True
train,train_003178,out/images/train/train_003178.jpg,True
train,train_003179,out/images/train/train_003179.jpg,True
train,train_003180,out/images/train/train_003180.jpg,True
train,train_003181,out/images/train/train_003181.jpg,True
train,train_003182,out/images/train/train_003182.jpg,True
train,train_003183,out/images/train/train_003183.jpg,True
train,train_003184,out/images/train/train_003184.jpg,True
train,train_003185,out/images/train/train_003185.jpg,True
train,train_003186,out/images/train/train_003186.jpg,True
train,train_003187,out/images/train/train_003187.jpg,True
train,train_003188,out/images/train/train_003188.jpg,True
train,train_003189,out/images/train/train_003189.jpg,True
train,train_003190,out/images/train/train_003190.jpg,True
train,train_003191,out/images/train/train_003191.jpg,True
train,train_003192,out/images/train/train_003192.jpg,True
train,train_003193,out/images/train/train_003193.jpg,True
train,train_003194,out/images/train/train_003194.jpg,True
train,train_003195,out/images/train/train_003195.jpg,True
train,train_003196,out/images/train/train_003196.jpg,True
train,train_003197,out/images/train/train_003197.jpg,True
train,train_003198,out/images/train/train_003198.jpg,True
train,train_003199,out/images/train/train_003199.jpg,True
train,train_003200,out/images/train/train_003200.jpg,True
train,train_003201,out/images/train/train_003201.jpg,True
train,train_003202,out/images/train/train_003202.jpg,True
train,train_003203,out/images/train/train_003203.jpg,True
train,train_003204,out/images/train/train_003204.jpg,True
train,train_003205,out/images/train/train_003205.jpg,True
train,train_003206,out/images/train/train_003206.jpg,True
train,train_003207,out/images/train/train_003207.jpg,True
train,train_003208,out/images/train/train_003208.jpg,True
train,train_003209,out/images/train/train_003209.jpg,True
train,train_003210,out/images/train/train_003210.jpg,True
train,train_003211,out/images/train/train_003211.jpg,True
train,train_003212,out/images/train/train_003212.jpg,True
train,train_003213,out/images/train/train_003213.jpg,True
train,train_003214,out/images/train/train_003214.jpg,True
train,train_003215,out/images/train/train_003215.jpg,True
train,train_003216,out/images/train/train_003216.jpg,True
train,train_003217,out/images/train/train_003217.jpg,True
train,train_003218,out/images/train/train_003218.jpg,True
train,train_003219,out/images/train/train_003219.jpg,True
train,train_003220,out/images/train/train_003220.jpg,True
train,train_003221,out/images/train/train_003221.jpg,True
train,train_003222,out/images/train/train_003222.jpg,True
train,train_003223,out/images/train/train_003223.jpg,True
train,train_003224,out/images/train/train_003224.jpg,True
train,train_003225,out/images/train/train_003225.jpg,True
train,train_003226,out/images/train/train_003226.jpg,True
train,train_003227,out/images/train/train_003227.jpg,True
train,train_003228,out/images/train/train_003228.jpg,True
train,train_003229,out/images/train/train_003229.jpg,True
train,train_003230,out/images/train/train_003230.jpg,True
train,train_003231,out/images/train/train_003231.jpg,True
train,train_003232,out/images/train/train_003232.jpg,True
train,train_003233,out/images/train/train_003233.jpg,True
train,train_003234,out/images/train/train_003234.jpg,True
train,train_003235,out/images/train/train_003235.jpg,True
train,train_003236,out/images/train/train_003236.jpg,True
train,train_003237,out/images/train/train_003237.jpg,True
train,train_003238,out/images/train/train_003238.jpg,True
train,train_003239,out/images/train/train_003239.jpg,True
train,train_003240,out/images/train/train_003240.jpg,True
train,train_003241,out/images/train/train_003241.jpg,True
train,train_003242,out/images/train/train_003242.jpg,True
train,train_003243,out/images/train/train_003243.jpg,True
train,train_003244,out/images/train/train_003244.jpg,True
train,train_003245,out/images/train/train_003245.jpg,True
train,train_003246,out/images/train/train_003246.jpg,True
train,train_003247,out/images/train/train_003247.jpg,True
train,train_003248,out/images/train/train_003248.jpg,True
train,train_003249,out/images/train/train_003249.jpg,True
train,train_003250,out/images/train/train_003250.jpg,True
train,train_003251,out/images/train/train_003251.jpg,True
train,train_003252,out/images/train/train_003252.jpg,True
train,train_003253,out/images/train/train_003253.jpg,True
train,train_003254,out/images/train/train_003254.jpg,True
train,train_003255,out/images/train/train_003255.jpg,True
train,train_003256,out/images/train/train_003256.jpg,True
train,train_003257,out/images/train/train_003257.jpg,True
train,train_003258,out/images/train/train_003258.jpg,True
train,train_003259,out/images/train/train_003259.jpg,True
train,train_003260,out/images/train/train_003260.jpg,True
train,train_003261,out/images/train/train_003261.jpg,True
train,train_003262,out/images/train/train_003262.jpg,True
train,train_003263,out/images/train/train_003263.jpg,True
train,train_003264,out/images/train/train_003264.jpg,True
train,train_003265,out/images/train/train_003265.jpg,True
train,train_003266,out/images/train/train_003266.jpg,True
train,train_003267,out/images/train/train_003267.jpg,True
train,train_003268,out/images/train/train_003268.jpg,True
train,train_003269,out/images/train/train_003269.jpg,True
train,train_003270,out/images/train/train_003270.jpg,True
train,train_003271,out/images/train/train_003271.jpg,True
train,train_003272,out/images/train/train_003272.jpg,True
train,train_003273,out/images/train/train_003273.jpg,True
train,train_003274,out/images/train/train_003274.jpg,True
train,train_003275,out/images/train/train_003275.jpg,True
train,train_003276,out/images/train/train_003276.jpg,True
train,train_003277,out/images/train/train_003277.jpg,True
train,train_003278,out/images/train/train_003278.jpg,True
train,train_003279,out/images/train/train_003279.jpg,True
train,train_003280,out/images/train/train_003280.jpg,True
train,train_003281,out/images/train/train_003281.jpg,True
train,train_003282,out/images/train/train_003282.jpg,True
train,train_003283,out/images/train/train_003283.jpg,True
train,train_003284,out/images/train/train_003284.jpg,True
train,train_003285,out/images/train/train_003285.jpg,True
train,train_003286,out/images/train/train_003286.jpg,True
train,train_003287,out/images/train/train_003287.jpg,True
train,train_003288,out/images/train/train_003288.jpg,True
train,train_003289,out/images/train/train_003289.jpg,True
train,train_003290,out/images/train/train_003290.jpg,True
train,train_003291,out/images/train/train_003291.jpg,True
train,train_003292,out/images/train/train_003292.jpg,True
train,train_003293,out/images/train/train_003293.jpg,True
train,train_003294,out/images/train/train_003294.jpg,True
train,train_003295,out/images/train/train_003295.jpg,True
train,train_003296,out/images/train/train_003296.jpg,True
train,train_003297,out/images/train/train_003297.jpg,True
train,train_003298,out/images/train/train_003298.jpg,True
train,train_003299,out/images/train/train_003299.jpg,True
train,train_003300,out/images/train/train_003300.jpg,True
train,train_003301,out/images/train/train_003301.jpg,True
train,train_003302,out/images/train/train_003302.jpg,True
train,train_003303,out/images/train/train_003303.jpg,True
train,train_003304,out/images/train/train_003304.jpg,True
train,train_003305,out/images/train/train_003305.jpg,True
train,train_003306,out/images/train/train_003306.jpg,True
train,train_003307,out/images/train/train_003307.jpg,True
train,train_003308,out/images/train/train_003308.jpg,True
train,train_003309,out/images/train/train_003309.jpg,True
train,train_003310,out/images/train/train_003310.jpg,True
train,train_003311,out/images/train/train_003311.jpg,True
train,train_003312,out/images/train/train_003312.jpg,True
train,train_003313,out/images/train/train_003313.jpg,True
train,train_003314,out/images/train/train_003314.jpg,True
train,train_003315,out/images/train/train_003315.jpg,True
train,train_003316,out/images/train/train_003316.jpg,True
train,train_003317,out/images/train/train_003317.jpg,True
train,train_003318,out/images/train/train_003318.jpg,True
train,train_003319,out/images/train/train_003319.jpg,True
train,train_003320,out/images/train/train_003320.jpg,True
train,train_003321,out/images/train/train_003321.jpg,True
train,train_003322,out/images/train/train_003322.jpg,True
train,train_003323,out/images/train/train_003323.jpg,True
train,train_003324,out/images/train/train_003324.jpg,True
train,train_003325,out/images/train/train_003325.jpg,True
train,train_003326,out/images/train/train_003326.jpg,True
train,train_003327,out/images/train/train_003327.jpg,True
train,train_003328,out/images/train/train_003328.jpg,True
train,train_003329,out/images/train/train_003329.jpg,True
train,train_003330,out/images/train/train_003330.jpg,True
train,train_003331,out/images/train/train_003331.jpg,True
train,train_003332,out/images/train/train_003332.jpg,True
train,train_003333,out/images/train/train_003333.jpg,True
train,train_003334,out/images/train/train_003334.jpg,True
train,train_003335,out/images/train/train_003335.jpg,True
train,train_003336,out/images/train/train_003336.jpg,True
train,train_003337,out/images/train/train_003337.jpg,True
train,train_003338,out/images/train/train_003338.jpg,True
train,train_003339,out/images/train/train_003339.jpg,True
train,train_003340,out/images/train/train_003340.jpg,True
train,train_003341,out/images/train/train_003341.jpg,True
train,train_003342,out/images/train/train_003342.jpg,True
train,train_003343,out/images/train/train_003343.jpg,True
train,train_003344,out/images/train/train_003344.jpg,True
train,train_003345,out/images/train/train_003345.jpg,True
train,train_003346,out/images/train/train_003346.jpg,True
train,train_003347,out/images/train/train_003347.jpg,True
train,train_003348,out/images/train/train_003348.jpg,True
train,train_003349,out/images/train/train_003349.jpg,True
train,train_003350,out/images/train/train_003350.jpg,True
train,train_003351,out/images/train/train_003351.jpg,True
train,train_003352,out/images/train/train_003352.jpg,True
train,train_003353,out/images/train/train_003353.jpg,True
train,train_003354,out/images/train/train_003354.jpg,True
train,train_003355,out/images/train/train_003355.jpg,True
train,train_003356,out/images/train/train_003356.jpg,True
train,train_003357,out/images/train/train_003357.jpg,True
train,train_003358,out/images/train/train_003358.jpg,True
train,train_003359,out/images/train/train_003359.jpg,True
train,train_003360,out/images/train/train_003360.jpg,True
train,train_003361,out/images/train/train_003361.jpg,True
train,train_003362,out/images/train/train_003362.jpg,True
train,train_003363,out/images/train/train_003363.jpg,True
train,train_003364,out/images/train/train_003364.jpg,True
train,train_003365,out/images/train/train_003365.jpg,True
train,train_003366,out/images/train/train_003366.jpg,True
train,train_003367,out/images/train/train_003367.jpg,True
train,train_003368,out/images/train/train_003368.jpg,True
train,train_003369,out/images/train/train_003369.jpg,True
train,train_003370,out/images/train/train_003370.jpg,True
train,train_003371,out/images/train/train_003371.jpg,True
train,train_003372,out/images/train/train_003372.jpg,True
train,train_003373,out/images/train/train_003373.jpg,True
train,train_003374,out/images/train/train_003374.jpg,True
train,train_003375,out/images/train/train_003375.jpg,True
train,train_003376,out/images/train/train_003376.jpg,True
train,train_003377,out/images/train/train_003377.jpg,True
train,train_003378,out/images/train/train_003378.jpg,True
train,train_003379,out/images/train/train_003379.jpg,True
train,train_003380,out/images/train/train_003380.jpg,True
train,train_003381,out/images/train/train_003381.jpg,True
train,train_003382,out/images/train/train_003382.jpg,True
train,train_003383,out/images/train/train_003383.jpg,True
train,train_003384,out/images/train/train_003384.jpg,True
train,train_003385,out/images/train/train_003385.jpg,True
train,train_003386,out/images/train/train_003386.jpg,True
train,train_003387,out/images/train/train_003387.jpg,True
train,train_003388,out/images/train/train_003388.jpg,True
train,train_003389,out/images/train/train_003389.jpg,True
train,train_003390,out/images/train/train_003390.jpg,True
train,train_003391,out/images/train/train_003391.jpg,True
train,train_003392,out/images/train/train_003392.jpg,True
train,train_003393,out/images/train/train_003393.jpg,True
train,train_003394,out/images/train/train_003394.jpg,True
train,train_003395,out/images/train/train_003395.jpg,True
train,train_003396,out/images/train/train_003396.jpg,True
train,train_003397,out/images/train/train_003397.jpg,True
train,train_003398,out/images/train/train_003398.jpg,True
train,train_003399,out/images/train/train_003399.jpg,True
train,train_003400,out/images/train/train_003400.jpg,True
train,train_003401,out/images/train/train_003401.jpg,True
train,train_003402,out/images/train/train_003402.jpg,True
train,train_003403,out/images/train/train_003403.jpg,True
train,train_003404,out/images/train/train_003404.jpg,True
train,train_003405,out/images/train/train_003405.jpg,True
train,train_003406,out/images/train/train_003406.jpg,True
train,train_003407,out/images/train/train_003407.jpg,True
train,train_003408,out/images/train/train_003408.jpg,True
train,train_003409,out/images/train/train_003409.jpg,True
train,train_003410,out/images/train/train_003410.jpg,True
train,train_003411,out/images/train/train_003411.jpg,True
train,train_003412,out/images/train/train_003412.jpg,True
train,train_003413,out/images/train/train_003413.jpg,True
train,train_003414,out/images/train/train_003414.jpg,True
train,train_003415,out/images/train/train_003415.jpg,True
train,train_003416,out/images/train/train_003416.jpg,True
train,train_003417,out/images/train/train_003417.jpg,True
train,train_003418,out/images/train/train_003418.jpg,True
train,train_003419,out/images/train/train_003419.jpg,True
train,train_003420,out/images/train/train_003420.jpg,True
train,train_003421,out/images/train/train_003421.jpg,True
train,train_003422,out/images/train/train_003422.jpg,True
train,train_003423,out/images/train/train_003423.jpg,True
train,train_003424,out/images/train/train_003424.jpg,True
train,train_003425,out/images/train/train_003425.jpg,True
train,train_003426,out/images/train/train_003426.jpg,True
train,train_003427,out/images/train/train_003427.jpg,True
train,train_003428,out/images/train/train_003428.jpg,True
train,train_003429,out/images/train/train_003429.jpg,True
train,train_003430,out/images/train/train_003430.jpg,True
train,train_003431,out/images/train/train_003431.jpg,True
train,train_003432,out/images/train/train_003432.jpg,True
train,train_003433,out/images/train/train_003433.jpg,True
train,train_003434,out/images/train/train_003434.jpg,True
train,train_003435,out/images/train/train_003435.jpg,True
train,train_003436,out/images/train/train_003436.jpg,True
train,train_003437,out/images/train/train_003437.jpg,True
train,train_003438,out/images/train/train_003438.jpg,True
train,train_003439,out/images/train/train_003439.jpg,True
train,train_003440,out/images/train/train_003440.jpg,True
train,train_003441,out/images/train/train_003441.jpg,True
train,train_003442,out/images/train/train_003442.jpg,True
train,train_003443,out/images/train/train_003443.jpg,True
train,train_003444,out/images/train/train_003444.jpg,True
train,train_003445,out/images/train/train_003445.jpg,True
train,train_003446,out/images/train/train_003446.jpg,True
train,train_003447,out/images/train/train_003447.jpg,True
train,train_003448,out/images/train/train_003448.jpg,True
train,train_003449,out/images/train/train_003449.jpg,True
train,train_003450,out/images/train/train_003450.jpg,True
train,train_003451,out/images/train/train_003451.jpg,True
train,train_003452,out/images/train/train_003452.jpg,True
train,train_003453,out/images/train/train_003453.jpg,True
train,train_003454,out/images/train/train_003454.jpg,True
train,train_003455,out/images/train/train_003455.jpg,True
train,train_003456,out/images/train/train_003456.jpg,True
train,train_003457,out/images/train/train_003457.jpg,True
train,train_003458,out/images/train/train_003458.jpg,True
train,train_003459,out/images/train/train_003459.jpg,True
train,train_003460,out/images/train/train_003460.jpg,True
train,train_003461,out/images/train/train_003461.jpg,True
train,train_003462,out/images/train/train_003462.jpg,True
train,train_003463,out/images/train/train_003463.jpg,True
train,train_003464,out/images/train/train_003464.jpg,True
train,train_003465,out/images/train/train_003465.jpg,True
train,train_003466,out/images/train/train_003466.jpg,True
train,train_003467,out/images/train/train_003467.jpg,True
train,train_003468,out/images/train/train_003468.jpg,True
train,train_003469,out/images/train/train_003469.jpg,True
train,train_003470,out/images/train/train_003470.jpg,True
train,train_003471,out/images/train/train_003471.jpg,True
train,train_003472,out/images/train/train_003472.jpg,True
train,train_003473,out/images/train/train_003473.jpg,True
train,train_003474,out/images/train/train_003474.jpg,True
train,train_003475,out/images/train/train_003475.jpg,True
train,train_003476,out/images/train/train_003476.jpg,True
train,train_003477,out/images/train/train_003477.jpg,True
train,train_003478,out/images/train/train_003478.jpg,True
train,train_003479,out/images/train/train_003479.jpg,True
train,train_003480,out/images/train/train_003480.jpg,True
train,train_003481,out/images/train/train_003481.jpg,True
train,train_003482,out/images/train/train_003482.jpg,True
train,train_003483,out/images/train/train_003483.jpg,True
train,train_003484,out/images/train/train_003484.jpg,True
train,train_003485,out/images/train/train_003485.jpg,True
train,train_003486,out/images/train/train_003486.jpg,True
train,train_003487,out/images/train/train_003487.jpg,True
train,train_003488,out/images/train/train_003488.jpg,True
train,train_003489,out/images/train/train_003489.jpg,True
train,train_003490,out/images/train/train_003490.jpg,True
train,train_003491,out/images/train/train_003491.jpg,True
train,train_003492,out/images/train/train_003492.jpg,True
train,train_003493,out/images/train/train_003493.jpg,True
train,train_003494,out/images/train/train_003494.jpg,True
train,train_003495,out/images/train/train_003495.jpg,True
train,train_003496,out/images/train/train_003496.jpg,True
train,train_003497,out/images/train/train_003497.jpg,True
train,train_003498,out/images/train/train_003498.jpg,True
train,train_003499,out/images/train/train_003499.jpg,True
train,train_003500,out/images/train/train_003500.jpg,True
train,train_003501,out/images/train/train_003501.jpg,True
train,train_003502,out/images/train/train_003502.jpg,True
train,train_003503,out/images/train/train_003503.jpg,True
train,train_003504,out/images/train/train_003504.jpg,True
train,train_003505,out/images/train/train_003505.jpg,True
train,train_003506,out/images/train/train_003506.jpg,True
train,train_003507,out/images/train/train_003507.jpg,True
train,train_003508,out/images/train/train_003508.jpg,True
train,train_003509,out/images/train/train_003509.jpg,True
train,train_003510,out/images/train/train_003510.jpg,True
train,train_003511,out/images/train/train_003511.jpg,True
train,train_003512,out/images/train/train_003512.jpg,True
train,train_003513,out/images/train/train_003513.jpg,True
train,train_003514,out/images/train/train_003514.jpg,True
train,train_003515,out/images/train/train_003515.jpg,True
train,train_003516,out/images/train/train_003516.jpg,True
train,train_003517,out/images/train/train_003517.jpg,True
train,train_003518,out/images/train/train_003518.jpg,True
train,train_003519,out/images/train/train_003519.jpg,True
train,train_003520,out/images/train/train_003520.jpg,True
train,train_003521,out/images/train/train_003521.jpg,True
train,train_003522,out/images/train/train_003522.jpg,True
train,train_003523,out/images/train/train_003523.jpg,True
train,train_003524,out/images/train/train_003524.jpg,True
train,train_003525,out/images/train/train_003525.jpg,True
train,train_003526,out/images/train/train_003526.jpg,True
train,train_003527,out/images/train/train_003527.jpg,True
train,train_003528,out/images/train/train_003528.jpg,True
train,train_003529,out/images/train/train_003529.jpg,True
train,train_003530,out/images/train/train_003530.jpg,True
train,train_003531,out/images/train/train_003531.jpg,True
train,train_003532,out/images/train/train_003532.jpg,True
train,train_003533,out/images/train/train_003533.jpg,True
train,train_003534,out/images/train/train_003534.jpg,True
train,train_003535,out/images/train/train_003535.jpg,True
train,train_003536,out/images/train/train_003536.jpg,True
train,train_003537,out/images/train/train_003537.jpg,True
train,train_003538,out/images/train/train_003538.jpg,True
train,train_003539,out/images/train/train_003539.jpg,True
train,train_003540,out/images/train/train_003540.jpg,True
train,train_003541,out/images/train/train_003541.jpg,True
train,train_003542,out/images/train/train_003542.jpg,True
train,train_003543,out/images/train/train_003543.jpg,True
train,train_003544,out/images/train/train_003544.jpg,True
train,train_003545,out/images/train/train_003545.jpg,True
train,train_003546,out/images/train/train_003546.jpg,True
train,train_003547,out/images/train/train_003547.jpg,True
train,train_003548,out/images/train/train_003548.jpg,True
train,train_003549,out/images/train/train_003549.jpg,True
train,train_003550,out/images/train/train_003550.jpg,True
train,train_003551,out/images/train/train_003551.jpg,True
train,train_003552,out/images/train/train_003552.jpg,True
train,train_003553,out/images/train/train_003553.jpg,True
train,train_003554,out/images/train/train_003554.jpg,True
train,train_003555,out/images/train/train_003555.jpg,True
train,train_003556,out/images/train/train_003556.jpg,True
train,train_003557,out/images/train/train_003557.jpg,True
train,train_003558,out/images/train/train_003558.jpg,True
train,train_003559,out/images/train/train_003559.jpg,True
train,train_003560,out/images/train/train_003560.jpg,True
train,train_003561,out/images/train/train_003561.jpg,True
train,train_003562,out/images/train/train_003562.jpg,True
train,train_003563,out/images/train/train_003563.jpg,True
train,train_003564,out/images/train/train_003564.jpg,True
train,train_003565,out/images/train/train_003565.jpg,True
train,train_003566,out/images/train/train_003566.jpg,True
train,train_003567,out/images/train/train_003567.jpg,True
train,train_003568,out/images/train/train_003568.jpg,True
train,train_003569,out/images/train/train_003569.jpg,True
train,train_003570,out/images/train/train_003570.jpg,True
train,train_003571,out/images/train/train_003571.jpg,True
train,train_003572,out/images/train/train_003572.jpg,True
train,train_003573,out/images/train/train_003573.jpg,True
train,train_003574,out/images/train/train_003574.jpg,True
train,train_003575,out/images/train/train_003575.jpg,True
train,train_003576,out/images/train/train_003576.jpg,True
train,train_003577,out/images/train/train_003577.jpg,True
train,train_003578,out/images/train/train_003578.jpg,True
train,train_003579,out/images/train/train_003579.jpg,True
train,train_003580,out/images/train/train_003580.jpg,True
train,train_003581,out/images/train/train_003581.jpg,True
train,train_003582,out/images/train/train_003582.jpg,True
train,train_003583,out/images/train/train_003583.jpg,True
train,train_003584,out/images/train/train_003584.jpg,True
train,train_003585,out/images/train/train_003585.jpg,True
train,train_003586,out/images/train/train_003586.jpg,True
train,train_003587,out/images/train/train_003587.jpg,True
train,train_003588,out/images/train/train_003588.jpg,True
train,train_003589,out/images/train/train_003589.jpg,True
train,train_003590,out/images/train/train_003590.jpg,True
train,train_003591,out/images/train/train_003591.jpg,True
train,train_003592,out/images/train/train_003592.jpg,True
train,train_003593,out/images/train/train_003593.jpg,True
train,train_003594,out/images/train/train_003594.jpg,True
train,train_003595,out/images/train/train_003595.jpg,True
train,train_003596,out/images/train/train_003596.jpg,True
train,train_003597,out/images/train/train_003597.jpg,True
train,train_003598,out/images/train/train_003598.jpg,True
train,train_003599,out/images/train/train_003599.jpg,True
train,train_003600,out/images/train/train_003600.jpg,True
train,train_003601,out/images/train/train_003601.jpg,True
train,train_003602,out/images/train/train_003602.jpg,True
train,train_003603,out/images/train/train_003603.jpg,True
train,train_003604,out/images/train/train_003604.jpg,True
train,train_003605,out/images/train/train_003605.jpg,True
train,train_003606,out/images/train/train_003606.jpg,True
train,train_003607,out/images/train/train_003607.jpg,True
train,train_003608,out/images/train/train_003608.jpg,True
train,train_003609,out/images/train/train_003609.jpg,True
train,train_003610,out/images/train/train_003610.jpg,True
train,train_003611,out/images/train/train_003611.jpg,True
train,train_003612,out/images/train/train_003612.jpg,True
train,train_003613,out/images/train/train_003613.jpg,True
train,train_003614,out/images/train/train_003614.jpg,True
train,train_003615,out/images/train/train_003615.jpg,True
train,train_003616,out/images/train/train_003616.jpg,True
train,train_003617,out/images/train/train_003617.jpg,True
train,train_003618,out/images/train/train_003618.jpg,True
train,train_003619,out/images/train/train_003619.jpg,True
train,train_003620,out/images/train/train_003620.jpg,True
train,train_003621,out/images/train/train_003621.jpg,True
train,train_003622,out/images/train/train_003622.jpg,True
train,train_003623,out/images/train/train_003623.jpg,True
train,train_003624,out/images/train/train_003624.jpg,True
train,train_003625,out/images/train/train_003625.jpg,True
train,train_003626,out/images/train/train_003626.jpg,True
train,train_003627,out/images/train/train_003627.jpg,True
train,train_003628,out/images/train/train_003628.jpg,True
train,train_003629,out/images/train/train_003629.jpg,True
train,train_003630,out/images/train/train_003630.jpg,True
train,train_003631,out/images/train/train_003631.jpg,True
train,train_003632,out/images/train/train_003632.jpg,True
train,train_003633,out/images/train/train_003633.jpg,True
train,train_003634,out/images/train/train_003634.jpg,True
train,train_003635,out/images/train/train_003635.jpg,True
train,train_003636,out/images/train/train_003636.jpg,True
train,train_003637,out/images/train/train_003637.jpg,True
train,train_003638,out/images/train/train_003638.jpg,True
train,train_003639,out/images/train/train_003639.jpg,True
train,train_003640,out/images/train/train_003640.jpg,True
train,train_003641,out/images/train/train_003641.jpg,True
train,train_003642,out/images/train/train_003642.jpg,True
train,train_003643,out/images/train/train_003643.jpg,True
train,train_003644,out/images/train/train_003644.jpg,True
train,train_003645,out/images/train/train_003645.jpg,True
train,train_003646,out/images/train/train_003646.jpg,True
train,train_003647,out/images/train/train_003647.jpg,True
train,train_003648,out/images/train/train_003648.jpg,True
train,train_003649,out/images/train/train_003649.jpg,True
train,train_003650,out/images/train/train_003650.jpg,True
train,train_003651,out/images/train/train_003651.jpg,True
train,train_003652,out/images/train/train_003652.jpg,True
train,train_003653,out/images/train/train_003653.jpg,True
train,train_003654,out/images/train/train_003654.jpg,True
train,train_003655,out/images/train/train_003655.jpg,True
train,train_003656,out/images/train/train_003656.jpg,True
train,train_003657,out/images/train/train_003657.jpg,True
train,train_003658,out/images/train/train_003658.jpg,True
train,train_003659,out/images/train/train_003659.jpg,True
train,train_003660,out/images/train/train_003660.jpg,True
train,train_003661,out/images/train/train_003661.jpg,True
train,train_003662,out/images/train/train_003662.jpg,True
train,train_003663,out/images/train/train_003663.jpg,True
train,train_003664,out/images/train/train_003664.jpg,True
train,train_003665,out/images/train/train_003665.jpg,True
train,train_003666,out/images/train/train_003666.jpg,True
train,train_003667,out/images/train/train_003667.jpg,True
train,train_003668,out/images/train/train_003668.jpg,True
train,train_003669,out/images/train/train_003669.jpg,True
train,train_003670,out/images/train/train_003670.jpg,True
train,train_003671,out/images/train/train_003671.jpg,True
train,train_003672,out/images/train/train_003672.jpg,True
train,train_003673,out/images/train/train_003673.jpg,True
train,train_003674,out/images/train/train_003674.jpg,True
train,train_003675,out/images/train/train_003675.jpg,True
train,train_003676,out/images/train/train_003676.jpg,True
train,train_003677,out/images/train/train_003677.jpg,True
train,train_003678,out/images/train/train_003678.jpg,True
train,train_003679,out/images/train/train_003679.jpg,True
train,train_003680,out/images/train/train_003680.jpg,True
train,train_003681,out/images/train/train_003681.jpg,True
train,train_003682,out/images/train/train_003682.jpg,True
train,train_003683,out/images/train/train_003683.jpg,True
train,train_003684,out/images/train/train_003684.jpg,True
train,train_003685,out/images/train/train_003685.jpg,True
train,train_003686,out/images/train/train_003686.jpg,True
train,train_003687,out/images/train/train_003687.jpg,True
train,train_003688,out/images/train/train_003688.jpg,True
train,train_003689,out/images/train/train_003689.jpg,True
train,train_003690,out/images/train/train_003690.jpg,True
train,train_003691,out/images/train/train_003691.jpg,True
train,train_003692,out/images/train/train_003692.jpg,True
train,train_003693,out/images/train/train_003693.jpg,True
train,train_003694,out/images/train/train_003694.jpg,True
train,train_003695,out/images/train/train_003695.jpg,True
train,train_003696,out/images/train/train_003696.jpg,True
train,train_003697,out/images/train/train_003697.jpg,True
train,train_003698,out/images/train/train_003698.jpg,True
train,train_003699,out/images/train/train_003699.jpg,True
train,train_003700,out/images/train/train_003700.jpg,True
train,train_003701,out/images/train/train_003701.jpg,True
train,train_003702,out/images/train/train_003702.jpg,True
train,train_003703,out/images/train/train_003703.jpg,True
train,train_003704,out/images/train/train_003704.jpg,True
train,train_003705,out/images/train/train_003705.jpg,True
train,train_003706,out/images/train/train_003706.jpg,True
train,train_003707,out/images/train/train_003707.jpg,True
train,train_003708,out/images/train/train_003708.jpg,True
train,train_003709,out/images/train/train_003709.jpg,True
train,train_003710,out/images/train/train_003710.jpg,True
train,train_003711,out/images/train/train_003711.jpg,True
train,train_003712,out/images/train/train_003712.jpg,True
train,train_003713,out/images/train/train_003713.jpg,True
train,train_003714,out/images/train/train_003714.jpg,True
train,train_003715,out/images/train/train_003715.jpg,True
train,train_003716,out/images/train/train_003716.jpg,True
train,train_003717,out/images/train/train_003717.jpg,True
train,train_003718,out/images/train/train_003718.jpg,True
train,train_003719,out/images/train/train_003719.jpg,True
train,train_003720,out/images/train/train_003720.jpg,True
train,train_003721,out/images/train/train_003721.jpg,True
train,train_003722,out/images/train/train_003722.jpg,True
train,train_003723,out/images/train/train_003723.jpg,True
train,train_003724,out/images/train/train_003724.jpg,True
train,train_003725,out/images/train/train_003725.jpg,True
train,train_003726,out/images/train/train_003726.jpg,True
train,train_003727,out/images/train/train_003727.jpg,True
train,train_003728,out/images/train/train_003728.jpg,True
train,train_003729,out/images/train/train_003729.jpg,True
train,train_003730,out/images/train/train_003730.jpg,True
train,train_003731,out/images/train/train_003731.jpg,True
train,train_003732,out/images/train/train_003732.jpg,True
train,train_003733,out/images/train/train_003733.jpg,True
train,train_003734,out/images/train/train_003734.jpg,True
train,train_003735,out/images/train/train_003735.jpg,True
train,train_003736,out/images/train/train_003736.jpg,True
train,train_003737,out/images/train/train_003737.jpg,True
train,train_003738,out/images/train/train_003738.jpg,True
train,train_003739,out/images/train/train_003739.jpg,True
train,train_003740,out/images/train/train_003740.jpg,True
train,train_003741,out/images/train/train_003741.jpg,True
train,train_003742,out/images/train/train_003742.jpg,True
train,train_003743,out/images/train/train_003743.jpg,True
train,train_003744,out/images/train/train_003744.jpg,True
train,train_003745,out/images/train/train_003745.jpg,True
train,train_003746,out/images/train/train_003746.jpg,True
train,train_003747,out/images/train/train_003747.jpg,True
train,train_003748,out/images/train/train_003748.jpg,True
train,train_003749,out/images/train/train_003749.jpg,True
train,train_003750,out/images/train/train_003750.jpg,True
train,train_003751,out/images/train/train_003751.jpg,True
train,train_003752,out/images/train/train_003752.jpg,True
train,train_003753,out/images/train/train_003753.jpg,True
train,train_003754,out/images/train/train_003754.jpg,True
train,train_003755,out/images/train/train_003755.jpg,True
train,train_003756,out/images/train/train_003756.jpg,True
train,train_003757,out/images/train/train_003757.jpg,True
train,train_003758,out/images/train/train_003758.jpg,True
train,train_003759,out/images/train/train_003759.jpg,True
train,train_003760,out/images/train/train_003760.jpg,True
train,train_003761,out/images/train/train_003761.jpg,True
train,train_003762,out/images/train/train_003762.jpg,True
train,train_003763,out/images/train/train_003763.jpg,True
train,train_003764,out/images/train/train_003764.jpg,True
train,train_003765,out/images/train/train_003765.jpg,True
train,train_003766,out/images/train/train_003766.jpg,True
train,train_003767,out/images/train/train_003767.jpg,True
train,train_003768,out/images/train/train_003768.jpg,True
train,train_003769,out/images/train/train_003769.jpg,True
train,train_003770,out/images/train/train_003770.jpg,True
train,train_003771,out/images/train/train_003771.jpg,True
train,train_003772,out/images/train/train_003772.jpg,True
train,train_003773,out/images/train/train_003773.jpg,True
train,train_003774,out/images/train/train_003774.jpg,True
train,train_003775,out/images/train/train_003775.jpg,True
train,train_003776,out/images/train/train_003776.jpg,True
train,train_003777,out/images/train/train_003777.jpg,True
train,train_003778,out/images/train/train_003778.jpg,True
train,train_003779,out/images/train/train_003779.jpg,True
train,train_003780,out/images/train/train_003780.jpg,True
train,train_003781,out/images/train/train_003781.jpg,True
train,train_003782,out/images/train/train_003782.jpg,True
train,train_003783,out/images/train/train_003783.jpg,True
train,train_003784,out/images/train/train_003784.jpg,True
train,train_003785,out/images/train/train_003785.jpg,True
train,train_003786,out/images/train/train_003786.jpg,True
train,train_003787,out/images/train/train_003787.jpg,True
train,train_003788,out/images/train/train_003788.jpg,True
train,train_003789,out/images/train/train_003789.jpg,True
train,train_003790,out/images/train/train_003790.jpg,True
train,train_003791,out/images/train/train_003791.jpg,True
train,train_003792,out/images/train/train_003792.jpg,True
train,train_003793,out/images/train/train_003793.jpg,True
train,train_003794,out/images/train/train_003794.jpg,True
train,train_003795,out/images/train/train_003795.jpg,True
train,train_003796,out/images/train/train_003796.jpg,True
train,train_003797,out/images/train/train_003797.jpg,True
train,train_003798,out/images/train/train_003798.jpg,True
train,train_003799,out/images/train/train_003799.jpg,True
train,train_003800,out/images/train/train_003800.jpg,True
train,train_003801,out/images/train/train_003801.jpg,True
train,train_003802,out/images/train/train_003802.jpg,True
train,train_003803,out/images/train/train_003803.jpg,True
train,train_003804,out/images/train/train_003804.jpg,True
train,train_003805,out/images/train/train_003805.jpg,True
train,train_003806,out/images/train/train_003806.jpg,True
train,train_003807,out/images/train/train_003807.jpg,True
train,train_003808,out/images/train/train_003808.jpg,True
train,train_003809,out/images/train/train_003809.jpg,True
train,train_003810,out/images/train/train_003810.jpg,True
train,train_003811,out/images/train/train_003811.jpg,True
train,train_003812,out/images/train/train_003812.jpg,True
train,train_003813,out/images/train/train_003813.jpg,True
train,train_003814,out/images/train/train_003814.jpg,True
train,train_003815,out/images/train/train_003815.jpg,True
train,train_003816,out/images/train/train_003816.jpg,True
train,train_003817,out/images/train/train_003817.jpg,True
train,train_003818,out/images/train/train_003818.jpg,True
train,train_003819,out/images/train/train_003819.jpg,True
train,train_003820,out/images/train/train_003820.jpg,True
train,train_003821,out/images/train/train_003821.jpg,True
train,train_003822,out/images/train/train_003822.jpg,True
train,train_003823,out/images/train/train_003823.jpg,True
train,train_003824,out/images/train/train_003824.jpg,True
train,train_003825,out/images/train/train_003825.jpg,True
train,train_003826,out/images/train/train_003826.jpg,True
train,train_003827,out/images/train/train_003827.jpg,True
train,train_003828,out/images/train/train_003828.jpg,True
train,train_003829,out/images/train/train_003829.jpg,True
train,train_003830,out/images/train/train_003830.jpg,True
train,train_003831,out/images/train/train_003831.jpg,True
train,train_003832,out/images/train/train_003832.jpg,True
train,train_003833,out/images/train/train_003833.jpg,True
train,train_003834,out/images/train/train_003834.jpg,True
train,train_003835,out/images/train/train_003835.jpg,True
train,train_003836,out/images/train/train_003836.jpg,True
train,train_003837,out/images/train/train_003837.jpg,True
train,train_003838,out/images/train/train_003838.jpg,True
train,train_003839,out/images/train/train_003839.jpg,True
train,train_003840,out/images/train/train_003840.jpg,True
train,train_003841,out/images/train/train_003841.jpg,True
train,train_003842,out/images/train/train_003842.jpg,True
train,train_003843,out/images/train/train_003843.jpg,True
train,train_003844,out/images/train/train_003844.jpg,True
train,train_003845,out/images/train/train_003845.jpg,True
train,train_003846,out/images/train/train_003846.jpg,True
train,train_003847,out/images/train/train_003847.jpg,True
train,train_003848,out/images/train/train_003848.jpg,True
train,train_003849,out/images/train/train_003849.jpg,True
train,train_003850,out/images/train/train_003850.jpg,True
train,train_003851,out/images/train/train_003851.jpg,True
train,train_003852,out/images/train/train_003852.jpg,True
train,train_003853,out/images/train/train_003853.jpg,True
train,train_003854,out/images/train/train_003854.jpg,True
train,train_003855,out/images/train/train_003855.jpg,True
train,train_003856,out/images/train/train_003856.jpg,True
train,train_003857,out/images/train/train_003857.jpg,True
train,train_003858,out/images/train/train_003858.jpg,True
train,train_003859,out/images/train/train_003859.jpg,True
train,train_003860,out/images/train/train_003860.jpg,True
train,train_003861,out/images/train/train_003861.jpg,True
train,train_003862,out/images/train/train_003862.jpg,True
train,train_003863,out/images/train/train_003863.jpg,True
train,train_003864,out/images/train/train_003864.jpg,True
train,train_003865,out/images/train/train_003865.jpg,True
train,train_003866,out/images/train/train_003866.jpg,True
train,train_003867,out/images/train/train_003867.jpg,True
train,train_003868,out/images/train/train_003868.jpg,True
train,train_003869,out/images/train/train_003869.jpg,True
train,train_003870,out/images/train/train_003870.jpg,True
train,train_003871,out/images/train/train_003871.jpg,True
train,train_003872,out/images/train/train_003872.jpg,True
train,train_003873,out/images/train/train_003873.jpg,True
train,train_003874,out/images/train/train_003874.jpg,True
train,train_003875,out/images/train/train_003875.jpg,True
train,train_003876,out/images/train/train_003876.jpg,True
train,train_003877,out/images/train/train_003877.jpg,True
train,train_003878,out/images/train/train_003878.jpg,True
train,train_003879,out/images/train/train_003879.jpg,True
train,train_003880,out/images/train/train_003880.jpg,True
train,train_003881,out/images/train/train_003881.jpg,True
train,train_003882,out/images/train/train_003882.jpg,True
train,train_003883,out/images/train/train_003883.jpg,True
train,train_003884,out/images/train/train_003884.jpg,True
train,train_003885,out/images/train/train_003885.jpg,True
train,train_003886,out/images/train/train_003886.jpg,True
train,train_003887,out/images/train/train_003887.jpg,True
train,train_003888,out/images/train/train_003888.jpg,True
train,train_003889,out/images/train/train_003889.jpg,True
train,train_003890,out/images/train/train_003890.jpg,True
train,train_003891,out/images/train/train_003891.jpg,True
train,train_003892,out/images/train/train_003892.jpg,True
train,train_003893,out/images/train/train_003893.jpg,True
train,train_003894,out/images/train/train_003894.jpg,True
train,train_003895,out/images/train/train_003895.jpg,True
train,train_003896,out/images/train/train_003896.jpg,True
train,train_003897,out/images/train/train_003897.jpg,True
train,train_003898,out/images/train/train_003898.jpg,True
train,train_003899,out/images/train/train_003899.jpg,True
train,train_003900,out/images/train/train_003900.jpg,True
train,train_003901,out/images/train/train_003901.jpg,True
train,train_003902,out/images/train/train_003902.jpg,True
train,train_003903,out/images/train/train_003903.jpg,True
train,train_003904,out/images/train/train_003904.jpg,True
train,train_003905,out/images/train/train_003905.jpg,True
train,train_003906,out/images/train/train_003906.jpg,True
train,train_003907,out/images/train/train_003907.jpg,True
train,train_003908,out/images/train/train_003908.jpg,True
train,train_003909,out/images/train/train_003909.jpg,True
train,train_003910,out/images/train/train_003910.jpg,True
train,train_003911,out/images/train/train_003911.jpg,True
train,train_003912,out/images/train/train_003912.jpg,True
train,train_003913,out/images/train/train_003913.jpg,True
train,train_003914,out/images/train/train_003914.jpg,True
train,train_003915,out/images/train/train_003915.jpg,True
train,train_003916,out/images/train/train_003916.jpg,True
train,train_003917,out/images/train/train_003917.jpg,True
train,train_003918,out/images/train/train_003918.jpg,True
train,train_003919,out/images/train/train_003919.jpg,True
train,train_003920,out/images/train/train_003920.jpg,True
train,train_003921,out/images/train/train_003921.jpg,True
train,train_003922,out/images/train/train_003922.jpg,True
train,train_003923,out/images/train/train_003923.jpg,True
train,train_003924,out/images/train/train_003924.jpg,True
train,train_003925,out/images/train/train_003925.jpg,True
train,train_003926,out/images/train/train_003926.jpg,True
train,train_003927,out/images/train/train_003927.jpg,True
train,train_003928,out/images/train/train_003928.jpg,True
train,train_003929,out/images/train/train_003929.jpg,True
train,train_003930,out/images/train/train_003930.jpg,True
train,train_003931,out/images/train/train_003931.jpg,True
train,train_003932,out/images/train/train_003932.jpg,True
train,train_003933,out/images/train/train_003933.jpg,True
train,train_003934,out/images/train/train_003934.jpg,True
train,train_003935,out/images/train/train_003935.jpg,True
train,train_003936,out/images/train/train_003936.jpg,True
train,train_003937,out/images/train/train_003937.jpg,True
train,train_003938,out/images/train/train_003938.jpg,True
train,train_003939,out/images/train/train_003939.jpg,True
train,train_003940,out/images/train/train_003940.jpg,True
train,train_003941,out/images/train/train_003941.jpg,True
train,train_003942,out/images/train/train_003942.jpg,True
train,train_003943,out/images/train/train_003943.jpg,True
train,train_003944,out/images/train/train_003944.jpg,True
train,train_003945,out/images/train/train_003945.jpg,True
train,train_003946,out/images/train/train_003946.jpg,True
train,train_003947,out/images/train/train_003947.jpg,True
train,train_003948,out/images/train/train_003948.jpg,True
train,train_003949,out/images/train/train_003949.jpg,True
train,train_003950,out/images/train/train_003950.jpg,True
train,train_003951,out/images/train/train_003951.jpg,True
train,train_003952,out/images/train/train_003952.jpg,True
train,train_003953,out/images/train/train_003953.jpg,True
train,train_003954,out/images/train/train_003954.jpg,True
train,train_003955,out/images/train/train_003955.jpg,True
train,train_003956,out/images/train/train_003956.jpg,True
train,train_003957,out/images/train/train_003957.jpg,True
train,train_003958,out/images/train/train_003958.jpg,True
train,train_003959,out/images/train/train_003959.jpg,True
train,train_003960,out/images/train/train_003960.jpg,True
train,train_003961,out/images/train/train_003961.jpg,True
train,train_003962,out/images/train/train_003962.jpg,True
train,train_003963,out/images/train/train_003963.jpg,True
train,train_003964,out/images/train/train_003964.jpg,True
train,train_003965,out/images/train/train_003965.jpg,True
train,train_003966,out/images/train/train_003966.jpg,True
train,train_003967,out/images/train/train_003967.jpg,True
train,train_003968,out/images/train/train_003968.jpg,True
train,train_003969,out/images/train/train_003969.jpg,True
train,train_003970,out/images/train/train_003970.jpg,True
train,train_003971,out/images/train/train_003971.jpg,True
train,train_003972,out/images/train/train_003972.jpg,True
train,train_003973,out/images/train/train_003973.jpg,True
train,train_003974,out/images/train/train_003974.jpg,True
train,train_003975,out/images/train/train_003975.jpg,True
train,train_003976,out/images/train/train_003976.jpg,True
train,train_003977,out/images/train/train_003977.jpg,True
train,train_003978,out/images/train/train_003978.jpg,True
train,train_003979,out/images/train/train_003979.jpg,True
train,train_003980,out/images/train/train_003980.jpg,True
train,train_003981,out/images/train/train_003981.jpg,True
train,train_003982,out/images/train/train_003982.jpg,True
train,train_003983,out/images/train/train_003983.jpg,True
train,train_003984,out/images/train/train_003984.jpg,True
train,train_003985,out/images/train/train_003985.jpg,True
train,train_003986,out/images/train/train_003986.jpg,True
train,train_003987,out/images/train/train_003987.jpg,True
train,train_003988,out/images/train/train_003988.jpg,True
train,train_003989,out/images/train/train_003989.jpg,True
train,train_003990,out/images/train/train_003990.jpg,True
train,train_003991,out/images/train/train_003991.jpg,True
train,train_003992,out/images/train/train_003992.jpg,True
train,train_003993,out/images/train/train_003993.jpg,True
train,train_003994,out/images/train/train_003994.jpg,True
train,train_003995,out/images/train/train_003995.jpg,True
train,train_003996,out/images/train/train_003996.jpg,True
train,train_003997,out/images/train/train_003997.jpg,True
train,train_003998,out/images/train/train_003998.jpg,True
train,train_003999,out/images/train/train_003999.jpg,True
train,train_004000,out/images/train/train_004000.jpg,True
train,train_004001,out/images/train/train_004001.jpg,True
train,train_004002,out/images/train/train_004002.jpg,True
train,train_004003,out/images/train/train_004003.jpg,True
train,train_004004,out/images/train/train_004004.jpg,True
train,train_004005,out/images/train/train_004005.jpg,True
train,train_004006,out/images/train/train_004006.jpg,True
train,train_004007,out/images/train/train_004007.jpg,True
train,train_004008,out/images/train/train_004008.jpg,True
train,train_004009,out/images/train/train_004009.jpg,True
train,train_004010,out/images/train/train_004010.jpg,True
train,train_004011,out/images/train/train_004011.jpg,True
train,train_004012,out/images/train/train_004012.jpg,True
train,train_004013,out/images/train/train_004013.jpg,True
train,train_004014,out/images/train/train_004014.jpg,True
train,train_004015,out/images/train/train_004015.jpg,True
train,train_004016,out/images/train/train_004016.jpg,True
train,train_004017,out/images/train/train_004017.jpg,True
train,train_004018,out/images/train/train_004018.jpg,True
train,train_004019,out/images/train/train_004019.jpg,True
train,train_004020,out/images/train/train_004020.jpg,True
train,train_004021,out/images/train/train_004021.jpg,True
train,train_004022,out/images/train/train_004022.jpg,True
train,train_004023,out/images/train/train_004023.jpg,True
train,train_004024,out/images/train/train_004024.jpg,True
train,train_004025,out/images/train/train_004025.jpg,True
train,train_004026,out/images/train/train_004026.jpg,True
train,train_004027,out/images/train/train_004027.jpg,True
train,train_004028,out/images/train/train_004028.jpg,True
train,train_004029,out/images/train/train_004029.jpg,True
train,train_004030,out/images/train/train_004030.jpg,True
train,train_004031,out/images/train/train_004031.jpg,True
train,train_004032,out/images/train/train_004032.jpg,True
train,train_004033,out/images/train/train_004033.jpg,True
train,train_004034,out/images/train/train_004034.jpg,True
train,train_004035,out/images/train/train_004035.jpg,True
train,train_004036,out/images/train/train_004036.jpg,True
train,train_004037,out/images/train/train_004037.jpg,True
train,train_004038,out/images/train/train_004038.jpg,True
train,train_004039,out/images/train/train_004039.jpg,True
train,train_004040,out/images/train/train_004040.jpg,True
train,train_004041,out/images/train/train_004041.jpg,True
train,train_004042,out/images/train/train_004042.jpg,True
train,train_004043,out/images/train/train_004043.jpg,True
train,train_004044,out/images/train/train_004044.jpg,True
train,train_004045,out/images/train/train_004045.jpg,True
train,train_004046,out/images/train/train_004046.jpg,True
train,train_004047,out/images/train/train_004047.jpg,True
train,train_004048,out/images/train/train_004048.jpg,True
train,train_004049,out/images/train/train_004049.jpg,True
train,train_004050,out/images/train/train_004050.jpg,True
train,train_004051,out/images/train/train_004051.jpg,True
train,train_004052,out/images/train/train_004052.jpg,True
train,train_004053,out/images/train/train_004053.jpg,True
train,train_004054,out/images/train/train_004054.jpg,True
train,train_004055,out/images/train/train_004055.jpg,True
train,train_004056,out/images/train/train_004056.jpg,True
train,train_004057,out/images/train/train_004057.jpg,True
train,train_004058,out/images/train/train_004058.jpg,True
train,train_004059,out/images/train/train_004059.jpg,True
train,train_004060,out/images/train/train_004060.jpg,True
train,train_004061,out/images/train/train_004061.jpg,True
train,train_004062,out/images/train/train_004062.jpg,True
train,train_004063,out/images/train/train_004063.jpg,True
train,train_004064,out/images/train/train_004064.jpg,True
train,train_004065,out/images/train/train_004065.jpg,True
train,train_004066,out/images/train/train_004066.jpg,True
train,train_004067,out/images/train/train_004067.jpg,True
train,train_004068,out/images/train/train_004068.jpg,True
train,train_004069,out/images/train/train_004069.jpg,True
train,train_004070,out/images/train/train_004070.jpg,True
train,train_004071,out/images/train/train_004071.jpg,True
train,train_004072,out/images/train/train_004072.jpg,True
train,train_004073,out/images/train/train_004073.jpg,True
train,train_004074,out/images/train/train_004074.jpg,True
train,train_004075,out/images/train/train_004075.jpg,True
train,train_004076,out/images/train/train_004076.jpg,True
train,train_004077,out/images/train/train_004077.jpg,True
train,train_004078,out/images/train/train_004078.jpg,True
train,train_004079,out/images/train/train_004079.jpg,True
train,train_004080,out/images/train/train_004080.jpg,True
train,train_004081,out/images/train/train_004081.jpg,True
train,train_004082,out/images/train/train_004082.jpg,True
train,train_004083,out/images/train/train_004083.jpg,True
train,train_004084,out/images/train/train_004084.jpg,True
train,train_004085,out/images/train/train_004085.jpg,True
train,train_004086,out/images/train/train_004086.jpg,True
train,train_004087,out/images/train/train_004087.jpg,True
train,train_004088,out/images/train/train_004088.jpg,True
train,train_004089,out/images/train/train_004089.jpg,True
train,train_004090,out/images/train/train_004090.jpg,True
train,train_004091,out/images/train/train_004091.jpg,True
train,train_004092,out/images/train/train_004092.jpg,True
train,train_004093,out/images/train/train_004093.jpg,True
train,train_004094,out/images/train/train_004094.jpg,True
train,train_004095,out/images/train/train_004095.jpg,True
train,train_004096,out/images/train/train_004096.jpg,True
train,train_004097,out/images/train/train_004097.jpg,True
train,train_004098,out/images/train/train_004098.jpg,True
train,train_004099,out/images/train/train_004099.jpg,True
train,train_004100,out/images/train/train_004100.jpg,True
train,train_004101,out/images/train/train_004101.jpg,True
train,train_004102,out/images/train/train_004102.jpg,True
train,train_004103,out/images/train/train_004103.jpg,True
train,train_004104,out/images/train/train_004104.jpg,True
train,train_004105,out/images/train/train_004105.jpg,True
train,train_004106,out/images/train/train_004106.jpg,True
train,train_004107,out/images/train/train_004107.jpg,True
train,train_004108,out/images/train/train_004108.jpg,True
train,train_004109,out/images/train/train_004109.jpg,True
train,train_004110,out/images/train/train_004110.jpg,True
train,train_004111,out/images/train/train_004111.jpg,True
train,train_004112,out/images/train/train_004112.jpg,True
train,train_004113,out/images/train/train_004113.jpg,True
train,train_004114,out/images/train/train_004114.jpg,True
train,train_004115,out/images/train/train_004115.jpg,True
train,train_004116,out/images/train/train_004116.jpg,True
train,train_004117,out/images/train/train_004117.jpg,True
train,train_004118,out/images/train/train_004118.jpg,True
train,train_004119,out/images/train/train_004119.jpg,True
train,train_004120,out/images/train/train_004120.jpg,True
train,train_004121,out/images/train/train_004121.jpg,True
train,train_004122,out/images/train/train_004122.jpg,True
train,train_004123,out/images/train/train_004123.jpg,True
train,train_004124,out/images/train/train_004124.jpg,True
train,train_004125,out/images/train/train_004125.jpg,True
train,train_004126,out/images/train/train_004126.jpg,True
train,train_004127,out/images/train/train_004127.jpg,True
train,train_004128,out/images/train/train_004128.jpg,True
train,train_004129,out/images/train/train_004129.jpg,True
train,train_004130,out/images/train/train_004130.jpg,True
train,train_004131,out/images/train/train_004131.jpg,True
train,train_004132,out/images/train/train_004132.jpg,True
train,train_004133,out/images/train/train_004133.jpg,True
train,train_004134,out/images/train/train_004134.jpg,True
train,train_004135,out/images/train/train_004135.jpg,True
train,train_004136,out/images/train/train_004136.jpg,True
train,train_004137,out/images/train/train_004137.jpg,True
train,train_004138,out/images/train/train_004138.jpg,True
train,train_004139,out/images/train/train_004139.jpg,True
train,train_004140,out/images/train/train_004140.jpg,True
train,train_004141,out/images/train/train_004141.jpg,True
train,train_004142,out/images/train/train_004142.jpg,True
train,train_004143,out/images/train/train_004143.jpg,True
train,train_004144,out/images/train/train_004144.jpg,True
train,train_004145,out/images/train/train_004145.jpg,True
train,train_004146,out/images/train/train_004146.jpg,True
train,train_004147,out/images/train/train_004147.jpg,True
train,train_004148,out/images/train/train_004148.jpg,True
train,train_004149,out/images/train/train_004149.jpg,True
train,train_004150,out/images/train/train_004150.jpg,True
train,train_004151,out/images/train/train_004151.jpg,True
train,train_004152,out/images/train/train_004152.jpg,True
train,train_004153,out/images/train/train_004153.jpg,True
train,train_004154,out/images/train/train_004154.jpg,True
train,train_004155,out/images/train/train_004155.jpg,True
train,train_004156,out/images/train/train_004156.jpg,True
train,train_004157,out/images/train/train_004157.jpg,True
train,train_004158,out/images/train/train_004158.jpg,True
train,train_004159,out/images/train/train_004159.jpg,True
train,train_004160,out/images/train/train_004160.jpg,True
train,train_004161,out/images/train/train_004161.jpg,True
train,train_004162,out/images/train/train_004162.jpg,True
train,train_004163,out/images/train/train_004163.jpg,True
train,train_004164,out/images/train/train_004164.jpg,True
train,train_004165,out/images/train/train_004165.jpg,True
train,train_004166,out/images/train/train_004166.jpg,True
train,train_004167,out/images/train/train_004167.jpg,True
train,train_004168,out/images/train/train_004168.jpg,True
train,train_004169,out/images/train/train_004169.jpg,True
train,train_004170,out/images/train/train_004170.jpg,True
train,train_004171,out/images/train/train_004171.jpg,True
train,train_004172,out/images/train/train_004172.jpg,True
train,train_004173,out/images/train/train_004173.jpg,True
train,train_004174,out/images/train/train_004174.jpg,True
train,train_004175,out/images/train/train_004175.jpg,True
train,train_004176,out/images/train/train_004176.jpg,True
train,train_004177,out/images/train/train_004177.jpg,True
train,train_004178,out/images/train/train_004178.jpg,True
train,train_004179,out/images/train/train_004179.jpg,True
train,train_004180,out/images/train/train_004180.jpg,True
train,train_004181,out/images/train/train_004181.jpg,True
train,train_004182,out/images/train/train_004182.jpg,True
train,train_004183,out/images/train/train_004183.jpg,True
train,train_004184,out/images/train/train_004184.jpg,True
train,train_004185,out/images/train/train_004185.jpg,True
train,train_004186,out/images/train/train_004186.jpg,True
train,train_004187,out/images/train/train_004187.jpg,True
train,train_004188,out/images/train/train_004188.jpg,True
train,train_004189,out/images/train/train_004189.jpg,True
train,train_004190,out/images/train/train_004190.jpg,True
train,train_004191,out/images/train/train_004191.jpg,True
train,train_004192,out/images/train/train_004192.jpg,True
train,train_004193,out/images/train/train_004193.jpg,True
train,train_004194,out/images/train/train_004194.jpg,True
train,train_004195,out/images/train/train_004195.jpg,True
train,train_004196,out/images/train/train_004196.jpg,True
train,train_004197,out/images/train/train_004197.jpg,True
train,train_004198,out/images/train/train_004198.jpg,True
train,train_004199,out/images/train/train_004199.jpg,True
train,train_004200,out/images/train/train_004200.jpg,True
train,train_004201,out/images/train/train_004201.jpg,True
train,train_004202,out/images/train/train_004202.jpg,True
train,train_004203,out/images/train/train_004203.jpg,True
train,train_004204,out/images/train/train_004204.jpg,True
train,train_004205,out/images/train/train_004205.jpg,True
train,train_004206,out/images/train/train_004206.jpg,True
train,train_004207,out/images/train/train_004207.jpg,True
train,train_004208,out/images/train/train_004208.jpg,True
train,train_004209,out/images/train/train_004209.jpg,True
train,train_004210,out/images/train/train_004210.jpg,True
train,train_004211,out/images/train/train_004211.jpg,True
train,train_004212,out/images/train/train_004212.jpg,True
train,train_004213,out/images/train/train_004213.jpg,True
train,train_004214,out/images/train/train_004214.jpg,True
train,train_004215,out/images/train/train_004215.jpg,True
train,train_004216,out/images/train/train_004216.jpg,True
train,train_004217,out/images/train/train_004217.jpg,True
train,train_004218,out/images/train/train_004218.jpg,True
train,train_004219,out/images/train/train_004219.jpg,True
train,train_004220,out/images/train/train_004220.jpg,True
train,train_004221,out/images/train/train_004221.jpg,True
train,train_004222,out/images/train/train_004222.jpg,True
train,train_004223,out/images/train/train_004223.jpg,True
train,train_004224,out/images/train/train_004224.jpg,True
train,train_004225,out/images/train/train_004225.jpg,True
train,train_004226,out/images/train/train_004226.jpg,True
train,train_004227,out/images/train/train_004227.jpg,True
train,train_004228,out/images/train/train_004228.jpg,True
train,train_004229,out/images/train/train_004229.jpg,True
train,train_004230,out/images/train/train_004230.jpg,True
train,train_004231,out/images/train/train_004231.jpg,True
train,train_004232,out/images/train/train_004232.jpg,True
train,train_004233,out/images/train/train_004233.jpg,True
train,train_004234,out/images/train/train_004234.jpg,True
train,train_004235,out/images/train/train_004235.jpg,True
train,train_004236,out/images/train/train_004236.jpg,True
train,train_004237,out/images/train/train_004237.jpg,True
train,train_004238,out/images/train/train_004238.jpg,True
train,train_004239,out/images/train/train_004239.jpg,True
train,train_004240,out/images/train/train_004240.jpg,True
train,train_004241,out/images/train/train_004241.jpg,True
train,train_004242,out/images/train/train_004242.jpg,True
train,train_004243,out/images/train/train_004243.jpg,True
train,train_004244,out/images/train/train_004244.jpg,True
train,train_004245,out/images/train/train_004245.jpg,True
train,train_004246,out/images/train/train_004246.jpg,True
train,train_004247,out/images/train/train_004247.jpg,True
train,train_004248,out/images/train/train_004248.jpg,True
train,train_004249,out/images/train/train_004249.jpg,True
train,train_004250,out/images/train/train_004250.jpg,True
train,train_004251,out/images/train/train_004251.jpg,True
train,train_004252,out/images/train/train_004252.jpg,True
train,train_004253,out/images/train/train_004253.jpg,True
train,train_004254,out/images/train/train_004254.jpg,True
train,train_004255,out/images/train/train_004255.jpg,True
train,train_004256,out/images/train/train_004256.jpg,True
train,train_004257,out/images/train/train_004257.jpg,True
train,train_004258,out/images/train/train_004258.jpg,True
train,train_004259,out/images/train/train_004259.jpg,True
train,train_004260,out/images/train/train_004260.jpg,True
train,train_004261,out/images/train/train_004261.jpg,True
train,train_004262,out/images/train/train_004262.jpg,True
train,train_004263,out/images/train/train_004263.jpg,True
train,train_004264,out/images/train/train_004264.jpg,True
train,train_004265,out/images/train/train_004265.jpg,True
train,train_004266,out/images/train/train_004266.jpg,True
train,train_004267,out/images/train/train_004267.jpg,True
train,train_004268,out/images/train/train_004268.jpg,True
train,train_004269,out/images/train/train_004269.jpg,True
train,train_004270,out/images/train/train_004270.jpg,True
train,train_004271,out/images/train/train_004271.jpg,True
train,train_004272,out/images/train/train_004272.jpg,True
train,train_004273,out/images/train/train_004273.jpg,True
train,train_004274,out/images/train/train_004274.jpg,True
train,train_004275,out/images/train/train_004275.jpg,True
train,train_004276,out/images/train/train_004276.jpg,True
train,train_004277,out/images/train/train_004277.jpg,True
train,train_004278,out/images/train/train_004278.jpg,True
train,train_004279,out/images/train/train_004279.jpg,True
train,train_004280,out/images/train/train_004280.jpg,True
train,train_004281,out/images/train/train_004281.jpg,True
train,train_004282,out/images/train/train_004282.jpg,True
train,train_004283,out/images/train/train_004283.jpg,True
train,train_004284,out/images/train/train_004284.jpg,True
train,train_004285,out/images/train/train_004285.jpg,True
train,train_004286,out/images/train/train_004286.jpg,True
train,train_004287,out/images/train/train_004287.jpg,True
train,train_004288,out/images/train/train_004288.jpg,True
train,train_004289,out/images/train/train_004289.jpg,True
train,train_004290,out/images/train/train_004290.jpg,True
train,train_004291,out/images/train/train_004291.jpg,True
train,train_004292,out/images/train/train_004292.jpg,True
train,train_004293,out/images/train/train_004293.jpg,True
train,train_004294,out/images/train/train_004294.jpg,True
train,train_004295,out/images/train/train_004295.jpg,True
train,train_004296,out/images/train/train_004296.jpg,True
train,train_004297,out/images/train/train_004297.jpg,True
train,train_004298,out/images/train/train_004298.jpg,True
train,train_004299,out/images/train/train_004299.jpg,True
train,train_004300,out/images/train/train_004300.jpg,True
train,train_004301,out/images/train/train_004301.jpg,True
train,train_004302,out/images/train/train_004302.jpg,True
train,train_004303,out/images/train/train_004303.jpg,True
train,train_004304,out/images/train/train_004304.jpg,True
train,train_004305,out/images/train/train_004305.jpg,True
train,train_004306,out/images/train/train_004306.jpg,True
train,train_004307,out/images/train/train_004307.jpg,True
train,train_004308,out/images/train/train_004308.jpg,True
train,train_004309,out/images/train/train_004309.jpg,True
train,train_004310,out/images/train/train_004310.jpg,True
train,train_004311,out/images/train/train_004311.jpg,True
train,train_004312,out/images/train/train_004312.jpg,True
train,train_004313,out/images/train/train_004313.jpg,True
train,train_004314,out/images/train/train_004314.jpg,True
train,train_004315,out/images/train/train_004315.jpg,True
train,train_004316,out/images/train/train_004316.jpg,True
train,train_004317,out/images/train/train_004317.jpg,True
train,train_004318,out/images/train/train_004318.jpg,True
train,train_004319,out/images/train/train_004319.jpg,True
train,train_004320,out/images/train/train_004320.jpg,True
train,train_004321,out/images/train/train_004321.jpg,True
train,train_004322,out/images/train/train_004322.jpg,True
train,train_004323,out/images/train/train_004323.jpg,True
train,train_004324,out/images/train/train_004324.jpg,True
train,train_004325,out/images/train/train_004325.jpg,True
train,train_004326,out/images/train/train_004326.jpg,True
train,train_004327,out/images/train/train_004327.jpg,True
train,train_004328,out/images/train/train_004328.jpg,True
train,train_004329,out/images/train/train_004329.jpg,True
train,train_004330,out/images/train/train_004330.jpg,True
train,train_004331,out/images/train/train_004331.jpg,True
train,train_004332,out/images/train/train_004332.jpg,True
train,train_004333,out/images/train/train_004333.jpg,True
train,train_004334,out/images/train/train_004334.jpg,True
train,train_004335,out/images/train/train_004335.jpg,True
train,train_004336,out/images/train/train_004336.jpg,True
train,train_004337,out/images/train/train_004337.jpg,True
train,train_004338,out/images/train/train_004338.jpg,True
train,train_004339,out/images/train/train_004339.jpg,True
train,train_004340,out/images/train/train_004340.jpg,True
train,train_004341,out/images/train/train_004341.jpg,True
train,train_004342,out/images/train/train_004342.jpg,True
train,train_004343,out/images/train/train_004343.jpg,True
train,train_004344,out/images/train/train_004344.jpg,True
train,train_004345,out/images/train/train_004345.jpg,True
train,train_004346,out/images/train/train_004346.jpg,True
train,train_004347,out/images/train/train_004347.jpg,True
train,train_004348,out/images/train/train_004348.jpg,True
train,train_004349,out/images/train/train_004349.jpg,True
train,train_004350,out/images/train/train_004350.jpg,True
train,train_004351,out/images/train/train_004351.jpg,True
train,train_004352,out/images/train/train_004352.jpg,True
train,train_004353,out/images/train/train_004353.jpg,True
train,train_004354,out/images/train/train_004354.jpg,True
train,train_004355,out/images/train/train_004355.jpg,True
train,train_004356,out/images/train/train_004356.jpg,True
train,train_004357,out/images/train/train_004357.jpg,True
train,train_004358,out/images/train/train_004358.jpg,True
train,train_004359,out/images/train/train_004359.jpg,True
train,train_004360,out/images/train/train_004360.jpg,True
train,train_004361,out/images/train/train_004361.jpg,True
train,train_004362,out/images/train/train_004362.jpg,True
train,train_004363,out/images/train/train_004363.jpg,True
train,train_004364,out/images/train/train_004364.jpg,True
train,train_004365,out/images/train/train_004365.jpg,True
train,train_004366,out/images/train/train_004366.jpg,True
train,train_004367,out/images/train/train_004367.jpg,True
train,train_004368,out/images/train/train_004368.jpg,True
train,train_004369,out/images/train/train_004369.jpg,True
train,train_004370,out/images/train/train_004370.jpg,True
train,train_004371,out/images/train/train_004371.jpg,True
train,train_004372,out/images/train/train_004372.jpg,True
train,train_004373,out/images/train/train_004373.jpg,True
train,train_004374,out/images/train/train_004374.jpg,True
train,train_004375,out/images/train/train_004375.jpg,True
train,train_004376,out/images/train/train_004376.jpg,True
train,train_004377,out/images/train/train_004377.jpg,True
train,train_004378,out/images/train/train_004378.jpg,True
train,train_004379,out/images/train/train_004379.jpg,True
train,train_004380,out/images/train/train_004380.jpg,True
train,train_004381,out/images/train/train_004381.jpg,True
train,train_004382,out/images/train/train_004382.jpg,True
train,train_004383,out/images/train/train_004383.jpg,True
train,train_004384,out/images/train/train_004384.jpg,True
train,train_004385,out/images/train/train_004385.jpg,True
train,train_004386,out/images/train/train_004386.jpg,True
train,train_004387,out/images/train/train_004387.jpg,True
train,train_004388,out/images/train/train_004388.jpg,True
train,train_004389,out/images/train/train_004389.jpg,True
train,train_004390,out/images/train/train_004390.jpg,True
train,train_004391,out/images/train/train_004391.jpg,True
train,train_004392,out/images/train/train_004392.jpg,True
train,train_004393,out/images/train/train_004393.jpg,True
train,train_004394,out/images/train/train_004394.jpg,True
train,train_004395,out/images/train/train_004395.jpg,True
train,train_004396,out/images/train/train_004396.jpg,True
train,train_004397,out/images/train/train_004397.jpg,True
train,train_004398,out/images/train/train_004398.jpg,True
train,train_004399,out/images/train/train_004399.jpg,True
train,train_004400,out/images/train/train_004400.jpg,True
train,train_004401,out/images/train/train_004401.jpg,True
train,train_004402,out/images/train/train_004402.jpg,True
train,train_004403,out/images/train/train_004403.jpg,True
train,train_004404,out/images/train/train_004404.jpg,True
train,train_004405,out/images/train/train_004405.jpg,True
train,train_004406,out/images/train/train_004406.jpg,True
train,train_004407,out/images/train/train_004407.jpg,True
train,train_004408,out/images/train/train_004408.jpg,True
train,train_004409,out/images/train/train_004409.jpg,True
train,train_004410,out/images/train/train_004410.jpg,True
train,train_004411,out/images/train/train_004411.jpg,True
train,train_004412,out/images/train/train_004412.jpg,True
train,train_004413,out/images/train/train_004413.jpg,True
train,train_004414,out/images/train/train_004414.jpg,True
train,train_004415,out/images/train/train_004415.jpg,True
train,train_004416,out/images/train/train_004416.jpg,True
train,train_004417,out/images/train/train_004417.jpg,True
train,train_004418,out/images/train/train_004418.jpg,True
train,train_004419,out/images/train/train_004419.jpg,True
train,train_004420,out/images/train/train_004420.jpg,True
train,train_004421,out/images/train/train_004421.jpg,True
train,train_004422,out/images/train/train_004422.jpg,True
train,train_004423,out/images/train/train_004423.jpg,True
train,train_004424,out/images/train/train_004424.jpg,True
train,train_004425,out/images/train/train_004425.jpg,True
train,train_004426,out/images/train/train_004426.jpg,True
train,train_004427,out/images/train/train_004427.jpg,True
train,train_004428,out/images/train/train_004428.jpg,True
train,train_004429,out/images/train/train_004429.jpg,True
train,train_004430,out/images/train/train_004430.jpg,True
train,train_004431,out/images/train/train_004431.jpg,True
train,train_004432,out/images/train/train_004432.jpg,True
train,train_004433,out/images/train/train_004433.jpg,True
train,train_004434,out/images/train/train_004434.jpg,True
train,train_004435,out/images/train/train_004435.jpg,True
train,train_004436,out/images/train/train_004436.jpg,True
train,train_004437,out/images/train/train_004437.jpg,True
train,train_004438,out/images/train/train_004438.jpg,True
train,train_004439,out/images/train/train_004439.jpg,True
train,train_004440,out/images/train/train_004440.jpg,True
train,train_004441,out/images/train/train_004441.jpg,True
train,train_004442,out/images/train/train_004442.jpg,True
train,train_004443,out/images/train/train_004443.jpg,True
train,train_004444,out/images/train/train_004444.jpg,True
train,train_004445,out/images/train/train_004445.jpg,True
train,train_004446,out/images/train/train_004446.jpg,True
train,train_004447,out/images/train/train_004447.jpg,True
train,train_004448,out/images/train/train_004448.jpg,True
train,train_004449,out/images/train/train_004449.jpg,True
train,train_004450,out/images/train/train_004450.jpg,True
train,train_004451,out/images/train/train_004451.jpg,True
train,train_004452,out/images/train/train_004452.jpg,True
train,train_004453,out/images/train/train_004453.jpg,True
train,train_004454,out/images/train/train_004454.jpg,True
train,train_004455,out/images/train/train_004455.jpg,True
train,train_004456,out/images/train/train_004456.jpg,True
train,train_004457,out/images/train/train_004457.jpg,True
train,train_004458,out/images/train/train_004458.jpg,True
train,train_004459,out/images/train/train_004459.jpg,True
train,train_004460,out/images/train/train_004460.jpg,True
train,train_004461,out/images/train/train_004461.jpg,True
train,train_004462,out/images/train/train_004462.jpg,True
train,train_004463,out/images/train/train_004463.jpg,True
train,train_004464,out/images/train/train_004464.jpg,True
train,train_004465,out/images/train/train_004465.jpg,True
train,train_004466,out/images/train/train_004466.jpg,True
train,train_004467,out/images/train/train_004467.jpg,True
train,train_004468,out/images/train/train_004468.jpg,True
train,train_004469,out/images/train/train_004469.jpg,True
train,train_004470,out/images/train/train_004470.jpg,True
train,train_004471,out/images/train/train_004471.jpg,True
train,train_004472,out/images/train/train_004472.jpg,True
train,train_004473,out/images/train/train_004473.jpg,True
train,train_004474,out/images/train/train_004474.jpg,True
train,train_004475,out/images/train/train_004475.jpg,True
train,train_004476,out/images/train/train_004476.jpg,True
train,train_004477,out/images/train/train_004477.jpg,True
train,train_004478,out/images/train/train_004478.jpg,True
train,train_004479,out/images/train/train_004479.jpg,True
train,train_004480,out/images/train/train_004480.jpg,True
train,train_004481,out/images/train/train_004481.jpg,True
train,train_004482,out/images/train/train_004482.jpg,True
train,train_004483,out/images/train/train_004483.jpg,True
train,train_004484,out/images/train/train_004484.jpg,True
train,train_004485,out/images/train/train_004485.jpg,True
train,train_004486,out/images/train/train_004486.jpg,True
train,train_004487,out/images/train/train_004487.jpg,True
train,train_004488,out/images/train/train_004488.jpg,True
train,train_004489,out/images/train/train_004489.jpg,True
train,train_004490,out/images/train/train_004490.jpg,True
train,train_004491,out/images/train/train_004491.jpg,True
train,train_004492,out/images/train/train_004492.jpg,True
train,train_004493,out/images/train/train_004493.jpg,True
train,train_004494,out/images/train/train_004494.jpg,True
train,train_004495,out/images/train/train_004495.jpg,True
train,train_004496,out/images/train/train_004496.jpg,True
train,train_004497,out/images/train/train_004497.jpg,True
train,train_004498,out/images/train/train_004498.jpg,True
train,train_004499,out/images/train/train_004499.jpg,True
train,train_004500,out/images/train/train_004500.jpg,True
train,train_004501,out/images/train/train_004501.jpg,True
train,train_004502,out/images/train/train_004502.jpg,True
train,train_004503,out/images/train/train_004503.jpg,True
train,train_004504,out/images/train/train_004504.jpg,True
train,train_004505,out/images/train/train_004505.jpg,True
train,train_004506,out/images/train/train_004506.jpg,True
train,train_004507,out/images/train/train_004507.jpg,True
train,train_004508,out/images/train/train_004508.jpg,True
train,train_004509,out/images/train/train_004509.jpg,True
train,train_004510,out/images/train/train_004510.jpg,True
train,train_004511,out/images/train/train_004511.jpg,True
train,train_004512,out/images/train/train_004512.jpg,True
train,train_004513,out/images/train/train_004513.jpg,True
train,train_004514,out/images/train/train_004514.jpg,True
train,train_004515,out/images/train/train_004515.jpg,True
train,train_004516,out/images/train/train_004516.jpg,True
train,train_004517,out/images/train/train_004517.jpg,True
train,train_004518,out/images/train/train_004518.jpg,True
train,train_004519,out/images/train/train_004519.jpg,True
train,train_004520,out/images/train/train_004520.jpg,True
train,train_004521,out/images/train/train_004521.jpg,True
train,train_004522,out/images/train/train_004522.jpg,True
train,train_004523,out/images/train/train_004523.jpg,True
train,train_004524,out/images/train/train_004524.jpg,True
train,train_004525,out/images/train/train_004525.jpg,True
train,train_004526,out/images/train/train_004526.jpg,True
train,train_004527,out/images/train/train_004527.jpg,True
train,train_004528,out/images/train/train_004528.jpg,True
train,train_004529,out/images/train/train_004529.jpg,True
train,train_004530,out/images/train/train_004530.jpg,True
train,train_004531,out/images/train/train_004531.jpg,True
train,train_004532,out/images/train/train_004532.jpg,True
train,train_004533,out/images/train/train_004533.jpg,True
train,train_004534,out/images/train/train_004534.jpg,True
train,train_004535,out/images/train/train_004535.jpg,True
train,train_004536,out/images/train/train_004536.jpg,True
train,train_004537,out/images/train/train_004537.jpg,True
train,train_004538,out/images/train/train_004538.jpg,True
train,train_004539,out/images/train/train_004539.jpg,True
train,train_004540,out/images/train/train_004540.jpg,True
train,train_004541,out/images/train/train_004541.jpg,True
train,train_004542,out/images/train/train_004542.jpg,True
train,train_004543,out/images/train/train_004543.jpg,True
train,train_004544,out/images/train/train_004544.jpg,True
train,train_004545,out/images/train/train_004545.jpg,True
train,train_004546,out/images/train/train_004546.jpg,True
train,train_004547,out/images/train/train_004547.jpg,True
train,train_004548,out/images/train/train_004548.jpg,True
train,train_004549,out/images/train/train_004549.jpg,True
train,train_004550,out/images/train/train_004550.jpg,True
train,train_004551,out/images/train/train_004551.jpg,True
train,train_004552,out/images/train/train_004552.jpg,True
train,train_004553,out/images/train/train_004553.jpg,True
train,train_004554,out/images/train/train_004554.jpg,True
train,train_004555,out/images/train/train_004555.jpg,True
train,train_004556,out/images/train/train_004556.jpg,True
train,train_004557,out/images/train/train_004557.jpg,True
train,train_004558,out/images/train/train_004558.jpg,True
train,train_004559,out/images/train/train_004559.jpg,True
train,train_004560,out/images/train/train_004560.jpg,True
train,train_004561,out/images/train/train_004561.jpg,True
train,train_004562,out/images/train/train_004562.jpg,True
train,train_004563,out/images/train/train_004563.jpg,True
train,train_004564,out/images/train/train_004564.jpg,True
train,train_004565,out/images/train/train_004565.jpg,True
train,train_004566,out/images/train/train_004566.jpg,True
train,train_004567,out/images/train/train_004567.jpg,True
train,train_004568,out/images/train/train_004568.jpg,True
train,train_004569,out/images/train/train_004569.jpg,True
train,train_004570,out/images/train/train_004570.jpg,True
train,train_004571,out/images/train/train_004571.jpg,True
train,train_004572,out/images/train/train_004572.jpg,True
train,train_004573,out/images/train/train_004573.jpg,True
train,train_004574,out/images/train/train_004574.jpg,True
train,train_004575,out/images/train/train_004575.jpg,True
train,train_004576,out/images/train/train_004576.jpg,True
train,train_004577,out/images/train/train_004577.jpg,True
train,train_004578,out/images/train/train_004578.jpg,True
train,train_004579,out/images/train/train_004579.jpg,True
train,train_004580,out/images/train/train_004580.jpg,True
train,train_004581,out/images/train/train_004581.jpg,True
train,train_004582,out/images/train/train_004582.jpg,True
train,train_004583,out/images/train/train_004583.jpg,True
train,train_004584,out/images/train/train_004584.jpg,True
train,train_004585,out/images/train/train_004585.jpg,True
train,train_004586,out/images/train/train_004586.jpg,True
train,train_004587,out/images/train/train_004587.jpg,True
train,train_004588,out/images/train/train_004588.jpg,True
train,train_004589,out/images/train/train_004589.jpg,True
train,train_004590,out/images/train/train_004590.jpg,True
train,train_004591,out/images/train/train_004591.jpg,True
train,train_004592,out/images/train/train_004592.jpg,True
train,train_004593,out/images/train/train_004593.jpg,True
train,train_004594,out/images/train/train_004594.jpg,True
train,train_004595,out/images/train/train_004595.jpg,True
train,train_004596,out/images/train/train_004596.jpg,True
train,train_004597,out/images/train/train_004597.jpg,True
train,train_004598,out/images/train/train_004598.jpg,True
train,train_004599,out/images/train/train_004599.jpg,True
train,train_004600,out/images/train/train_004600.jpg,True
train,train_004601,out/images/train/train_004601.jpg,True
train,train_004602,out/images/train/train_004602.jpg,True
train,train_004603,out/images/train/train_004603.jpg,True
train,train_004604,out/images/train/train_004604.jpg,True
train,train_004605,out/images/train/train_004605.jpg,True
train,train_004606,out/images/train/train_004606.jpg,True
train,train_004607,out/images/train/train_004607.jpg,True
train,train_004608,out/images/train/train_004608.jpg,True
train,train_004609,out/images/train/train_004609.jpg,True
train,train_004610,out/images/train/train_004610.jpg,True
train,train_004611,out/images/train/train_004611.jpg,True
train,train_004612,out/images/train/train_004612.jpg,True
train,train_004613,out/images/train/train_004613.jpg,True
train,train_004614,out/images/train/train_004614.jpg,True
train,train_004615,out/images/train/train_004615.jpg,True
train,train_004616,out/images/train/train_004616.jpg,True
train,train_004617,out/images/train/train_004617.jpg,True
train,train_004618,out/images/train/train_004618.jpg,True
train,train_004619,out/images/train/train_004619.jpg,True
train,train_004620,out/images/train/train_004620.jpg,True
train,train_004621,out/images/train/train_004621.jpg,True
train,train_004622,out/images/train/train_004622.jpg,True
train,train_004623,out/images/train/train_004623.jpg,True
train,train_004624,out/images/train/train_004624.jpg,True
train,train_004625,out/images/train/train_004625.jpg,True
train,train_004626,out/images/train/train_004626.jpg,True
train,train_004627,out/images/train/train_004627.jpg,True
train,train_004628,out/images/train/train_004628.jpg,True
train,train_004629,out/images/train/train_004629.jpg,True
train,train_004630,out/images/train/train_004630.jpg,True
train,train_004631,out/images/train/train_004631.jpg,True
train,train_004632,out/images/train/train_004632.jpg,True
train,train_004633,out/images/train/train_004633.jpg,True
train,train_004634,out/images/train/train_004634.jpg,True
train,train_004635,out/images/train/train_004635.jpg,True
train,train_004636,out/images/train/train_004636.jpg,True
train,train_004637,out/images/train/train_004637.jpg,True
train,train_004638,out/images/train/train_004638.jpg,True
train,train_004639,out/images/train/train_004639.jpg,True
train,train_004640,out/images/train/train_004640.jpg,True
train,train_004641,out/images/train/train_004641.jpg,True
train,train_004642,out/images/train/train_004642.jpg,True
train,train_004643,out/images/train/train_004643.jpg,True
train,train_004644,out/images/train/train_004644.jpg,True
train,train_004645,out/images/train/train_004645.jpg,True
train,train_004646,out/images/train/train_004646.jpg,True
train,train_004647,out/images/train/train_004647.jpg,True
train,train_004648,out/images/train/train_004648.jpg,True
train,train_004649,out/images/train/train_004649.jpg,True
train,train_004650,out/images/train/train_004650.jpg,True
train,train_004651,out/images/train/train_004651.jpg,True
train,train_004652,out/images/train/train_004652.jpg,True
train,train_004653,out/images/train/train_004653.jpg,True
train,train_004654,out/images/train/train_004654.jpg,True
train,train_004655,out/images/train/train_004655.jpg,True
train,train_004656,out/images/train/train_004656.jpg,True
train,train_004657,out/images/train/train_004657.jpg,True
train,train_004658,out/images/train/train_004658.jpg,True
train,train_004659,out/images/train/train_004659.jpg,True
train,train_004660,out/images/train/train_004660.jpg,True
train,train_004661,out/images/train/train_004661.jpg,True
train,train_004662,out/images/train/train_004662.jpg,True
train,train_004663,out/images/train/train_004663.jpg,True
train,train_004664,out/images/train/train_004664.jpg,True
train,train_004665,out/images/train/train_004665.jpg,True
train,train_004666,out/images/train/train_004666.jpg,True
train,train_004667,out/images/train/train_004667.jpg,True
train,train_004668,out/images/train/train_004668.jpg,True
train,train_004669,out/images/train/train_004669.jpg,True
train,train_004670,out/images/train/train_004670.jpg,True
train,train_004671,out/images/train/train_004671.jpg,True
train,train_004672,out/images/train/train_004672.jpg,True
train,train_004673,out/images/train/train_004673.jpg,True
train,train_004674,out/images/train/train_004674.jpg,True
train,train_004675,out/images/train/train_004675.jpg,True
train,train_004676,out/images/train/train_004676.jpg,True
train,train_004677,out/images/train/train_004677.jpg,True
train,train_004678,out/images/train/train_004678.jpg,True
train,train_004679,out/images/train/train_004679.jpg,True
train,train_004680,out/images/train/train_004680.jpg,True
train,train_004681,out/images/train/train_004681.jpg,True
train,train_004682,out/images/train/train_004682.jpg,True
train,train_004683,out/images/train/train_004683.jpg,True
train,train_004684,out/images/train/train_004684.jpg,True
train,train_004685,out/images/train/train_004685.jpg,True
train,train_004686,out/images/train/train_004686.jpg,True
train,train_004687,out/images/train/train_004687.jpg,True
train,train_004688,out/images/train/train_004688.jpg,True
train,train_004689,out/images/train/train_004689.jpg,True
train,train_004690,out/images/train/train_004690.jpg,True
train,train_004691,out/images/train/train_004691.jpg,True
train,train_004692,out/images/train/train_004692.jpg,True
train,train_004693,out/images/train/train_004693.jpg,True
train,train_004694,out/images/train/train_004694.jpg,True
train,train_004695,out/images/train/train_004695.jpg,True
train,train_004696,out/images/train/train_004696.jpg,True
train,train_004697,out/images/train/train_004697.jpg,True
train,train_004698,out/images/train/train_004698.jpg,True
train,train_004699,out/images/train/train_004699.jpg,True
train,train_004700,out/images/train/train_004700.jpg,True
train,train_004701,out/images/train/train_004701.jpg,True
train,train_004702,out/images/train/train_004702.jpg,True
train,train_004703,out/images/train/train_004703.jpg,True
train,train_004704,out/images/train/train_004704.jpg,True
train,train_004705,out/images/train/train_004705.jpg,True
train,train_004706,out/images/train/train_004706.jpg,True
train,train_004707,out/images/train/train_004707.jpg,True
train,train_004708,out/images/train/train_004708.jpg,True
train,train_004709,out/images/train/train_004709.jpg,True
train,train_004710,out/images/train/train_004710.jpg,True
train,train_004711,out/images/train/train_004711.jpg,True
train,train_004712,out/images/train/train_004712.jpg,True
train,train_004713,out/images/train/train_004713.jpg,True
train,train_004714,out/images/train/train_004714.jpg,True
train,train_004715,out/images/train/train_004715.jpg,True
train,train_004716,out/images/train/train_004716.jpg,True
train,train_004717,out/images/train/train_004717.jpg,True
train,train_004718,out/images/train/train_004718.jpg,True
train,train_004719,out/images/train/train_004719.jpg,True
train,train_004720,out/images/train/train_004720.jpg,True
train,train_004721,out/images/train/train_004721.jpg,True
train,train_004722,out/images/train/train_004722.jpg,True
train,train_004723,out/images/train/train_004723.jpg,True
train,train_004724,out/images/train/train_004724.jpg,True
train,train_004725,out/images/train/train_004725.jpg,True
train,train_004726,out/images/train/train_004726.jpg,True
train,train_004727,out/images/train/train_004727.jpg,True
train,train_004728,out/images/train/train_004728.jpg,True
train,train_004729,out/images/train/train_004729.jpg,True
train,train_004730,out/images/train/train_004730.jpg,True
train,train_004731,out/images/train/train_004731.jpg,True
train,train_004732,out/images/train/train_004732.jpg,True
train,train_004733,out/images/train/train_004733.jpg,True
train,train_004734,out/images/train/train_004734.jpg,True
train,train_004735,out/images/train/train_004735.jpg,True
train,train_004736,out/images/train/train_004736.jpg,True
train,train_004737,out/images/train/train_004737.jpg,True
train,train_004738,out/images/train/train_004738.jpg,True
train,train_004739,out/images/train/train_004739.jpg,True
train,train_004740,out/images/train/train_004740.jpg,True
train,train_004741,out/images/train/train_004741.jpg,True
train,train_004742,out/images/train/train_004742.jpg,True
train,train_004743,out/images/train/train_004743.jpg,True
train,train_004744,out/images/train/train_004744.jpg,True
train,train_004745,out/images/train/train_004745.jpg,True
train,train_004746,out/images/train/train_004746.jpg,True
train,train_004747,out/images/train/train_004747.jpg,True
train,train_004748,out/images/train/train_004748.jpg,True
train,train_004749,out/images/train/train_004749.jpg,True
train,train_004750,out/images/train/train_004750.jpg,True
train,train_004751,out/images/train/train_004751.jpg,True
train,train_004752,out/images/train/train_004752.jpg,True
train,train_004753,out/images/train/train_004753.jpg,True
train,train_004754,out/images/train/train_004754.jpg,True
train,train_004755,out/images/train/train_004755.jpg,True
train,train_004756,out/images/train/train_004756.jpg,True
train,train_004757,out/images/train/train_004757.jpg,True
train,train_004758,out/images/train/train_004758.jpg,True
train,train_004759,out/images/train/train_004759.jpg,True
train,train_004760,out/images/train/train_004760.jpg,True
train,train_004761,out/images/train/train_004761.jpg,True
train,train_004762,out/images/train/train_004762.jpg,True
train,train_004763,out/images/train/train_004763.jpg,True
train,train_004764,out/images/train/train_004764.jpg,True
train,train_004765,out/images/train/train_004765.jpg,True
train,train_004766,out/images/train/train_004766.jpg,True
train,train_004767,out/images/train/train_004767.jpg,True
train,train_004768,out/images/train/train_004768.jpg,True
train,train_004769,out/images/train/train_004769.jpg,True
train,train_004770,out/images/train/train_004770.jpg,True
train,train_004771,out/images/train/train_004771.jpg,True
train,train_004772,out/images/train/train_004772.jpg,True
train,train_004773,out/images/train/train_004773.jpg,True
train,train_004774,out/images/train/train_004774.jpg,True
train,train_004775,out/images/train/train_004775.jpg,True
train,train_004776,out/images/train/train_004776.jpg,True
train,train_004777,out/images/train/train_004777.jpg,True
train,train_004778,out/images/train/train_004778.jpg,True
train,train_004779,out/images/train/train_004779.jpg,True
train,train_004780,out/images/train/train_004780.jpg,True
train,train_004781,out/images/train/train_004781.jpg,True
train,train_004782,out/images/train/train_004782.jpg,True
train,train_004783,out/images/train/train_004783.jpg,True
train,train_004784,out/images/train/train_004784.jpg,True
train,train_004785,out/images/train/train_004785.jpg,True
train,train_004786,out/images/train/train_004786.jpg,True
train,train_004787,out/images/train/train_004787.jpg,True
train,train_004788,out/images/train/train_004788.jpg,True
train,train_004789,out/images/train/train_004789.jpg,True
train,train_004790,out/images/train/train_004790.jpg,True
train,train_004791,out/images/train/train_004791.jpg,True
train,train_004792,out/images/train/train_004792.jpg,True
train,train_004793,out/images/train/train_004793.jpg,True
train,train_004794,out/images/train/train_004794.jpg,True
train,train_004795,out/images/train/train_004795.jpg,True
train,train_004796,out/images/train/train_004796.jpg,True
train,train_004797,out/images/train/train_004797.jpg,True
train,train_004798,out/images/train/train_004798.jpg,True
train,train_004799,out/images/train/train_004799.jpg,True
train,train_004800,out/images/train/train_004800.jpg,True
train,train_004801,out/images/train/train_004801.jpg,True
train,train_004802,out/images/train/train_004802.jpg,True
train,train_004803,out/images/train/train_004803.jpg,True
train,train_004804,out/images/train/train_004804.jpg,True
train,train_004805,out/images/train/train_004805.jpg,True
train,train_004806,out/images/train/train_004806.jpg,True
train,train_004807,out/images/train/train_004807.jpg,True
train,train_004808,out/images/train/train_004808.jpg,True
train,train_004809,out/images/train/train_004809.jpg,True
train,train_004810,out/images/train/train_004810.jpg,True
train,train_004811,out/images/train/train_004811.jpg,True
train,train_004812,out/images/train/train_004812.jpg,True
train,train_004813,out/images/train/train_004813.jpg,True
train,train_004814,out/images/train/train_004814.jpg,True
train,train_004815,out/images/train/train_004815.jpg,True
train,train_004816,out/images/train/train_004816.jpg,True
train,train_004817,out/images/train/train_004817.jpg,True
train,train_004818,out/images/train/train_004818.jpg,True
train,train_004819,out/images/train/train_004819.jpg,True
train,train_004820,out/images/train/train_004820.jpg,True
train,train_004821,out/images/train/train_004821.jpg,True
train,train_004822,out/images/train/train_004822.jpg,True
train,train_004823,out/images/train/train_004823.jpg,True
train,train_004824,out/images/train/train_004824.jpg,True
train,train_004825,out/images/train/train_004825.jpg,True
train,train_004826,out/images/train/train_004826.jpg,True
train,train_004827,out/images/train/train_004827.jpg,True
train,train_004828,out/images/train/train_004828.jpg,True
train,train_004829,out/images/train/train_004829.jpg,True
train,train_004830,out/images/train/train_004830.jpg,True
train,train_004831,out/images/train/train_004831.jpg,True
train,train_004832,out/images/train/train_004832.jpg,True
train,train_004833,out/images/train/train_004833.jpg,True
train,train_004834,out/images/train/train_004834.jpg,True
train,train_004835,out/images/train/train_004835.jpg,True
train,train_004836,out/images/train/train_004836.jpg,True
train,train_004837,out/images/train/train_004837.jpg,True
train,train_004838,out/images/train/train_004838.jpg,True
train,train_004839,out/images/train/train_004839.jpg,True
train,train_004840,out/images/train/train_004840.jpg,True
train,train_004841,out/images/train/train_004841.jpg,True
train,train_004842,out/images/train/train_004842.jpg,True
train,train_004843,out/images/train/train_004843.jpg,True
train,train_004844,out/images/train/train_004844.jpg,True
train,train_004845,out/images/train/train_004845.jpg,True
train,train_004846,out/images/train/train_004846.jpg,True
train,train_004847,out/images/train/train_004847.jpg,True
train,train_004848,out/images/train/train_004848.jpg,True
train,train_004849,out/images/train/train_004849.jpg,True
train,train_004850,out/images/train/train_004850.jpg,True
train,train_004851,out/images/train/train_004851.jpg,True
train,train_004852,out/images/train/train_004852.jpg,True
train,train_004853,out/images/train/train_004853.jpg,True
train,train_004854,out/images/train/train_004854.jpg,True
train,train_004855,out/images/train/train_004855.jpg,True
train,train_004856,out/images/train/train_004856.jpg,True
train,train_004857,out/images/train/train_004857.jpg,True
train,train_004858,out/images/train/train_004858.jpg,True
train,train_004859,out/images/train/train_004859.jpg,True
train,train_004860,out/images/train/train_004860.jpg,True
train,train_004861,out/images/train/train_004861.jpg,True
train,train_004862,out/images/train/train_004862.jpg,True
train,train_004863,out/images/train/train_004863.jpg,True
train,train_004864,out/images/train/train_004864.jpg,True
train,train_004865,out/images/train/train_004865.jpg,True
train,train_004866,out/images/train/train_004866.jpg,True
train,train_004867,out/images/train/train_004867.jpg,True
train,train_004868,out/images/train/train_004868.jpg,True
train,train_004869,out/images/train/train_004869.jpg,True
train,train_004870,out/images/train/train_004870.jpg,True
train,train_004871,out/images/train/train_004871.jpg,True
train,train_004872,out/images/train/train_004872.jpg,True
train,train_004873,out/images/train/train_004873.jpg,True
train,train_004874,out/images/train/train_004874.jpg,True
train,train_004875,out/images/train/train_004875.jpg,True
train,train_004876,out/images/train/train_004876.jpg,True
train,train_004877,out/images/train/train_004877.jpg,True
train,train_004878,out/images/train/train_004878.jpg,True
train,train_004879,out/images/train/train_004879.jpg,True
train,train_004880,out/images/train/train_004880.jpg,True
train,train_004881,out/images/train/train_004881.jpg,True
train,train_004882,out/images/train/train_004882.jpg,True
train,train_004883,out/images/train/train_004883.jpg,True
train,train_004884,out/images/train/train_004884.jpg,True
train,train_004885,out/images/train/train_004885.jpg,True
train,train_004886,out/images/train/train_004886.jpg,True
train,train_004887,out/images/train/train_004887.jpg,True
train,train_004888,out/images/train/train_004888.jpg,True
train,train_004889,out/images/train/train_004889.jpg,True
train,train_004890,out/images/train/train_004890.jpg,True
train,train_004891,out/images/train/train_004891.jpg,True
train,train_004892,out/images/train/train_004892.jpg,True
train,train_004893,out/images/train/train_004893.jpg,True
train,train_004894,out/images/train/train_004894.jpg,True
train,train_004895,out/images/train/train_004895.jpg,True
train,train_004896,out/images/train/train_004896.jpg,True
train,train_004897,out/images/train/train_004897.jpg,True
train,train_004898,out/images/train/train_004898.jpg,True
train,train_004899,out/images/train/train_004899.jpg,True
train,train_004900,out/images/train/train_004900.jpg,True
train,train_004901,out/images/train/train_004901.jpg,True
train,train_004902,out/images/train/train_004902.jpg,True
train,train_004903,out/images/train/train_004903.jpg,True
train,train_004904,out/images/train/train_004904.jpg,True
train,train_004905,out/images/train/train_004905.jpg,True
train,train_004906,out/images/train/train_004906.jpg,True
train,train_004907,out/images/train/train_004907.jpg,True
train,train_004908,out/images/train/train_004908.jpg,True
train,train_004909,out/images/train/train_004909.jpg,True
train,train_004910,out/images/train/train_004910.jpg,True
train,train_004911,out/images/train/train_004911.jpg,True
train,train_004912,out/images/train/train_004912.jpg,True
train,train_004913,out/images/train/train_004913.jpg,True
train,train_004914,out/images/train/train_004914.jpg,True
train,train_004915,out/images/train/train_004915.jpg,True
train,train_004916,out/images/train/train_004916.jpg,True
train,train_004917,out/images/train/train_004917.jpg,True
train,train_004918,out/images/train/train_004918.jpg,True
train,train_004919,out/images/train/train_004919.jpg,True
train,train_004920,out/images/train/train_004920.jpg,True
train,train_004921,out/images/train/train_004921.jpg,True
train,train_004922,out/images/train/train_004922.jpg,True
train,train_004923,out/images/train/train_004923.jpg,True
train,train_004924,out/images/train/train_004924.jpg,True
train,train_004925,out/images/train/train_004925.jpg,True
train,train_004926,out/images/train/train_004926.jpg,True
train,train_004927,out/images/train/train_004927.jpg,True
train,train_004928,out/images/train/train_004928.jpg,True
train,train_004929,out/images/train/train_004929.jpg,True
train,train_004930,out/images/train/train_004930.jpg,True
train,train_004931,out/images/train/train_004931.jpg,True
train,train_004932,out/images/train/train_004932.jpg,True
train,train_004933,out/images/train/train_004933.jpg,True
train,train_004934,out/images/train/train_004934.jpg,True
train,train_004935,out/images/train/train_004935.jpg,True
train,train_004936,out/images/train/train_004936.jpg,True
train,train_004937,out/images/train/train_004937.jpg,True
train,train_004938,out/images/train/train_004938.jpg,True
train,train_004939,out/images/train/train_004939.jpg,True
train,train_004940,out/images/train/train_004940.jpg,True
train,train_004941,out/images/train/train_004941.jpg,True
train,train_004942,out/images/train/train_004942.jpg,True
train,train_004943,out/images/train/train_004943.jpg,True
train,train_004944,out/images/train/train_004944.jpg,True
train,train_004945,out/images/train/train_004945.jpg,True
train,train_004946,out/images/train/train_004946.jpg,True
train,train_004947,out/images/train/train_004947.jpg,True
train,train_004948,out/images/train/train_004948.jpg,True
train,train_004949,out/images/train/train_004949.jpg,True
train,train_004950,out/images/train/train_004950.jpg,True
train,train_004951,out/images/train/train_004951.jpg,True
train,train_004952,out/images/train/train_004952.jpg,True
train,train_004953,out/images/train/train_004953.jpg,True
train,train_004954,out/images/train/train_004954.jpg,True
train,train_004955,out/images/train/train_004955.jpg,True
train,train_004956,out/images/train/train_004956.jpg,True
train,train_004957,out/images/train/train_004957.jpg,True
train,train_004958,out/images/train/train_004958.jpg,True
train,train_004959,out/images/train/train_004959.jpg,True
train,train_004960,out/images/train/train_004960.jpg,True
train,train_004961,out/images/train/train_004961.jpg,True
train,train_004962,out/images/train/train_004962.jpg,True
train,train_004963,out/images/train/train_004963.jpg,True
train,train_004964,out/images/train/train_004964.jpg,True
train,train_004965,out/images/train/train_004965.jpg,True
train,train_004966,out/images/train/train_004966.jpg,True
train,train_004967,out/images/train/train_004967.jpg,True
train,train_004968,out/images/train/train_004968.jpg,True
train,train_004969,out/images/train/train_004969.jpg,True
train,train_004970,out/images/train/train_004970.jpg,True
train,train_004971,out/images/train/train_004971.jpg,True
train,train_004972,out/images/train/train_004972.jpg,True
train,train_004973,out/images/train/train_004973.jpg,True
train,train_004974,out/images/train/train_004974.jpg,True
train,train_004975,out/images/train/train_004975.jpg,True
train,train_004976,out/images/train/train_004976.jpg,True
train,train_004977,out/images/train/train_004977.jpg,True
train,train_004978,out/images/train/train_004978.jpg,True
train,train_004979,out/images/train/train_004979.jpg,True
train,train_004980,out/images/train/train_004980.jpg,True
train,train_004981,out/images/train/train_004981.jpg,True
train,train_004982,out/images/train/train_004982.jpg,True
train,train_004983,out/images/train/train_004983.jpg,True
train,train_004984,out/images/train/train_004984.jpg,True
train,train_004985,out/images/train/train_004985.jpg,True
train,train_004986,out/images/train/train_004986.jpg,True
train,train_004987,out/images/train/train_004987.jpg,True
train,train_004988,out/images/train/train_004988.jpg,True
train,train_004989,out/images/train/train_004989.jpg,True
train,train_004990,out/images/train/train_004990.jpg,True
train,train_004991,out/images/train/train_004991.jpg,True
train,train_004992,out/images/train/train_004992.jpg,True
train,train_004993,out/images/train/train_004993.jpg,True
train,train_004994,out/images/train/train_004994.jpg,True
train,train_004995,out/images/train/train_004995.jpg,True
train,train_004996,out/images/train/train_004996.jpg,True
train,train_004997,out/images/train/train_004997.jpg,True
train,train_004998,out/images/train/train_004998.jpg,True
train,train_004999,out/images/train/train_004999.jpg,True
train,train_005000,out/images/train/train_005000.jpg,True
train,train_005001,out/images/train/train_005001.jpg,True
train,train_005002,out/images/train/train_005002.jpg,True
train,train_005003,out/images/train/train_005003.jpg,True
train,train_005004,out/images/train/train_005004.jpg,True
train,train_005005,out/images/train/train_005005.jpg,True
train,train_005006,out/images/train/train_005006.jpg,True
train,train_005007,out/images/train/train_005007.jpg,True
train,train_005008,out/images/train/train_005008.jpg,True
train,train_005009,out/images/train/train_005009.jpg,True
train,train_005010,out/images/train/train_005010.jpg,True
train,train_005011,out/images/train/train_005011.jpg,True
train,train_005012,out/images/train/train_005012.jpg,True
train,train_005013,out/images/train/train_005013.jpg,True
train,train_005014,out/images/train/train_005014.jpg,True
train,train_005015,out/images/train/train_005015.jpg,True
train,train_005016,out/images/train/train_005016.jpg,True
train,train_005017,out/images/train/train_005017.jpg,True
train,train_005018,out/images/train/train_005018.jpg,True
train,train_005019,out/images/train/train_005019.jpg,True
train,train_005020,out/images/train/train_005020.jpg,True
train,train_005021,out/images/train/train_005021.jpg,True
train,train_005022,out/images/train/train_005022.jpg,True
train,train_005023,out/images/train/train_005023.jpg,True
train,train_005024,out/images/train/train_005024.jpg,True
train,train_005025,out/images/train/train_005025.jpg,True
train,train_005026,out/images/train/train_005026.jpg,True
train,train_005027,out/images/train/train_005027.jpg,True
train,train_005028,out/images/train/train_005028.jpg,True
train,train_005029,out/images/train/train_005029.jpg,True
train,train_005030,out/images/train/train_005030.jpg,True
train,train_005031,out/images/train/train_005031.jpg,True
train,train_005032,out/images/train/train_005032.jpg,True
train,train_005033,out/images/train/train_005033.jpg,True
train,train_005034,out/images/train/train_005034.jpg,True
train,train_005035,out/images/train/train_005035.jpg,True
train,train_005036,out/images/train/train_005036.jpg,True
train,train_005037,out/images/train/train_005037.jpg,True
train,train_005038,out/images/train/train_005038.jpg,True
train,train_005039,out/images/train/train_005039.jpg,True
train,train_005040,out/images/train/train_005040.jpg,True
train,train_005041,out/images/train/train_005041.jpg,True
train,train_005042,out/images/train/train_005042.jpg,True
train,train_005043,out/images/train/train_005043.jpg,True
train,train_005044,out/images/train/train_005044.jpg,True
train,train_005045,out/images/train/train_005045.jpg,True
train,train_005046,out/images/train/train_005046.jpg,True
train,train_005047,out/images/train/train_005047.jpg,True
train,train_005048,out/images/train/train_005048.jpg,True
train,train_005049,out/images/train/train_005049.jpg,True
train,train_005050,out/images/train/train_005050.jpg,True
train,train_005051,out/images/train/train_005051.jpg,True
train,train_005052,out/images/train/train_005052.jpg,True
train,train_005053,out/images/train/train_005053.jpg,True
train,train_005054,out/images/train/train_005054.jpg,True
train,train_005055,out/images/train/train_005055.jpg,True
train,train_005056,out/images/train/train_005056.jpg,True
train,train_005057,out/images/train/train_005057.jpg,True
train,train_005058,out/images/train/train_005058.jpg,True
train,train_005059,out/images/train/train_005059.jpg,True
train,train_005060,out/images/train/train_005060.jpg,True
train,train_005061,out/images/train/train_005061.jpg,True
train,train_005062,out/images/train/train_005062.jpg,True
train,train_005063,out/images/train/train_005063.jpg,True
train,train_005064,out/images/train/train_005064.jpg,True
train,train_005065,out/images/train/train_005065.jpg,True
train,train_005066,out/images/train/train_005066.jpg,True
train,train_005067,out/images/train/train_005067.jpg,True
train,train_005068,out/images/train/train_005068.jpg,True
train,train_005069,out/images/train/train_005069.jpg,True
train,train_005070,out/images/train/train_005070.jpg,True
train,train_005071,out/images/train/train_005071.jpg,True
train,train_005072,out/images/train/train_005072.jpg,True
train,train_005073,out/images/train/train_005073.jpg,True
train,train_005074,out/images/train/train_005074.jpg,True
train,train_005075,out/images/train/train_005075.jpg,True
train,train_005076,out/images/train/train_005076.jpg,True
train,train_005077,out/images/train/train_005077.jpg,True
train,train_005078,out/images/train/train_005078.jpg,True
train,train_005079,out/images/train/train_005079.jpg,True
train,train_005080,out/images/train/train_005080.jpg,True
train,train_005081,out/images/train/train_005081.jpg,True
train,train_005082,out/images/train/train_005082.jpg,True
train,train_005083,out/images/train/train_005083.jpg,True
train,train_005084,out/images/train/train_005084.jpg,True
train,train_005085,out/images/train/train_005085.jpg,True
train,train_005086,out/images/train/train_005086.jpg,True
train,train_005087,out/images/train/train_005087.jpg,True
train,train_005088,out/images/train/train_005088.jpg,True
train,train_005089,out/images/train/train_005089.jpg,True
train,train_005090,out/images/train/train_005090.jpg,True
train,train_005091,out/images/train/train_005091.jpg,True
train,train_005092,out/images/train/train_005092.jpg,True
train,train_005093,out/images/train/train_005093.jpg,True
train,train_005094,out/images/train/train_005094.jpg,True
train,train_005095,out/images/train/train_005095.jpg,True
train,train_005096,out/images/train/train_005096.jpg,True
train,train_005097,out/images/train/train_005097.jpg,True
train,train_005098,out/images/train/train_005098.jpg,True
train,train_005099,out/images/train/train_005099.jpg,True
train,train_005100,out/images/train/train_005100.jpg,True
train,train_005101,out/images/train/train_005101.jpg,True
train,train_005102,out/images/train/train_005102.jpg,True
train,train_005103,out/images/train/train_005103.jpg,True
train,train_005104,out/images/train/train_005104.jpg,True
train,train_005105,out/images/train/train_005105.jpg,True
train,train_005106,out/images/train/train_005106.jpg,True
train,train_005107,out/images/train/train_005107.jpg,True
train,train_005108,out/images/train/train_005108.jpg,True
train,train_005109,out/images/train/train_005109.jpg,True
train,train_005110,out/images/train/train_005110.jpg,True
train,train_005111,out/images/train/train_005111.jpg,True
train,train_005112,out/images/train/train_005112.jpg,True
train,train_005113,out/images/train/train_005113.jpg,True
train,train_005114,out/images/train/train_005114.jpg,True
train,train_005115,out/images/train/train_005115.jpg,True
train,train_005116,out/images/train/train_005116.jpg,True
train,train_005117,out/images/train/train_005117.jpg,True
train,train_005118,out/images/train/train_005118.jpg,True
train,train_005119,out/images/train/train_005119.jpg,True
train,train_005120,out/images/train/train_005120.jpg,True
train,train_005121,out/images/train/train_005121.jpg,True
train,train_005122,out/images/train/train_005122.jpg,True
train,train_005123,out/images/train/train_005123.jpg,True
train,train_005124,out/images/train/train_005124.jpg,True
train,train_005125,out/images/train/train_005125.jpg,True
train,train_005126,out/images/train/train_005126.jpg,True
train,train_005127,out/images/train/train_005127.jpg,True
train,train_005128,out/images/train/train_005128.jpg,True
train,train_005129,out/images/train/train_005129.jpg,True
train,train_005130,out/images/train/train_005130.jpg,True
train,train_005131,out/images/train/train_005131.jpg,True
train,train_005132,out/images/train/train_005132.jpg,True
train,train_005133,out/images/train/train_005133.jpg,True
train,train_005134,out/images/train/train_005134.jpg,True
train,train_005135,out/images/train/train_005135.jpg,True
train,train_005136,out/images/train/train_005136.jpg,True
train,train_005137,out/images/train/train_005137.jpg,True
train,train_005138,out/images/train/train_005138.jpg,True
train,train_005139,out/images/train/train_005139.jpg,True
train,train_005140,out/images/train/train_005140.jpg,True
train,train_005141,out/images/train/train_005141.jpg,True
train,train_005142,out/images/train/train_005142.jpg,True
train,train_005143,out/images/train/train_005143.jpg,True
train,train_005144,out/images/train/train_005144.jpg,True
train,train_005145,out/images/train/train_005145.jpg,True
train,train_005146,out/images/train/train_005146.jpg,True
train,train_005147,out/images/train/train_005147.jpg,True
train,train_005148,out/images/train/train_005148.jpg,True
train,train_005149,out/images/train/train_005149.jpg,True
train,train_005150,out/images/train/train_005150.jpg,True
train,train_005151,out/images/train/train_005151.jpg,True
train,train_005152,out/images/train/train_005152.jpg,True
train,train_005153,out/images/train/train_005153.jpg,True
train,train_005154,out/images/train/train_005154.jpg,True
train,train_005155,out/images/train/train_005155.jpg,True
train,train_005156,out/images/train/train_005156.jpg,True
train,train_005157,out/images/train/train_005157.jpg,True
train,train_005158,out/images/train/train_005158.jpg,True
train,train_005159,out/images/train/train_005159.jpg,True
train,train_005160,out/images/train/train_005160.jpg,True
train,train_005161,out/images/train/train_005161.jpg,True
train,train_005162,out/images/train/train_005162.jpg,True
train,train_005163,out/images/train/train_005163.jpg,True
train,train_005164,out/images/train/train_005164.jpg,True
train,train_005165,out/images/train/train_005165.jpg,True
train,train_005166,out/images/train/train_005166.jpg,True
train,train_005167,out/images/train/train_005167.jpg,True
train,train_005168,out/images/train/train_005168.jpg,True
train,train_005169,out/images/train/train_005169.jpg,True
train,train_005170,out/images/train/train_005170.jpg,True
train,train_005171,out/images/train/train_005171.jpg,True
train,train_005172,out/images/train/train_005172.jpg,True
train,train_005173,out/images/train/train_005173.jpg,True
train,train_005174,out/images/train/train_005174.jpg,True
train,train_005175,out/images/train/train_005175.jpg,True
train,train_005176,out/images/train/train_005176.jpg,True
train,train_005177,out/images/train/train_005177.jpg,True
train,train_005178,out/images/train/train_005178.jpg,True
train,train_005179,out/images/train/train_005179.jpg,True
train,train_005180,out/images/train/train_005180.jpg,True
train,train_005181,out/images/train/train_005181.jpg,True
train,train_005182,out/images/train/train_005182.jpg,True
train,train_005183,out/images/train/train_005183.jpg,True
train,train_005184,out/images/train/train_005184.jpg,True
train,train_005185,out/images/train/train_005185.jpg,True
train,train_005186,out/images/train/train_005186.jpg,True
train,train_005187,out/images/train/train_005187.jpg,True
train,train_005188,out/images/train/train_005188.jpg,True
train,train_005189,out/images/train/train_005189.jpg,True
train,train_005190,out/images/train/train_005190.jpg,True
train,train_005191,out/images/train/train_005191.jpg,True
train,train_005192,out/images/train/train_005192.jpg,True
train,train_005193,out/images/train/train_005193.jpg,True
train,train_005194,out/images/train/train_005194.jpg,True
train,train_005195,out/images/train/train_005195.jpg,True
train,train_005196,out/images/train/train_005196.jpg,True
train,train_005197,out/images/train/train_005197.jpg,True
train,train_005198,out/images/train/train_005198.jpg,True
train,train_005199,out/images/train/train_005199.jpg,True
train,train_005200,out/images/train/train_005200.jpg,True
train,train_005201,out/images/train/train_005201.jpg,True
train,train_005202,out/images/train/train_005202.jpg,True
train,train_005203,out/images/train/train_005203.jpg,True
train,train_005204,out/images/train/train_005204.jpg,True
train,train_005205,out/images/train/train_005205.jpg,True
train,train_005206,out/images/train/train_005206.jpg,True
train,train_005207,out/images/train/train_005207.jpg,True
train,train_005208,out/images/train/train_005208.jpg,True
train,train_005209,out/images/train/train_005209.jpg,True
train,train_005210,out/images/train/train_005210.jpg,True
train,train_005211,out/images/train/train_005211.jpg,True
train,train_005212,out/images/train/train_005212.jpg,True
train,train_005213,out/images/train/train_005213.jpg,True
train,train_005214,out/images/train/train_005214.jpg,True
train,train_005215,out/images/train/train_005215.jpg,True
train,train_005216,out/images/train/train_005216.jpg,True
train,train_005217,out/images/train/train_005217.jpg,True
train,train_005218,out/images/train/train_005218.jpg,True
train,train_005219,out/images/train/train_005219.jpg,True
train,train_005220,out/images/train/train_005220.jpg,True
train,train_005221,out/images/train/train_005221.jpg,True
train,train_005222,out/images/train/train_005222.jpg,True
train,train_005223,out/images/train/train_005223.jpg,True
train,train_005224,out/images/train/train_005224.jpg,True
train,train_005225,out/images/train/train_005225.jpg,True
train,train_005226,out/images/train/train_005226.jpg,True
train,train_005227,out/images/train/train_005227.jpg,True
train,train_005228,out/images/train/train_005228.jpg,True
train,train_005229,out/images/train/train_005229.jpg,True
train,train_005230,out/images/train/train_005230.jpg,True
train,train_005231,out/images/train/train_005231.jpg,True
train,train_005232,out/images/train/train_005232.jpg,True
train,train_005233,out/images/train/train_005233.jpg,True
train,train_005234,out/images/train/train_005234.jpg,True
train,train_005235,out/images/train/train_005235.jpg,True
train,train_005236,out/images/train/train_005236.jpg,True
train,train_005237,out/images/train/train_005237.jpg,True
train,train_005238,out/images/train/train_005238.jpg,True
train,train_005239,out/images/train/train_005239.jpg,True
train,train_005240,out/images/train/train_005240.jpg,True
train,train_005241,out/images/train/train_005241.jpg,True
train,train_005242,out/images/train/train_005242.jpg,True
train,train_005243,out/images/train/train_005243.jpg,True
train,train_005244,out/images/train/train_005244.jpg,True
train,train_005245,out/images/train/train_005245.jpg,True
train,train_005246,out/images/train/train_005246.jpg,True
train,train_005247,out/images/train/train_005247.jpg,True
train,train_005248,out/images/train/train_005248.jpg,True
train,train_005249,out/images/train/train_005249.jpg,True
train,train_005250,out/images/train/train_005250.jpg,True
train,train_005251,out/images/train/train_005251.jpg,True
train,train_005252,out/images/train/train_005252.jpg,True
train,train_005253,out/images/train/train_005253.jpg,True
train,train_005254,out/images/train/train_005254.jpg,True
train,train_005255,out/images/train/train_005255.jpg,True
train,train_005256,out/images/train/train_005256.jpg,True
train,train_005257,out/images/train/train_005257.jpg,True
train,train_005258,out/images/train/train_005258.jpg,True
train,train_005259,out/images/train/train_005259.jpg,True
train,train_005260,out/images/train/train_005260.jpg,True
train,train_005261,out/images/train/train_005261.jpg,True
train,train_005262,out/images/train/train_005262.jpg,True
train,train_005263,out/images/train/train_005263.jpg,True
train,train_005264,out/images/train/train_005264.jpg,True
train,train_005265,out/images/train/train_005265.jpg,True
train,train_005266,out/images/train/train_005266.jpg,True
train,train_005267,out/images/train/train_005267.jpg,True
train,train_005268,out/images/train/train_005268.jpg,True
train,train_005269,out/images/train/train_005269.jpg,True
train,train_005270,out/images/train/train_005270.jpg,True
train,train_005271,out/images/train/train_005271.jpg,True
train,train_005272,out/images/train/train_005272.jpg,True
train,train_005273,out/images/train/train_005273.jpg,True
train,train_005274,out/images/train/train_005274.jpg,True
train,train_005275,out/images/train/train_005275.jpg,True
train,train_005276,out/images/train/train_005276.jpg,True
train,train_005277,out/images/train/train_005277.jpg,True
train,train_005278,out/images/train/train_005278.jpg,True
train,train_005279,out/images/train/train_005279.jpg,True
train,train_005280,out/images/train/train_005280.jpg,True
train,train_005281,out/images/train/train_005281.jpg,True
train,train_005282,out/images/train/train_005282.jpg,True
train,train_005283,out/images/train/train_005283.jpg,True
train,train_005284,out/images/train/train_005284.jpg,True
train,train_005285,out/images/train/train_005285.jpg,True
train,train_005286,out/images/train/train_005286.jpg,True
train,train_005287,out/images/train/train_005287.jpg,True
train,train_005288,out/images/train/train_005288.jpg,True
train,train_005289,out/images/train/train_005289.jpg,True
train,train_005290,out/images/train/train_005290.jpg,True
train,train_005291,out/images/train/train_005291.jpg,True
train,train_005292,out/images/train/train_005292.jpg,True
train,train_005293,out/images/train/train_005293.jpg,True
train,train_005294,out/images/train/train_005294.jpg,True
train,train_005295,out/images/train/train_005295.jpg,True
train,train_005296,out/images/train/train_005296.jpg,True
train,train_005297,out/images/train/train_005297.jpg,True
train,train_005298,out/images/train/train_005298.jpg,True
train,train_005299,out/images/train/train_005299.jpg,True
train,train_005300,out/images/train/train_005300.jpg,True
train,train_005301,out/images/train/train_005301.jpg,True
train,train_005302,out/images/train/train_005302.jpg,True
train,train_005303,out/images/train/train_005303.jpg,True
train,train_005304,out/images/train/train_005304.jpg,True
train,train_005305,out/images/train/train_005305.jpg,True
train,train_005306,out/images/train/train_005306.jpg,True
train,train_005307,out/images/train/train_005307.jpg,True
train,train_005308,out/images/train/train_005308.jpg,True
train,train_005309,out/images/train/train_005309.jpg,True
train,train_005310,out/images/train/train_005310.jpg,True
train,train_005311,out/images/train/train_005311.jpg,True
train,train_005312,out/images/train/train_005312.jpg,True
train,train_005313,out/images/train/train_005313.jpg,True
train,train_005314,out/images/train/train_005314.jpg,True
train,train_005315,out/images/train/train_005315.jpg,True
train,train_005316,out/images/train/train_005316.jpg,True
train,train_005317,out/images/train/train_005317.jpg,True
train,train_005318,out/images/train/train_005318.jpg,True
train,train_005319,out/images/train/train_005319.jpg,True
train,train_005320,out/images/train/train_005320.jpg,True
train,train_005321,out/images/train/train_005321.jpg,True
train,train_005322,out/images/train/train_005322.jpg,True
train,train_005323,out/images/train/train_005323.jpg,True
train,train_005324,out/images/train/train_005324.jpg,True
train,train_005325,out/images/train/train_005325.jpg,True
train,train_005326,out/images/train/train_005326.jpg,True
train,train_005327,out/images/train/train_005327.jpg,True
train,train_005328,out/images/train/train_005328.jpg,True
train,train_005329,out/images/train/train_005329.jpg,True
train,train_005330,out/images/train/train_005330.jpg,True
train,train_005331,out/images/train/train_005331.jpg,True
train,train_005332,out/images/train/train_005332.jpg,True
train,train_005333,out/images/train/train_005333.jpg,True
train,train_005334,out/images/train/train_005334.jpg,True
train,train_005335,out/images/train/train_005335.jpg,True
train,train_005336,out/images/train/train_005336.jpg,True
train,train_005337,out/images/train/train_005337.jpg,True
train,train_005338,out/images/train/train_005338.jpg,True
train,train_005339,out/images/train/train_005339.jpg,True
train,train_005340,out/images/train/train_005340.jpg,True
train,train_005341,out/images/train/train_005341.jpg,True
train,train_005342,out/images/train/train_005342.jpg,True
train,train_005343,out/images/train/train_005343.jpg,True
train,train_005344,out/images/train/train_005344.jpg,True
train,train_005345,out/images/train/train_005345.jpg,True
train,train_005346,out/images/train/train_005346.jpg,True
train,train_005347,out/images/train/train_005347.jpg,True
train,train_005348,out/images/train/train_005348.jpg,True
train,train_005349,out/images/train/train_005349.jpg,True
train,train_005350,out/images/train/train_005350.jpg,True
train,train_005351,out/images/train/train_005351.jpg,True
train,train_005352,out/images/train/train_005352.jpg,True
train,train_005353,out/images/train/train_005353.jpg,True
train,train_005354,out/images/train/train_005354.jpg,True
train,train_005355,out/images/train/train_005355.jpg,True
train,train_005356,out/images/train/train_005356.jpg,True
train,train_005357,out/images/train/train_005357.jpg,True
train,train_005358,out/images/train/train_005358.jpg,True
train,train_005359,out/images/train/train_005359.jpg,True
train,train_005360,out/images/train/train_005360.jpg,True
train,train_005361,out/images/train/train_005361.jpg,True
train,train_005362,out/images/train/train_005362.jpg,True
train,train_005363,out/images/train/train_005363.jpg,True
train,train_005364,out/images/train/train_005364.jpg,True
train,train_005365,out/images/train/train_005365.jpg,True
train,train_005366,out/images/train/train_005366.jpg,True
train,train_005367,out/images/train/train_005367.jpg,True
train,train_005368,out/images/train/train_005368.jpg,True
train,train_005369,out/images/train/train_005369.jpg,True
train,train_005370,out/images/train/train_005370.jpg,True
train,train_005371,out/images/train/train_005371.jpg,True
train,train_005372,out/images/train/train_005372.jpg,True
train,train_005373,out/images/train/train_005373.jpg,True
train,train_005374,out/images/train/train_005374.jpg,True
train,train_005375,out/images/train/train_005375.jpg,True
train,train_005376,out/images/train/train_005376.jpg,True
train,train_005377,out/images/train/train_005377.jpg,True
train,train_005378,out/images/train/train_005378.jpg,True
train,train_005379,out/images/train/train_005379.jpg,True
train,train_005380,out/images/train/train_005380.jpg,True
train,train_005381,out/images/train/train_005381.jpg,True
train,train_005382,out/images/train/train_005382.jpg,True
train,train_005383,out/images/train/train_005383.jpg,True
train,train_005384,out/images/train/train_005384.jpg,True
train,train_005385,out/images/train/train_005385.jpg,True
train,train_005386,out/images/train/train_005386.jpg,True
train,train_005387,out/images/train/train_005387.jpg,True
train,train_005388,out/images/train/train_005388.jpg,True
train,train_005389,out/images/train/train_005389.jpg,True
train,train_005390,out/images/train/train_005390.jpg,True
train,train_005391,out/images/train/train_005391.jpg,True
train,train_005392,out/images/train/train_005392.jpg,True
train,train_005393,out/images/train/train_005393.jpg,True
train,train_005394,out/images/train/train_005394.jpg,True
train,train_005395,out/images/train/train_005395.jpg,True
train,train_005396,out/images/train/train_005396.jpg,True
train,train_005397,out/images/train/train_005397.jpg,True
train,train_005398,out/images/train/train_005398.jpg,True
train,train_005399,out/images/train/train_005399.jpg,True
train,train_005400,out/images/train/train_005400.jpg,True
train,train_005401,out/images/train/train_005401.jpg,True
train,train_005402,out/images/train/train_005402.jpg,True
train,train_005403,out/images/train/train_005403.jpg,True
train,train_005404,out/images/train/train_005404.jpg,True
train,train_005405,out/images/train/train_005405.jpg,True
train,train_005406,out/images/train/train_005406.jpg,True
train,train_005407,out/images/train/train_005407.jpg,True
train,train_005408,out/images/train/train_005408.jpg,True
train,train_005409,out/images/train/train_005409.jpg,True
train,train_005410,out/images/train/train_005410.jpg,True
train,train_005411,out/images/train/train_005411.jpg,True
train,train_005412,out/images/train/train_005412.jpg,True
train,train_005413,out/images/train/train_005413.jpg,True
train,train_005414,out/images/train/train_005414.jpg,True
train,train_005415,out/images/train/train_005415.jpg,True
train,train_005416,out/images/train/train_005416.jpg,True
train,train_005417,out/images/train/train_005417.jpg,True
train,train_005418,out/images/train/train_005418.jpg,True
train,train_005419,out/images/train/train_005419.jpg,True
train,train_005420,out/images/train/train_005420.jpg,True
train,train_005421,out/images/train/train_005421.jpg,True
train,train_005422,out/images/train/train_005422.jpg,True
train,train_005423,out/images/train/train_005423.jpg,True
train,train_005424,out/images/train/train_005424.jpg,True
train,train_005425,out/images/train/train_005425.jpg,True
train,train_005426,out/images/train/train_005426.jpg,True
train,train_005427,out/images/train/train_005427.jpg,True
train,train_005428,out/images/train/train_005428.jpg,True
train,train_005429,out/images/train/train_005429.jpg,True
train,train_005430,out/images/train/train_005430.jpg,True
train,train_005431,out/images/train/train_005431.jpg,True
train,train_005432,out/images/train/train_005432.jpg,True
train,train_005433,out/images/train/train_005433.jpg,True
train,train_005434,out/images/train/train_005434.jpg,True
train,train_005435,out/images/train/train_005435.jpg,True
train,train_005436,out/images/train/train_005436.jpg,True
train,train_005437,out/images/train/train_005437.jpg,True
train,train_005438,out/images/train/train_005438.jpg,True
train,train_005439,out/images/train/train_005439.jpg,True
train,train_005440,out/images/train/train_005440.jpg,True
train,train_005441,out/images/train/train_005441.jpg,True
train,train_005442,out/images/train/train_005442.jpg,True
train,train_005443,out/images/train/train_005443.jpg,True
train,train_005444,out/images/train/train_005444.jpg,True
train,train_005445,out/images/train/train_005445.jpg,True
train,train_005446,out/images/train/train_005446.jpg,True
train,train_005447,out/images/train/train_005447.jpg,True
train,train_005448,out/images/train/train_005448.jpg,True
train,train_005449,out/images/train/train_005449.jpg,True
train,train_005450,out/images/train/train_005450.jpg,True
train,train_005451,out/images/train/train_005451.jpg,True
train,train_005452,out/images/train/train_005452.jpg,True
train,train_005453,out/images/train/train_005453.jpg,True
train,train_005454,out/images/train/train_005454.jpg,True
train,train_005455,out/images/train/train_005455.jpg,True
train,train_005456,out/images/train/train_005456.jpg,True
train,train_005457,out/images/train/train_005457.jpg,True
train,train_005458,out/images/train/train_005458.jpg,True
train,train_005459,out/images/train/train_005459.jpg,True
train,train_005460,out/images/train/train_005460.jpg,True
train,train_005461,out/images/train/train_005461.jpg,True
train,train_005462,out/images/train/train_005462.jpg,True
train,train_005463,out/images/train/train_005463.jpg,True
train,train_005464,out/images/train/train_005464.jpg,True
train,train_005465,out/images/train/train_005465.jpg,True
train,train_005466,out/images/train/train_005466.jpg,True
train,train_005467,out/images/train/train_005467.jpg,True
train,train_005468,out/images/train/train_005468.jpg,True
train,train_005469,out/images/train/train_005469.jpg,True
train,train_005470,out/images/train/train_005470.jpg,True
train,train_005471,out/images/train/train_005471.jpg,True
train,train_005472,out/images/train/train_005472.jpg,True
train,train_005473,out/images/train/train_005473.jpg,True
train,train_005474,out/images/train/train_005474.jpg,True
train,train_005475,out/images/train/train_005475.jpg,True
train,train_005476,out/images/train/train_005476.jpg,True
train,train_005477,out/images/train/train_005477.jpg,True
train,train_005478,out/images/train/train_005478.jpg,True
train,train_005479,out/images/train/train_005479.jpg,True
train,train_005480,out/images/train/train_005480.jpg,True
train,train_005481,out/images/train/train_005481.jpg,True
train,train_005482,out/images/train/train_005482.jpg,True
train,train_005483,out/images/train/train_005483.jpg,True
train,train_005484,out/images/train/train_005484.jpg,True
train,train_005485,out/images/train/train_005485.jpg,True
train,train_005486,out/images/train/train_005486.jpg,True
train,train_005487,out/images/train/train_005487.jpg,True
train,train_005488,out/images/train/train_005488.jpg,True
train,train_005489,out/images/train/train_005489.jpg,True
train,train_005490,out/images/train/train_005490.jpg,True
train,train_005491,out/images/train/train_005491.jpg,True
train,train_005492,out/images/train/train_005492.jpg,True
train,train_005493,out/images/train/train_005493.jpg,True
train,train_005494,out/images/train/train_005494.jpg,True
train,train_005495,out/images/train/train_005495.jpg,True
train,train_005496,out/images/train/train_005496.jpg,True
train,train_005497,out/images/train/train_005497.jpg,True
train,train_005498,out/images/train/train_005498.jpg,True
train,train_005499,out/images/train/train_005499.jpg,True
train,train_005500,out/images/train/train_005500.jpg,True
train,train_005501,out/images/train/train_005501.jpg,True
train,train_005502,out/images/train/train_005502.jpg,True
train,train_005503,out/images/train/train_005503.jpg,True
train,train_005504,out/images/train/train_005504.jpg,True
train,train_005505,out/images/train/train_005505.jpg,True
train,train_005506,out/images/train/train_005506.jpg,True
train,train_005507,out/images/train/train_005507.jpg,True
train,train_005508,out/images/train/train_005508.jpg,True
train,train_005509,out/images/train/train_005509.jpg,True
train,train_005510,out/images/train/train_005510.jpg,True
train,train_005511,out/images/train/train_005511.jpg,True
train,train_005512,out/images/train/train_005512.jpg,True
train,train_005513,out/images/train/train_005513.jpg,True
train,train_005514,out/images/train/train_005514.jpg,True
train,train_005515,out/images/train/train_005515.jpg,True
train,train_005516,out/images/train/train_005516.jpg,True
train,train_005517,out/images/train/train_005517.jpg,True
train,train_005518,out/images/train/train_005518.jpg,True
train,train_005519,out/images/train/train_005519.jpg,True
train,train_005520,out/images/train/train_005520.jpg,True
train,train_005521,out/images/train/train_005521.jpg,True
train,train_005522,out/images/train/train_005522.jpg,True
train,train_005523,out/images/train/train_005523.jpg,True
train,train_005524,out/images/train/train_005524.jpg,True
train,train_005525,out/images/train/train_005525.jpg,True
train,train_005526,out/images/train/train_005526.jpg,True
train,train_005527,out/images/train/train_005527.jpg,True
train,train_005528,out/images/train/train_005528.jpg,True
train,train_005529,out/images/train/train_005529.jpg,True
train,train_005530,out/images/train/train_005530.jpg,True
train,train_005531,out/images/train/train_005531.jpg,True
train,train_005532,out/images/train/train_005532.jpg,True
train,train_005533,out/images/train/train_005533.jpg,True
train,train_005534,out/images/train/train_005534.jpg,True
train,train_005535,out/images/train/train_005535.jpg,True
train,train_005536,out/images/train/train_005536.jpg,True
train,train_005537,out/images/train/train_005537.jpg,True
train,train_005538,out/images/train/train_005538.jpg,True
train,train_005539,out/images/train/train_005539.jpg,True
train,train_005540,out/images/train/train_005540.jpg,True
train,train_005541,out/images/train/train_005541.jpg,True
train,train_005542,out/images/train/train_005542.jpg,True
train,train_005543,out/images/train/train_005543.jpg,True
train,train_005544,out/images/train/train_005544.jpg,True
train,train_005545,out/images/train/train_005545.jpg,True
train,train_005546,out/images/train/train_005546.jpg,True
train,train_005547,out/images/train/train_005547.jpg,True
train,train_005548,out/images/train/train_005548.jpg,True
train,train_005549,out/images/train/train_005549.jpg,True
train,train_005550,out/images/train/train_005550.jpg,True
train,train_005551,out/images/train/train_005551.jpg,True
train,train_005552,out/images/train/train_005552.jpg,True
train,train_005553,out/images/train/train_005553.jpg,True
train,train_005554,out/images/train/train_005554.jpg,True
train,train_005555,out/images/train/train_005555.jpg,True
train,train_005556,out/images/train/train_005556.jpg,True
train,train_005557,out/images/train/train_005557.jpg,True
train,train_005558,out/images/train/train_005558.jpg,True
train,train_005559,out/images/train/train_005559.jpg,True
train,train_005560,out/images/train/train_005560.jpg,True
train,train_005561,out/images/train/train_005561.jpg,True
train,train_005562,out/images/train/train_005562.jpg,True
train,train_005563,out/images/train/train_005563.jpg,True
train,train_005564,out/images/train/train_005564.jpg,True
train,train_005565,out/images/train/train_005565.jpg,True
train,train_005566,out/images/train/train_005566.jpg,True
train,train_005567,out/images/train/train_005567.jpg,True
train,train_005568,out/images/train/train_005568.jpg,True
train,train_005569,out/images/train/train_005569.jpg,True
train,train_005570,out/images/train/train_005570.jpg,True
train,train_005571,out/images/train/train_005571.jpg,True
train,train_005572,out/images/train/train_005572.jpg,True
train,train_005573,out/images/train/train_005573.jpg,True
train,train_005574,out/images/train/train_005574.jpg,True
train,train_005575,out/images/train/train_005575.jpg,True
train,train_005576,out/images/train/train_005576.jpg,True
train,train_005577,out/images/train/train_005577.jpg,True
train,train_005578,out/images/train/train_005578.jpg,True
train,train_005579,out/images/train/train_005579.jpg,True
train,train_005580,out/images/train/train_005580.jpg,True
train,train_005581,out/images/train/train_005581.jpg,True
train,train_005582,out/images/train/train_005582.jpg,True
train,train_005583,out/images/train/train_005583.jpg,True
train,train_005584,out/images/train/train_005584.jpg,True
train,train_005585,out/images/train/train_005585.jpg,True
train,train_005586,out/images/train/train_005586.jpg,True
train,train_005587,out/images/train/train_005587.jpg,True
train,train_005588,out/images/train/train_005588.jpg,True
train,train_005589,out/images/train/train_005589.jpg,True
train,train_005590,out/images/train/train_005590.jpg,True
train,train_005591,out/images/train/train_005591.jpg,True
train,train_005592,out/images/train/train_005592.jpg,True
train,train_005593,out/images/train/train_005593.jpg,True
train,train_005594,out/images/train/train_005594.jpg,True
train,train_005595,out/images/train/train_005595.jpg,True
train,train_005596,out/images/train/train_005596.jpg,True
train,train_005597,out/images/train/train_005597.jpg,True
train,train_005598,out/images/train/train_005598.jpg,True
train,train_005599,out/images/train/train_005599.jpg,True
train,train_005600,out/images/train/train_005600.jpg,True
train,train_005601,out/images/train/train_005601.jpg,True
train,train_005602,out/images/train/train_005602.jpg,True
train,train_005603,out/images/train/train_005603.jpg,True
train,train_005604,out/images/train/train_005604.jpg,True
train,train_005605,out/images/train/train_005605.jpg,True
train,train_005606,out/images/train/train_005606.jpg,True
train,train_005607,out/images/train/train_005607.jpg,True
train,train_005608,out/images/train/train_005608.jpg,True
train,train_005609,out/images/train/train_005609.jpg,True
train,train_005610,out/images/train/train_005610.jpg,True
train,train_005611,out/images/train/train_005611.jpg,True
train,train_005612,out/images/train/train_005612.jpg,True
train,train_005613,out/images/train/train_005613.jpg,True
train,train_005614,out/images/train/train_005614.jpg,True
train,train_005615,out/images/train/train_005615.jpg,True
train,train_005616,out/images/train/train_005616.jpg,True
train,train_005617,out/images/train/train_005617.jpg,True
train,train_005618,out/images/train/train_005618.jpg,True
train,train_005619,out/images/train/train_005619.jpg,True
train,train_005620,out/images/train/train_005620.jpg,True
train,train_005621,out/images/train/train_005621.jpg,True
train,train_005622,out/images/train/train_005622.jpg,True
train,train_005623,out/images/train/train_005623.jpg,True
train,train_005624,out/images/train/train_005624.jpg,True
train,train_005625,out/images/train/train_005625.jpg,True
train,train_005626,out/images/train/train_005626.jpg,True
train,train_005627,out/images/train/train_005627.jpg,True
train,train_005628,out/images/train/train_005628.jpg,True
train,train_005629,out/images/train/train_005629.jpg,True
train,train_005630,out/images/train/train_005630.jpg,True
train,train_005631,out/images/train/train_005631.jpg,True
train,train_005632,out/images/train/train_005632.jpg,True
train,train_005633,out/images/train/train_005633.jpg,True
train,train_005634,out/images/train/train_005634.jpg,True
train,train_005635,out/images/train/train_005635.jpg,True
train,train_005636,out/images/train/train_005636.jpg,True
train,train_005637,out/images/train/train_005637.jpg,True
train,train_005638,out/images/train/train_005638.jpg,True
train,train_005639,out/images/train/train_005639.jpg,True
train,train_005640,out/images/train/train_005640.jpg,True
train,train_005641,out/images/train/train_005641.jpg,True
train,train_005642,out/images/train/train_005642.jpg,True
train,train_005643,out/images/train/train_005643.jpg,True
train,train_005644,out/images/train/train_005644.jpg,True
train,train_005645,out/images/train/train_005645.jpg,True
train,train_005646,out/images/train/train_005646.jpg,True
train,train_005647,out/images/train/train_005647.jpg,True
train,train_005648,out/images/train/train_005648.jpg,True
train,train_005649,out/images/train/train_005649.jpg,True
train,train_005650,out/images/train/train_005650.jpg,True
train,train_005651,out/images/train/train_005651.jpg,True
train,train_005652,out/images/train/train_005652.jpg,True
train,train_005653,out/images/train/train_005653.jpg,True
train,train_005654,out/images/train/train_005654.jpg,True
train,train_005655,out/images/train/train_005655.jpg,True
train,train_005656,out/images/train/train_005656.jpg,True
train,train_005657,out/images/train/train_005657.jpg,True
train,train_005658,out/images/train/train_005658.jpg,True
train,train_005659,out/images/train/train_005659.jpg,True
train,train_005660,out/images/train/train_005660.jpg,True
train,train_005661,out/images/train/train_005661.jpg,True
train,train_005662,out/images/train/train_005662.jpg,True
train,train_005663,out/images/train/train_005663.jpg,True
train,train_005664,out/images/train/train_005664.jpg,True
train,train_005665,out/images/train/train_005665.jpg,True
train,train_005666,out/images/train/train_005666.jpg,True
train,train_005667,out/images/train/train_005667.jpg,True
train,train_005668,out/images/train/train_005668.jpg,True
train,train_005669,out/images/train/train_005669.jpg,True
train,train_005670,out/images/train/train_005670.jpg,True
train,train_005671,out/images/train/train_005671.jpg,True
train,train_005672,out/images/train/train_005672.jpg,True
train,train_005673,out/images/train/train_005673.jpg,True
train,train_005674,out/images/train/train_005674.jpg,True
train,train_005675,out/images/train/train_005675.jpg,True
train,train_005676,out/images/train/train_005676.jpg,True
train,train_005677,out/images/train/train_005677.jpg,True
train,train_005678,out/images/train/train_005678.jpg,True
train,train_005679,out/images/train/train_005679.jpg,True
train,train_005680,out/images/train/train_005680.jpg,True
train,train_005681,out/images/train/train_005681.jpg,True
train,train_005682,out/images/train/train_005682.jpg,True
train,train_005683,out/images/train/train_005683.jpg,True
train,train_005684,out/images/train/train_005684.jpg,True
train,train_005685,out/images/train/train_005685.jpg,True
train,train_005686,out/images/train/train_005686.jpg,True
train,train_005687,out/images/train/train_005687.jpg,True
train,train_005688,out/images/train/train_005688.jpg,True
train,train_005689,out/images/train/train_005689.jpg,True
train,train_005690,out/images/train/train_005690.jpg,True
train,train_005691,out/images/train/train_005691.jpg,True
train,train_005692,out/images/train/train_005692.jpg,True
train,train_005693,out/images/train/train_005693.jpg,True
train,train_005694,out/images/train/train_005694.jpg,True
train,train_005695,out/images/train/train_005695.jpg,True
train,train_005696,out/images/train/train_005696.jpg,True
train,train_005697,out/images/train/train_005697.jpg,True
train,train_005698,out/images/train/train_005698.jpg,True
train,train_005699,out/images/train/train_005699.jpg,True
train,train_005700,out/images/train/train_005700.jpg,True
train,train_005701,out/images/train/train_005701.jpg,True
train,train_005702,out/images/train/train_005702.jpg,True
train,train_005703,out/images/train/train_005703.jpg,True
train,train_005704,out/images/train/train_005704.jpg,True
train,train_005705,out/images/train/train_005705.jpg,True
train,train_005706,out/images/train/train_005706.jpg,True
train,train_005707,out/images/train/train_005707.jpg,True
train,train_005708,out/images/train/train_005708.jpg,True
train,train_005709,out/images/train/train_005709.jpg,True
train,train_005710,out/images/train/train_005710.jpg,True
train,train_005711,out/images/train/train_005711.jpg,True
train,train_005712,out/images/train/train_005712.jpg,True
train,train_005713,out/images/train/train_005713.jpg,True
train,train_005714,out/images/train/train_005714.jpg,True
train,train_005715,out/images/train/train_005715.jpg,True
train,train_005716,out/images/train/train_005716.jpg,True
train,train_005717,out/images/train/train_005717.jpg,True
train,train_005718,out/images/train/train_005718.jpg,True
train,train_005719,out/images/train/train_005719.jpg,True
train,train_005720,out/images/train/train_005720.jpg,True
train,train_005721,out/images/train/train_005721.jpg,True
train,train_005722,out/images/train/train_005722.jpg,True
train,train_005723,out/images/train/train_005723.jpg,True
train,train_005724,out/images/train/train_005724.jpg,True
train,train_005725,out/images/train/train_005725.jpg,True
train,train_005726,out/images/train/train_005726.jpg,True
train,train_005727,out/images/train/train_005727.jpg,True
train,train_005728,out/images/train/train_005728.jpg,True
train,train_005729,out/images/train/train_005729.jpg,True
train,train_005730,out/images/train/train_005730.jpg,True
train,train_005731,out/images/train/train_005731.jpg,True
train,train_005732,out/images/train/train_005732.jpg,True
train,train_005733,out/images/train/train_005733.jpg,True
train,train_005734,out/images/train/train_005734.jpg,True
train,train_005735,out/images/train/train_005735.jpg,True
train,train_005736,out/images/train/train_005736.jpg,True
train,train_005737,out/images/train/train_005737.jpg,True
train,train_005738,out/images/train/train_005738.jpg,True
train,train_005739,out/images/train/train_005739.jpg,True
train,train_005740,out/images/train/train_005740.jpg,True
train,train_005741,out/images/train/train_005741.jpg,True
train,train_005742,out/images/train/train_005742.jpg,True
train,train_005743,out/images/train/train_005743.jpg,True
train,train_005744,out/images/train/train_005744.jpg,True
train,train_005745,out/images/train/train_005745.jpg,True
train,train_005746,out/images/train/train_005746.jpg,True
train,train_005747,out/images/train/train_005747.jpg,True
train,train_005748,out/images/train/train_005748.jpg,True
train,train_005749,out/images/train/train_005749.jpg,True
train,train_005750,out/images/train/train_005750.jpg,True
train,train_005751,out/images/train/train_005751.jpg,True
train,train_005752,out/images/train/train_005752.jpg,True
train,train_005753,out/images/train/train_005753.jpg,True
train,train_005754,out/images/train/train_005754.jpg,True
train,train_005755,out/images/train/train_005755.jpg,True
train,train_005756,out/images/train/train_005756.jpg,True
train,train_005757,out/images/train/train_005757.jpg,True
train,train_005758,out/images/train/train_005758.jpg,True
train,train_005759,out/images/train/train_005759.jpg,True
train,train_005760,out/images/train/train_005760.jpg,True
train,train_005761,out/images/train/train_005761.jpg,True
train,train_005762,out/images/train/train_005762.jpg,True
train,train_005763,out/images/train/train_005763.jpg,True
train,train_005764,out/images/train/train_005764.jpg,True
train,train_005765,out/images/train/train_005765.jpg,True
train,train_005766,out/images/train/train_005766.jpg,True
train,train_005767,out/images/train/train_005767.jpg,True
train,train_005768,out/images/train/train_005768.jpg,True
train,train_005769,out/images/train/train_005769.jpg,True
train,train_005770,out/images/train/train_005770.jpg,True
train,train_005771,out/images/train/train_005771.jpg,True
train,train_005772,out/images/train/train_005772.jpg,True
train,train_005773,out/images/train/train_005773.jpg,True
train,train_005774,out/images/train/train_005774.jpg,True
train,train_005775,out/images/train/train_005775.jpg,True
train,train_005776,out/images/train/train_005776.jpg,True
train,train_005777,out/images/train/train_005777.jpg,True
train,train_005778,out/images/train/train_005778.jpg,True
train,train_005779,out/images/train/train_005779.jpg,True
train,train_005780,out/images/train/train_005780.jpg,True
train,train_005781,out/images/train/train_005781.jpg,True
train,train_005782,out/images/train/train_005782.jpg,True
train,train_005783,out/images/train/train_005783.jpg,True
train,train_005784,out/images/train/train_005784.jpg,True
train,train_005785,out/images/train/train_005785.jpg,True
train,train_005786,out/images/train/train_005786.jpg,True
train,train_005787,out/images/train/train_005787.jpg,True
train,train_005788,out/images/train/train_005788.jpg,True
train,train_005789,out/images/train/train_005789.jpg,True
train,train_005790,out/images/train/train_005790.jpg,True
train,train_005791,out/images/train/train_005791.jpg,True
train,train_005792,out/images/train/train_005792.jpg,True
train,train_005793,out/images/train/train_005793.jpg,True
train,train_005794,out/images/train/train_005794.jpg,True
train,train_005795,out/images/train/train_005795.jpg,True
train,train_005796,out/images/train/train_005796.jpg,True
train,train_005797,out/images/train/train_005797.jpg,True
train,train_005798,out/images/train/train_005798.jpg,True
train,train_005799,out/images/train/train_005799.jpg,True
train,train_005800,out/images/train/train_005800.jpg,True
train,train_005801,out/images/train/train_005801.jpg,True
train,train_005802,out/images/train/train_005802.jpg,True
train,train_005803,out/images/train/train_005803.jpg,True
train,train_005804,out/images/train/train_005804.jpg,True
train,train_005805,out/images/train/train_005805.jpg,True
train,train_005806,out/images/train/train_005806.jpg,True
train,train_005807,out/images/train/train_005807.jpg,True
train,train_005808,out/images/train/train_005808.jpg,True
train,train_005809,out/images/train/train_005809.jpg,True
train,train_005810,out/images/train/train_005810.jpg,True
train,train_005811,out/images/train/train_005811.jpg,True
train,train_005812,out/images/train/train_005812.jpg,True
train,train_005813,out/images/train/train_005813.jpg,True
train,train_005814,out/images/train/train_005814.jpg,True
train,train_005815,out/images/train/train_005815.jpg,True
train,train_005816,out/images/train/train_005816.jpg,True
train,train_005817,out/images/train/train_005817.jpg,True
train,train_005818,out/images/train/train_005818.jpg,True
train,train_005819,out/images/train/train_005819.jpg,True
train,train_005820,out/images/train/train_005820.jpg,True
train,train_005821,out/images/train/train_005821.jpg,True
train,train_005822,out/images/train/train_005822.jpg,True
train,train_005823,out/images/train/train_005823.jpg,True
train,train_005824,out/images/train/train_005824.jpg,True
train,train_005825,out/images/train/train_005825.jpg,True
train,train_005826,out/images/train/train_005826.jpg,True
train,train_005827,out/images/train/train_005827.jpg,True
train,train_005828,out/images/train/train_005828.jpg,True
train,train_005829,out/images/train/train_005829.jpg,True
train,train_005830,out/images/train/train_005830.jpg,True
train,train_005831,out/images/train/train_005831.jpg,True
train,train_005832,out/images/train/train_005832.jpg,True
train,train_005833,out/images/train/train_005833.jpg,True
train,train_005834,out/images/train/train_005834.jpg,True
train,train_005835,out/images/train/train_005835.jpg,True
train,train_005836,out/images/train/train_005836.jpg,True
train,train_005837,out/images/train/train_005837.jpg,True
train,train_005838,out/images/train/train_005838.jpg,True
train,train_005839,out/images/train/train_005839.jpg,True
train,train_005840,out/images/train/train_005840.jpg,True
train,train_005841,out/images/train/train_005841.jpg,True
train,train_005842,out/images/train/train_005842.jpg,True
train,train_005843,out/images/train/train_005843.jpg,True
train,train_005844,out/images/train/train_005844.jpg,True
train,train_005845,out/images/train/train_005845.jpg,True
train,train_005846,out/images/train/train_005846.jpg,True
train,train_005847,out/images/train/train_005847.jpg,True
train,train_005848,out/images/train/train_005848.jpg,True
train,train_005849,out/images/train/train_005849.jpg,True
train,train_005850,out/images/train/train_005850.jpg,True
train,train_005851,out/images/train/train_005851.jpg,True
train,train_005852,out/images/train/train_005852.jpg,True
train,train_005853,out/images/train/train_005853.jpg,True
train,train_005854,out/images/train/train_005854.jpg,True
train,train_005855,out/images/train/train_005855.jpg,True
train,train_005856,out/images/train/train_005856.jpg,True
train,train_005857,out/images/train/train_005857.jpg,True
train,train_005858,out/images/train/train_005858.jpg,True
train,train_005859,out/images/train/train_005859.jpg,True
train,train_005860,out/images/train/train_005860.jpg,True
train,train_005861,out/images/train/train_005861.jpg,True
train,train_005862,out/images/train/train_005862.jpg,True
train,train_005863,out/images/train/train_005863.jpg,True
train,train_005864,out/images/train/train_005864.jpg,True
train,train_005865,out/images/train/train_005865.jpg,True
train,train_005866,out/images/train/train_005866.jpg,True
train,train_005867,out/images/train/train_005867.jpg,True
train,train_005868,out/images/train/train_005868.jpg,True
train,train_005869,out/images/train/train_005869.jpg,True
train,train_005870,out/images/train/train_005870.jpg,True
train,train_005871,out/images/train/train_005871.jpg,True
train,train_005872,out/images/train/train_005872.jpg,True
train,train_005873,out/images/train/train_005873.jpg,True
train,train_005874,out/images/train/train_005874.jpg,True
train,train_005875,out/images/train/train_005875.jpg,True
train,train_005876,out/images/train/train_005876.jpg,True
train,train_005877,out/images/train/train_005877.jpg,True
train,train_005878,out/images/train/train_005878.jpg,True
train,train_005879,out/images/train/train_005879.jpg,True
train,train_005880,out/images/train/train_005880.jpg,True
train,train_005881,out/images/train/train_005881.jpg,True
train,train_005882,out/images/train/train_005882.jpg,True
train,train_005883,out/images/train/train_005883.jpg,True
train,train_005884,out/images/train/train_005884.jpg,True
train,train_005885,out/images/train/train_005885.jpg,True
train,train_005886,out/images/train/train_005886.jpg,True
train,train_005887,out/images/train/train_005887.jpg,True
train,train_005888,out/images/train/train_005888.jpg,True
train,train_005889,out/images/train/train_005889.jpg,True
train,train_005890,out/images/train/train_005890.jpg,True
train,train_005891,out/images/train/train_005891.jpg,True
train,train_005892,out/images/train/train_005892.jpg,True
train,train_005893,out/images/train/train_005893.jpg,True
train,train_005894,out/images/train/train_005894.jpg,True
train,train_005895,out/images/train/train_005895.jpg,True
train,train_005896,out/images/train/train_005896.jpg,True
train,train_005897,out/images/train/train_005897.jpg,True
train,train_005898,out/images/train/train_005898.jpg,True
train,train_005899,out/images/train/train_005899.jpg,True
train,train_005900,out/images/train/train_005900.jpg,True
train,train_005901,out/images/train/train_005901.jpg,True
train,train_005902,out/images/train/train_005902.jpg,True
train,train_005903,out/images/train/train_005903.jpg,True
train,train_005904,out/images/train/train_005904.jpg,True
train,train_005905,out/images/train/train_005905.jpg,True
train,train_005906,out/images/train/train_005906.jpg,True
train,train_005907,out/images/train/train_005907.jpg,True
train,train_005908,out/images/train/train_005908.jpg,True
train,train_005909,out/images/train/train_005909.jpg,True
train,train_005910,out/images/train/train_005910.jpg,True
train,train_005911,out/images/train/train_005911.jpg,True
train,train_005912,out/images/train/train_005912.jpg,True
train,train_005913,out/images/train/train_005913.jpg,True
train,train_005914,out/images/train/train_005914.jpg,True
train,train_005915,out/images/train/train_005915.jpg,True
train,train_005916,out/images/train/train_005916.jpg,True
train,train_005917,out/images/train/train_005917.jpg,True
train,train_005918,out/images/train/train_005918.jpg,True
train,train_005919,out/images/train/train_005919.jpg,True
train,train_005920,out/images/train/train_005920.jpg,True
train,train_005921,out/images/train/train_005921.jpg,True
train,train_005922,out/images/train/train_005922.jpg,True
train,train_005923,out/images/train/train_005923.jpg,True
train,train_005924,out/images/train/train_005924.jpg,True
train,train_005925,out/images/train/train_005925.jpg,True
train,train_005926,out/images/train/train_005926.jpg,True
train,train_005927,out/images/train/train_005927.jpg,True
train,train_005928,out/images/train/train_005928.jpg,True
train,train_005929,out/images/train/train_005929.jpg,True
train,train_005930,out/images/train/train_005930.jpg,True
train,train_005931,out/images/train/train_005931.jpg,True
train,train_005932,out/images/train/train_005932.jpg,True
train,train_005933,out/images/train/train_005933.jpg,True
train,train_005934,out/images/train/train_005934.jpg,True
train,train_005935,out/images/train/train_005935.jpg,True
train,train_005936,out/images/train/train_005936.jpg,True
train,train_005937,out/images/train/train_005937.jpg,True
train,train_005938,out/images/train/train_005938.jpg,True
train,train_005939,out/images/train/train_005939.jpg,True
train,train_005940,out/images/train/train_005940.jpg,True
train,train_005941,out/images/train/train_005941.jpg,True
train,train_005942,out/images/train/train_005942.jpg,True
train,train_005943,out/images/train/train_005943.jpg,True
train,train_005944,out/images/train/train_005944.jpg,True
train,train_005945,out/images/train/train_005945.jpg,True
train,train_005946,out/images/train/train_005946.jpg,True
train,train_005947,out/images/train/train_005947.jpg,True
train,train_005948,out/images/train/train_005948.jpg,True
train,train_005949,out/images/train/train_005949.jpg,True
train,train_005950,out/images/train/train_005950.jpg,True
train,train_005951,out/images/train/train_005951.jpg,True
train,train_005952,out/images/train/train_005952.jpg,True
train,train_005953,out/images/train/train_005953.jpg,True
train,train_005954,out/images/train/train_005954.jpg,True
train,train_005955,out/images/train/train_005955.jpg,True
train,train_005956,out/images/train/train_005956.jpg,True
train,train_005957,out/images/train/train_005957.jpg,True
train,train_005958,out/images/train/train_005958.jpg,True
train,train_005959,out/images/train/train_005959.jpg,True
train,train_005960,out/images/train/train_005960.jpg,True
train,train_005961,out/images/train/train_005961.jpg,True
train,train_005962,out/images/train/train_005962.jpg,True
train,train_005963,out/images/train/train_005963.jpg,True
train,train_005964,out/images/train/train_005964.jpg,True
train,train_005965,out/images/train/train_005965.jpg,True
train,train_005966,out/images/train/train_005966.jpg,True
train,train_005967,out/images/train/train_005967.jpg,True
train,train_005968,out/images/train/train_005968.jpg,True
train,train_005969,out/images/train/train_005969.jpg,True
train,train_005970,out/images/train/train_005970.jpg,True
train,train_005971,out/images/train/train_005971.jpg,True
train,train_005972,out/images/train/train_005972.jpg,True
train,train_005973,out/images/train/train_005973.jpg,True
train,train_005974,out/images/train/train_005974.jpg,True
train,train_005975,out/images/train/train_005975.jpg,True
train,train_005976,out/images/train/train_005976.jpg,True
train,train_005977,out/images/train/train_005977.jpg,True
train,train_005978,out/images/train/train_005978.jpg,True
train,train_005979,out/images/train/train_005979.jpg,True
train,train_005980,out/images/train/train_005980.jpg,True
train,train_005981,out/images/train/train_005981.jpg,True
train,train_005982,out/images/train/train_005982.jpg,True
train,train_005983,out/images/train/train_005983.jpg,True
train,train_005984,out/images/train/train_005984.jpg,True
train,train_005985,out/images/train/train_005985.jpg,True
train,train_005986,out/images/train/train_005986.jpg,True
train,train_005987,out/images/train/train_005987.jpg,True
train,train_005988,out/images/train/train_005988.jpg,True
train,train_005989,out/images/train/train_005989.jpg,True
train,train_005990,out/images/train/train_005990.jpg,True
train,train_005991,out/images/train/train_005991.jpg,True
train,train_005992,out/images/train/train_005992.jpg,True
train,train_005993,out/images/train/train_005993.jpg,True
train,train_005994,out/images/train/train_005994.jpg,True
train,train_005995,out/images/train/train_005995.jpg,True
train,train_005996,out/images/train/train_005996.jpg,True
train,train_005997,out/images/train/train_005997.jpg,True
train,train_005998,out/images/train/train_005998.jpg,True
train,train_005999,out/images/train/train_005999.jpg,True
train,train_006000,out/images/train/train_006000.jpg,True
train,train_006001,out/images/train/train_006001.jpg,True
train,train_006002,out/images/train/train_006002.jpg,True
train,train_006003,out/images/train/train_006003.jpg,True
train,train_006004,out/images/train/train_006004.jpg,True
train,train_006005,out/images/train/train_006005.jpg,True
train,train_006006,out/images/train/train_006006.jpg,True
train,train_006007,out/images/train/train_006007.jpg,True
train,train_006008,out/images/train/train_006008.jpg,True
train,train_006009,out/images/train/train_006009.jpg,True
train,train_006010,out/images/train/train_006010.jpg,True
train,train_006011,out/images/train/train_006011.jpg,True
train,train_006012,out/images/train/train_006012.jpg,True
train,train_006013,out/images/train/train_006013.jpg,True
train,train_006014,out/images/train/train_006014.jpg,True
train,train_006015,out/images/train/train_006015.jpg,True
train,train_006016,out/images/train/train_006016.jpg,True
train,train_006017,out/images/train/train_006017.jpg,True
train,train_006018,out/images/train/train_006018.jpg,True
train,train_006019,out/images/train/train_006019.jpg,True
train,train_006020,out/images/train/train_006020.jpg,True
train,train_006021,out/images/train/train_006021.jpg,True
train,train_006022,out/images/train/train_006022.jpg,True
train,train_006023,out/images/train/train_006023.jpg,True
train,train_006024,out/images/train/train_006024.jpg,True
train,train_006025,out/images/train/train_006025.jpg,True
train,train_006026,out/images/train/train_006026.jpg,True
train,train_006027,out/images/train/train_006027.jpg,True
train,train_006028,out/images/train/train_006028.jpg,True
train,train_006029,out/images/train/train_006029.jpg,True
train,train_006030,out/images/train/train_006030.jpg,True
train,train_006031,out/images/train/train_006031.jpg,True
train,train_006032,out/images/train/train_006032.jpg,True
train,train_006033,out/images/train/train_006033.jpg,True
train,train_006034,out/images/train/train_006034.jpg,True
train,train_006035,out/images/train/train_006035.jpg,True
train,train_006036,out/images/train/train_006036.jpg,True
train,train_006037,out/images/train/train_006037.jpg,True
train,train_006038,out/images/train/train_006038.jpg,True
train,train_006039,out/images/train/train_006039.jpg,True
train,train_006040,out/images/train/train_006040.jpg,True
train,train_006041,out/images/train/train_006041.jpg,True
train,train_006042,out/images/train/train_006042.jpg,True
train,train_006043,out/images/train/train_006043.jpg,True
train,train_006044,out/images/train/train_006044.jpg,True
train,train_006045,out/images/train/train_006045.jpg,True
train,train_006046,out/images/train/train_006046.jpg,True
train,train_006047,out/images/train/train_006047.jpg,True
train,train_006048,out/images/train/train_006048.jpg,True
train,train_006049,out/images/train/train_006049.jpg,True
train,train_006050,out/images/train/train_006050.jpg,True
train,train_006051,out/images/train/train_006051.jpg,True
train,train_006052,out/images/train/train_006052.jpg,True
train,train_006053,out/images/train/train_006053.jpg,True
train,train_006054,out/images/train/train_006054.jpg,True
train,train_006055,out/images/train/train_006055.jpg,True
train,train_006056,out/images/train/train_006056.jpg,True
train,train_006057,out/images/train/train_006057.jpg,True
train,train_006058,out/images/train/train_006058.jpg,True
train,train_006059,out/images/train/train_006059.jpg,True
train,train_006060,out/images/train/train_006060.jpg,True
train,train_006061,out/images/train/train_006061.jpg,True
train,train_006062,out/images/train/train_006062.jpg,True
train,train_006063,out/images/train/train_006063.jpg,True
train,train_006064,out/images/train/train_006064.jpg,True
train,train_006065,out/images/train/train_006065.jpg,True
train,train_006066,out/images/train/train_006066.jpg,True
train,train_006067,out/images/train/train_006067.jpg,True
train,train_006068,out/images/train/train_006068.jpg,True
train,train_006069,out/images/train/train_006069.jpg,True
train,train_006070,out/images/train/train_006070.jpg,True
train,train_006071,out/images/train/train_006071.jpg,True
train,train_006072,out/images/train/train_006072.jpg,True
train,train_006073,out/images/train/train_006073.jpg,True
train,train_006074,out/images/train/train_006074.jpg,True
train,train_006075,out/images/train/train_006075.jpg,True
train,train_006076,out/images/train/train_006076.jpg,True
train,train_006077,out/images/train/train_006077.jpg,True
train,train_006078,out/images/train/train_006078.jpg,True
train,train_006079,out/images/train/train_006079.jpg,True
train,train_006080,out/images/train/train_006080.jpg,True
train,train_006081,out/images/train/train_006081.jpg,True
train,train_006082,out/images/train/train_006082.jpg,True
train,train_006083,out/images/train/train_006083.jpg,True
train,train_006084,out/images/train/train_006084.jpg,True
train,train_006085,out/images/train/train_006085.jpg,True
train,train_006086,out/images/train/train_006086.jpg,True
train,train_006087,out/images/train/train_006087.jpg,True
train,train_006088,out/images/train/train_006088.jpg,True
train,train_006089,out/images/train/train_006089.jpg,True
train,train_006090,out/images/train/train_006090.jpg,True
train,train_006091,out/images/train/train_006091.jpg,True
train,train_006092,out/images/train/train_006092.jpg,True
train,train_006093,out/images/train/train_006093.jpg,True
train,train_006094,out/images/train/train_006094.jpg,True
train,train_006095,out/images/train/train_006095.jpg,True
train,train_006096,out/images/train/train_006096.jpg,True
train,train_006097,out/images/train/train_006097.jpg,True
train,train_006098,out/images/train/train_006098.jpg,True
train,train_006099,out/images/train/train_006099.jpg,True
train,train_006100,out/images/train/train_006100.jpg,True
train,train_006101,out/images/train/train_006101.jpg,True
train,train_006102,out/images/train/train_006102.jpg,True
train,train_006103,out/images/train/train_006103.jpg,True
train,train_006104,out/images/train/train_006104.jpg,True
train,train_006105,out/images/train/train_006105.jpg,True
train,train_006106,out/images/train/train_006106.jpg,True
train,train_006107,out/images/train/train_006107.jpg,True
train,train_006108,out/images/train/train_006108.jpg,True
train,train_006109,out/images/train/train_006109.jpg,True
train,train_006110,out/images/train/train_006110.jpg,True
train,train_006111,out/images/train/train_006111.jpg,True
train,train_006112,out/images/train/train_006112.jpg,True
train,train_006113,out/images/train/train_006113.jpg,True
train,train_006114,out/images/train/train_006114.jpg,True
train,train_006115,out/images/train/train_006115.jpg,True
train,train_006116,out/images/train/train_006116.jpg,True
train,train_006117,out/images/train/train_006117.jpg,True
train,train_006118,out/images/train/train_006118.jpg,True
train,train_006119,out/images/train/train_006119.jpg,True
train,train_006120,out/images/train/train_006120.jpg,True
train,train_006121,out/images/train/train_006121.jpg,True
train,train_006122,out/images/train/train_006122.jpg,True
train,train_006123,out/images/train/train_006123.jpg,True
train,train_006124,out/images/train/train_006124.jpg,True
train,train_006125,out/images/train/train_006125.jpg,True
train,train_006126,out/images/train/train_006126.jpg,True
train,train_006127,out/images/train/train_006127.jpg,True
train,train_006128,out/images/train/train_006128.jpg,True
train,train_006129,out/images/train/train_006129.jpg,True
train,train_006130,out/images/train/train_006130.jpg,True
train,train_006131,out/images/train/train_006131.jpg,True
train,train_006132,out/images/train/train_006132.jpg,True
train,train_006133,out/images/train/train_006133.jpg,True
train,train_006134,out/images/train/train_006134.jpg,True
train,train_006135,out/images/train/train_006135.jpg,True
train,train_006136,out/images/train/train_006136.jpg,True
train,train_006137,out/images/train/train_006137.jpg,True
train,train_006138,out/images/train/train_006138.jpg,True
train,train_006139,out/images/train/train_006139.jpg,True
train,train_006140,out/images/train/train_006140.jpg,True
train,train_006141,out/images/train/train_006141.jpg,True
train,train_006142,out/images/train/train_006142.jpg,True
train,train_006143,out/images/train/train_006143.jpg,True
train,train_006144,out/images/train/train_006144.jpg,True
train,train_006145,out/images/train/train_006145.jpg,True
train,train_006146,out/images/train/train_006146.jpg,True
train,train_006147,out/images/train/train_006147.jpg,True
train,train_006148,out/images/train/train_006148.jpg,True
train,train_006149,out/images/train/train_006149.jpg,True
train,train_006150,out/images/train/train_006150.jpg,True
train,train_006151,out/images/train/train_006151.jpg,True
train,train_006152,out/images/train/train_006152.jpg,True
train,train_006153,out/images/train/train_006153.jpg,True
train,train_006154,out/images/train/train_006154.jpg,True
train,train_006155,out/images/train/train_006155.jpg,True
train,train_006156,out/images/train/train_006156.jpg,True
train,train_006157,out/images/train/train_006157.jpg,True
train,train_006158,out/images/train/train_006158.jpg,True
train,train_006159,out/images/train/train_006159.jpg,True
train,train_006160,out/images/train/train_006160.jpg,True
train,train_006161,out/images/train/train_006161.jpg,True
train,train_006162,out/images/train/train_006162.jpg,True
train,train_006163,out/images/train/train_006163.jpg,True
train,train_006164,out/images/train/train_006164.jpg,True
train,train_006165,out/images/train/train_006165.jpg,True
train,train_006166,out/images/train/train_006166.jpg,True
train,train_006167,out/images/train/train_006167.jpg,True
train,train_006168,out/images/train/train_006168.jpg,True
train,train_006169,out/images/train/train_006169.jpg,True
train,train_006170,out/images/train/train_006170.jpg,True
train,train_006171,out/images/train/train_006171.jpg,True
train,train_006172,out/images/train/train_006172.jpg,True
train,train_006173,out/images/train/train_006173.jpg,True
train,train_006174,out/images/train/train_006174.jpg,True
train,train_006175,out/images/train/train_006175.jpg,True
train,train_006176,out/images/train/train_006176.jpg,True
train,train_006177,out/images/train/train_006177.jpg,True
train,train_006178,out/images/train/train_006178.jpg,True
train,train_006179,out/images/train/train_006179.jpg,True
train,train_006180,out/images/train/train_006180.jpg,True
train,train_006181,out/images/train/train_006181.jpg,True
train,train_006182,out/images/train/train_006182.jpg,True
train,train_006183,out/images/train/train_006183.jpg,True
train,train_006184,out/images/train/train_006184.jpg,True
train,train_006185,out/images/train/train_006185.jpg,True
train,train_006186,out/images/train/train_006186.jpg,True
train,train_006187,out/images/train/train_006187.jpg,True
train,train_006188,out/images/train/train_006188.jpg,True
train,train_006189,out/images/train/train_006189.jpg,True
train,train_006190,out/images/train/train_006190.jpg,True
train,train_006191,out/images/train/train_006191.jpg,True
train,train_006192,out/images/train/train_006192.jpg,True
train,train_006193,out/images/train/train_006193.jpg,True
train,train_006194,out/images/train/train_006194.jpg,True
train,train_006195,out/images/train/train_006195.jpg,True
train,train_006196,out/images/train/train_006196.jpg,True
train,train_006197,out/images/train/train_006197.jpg,True
train,train_006198,out/images/train/train_006198.jpg,True
train,train_006199,out/images/train/train_006199.jpg,True
train,train_006200,out/images/train/train_006200.jpg,True
train,train_006201,out/images/train/train_006201.jpg,True
train,train_006202,out/images/train/train_006202.jpg,True
train,train_006203,out/images/train/train_006203.jpg,True
train,train_006204,out/images/train/train_006204.jpg,True
train,train_006205,out/images/train/train_006205.jpg,True
train,train_006206,out/images/train/train_006206.jpg,True
train,train_006207,out/images/train/train_006207.jpg,True
train,train_006208,out/images/train/train_006208.jpg,True
train,train_006209,out/images/train/train_006209.jpg,True
train,train_006210,out/images/train/train_006210.jpg,True
train,train_006211,out/images/train/train_006211.jpg,True
train,train_006212,out/images/train/train_006212.jpg,True
train,train_006213,out/images/train/train_006213.jpg,True
train,train_006214,out/images/train/train_006214.jpg,True
train,train_006215,out/images/train/train_006215.jpg,True
train,train_006216,out/images/train/train_006216.jpg,True
train,train_006217,out/images/train/train_006217.jpg,True
train,train_006218,out/images/train/train_006218.jpg,True
train,train_006219,out/images/train/train_006219.jpg,True
train,train_006220,out/images/train/train_006220.jpg,True
train,train_006221,out/images/train/train_006221.jpg,True
train,train_006222,out/images/train/train_006222.jpg,True
train,train_006223,out/images/train/train_006223.jpg,True
train,train_006224,out/images/train/train_006224.jpg,True
train,train_006225,out/images/train/train_006225.jpg,True
train,train_006226,out/images/train/train_006226.jpg,True
train,train_006227,out/images/train/train_006227.jpg,True
train,train_006228,out/images/train/train_006228.jpg,True
train,train_006229,out/images/train/train_006229.jpg,True
train,train_006230,out/images/train/train_006230.jpg,True
train,train_006231,out/images/train/train_006231.jpg,True
train,train_006232,out/images/train/train_006232.jpg,True
train,train_006233,out/images/train/train_006233.jpg,True
train,train_006234,out/images/train/train_006234.jpg,True
train,train_006235,out/images/train/train_006235.jpg,True
train,train_006236,out/images/train/train_006236.jpg,True
train,train_006237,out/images/train/train_006237.jpg,True
train,train_006238,out/images/train/train_006238.jpg,True
train,train_006239,out/images/train/train_006239.jpg,True
train,train_006240,out/images/train/train_006240.jpg,True
train,train_006241,out/images/train/train_006241.jpg,True
train,train_006242,out/images/train/train_006242.jpg,True
train,train_006243,out/images/train/train_006243.jpg,True
train,train_006244,out/images/train/train_006244.jpg,True
train,train_006245,out/images/train/train_006245.jpg,True
train,train_006246,out/images/train/train_006246.jpg,True
train,train_006247,out/images/train/train_006247.jpg,True
train,train_006248,out/images/train/train_006248.jpg,True
train,train_006249,out/images/train/train_006249.jpg,True
train,train_006250,out/images/train/train_006250.jpg,True
train,train_006251,out/images/train/train_006251.jpg,True
train,train_006252,out/images/train/train_006252.jpg,True
train,train_006253,out/images/train/train_006253.jpg,True
train,train_006254,out/images/train/train_006254.jpg,True
train,train_006255,out/images/train/train_006255.jpg,True
train,train_006256,out/images/train/train_006256.jpg,True
train,train_006257,out/images/train/train_006257.jpg,True
train,train_006258,out/images/train/train_006258.jpg,True
train,train_006259,out/images/train/train_006259.jpg,True
train,train_006260,out/images/train/train_006260.jpg,True
train,train_006261,out/images/train/train_006261.jpg,True
train,train_006262,out/images/train/train_006262.jpg,True
train,train_006263,out/images/train/train_006263.jpg,True
train,train_006264,out/images/train/train_006264.jpg,True
train,train_006265,out/images/train/train_006265.jpg,True
train,train_006266,out/images/train/train_006266.jpg,True
train,train_006267,out/images/train/train_006267.jpg,True
train,train_006268,out/images/train/train_006268.jpg,True
train,train_006269,out/images/train/train_006269.jpg,True
train,train_006270,out/images/train/train_006270.jpg,True
train,train_006271,out/images/train/train_006271.jpg,True
train,train_006272,out/images/train/train_006272.jpg,True
train,train_006273,out/images/train/train_006273.jpg,True
train,train_006274,out/images/train/train_006274.jpg,True
train,train_006275,out/images/train/train_006275.jpg,True
train,train_006276,out/images/train/train_006276.jpg,True
train,train_006277,out/images/train/train_006277.jpg,True
train,train_006278,out/images/train/train_006278.jpg,True
train,train_006279,out/images/train/train_006279.jpg,True
train,train_006280,out/images/train/train_006280.jpg,True
train,train_006281,out/images/train/train_006281.jpg,True
train,train_006282,out/images/train/train_006282.jpg,True
train,train_006283,out/images/train/train_006283.jpg,True
train,train_006284,out/images/train/train_006284.jpg,True
train,train_006285,out/images/train/train_006285.jpg,True
train,train_006286,out/images/train/train_006286.jpg,True
train,train_006287,out/images/train/train_006287.jpg,True
train,train_006288,out/images/train/train_006288.jpg,True
train,train_006289,out/images/train/train_006289.jpg,True
train,train_006290,out/images/train/train_006290.jpg,True
train,train_006291,out/images/train/train_006291.jpg,True
train,train_006292,out/images/train/train_006292.jpg,True
train,train_006293,out/images/train/train_006293.jpg,True
train,train_006294,out/images/train/train_006294.jpg,True
train,train_006295,out/images/train/train_006295.jpg,True
train,train_006296,out/images/train/train_006296.jpg,True
train,train_006297,out/images/train/train_006297.jpg,True
train,train_006298,out/images/train/train_006298.jpg,True
train,train_006299,out/images/train/train_006299.jpg,True
train,train_006300,out/images/train/train_006300.jpg,True
train,train_006301,out/images/train/train_006301.jpg,True
train,train_006302,out/images/train/train_006302.jpg,True
train,train_006303,out/images/train/train_006303.jpg,True
train,train_006304,out/images/train/train_006304.jpg,True
train,train_006305,out/images/train/train_006305.jpg,True
train,train_006306,out/images/train/train_006306.jpg,True
train,train_006307,out/images/train/train_006307.jpg,True
train,train_006308,out/images/train/train_006308.jpg,True
train,train_006309,out/images/train/train_006309.jpg,True
train,train_006310,out/images/train/train_006310.jpg,True
train,train_006311,out/images/train/train_006311.jpg,True
train,train_006312,out/images/train/train_006312.jpg,True
train,train_006313,out/images/train/train_006313.jpg,True
train,train_006314,out/images/train/train_006314.jpg,True
train,train_006315,out/images/train/train_006315.jpg,True
train,train_006316,out/images/train/train_006316.jpg,True
train,train_006317,out/images/train/train_006317.jpg,True
train,train_006318,out/images/train/train_006318.jpg,True
train,train_006319,out/images/train/train_006319.jpg,True
train,train_006320,out/images/train/train_006320.jpg,True
train,train_006321,out/images/train/train_006321.jpg,True
train,train_006322,out/images/train/train_006322.jpg,True
train,train_006323,out/images/train/train_006323.jpg,True
train,train_006324,out/images/train/train_006324.jpg,True
train,train_006325,out/images/train/train_006325.jpg,True
train,train_006326,out/images/train/train_006326.jpg,True
train,train_006327,out/images/train/train_006327.jpg,True
train,train_006328,out/images/train/train_006328.jpg,True
train,train_006329,out/images/train/train_006329.jpg,True
train,train_006330,out/images/train/train_006330.jpg,True
train,train_006331,out/images/train/train_006331.jpg,True
train,train_006332,out/images/train/train_006332.jpg,True
train,train_006333,out/images/train/train_006333.jpg,True
train,train_006334,out/images/train/train_006334.jpg,True
train,train_006335,out/images/train/train_006335.jpg,True
train,train_006336,out/images/train/train_006336.jpg,True
train,train_006337,out/images/train/train_006337.jpg,True
train,train_006338,out/images/train/train_006338.jpg,True
train,train_006339,out/images/train/train_006339.jpg,True
train,train_006340,out/images/train/train_006340.jpg,True
train,train_006341,out/images/train/train_006341.jpg,True
train,train_006342,out/images/train/train_006342.jpg,True
train,train_006343,out/images/train/train_006343.jpg,True
train,train_006344,out/images/train/train_006344.jpg,True
train,train_006345,out/images/train/train_006345.jpg,True
train,train_006346,out/images/train/train_006346.jpg,True
train,train_006347,out/images/train/train_006347.jpg,True
train,train_006348,out/images/train/train_006348.jpg,True
train,train_006349,out/images/train/train_006349.jpg,True
train,train_006350,out/images/train/train_006350.jpg,True
train,train_006351,out/images/train/train_006351.jpg,True
train,train_006352,out/images/train/train_006352.jpg,True
train,train_006353,out/images/train/train_006353.jpg,True
train,train_006354,out/images/train/train_006354.jpg,True
train,train_006355,out/images/train/train_006355.jpg,True
train,train_006356,out/images/train/train_006356.jpg,True
train,train_006357,out/images/train/train_006357.jpg,True
train,train_006358,out/images/train/train_006358.jpg,True
train,train_006359,out/images/train/train_006359.jpg,True
train,train_006360,out/images/train/train_006360.jpg,True
train,train_006361,out/images/train/train_006361.jpg,True
train,train_006362,out/images/train/train_006362.jpg,True
train,train_006363,out/images/train/train_006363.jpg,True
train,train_006364,out/images/train/train_006364.jpg,True
train,train_006365,out/images/train/train_006365.jpg,True
train,train_006366,out/images/train/train_006366.jpg,True
train,train_006367,out/images/train/train_006367.jpg,True
train,train_006368,out/images/train/train_006368.jpg,True
train,train_006369,out/images/train/train_006369.jpg,True
train,train_006370,out/images/train/train_006370.jpg,True
train,train_006371,out/images/train/train_006371.jpg,True
train,train_006372,out/images/train/train_006372.jpg,True
train,train_006373,out/images/train/train_006373.jpg,True
train,train_006374,out/images/train/train_006374.jpg,True
train,train_006375,out/images/train/train_006375.jpg,True
train,train_006376,out/images/train/train_006376.jpg,True
train,train_006377,out/images/train/train_006377.jpg,True
train,train_006378,out/images/train/train_006378.jpg,True
train,train_006379,out/images/train/train_006379.jpg,True
train,train_006380,out/images/train/train_006380.jpg,True
train,train_006381,out/images/train/train_006381.jpg,True
train,train_006382,out/images/train/train_006382.jpg,True
train,train_006383,out/images/train/train_006383.jpg,True
train,train_006384,out/images/train/train_006384.jpg,True
train,train_006385,out/images/train/train_006385.jpg,True
train,train_006386,out/images/train/train_006386.jpg,True
train,train_006387,out/images/train/train_006387.jpg,True
train,train_006388,out/images/train/train_006388.jpg,True
train,train_006389,out/images/train/train_006389.jpg,True
train,train_006390,out/images/train/train_006390.jpg,True
train,train_006391,out/images/train/train_006391.jpg,True
train,train_006392,out/images/train/train_006392.jpg,True
train,train_006393,out/images/train/train_006393.jpg,True
train,train_006394,out/images/train/train_006394.jpg,True
train,train_006395,out/images/train/train_006395.jpg,True
train,train_006396,out/images/train/train_006396.jpg,True
train,train_006397,out/images/train/train_006397.jpg,True
train,train_006398,out/images/train/train_006398.jpg,True
train,train_006399,out/images/train/train_006399.jpg,True
train,train_006400,out/images/train/train_006400.jpg,True
train,train_006401,out/images/train/train_006401.jpg,True
train,train_006402,out/images/train/train_006402.jpg,True
train,train_006403,out/images/train/train_006403.jpg,True
train,train_006404,out/images/train/train_006404.jpg,True
train,train_006405,out/images/train/train_006405.jpg,True
train,train_006406,out/images/train/train_006406.jpg,True
train,train_006407,out/images/train/train_006407.jpg,True
train,train_006408,out/images/train/train_006408.jpg,True
train,train_006409,out/images/train/train_006409.jpg,True
train,train_006410,out/images/train/train_006410.jpg,True
train,train_006411,out/images/train/train_006411.jpg,True
train,train_006412,out/images/train/train_006412.jpg,True
train,train_006413,out/images/train/train_006413.jpg,True
train,train_006414,out/images/train/train_006414.jpg,True
train,train_006415,out/images/train/train_006415.jpg,True
train,train_006416,out/images/train/train_006416.jpg,True
train,train_006417,out/images/train/train_006417.jpg,True
train,train_006418,out/images/train/train_006418.jpg,True
train,train_006419,out/images/train/train_006419.jpg,True
train,train_006420,out/images/train/train_006420.jpg,True
train,train_006421,out/images/train/train_006421.jpg,True
train,train_006422,out/images/train/train_006422.jpg,True
train,train_006423,out/images/train/train_006423.jpg,True
train,train_006424,out/images/train/train_006424.jpg,True
train,train_006425,out/images/train/train_006425.jpg,True
train,train_006426,out/images/train/train_006426.jpg,True
train,train_006427,out/images/train/train_006427.jpg,True
train,train_006428,out/images/train/train_006428.jpg,True
train,train_006429,out/images/train/train_006429.jpg,True
train,train_006430,out/images/train/train_006430.jpg,True
train,train_006431,out/images/train/train_006431.jpg,True
train,train_006432,out/images/train/train_006432.jpg,True
train,train_006433,out/images/train/train_006433.jpg,True
train,train_006434,out/images/train/train_006434.jpg,True
train,train_006435,out/images/train/train_006435.jpg,True
train,train_006436,out/images/train/train_006436.jpg,True
train,train_006437,out/images/train/train_006437.jpg,True
train,train_006438,out/images/train/train_006438.jpg,True
train,train_006439,out/images/train/train_006439.jpg,True
train,train_006440,out/images/train/train_006440.jpg,True
train,train_006441,out/images/train/train_006441.jpg,True
train,train_006442,out/images/train/train_006442.jpg,True
train,train_006443,out/images/train/train_006443.jpg,True
train,train_006444,out/images/train/train_006444.jpg,True
train,train_006445,out/images/train/train_006445.jpg,True
train,train_006446,out/images/train/train_006446.jpg,True
train,train_006447,out/images/train/train_006447.jpg,True
train,train_006448,out/images/train/train_006448.jpg,True
train,train_006449,out/images/train/train_006449.jpg,True
train,train_006450,out/images/train/train_006450.jpg,True
train,train_006451,out/images/train/train_006451.jpg,True
train,train_006452,out/images/train/train_006452.jpg,True
train,train_006453,out/images/train/train_006453.jpg,True
train,train_006454,out/images/train/train_006454.jpg,True
train,train_006455,out/images/train/train_006455.jpg,True
train,train_006456,out/images/train/train_006456.jpg,True
train,train_006457,out/images/train/train_006457.jpg,True
train,train_006458,out/images/train/train_006458.jpg,True
train,train_006459,out/images/train/train_006459.jpg,True
train,train_006460,out/images/train/train_006460.jpg,True
train,train_006461,out/images/train/train_006461.jpg,True
train,train_006462,out/images/train/train_006462.jpg,True
train,train_006463,out/images/train/train_006463.jpg,True
train,train_006464,out/images/train/train_006464.jpg,True
train,train_006465,out/images/train/train_006465.jpg,True
train,train_006466,out/images/train/train_006466.jpg,True
train,train_006467,out/images/train/train_006467.jpg,True
train,train_006468,out/images/train/train_006468.jpg,True
train,train_006469,out/images/train/train_006469.jpg,True
train,train_006470,out/images/train/train_006470.jpg,True
train,train_006471,out/images/train/train_006471.jpg,True
train,train_006472,out/images/train/train_006472.jpg,True
train,train_006473,out/images/train/train_006473.jpg,True
train,train_006474,out/images/train/train_006474.jpg,True
train,train_006475,out/images/train/train_006475.jpg,True
train,train_006476,out/images/train/train_006476.jpg,True
train,train_006477,out/images/train/train_006477.jpg,True
train,train_006478,out/images/train/train_006478.jpg,True
train,train_006479,out/images/train/train_006479.jpg,True
train,train_006480,out/images/train/train_006480.jpg,True
train,train_006481,out/images/train/train_006481.jpg,True
train,train_006482,out/images/train/train_006482.jpg,True
train,train_006483,out/images/train/train_006483.jpg,True
train,train_006484,out/images/train/train_006484.jpg,True
train,train_006485,out/images/train/train_006485.jpg,True
train,train_006486,out/images/train/train_006486.jpg,True
train,train_006487,out/images/train/train_006487.jpg,True
train,train_006488,out/images/train/train_006488.jpg,True
train,train_006489,out/images/train/train_006489.jpg,True
train,train_006490,out/images/train/train_006490.jpg,True
train,train_006491,out/images/train/train_006491.jpg,True
train,train_006492,out/images/train/train_006492.jpg,True
train,train_006493,out/images/train/train_006493.jpg,True
train,train_006494,out/images/train/train_006494.jpg,True
train,train_006495,out/images/train/train_006495.jpg,True
train,train_006496,out/images/train/train_006496.jpg,True
train,train_006497,out/images/train/train_006497.jpg,True
train,train_006498,out/images/train/train_006498.jpg,True
train,train_006499,out/images/train/train_006499.jpg,True
train,train_006500,out/images/train/train_006500.jpg,True
train,train_006501,out/images/train/train_006501.jpg,True
train,train_006502,out/images/train/train_006502.jpg,True
train,train_006503,out/images/train/train_006503.jpg,True
train,train_006504,out/images/train/train_006504.jpg,True
train,train_006505,out/images/train/train_006505.jpg,True
train,train_006506,out/images/train/train_006506.jpg,True
train,train_006507,out/images/train/train_006507.jpg,True
train,train_006508,out/images/train/train_006508.jpg,True
train,train_006509,out/images/train/train_006509.jpg,True
train,train_006510,out/images/train/train_006510.jpg,True
train,train_006511,out/images/train/train_006511.jpg,True
train,train_006512,out/images/train/train_006512.jpg,True
train,train_006513,out/images/train/train_006513.jpg,True
train,train_006514,out/images/train/train_006514.jpg,True
train,train_006515,out/images/train/train_006515.jpg,True
train,train_006516,out/images/train/train_006516.jpg,True
train,train_006517,out/images/train/train_006517.jpg,True
train,train_006518,out/images/train/train_006518.jpg,True
train,train_006519,out/images/train/train_006519.jpg,True
train,train_006520,out/images/train/train_006520.jpg,True
train,train_006521,out/images/train/train_006521.jpg,True
train,train_006522,out/images/train/train_006522.jpg,True
train,train_006523,out/images/train/train_006523.jpg,True
train,train_006524,out/images/train/train_006524.jpg,True
train,train_006525,out/images/train/train_006525.jpg,True
train,train_006526,out/images/train/train_006526.jpg,True
train,train_006527,out/images/train/train_006527.jpg,True
train,train_006528,out/images/train/train_006528.jpg,True
train,train_006529,out/images/train/train_006529.jpg,True
train,train_006530,out/images/train/train_006530.jpg,True
train,train_006531,out/images/train/train_006531.jpg,True
train,train_006532,out/images/train/train_006532.jpg,True
train,train_006533,out/images/train/train_006533.jpg,True
train,train_006534,out/images/train/train_006534.jpg,True
train,train_006535,out/images/train/train_006535.jpg,True
train,train_006536,out/images/train/train_006536.jpg,True
train,train_006537,out/images/train/train_006537.jpg,True
train,train_006538,out/images/train/train_006538.jpg,True
train,train_006539,out/images/train/train_006539.jpg,True
train,train_006540,out/images/train/train_006540.jpg,True
train,train_006541,out/images/train/train_006541.jpg,True
train,train_006542,out/images/train/train_006542.jpg,True
train,train_006543,out/images/train/train_006543.jpg,True
train,train_006544,out/images/train/train_006544.jpg,True
train,train_006545,out/images/train/train_006545.jpg,True
train,train_006546,out/images/train/train_006546.jpg,True
train,train_006547,out/images/train/train_006547.jpg,True
train,train_006548,out/images/train/train_006548.jpg,True
train,train_006549,out/images/train/train_006549.jpg,True
train,train_006550,out/images/train/train_006550.jpg,True
train,train_006551,out/images/train/train_006551.jpg,True
train,train_006552,out/images/train/train_006552.jpg,True
train,train_006553,out/images/train/train_006553.jpg,True
train,train_006554,out/images/train/train_006554.jpg,True
train,train_006555,out/images/train/train_006555.jpg,True
train,train_006556,out/images/train/train_006556.jpg,True
train,train_006557,out/images/train/train_006557.jpg,True
train,train_006558,out/images/train/train_006558.jpg,True
train,train_006559,out/images/train/train_006559.jpg,True
train,train_006560,out/images/train/train_006560.jpg,True
train,train_006561,out/images/train/train_006561.jpg,True
train,train_006562,out/images/train/train_006562.jpg,True
train,train_006563,out/images/train/train_006563.jpg,True
train,train_006564,out/images/train/train_006564.jpg,True
train,train_006565,out/images/train/train_006565.jpg,True
train,train_006566,out/images/train/train_006566.jpg,True
train,train_006567,out/images/train/train_006567.jpg,True
train,train_006568,out/images/train/train_006568.jpg,True
train,train_006569,out/images/train/train_006569.jpg,True
train,train_006570,out/images/train/train_006570.jpg,True
train,train_006571,out/images/train/train_006571.jpg,True
train,train_006572,out/images/train/train_006572.jpg,True
train,train_006573,out/images/train/train_006573.jpg,True
train,train_006574,out/images/train/train_006574.jpg,True
train,train_006575,out/images/train/train_006575.jpg,True
train,train_006576,out/images/train/train_006576.jpg,True
train,train_006577,out/images/train/train_006577.jpg,True
train,train_006578,out/images/train/train_006578.jpg,True
train,train_006579,out/images/train/train_006579.jpg,True
train,train_006580,out/images/train/train_006580.jpg,True
train,train_006581,out/images/train/train_006581.jpg,True
train,train_006582,out/images/train/train_006582.jpg,True
train,train_006583,out/images/train/train_006583.jpg,True
train,train_006584,out/images/train/train_006584.jpg,True
train,train_006585,out/images/train/train_006585.jpg,True
train,train_006586,out/images/train/train_006586.jpg,True
train,train_006587,out/images/train/train_006587.jpg,True
train,train_006588,out/images/train/train_006588.jpg,True
train,train_006589,out/images/train/train_006589.jpg,True
train,train_006590,out/images/train/train_006590.jpg,True
train,train_006591,out/images/train/train_006591.jpg,True
train,train_006592,out/images/train/train_006592.jpg,True
train,train_006593,out/images/train/train_006593.jpg,True
train,train_006594,out/images/train/train_006594.jpg,True
train,train_006595,out/images/train/train_006595.jpg,True
train,train_006596,out/images/train/train_006596.jpg,True
train,train_006597,out/images/train/train_006597.jpg,True
train,train_006598,out/images/train/train_006598.jpg,True
train,train_006599,out/images/train/train_006599.jpg,True
train,train_006600,out/images/train/train_006600.jpg,True
train,train_006601,out/images/train/train_006601.jpg,True
train,train_006602,out/images/train/train_006602.jpg,True
train,train_006603,out/images/train/train_006603.jpg,True
train,train_006604,out/images/train/train_006604.jpg,True
train,train_006605,out/images/train/train_006605.jpg,True
train,train_006606,out/images/train/train_006606.jpg,True
train,train_006607,out/images/train/train_006607.jpg,True
train,train_006608,out/images/train/train_006608.jpg,True
train,train_006609,out/images/train/train_006609.jpg,True
train,train_006610,out/images/train/train_006610.jpg,True
train,train_006611,out/images/train/train_006611.jpg,True
train,train_006612,out/images/train/train_006612.jpg,True
train,train_006613,out/images/train/train_006613.jpg,True
train,train_006614,out/images/train/train_006614.jpg,True
train,train_006615,out/images/train/train_006615.jpg,True
train,train_006616,out/images/train/train_006616.jpg,True
train,train_006617,out/images/train/train_006617.jpg,True
train,train_006618,out/images/train/train_006618.jpg,True
train,train_006619,out/images/train/train_006619.jpg,True
train,train_006620,out/images/train/train_006620.jpg,True
train,train_006621,out/images/train/train_006621.jpg,True
train,train_006622,out/images/train/train_006622.jpg,True
train,train_006623,out/images/train/train_006623.jpg,True
train,train_006624,out/images/train/train_006624.jpg,True
train,train_006625,out/images/train/train_006625.jpg,True
train,train_006626,out/images/train/train_006626.jpg,True
train,train_006627,out/images/train/train_006627.jpg,True
train,train_006628,out/images/train/train_006628.jpg,True
train,train_006629,out/images/train/train_006629.jpg,True
train,train_006630,out/images/train/train_006630.jpg,True
train,train_006631,out/images/train/train_006631.jpg,True
train,train_006632,out/images/train/train_006632.jpg,True
train,train_006633,out/images/train/train_006633.jpg,True
train,train_006634,out/images/train/train_006634.jpg,True
train,train_006635,out/images/train/train_006635.jpg,True
train,train_006636,out/images/train/train_006636.jpg,True
train,train_006637,out/images/train/train_006637.jpg,True
train,train_006638,out/images/train/train_006638.jpg,True
train,train_006639,out/images/train/train_006639.jpg,True
train,train_006640,out/images/train/train_006640.jpg,True
train,train_006641,out/images/train/train_006641.jpg,True
train,train_006642,out/images/train/train_006642.jpg,True
train,train_006643,out/images/train/train_006643.jpg,True
train,train_006644,out/images/train/train_006644.jpg,True
train,train_006645,out/images/train/train_006645.jpg,True
train,train_006646,out/images/train/train_006646.jpg,True
train,train_006647,out/images/train/train_006647.jpg,True
train,train_006648,out/images/train/train_006648.jpg,True
train,train_006649,out/images/train/train_006649.jpg,True
train,train_006650,out/images/train/train_006650.jpg,True
train,train_006651,out/images/train/train_006651.jpg,True
train,train_006652,out/images/train/train_006652.jpg,True
train,train_006653,out/images/train/train_006653.jpg,True
train,train_006654,out/images/train/train_006654.jpg,True
train,train_006655,out/images/train/train_006655.jpg,True
train,train_006656,out/images/train/train_006656.jpg,True
train,train_006657,out/images/train/train_006657.jpg,True
train,train_006658,out/images/train/train_006658.jpg,True
train,train_006659,out/images/train/train_006659.jpg,True
train,train_006660,out/images/train/train_006660.jpg,True
train,train_006661,out/images/train/train_006661.jpg,True
train,train_006662,out/images/train/train_006662.jpg,True
train,train_006663,out/images/train/train_006663.jpg,True
train,train_006664,out/images/train/train_006664.jpg,True
train,train_006665,out/images/train/train_006665.jpg,True
train,train_006666,out/images/train/train_006666.jpg,True
train,train_006667,out/images/train/train_006667.jpg,True
train,train_006668,out/images/train/train_006668.jpg,True
train,train_006669,out/images/train/train_006669.jpg,True
train,train_006670,out/images/train/train_006670.jpg,True
train,train_006671,out/images/train/train_006671.jpg,True
train,train_006672,out/images/train/train_006672.jpg,True
train,train_006673,out/images/train/train_006673.jpg,True
train,train_006674,out/images/train/train_006674.jpg,True
train,train_006675,out/images/train/train_006675.jpg,True
train,train_006676,out/images/train/train_006676.jpg,True
train,train_006677,out/images/train/train_006677.jpg,True
train,train_006678,out/images/train/train_006678.jpg,True
train,train_006679,out/images/train/train_006679.jpg,True
train,train_006680,out/images/train/train_006680.jpg,True
train,train_006681,out/images/train/train_006681.jpg,True
train,train_006682,out/images/train/train_006682.jpg,True
train,train_006683,out/images/train/train_006683.jpg,True
train,train_006684,out/images/train/train_006684.jpg,True
train,train_006685,out/images/train/train_006685.jpg,True
train,train_006686,out/images/train/train_006686.jpg,True
train,train_006687,out/images/train/train_006687.jpg,True
train,train_006688,out/images/train/train_006688.jpg,True
train,train_006689,out/images/train/train_006689.jpg,True
train,train_006690,out/images/train/train_006690.jpg,True
train,train_006691,out/images/train/train_006691.jpg,True
train,train_006692,out/images/train/train_006692.jpg,True
train,train_006693,out/images/train/train_006693.jpg,True
train,train_006694,out/images/train/train_006694.jpg,True
train,train_006695,out/images/train/train_006695.jpg,True
train,train_006696,out/images/train/train_006696.jpg,True
train,train_006697,out/images/train/train_006697.jpg,True
train,train_006698,out/images/train/train_006698.jpg,True
train,train_006699,out/images/train/train_006699.jpg,True
train,train_006700,out/images/train/train_006700.jpg,True
train,train_006701,out/images/train/train_006701.jpg,True
train,train_006702,out/images/train/train_006702.jpg,True
train,train_006703,out/images/train/train_006703.jpg,True
train,train_006704,out/images/train/train_006704.jpg,True
train,train_006705,out/images/train/train_006705.jpg,True
train,train_006706,out/images/train/train_006706.jpg,True
train,train_006707,out/images/train/train_006707.jpg,True
train,train_006708,out/images/train/train_006708.jpg,True
train,train_006709,out/images/train/train_006709.jpg,True
train,train_006710,out/images/train/train_006710.jpg,True
train,train_006711,out/images/train/train_006711.jpg,True
train,train_006712,out/images/train/train_006712.jpg,True
train,train_006713,out/images/train/train_006713.jpg,True
train,train_006714,out/images/train/train_006714.jpg,True
train,train_006715,out/images/train/train_006715.jpg,True
train,train_006716,out/images/train/train_006716.jpg,True
train,train_006717,out/images/train/train_006717.jpg,True
train,train_006718,out/images/train/train_006718.jpg,True
train,train_006719,out/images/train/train_006719.jpg,True
train,train_006720,out/images/train/train_006720.jpg,True
train,train_006721,out/images/train/train_006721.jpg,True
train,train_006722,out/images/train/train_006722.jpg,True
train,train_006723,out/images/train/train_006723.jpg,True
train,train_006724,out/images/train/train_006724.jpg,True
train,train_006725,out/images/train/train_006725.jpg,True
train,train_006726,out/images/train/train_006726.jpg,True
train,train_006727,out/images/train/train_006727.jpg,True
train,train_006728,out/images/train/train_006728.jpg,True
train,train_006729,out/images/train/train_006729.jpg,True
train,train_006730,out/images/train/train_006730.jpg,True
train,train_006731,out/images/train/train_006731.jpg,True
train,train_006732,out/images/train/train_006732.jpg,True
train,train_006733,out/images/train/train_006733.jpg,True
train,train_006734,out/images/train/train_006734.jpg,True
train,train_006735,out/images/train/train_006735.jpg,True
train,train_006736,out/images/train/train_006736.jpg,True
train,train_006737,out/images/train/train_006737.jpg,True
train,train_006738,out/images/train/train_006738.jpg,True
train,train_006739,out/images/train/train_006739.jpg,True
train,train_006740,out/images/train/train_006740.jpg,True
train,train_006741,out/images/train/train_006741.jpg,True
train,train_006742,out/images/train/train_006742.jpg,True
train,train_006743,out/images/train/train_006743.jpg,True
train,train_006744,out/images/train/train_006744.jpg,True
train,train_006745,out/images/train/train_006745.jpg,True
train,train_006746,out/images/train/train_006746.jpg,True
train,train_006747,out/images/train/train_006747.jpg,True
train,train_006748,out/images/train/train_006748.jpg,True
train,train_006749,out/images/train/train_006749.jpg,True
train,train_006750,out/images/train/train_006750.jpg,True
train,train_006751,out/images/train/train_006751.jpg,True
train,train_006752,out/images/train/train_006752.jpg,True
train,train_006753,out/images/train/train_006753.jpg,True
train,train_006754,out/images/train/train_006754.jpg,True
train,train_006755,out/images/train/train_006755.jpg,True
train,train_006756,out/images/train/train_006756.jpg,True
train,train_006757,out/images/train/train_006757.jpg,True
train,train_006758,out/images/train/train_006758.jpg,True
train,train_006759,out/images/train/train_006759.jpg,True
train,train_006760,out/images/train/train_006760.jpg,True
train,train_006761,out/images/train/train_006761.jpg,True
train,train_006762,out/images/train/train_006762.jpg,True
train,train_006763,out/images/train/train_006763.jpg,True
train,train_006764,out/images/train/train_006764.jpg,True
train,train_006765,out/images/train/train_006765.jpg,True
train,train_006766,out/images/train/train_006766.jpg,True
train,train_006767,out/images/train/train_006767.jpg,True
train,train_006768,out/images/train/train_006768.jpg,True
train,train_006769,out/images/train/train_006769.jpg,True
train,train_006770,out/images/train/train_006770.jpg,True
train,train_006771,out/images/train/train_006771.jpg,True
train,train_006772,out/images/train/train_006772.jpg,True
train,train_006773,out/images/train/train_006773.jpg,True
train,train_006774,out/images/train/train_006774.jpg,True
train,train_006775,out/images/train/train_006775.jpg,True
train,train_006776,out/images/train/train_006776.jpg,True
train,train_006777,out/images/train/train_006777.jpg,True
train,train_006778,out/images/train/train_006778.jpg,True
train,train_006779,out/images/train/train_006779.jpg,True
train,train_006780,out/images/train/train_006780.jpg,True
train,train_006781,out/images/train/train_006781.jpg,True
train,train_006782,out/images/train/train_006782.jpg,True
train,train_006783,out/images/train/train_006783.jpg,True
train,train_006784,out/images/train/train_006784.jpg,True
train,train_006785,out/images/train/train_006785.jpg,True
train,train_006786,out/images/train/train_006786.jpg,True
train,train_006787,out/images/train/train_006787.jpg,True
train,train_006788,out/images/train/train_006788.jpg,True
train,train_006789,out/images/train/train_006789.jpg,True
train,train_006790,out/images/train/train_006790.jpg,True
train,train_006791,out/images/train/train_006791.jpg,True
train,train_006792,out/images/train/train_006792.jpg,True
train,train_006793,out/images/train/train_006793.jpg,True
train,train_006794,out/images/train/train_006794.jpg,True
train,train_006795,out/images/train/train_006795.jpg,True
train,train_006796,out/images/train/train_006796.jpg,True
train,train_006797,out/images/train/train_006797.jpg,True
train,train_006798,out/images/train/train_006798.jpg,True
train,train_006799,out/images/train/train_006799.jpg,True
train,train_006800,out/images/train/train_006800.jpg,True
train,train_006801,out/images/train/train_006801.jpg,True
train,train_006802,out/images/train/train_006802.jpg,True
train,train_006803,out/images/train/train_006803.jpg,True
train,train_006804,out/images/train/train_006804.jpg,True
train,train_006805,out/images/train/train_006805.jpg,True
train,train_006806,out/images/train/train_006806.jpg,True
train,train_006807,out/images/train/train_006807.jpg,True
train,train_006808,out/images/train/train_006808.jpg,True
train,train_006809,out/images/train/train_006809.jpg,True
train,train_006810,out/images/train/train_006810.jpg,True
train,train_006811,out/images/train/train_006811.jpg,True
train,train_006812,out/images/train/train_006812.jpg,True
train,train_006813,out/images/train/train_006813.jpg,True
train,train_006814,out/images/train/train_006814.jpg,True
train,train_006815,out/images/train/train_006815.jpg,True
train,train_006816,out/images/train/train_006816.jpg,True
train,train_006817,out/images/train/train_006817.jpg,True
train,train_006818,out/images/train/train_006818.jpg,True
train,train_006819,out/images/train/train_006819.jpg,True
train,train_006820,out/images/train/train_006820.jpg,True
train,train_006821,out/images/train/train_006821.jpg,True
train,train_006822,out/images/train/train_006822.jpg,True
train,train_006823,out/images/train/train_006823.jpg,True
train,train_006824,out/images/train/train_006824.jpg,True
train,train_006825,out/images/train/train_006825.jpg,True
train,train_006826,out/images/train/train_006826.jpg,True
train,train_006827,out/images/train/train_006827.jpg,True
train,train_006828,out/images/train/train_006828.jpg,True
train,train_006829,out/images/train/train_006829.jpg,True
train,train_006830,out/images/train/train_006830.jpg,True
train,train_006831,out/images/train/train_006831.jpg,True
train,train_006832,out/images/train/train_006832.jpg,True
train,train_006833,out/images/train/train_006833.jpg,True
train,train_006834,out/images/train/train_006834.jpg,True
train,train_006835,out/images/train/train_006835.jpg,True
train,train_006836,out/images/train/train_006836.jpg,True
train,train_006837,out/images/train/train_006837.jpg,True
train,train_006838,out/images/train/train_006838.jpg,True
train,train_006839,out/images/train/train_006839.jpg,True
train,train_006840,out/images/train/train_006840.jpg,True
train,train_006841,out/images/train/train_006841.jpg,True
train,train_006842,out/images/train/train_006842.jpg,True
train,train_006843,out/images/train/train_006843.jpg,True
train,train_006844,out/images/train/train_006844.jpg,True
train,train_006845,out/images/train/train_006845.jpg,True
train,train_006846,out/images/train/train_006846.jpg,True
train,train_006847,out/images/train/train_006847.jpg,True
train,train_006848,out/images/train/train_006848.jpg,True
train,train_006849,out/images/train/train_006849.jpg,True
train,train_006850,out/images/train/train_006850.jpg,True
train,train_006851,out/images/train/train_006851.jpg,True
train,train_006852,out/images/train/train_006852.jpg,True
train,train_006853,out/images/train/train_006853.jpg,True
train,train_006854,out/images/train/train_006854.jpg,True
train,train_006855,out/images/train/train_006855.jpg,True
train,train_006856,out/images/train/train_006856.jpg,True
train,train_006857,out/images/train/train_006857.jpg,True
train,train_006858,out/images/train/train_006858.jpg,True
train,train_006859,out/images/train/train_006859.jpg,True
train,train_006860,out/images/train/train_006860.jpg,True
train,train_006861,out/images/train/train_006861.jpg,True
train,train_006862,out/images/train/train_006862.jpg,True
train,train_006863,out/images/train/train_006863.jpg,True
train,train_006864,out/images/train/train_006864.jpg,True
train,train_006865,out/images/train/train_006865.jpg,True
train,train_006866,out/images/train/train_006866.jpg,True
train,train_006867,out/images/train/train_006867.jpg,True
train,train_006868,out/images/train/train_006868.jpg,True
train,train_006869,out/images/train/train_006869.jpg,True
train,train_006870,out/images/train/train_006870.jpg,True
train,train_006871,out/images/train/train_006871.jpg,True
train,train_006872,out/images/train/train_006872.jpg,True
train,train_006873,out/images/train/train_006873.jpg,True
train,train_006874,out/images/train/train_006874.jpg,True
train,train_006875,out/images/train/train_006875.jpg,True
train,train_006876,out/images/train/train_006876.jpg,True
train,train_006877,out/images/train/train_006877.jpg,True
train,train_006878,out/images/train/train_006878.jpg,True
train,train_006879,out/images/train/train_006879.jpg,True
train,train_006880,out/images/train/train_006880.jpg,True
train,train_006881,out/images/train/train_006881.jpg,True
train,train_006882,out/images/train/train_006882.jpg,True
train,train_006883,out/images/train/train_006883.jpg,True
train,train_006884,out/images/train/train_006884.jpg,True
train,train_006885,out/images/train/train_006885.jpg,True
train,train_006886,out/images/train/train_006886.jpg,True
train,train_006887,out/images/train/train_006887.jpg,True
train,train_006888,out/images/train/train_006888.jpg,True
train,train_006889,out/images/train/train_006889.jpg,True
train,train_006890,out/images/train/train_006890.jpg,True
train,train_006891,out/images/train/train_006891.jpg,True
train,train_006892,out/images/train/train_006892.jpg,True
train,train_006893,out/images/train/train_006893.jpg,True
train,train_006894,out/images/train/train_006894.jpg,True
train,train_006895,out/images/train/train_006895.jpg,True
train,train_006896,out/images/train/train_006896.jpg,True
train,train_006897,out/images/train/train_006897.jpg,True
train,train_006898,out/images/train/train_006898.jpg,True
train,train_006899,out/images/train/train_006899.jpg,True
train,train_006900,out/images/train/train_006900.jpg,True
train,train_006901,out/images/train/train_006901.jpg,True
train,train_006902,out/images/train/train_006902.jpg,True
train,train_006903,out/images/train/train_006903.jpg,True
train,train_006904,out/images/train/train_006904.jpg,True
train,train_006905,out/images/train/train_006905.jpg,True
train,train_006906,out/images/train/train_006906.jpg,True
train,train_006907,out/images/train/train_006907.jpg,True
train,train_006908,out/images/train/train_006908.jpg,True
train,train_006909,out/images/train/train_006909.jpg,True
train,train_006910,out/images/train/train_006910.jpg,True
train,train_006911,out/images/train/train_006911.jpg,True
train,train_006912,out/images/train/train_006912.jpg,True
train,train_006913,out/images/train/train_006913.jpg,True
train,train_006914,out/images/train/train_006914.jpg,True
train,train_006915,out/images/train/train_006915.jpg,True
train,train_006916,out/images/train/train_006916.jpg,True
train,train_006917,out/images/train/train_006917.jpg,True
train,train_006918,out/images/train/train_006918.jpg,True
train,train_006919,out/images/train/train_006919.jpg,True
train,train_006920,out/images/train/train_006920.jpg,True
train,train_006921,out/images/train/train_006921.jpg,True
train,train_006922,out/images/train/train_006922.jpg,True
train,train_006923,out/images/train/train_006923.jpg,True
train,train_006924,out/images/train/train_006924.jpg,True
train,train_006925,out/images/train/train_006925.jpg,True
train,train_006926,out/images/train/train_006926.jpg,True
train,train_006927,out/images/train/train_006927.jpg,True
train,train_006928,out/images/train/train_006928.jpg,True
train,train_006929,out/images/train/train_006929.jpg,True
train,train_006930,out/images/train/train_006930.jpg,True
train,train_006931,out/images/train/train_006931.jpg,True
train,train_006932,out/images/train/train_006932.jpg,True
train,train_006933,out/images/train/train_006933.jpg,True
train,train_006934,out/images/train/train_006934.jpg,True
train,train_006935,out/images/train/train_006935.jpg,True
train,train_006936,out/images/train/train_006936.jpg,True
train,train_006937,out/images/train/train_006937.jpg,True
train,train_006938,out/images/train/train_006938.jpg,True
train,train_006939,out/images/train/train_006939.jpg,True
train,train_006940,out/images/train/train_006940.jpg,True
train,train_006941,out/images/train/train_006941.jpg,True
train,train_006942,out/images/train/train_006942.jpg,True
train,train_006943,out/images/train/train_006943.jpg,True
train,train_006944,out/images/train/train_006944.jpg,True
train,train_006945,out/images/train/train_006945.jpg,True
train,train_006946,out/images/train/train_006946.jpg,True
train,train_006947,out/images/train/train_006947.jpg,True
train,train_006948,out/images/train/train_006948.jpg,True
train,train_006949,out/images/train/train_006949.jpg,True
train,train_006950,out/images/train/train_006950.jpg,True
train,train_006951,out/images/train/train_006951.jpg,True
train,train_006952,out/images/train/train_006952.jpg,True
train,train_006953,out/images/train/train_006953.jpg,True
train,train_006954,out/images/train/train_006954.jpg,True
train,train_006955,out/images/train/train_006955.jpg,True
train,train_006956,out/images/train/train_006956.jpg,True
train,train_006957,out/images/train/train_006957.jpg,True
train,train_006958,out/images/train/train_006958.jpg,True
train,train_006959,out/images/train/train_006959.jpg,True
train,train_006960,out/images/train/train_006960.jpg,True
train,train_006961,out/images/train/train_006961.jpg,True
train,train_006962,out/images/train/train_006962.jpg,True
train,train_006963,out/images/train/train_006963.jpg,True
train,train_006964,out/images/train/train_006964.jpg,True
train,train_006965,out/images/train/train_006965.jpg,True
train,train_006966,out/images/train/train_006966.jpg,True
train,train_006967,out/images/train/train_006967.jpg,True
train,train_006968,out/images/train/train_006968.jpg,True
train,train_006969,out/images/train/train_006969.jpg,True
train,train_006970,out/images/train/train_006970.jpg,True
train,train_006971,out/images/train/train_006971.jpg,True
train,train_006972,out/images/train/train_006972.jpg,True
train,train_006973,out/images/train/train_006973.jpg,True
train,train_006974,out/images/train/train_006974.jpg,True
train,train_006975,out/images/train/train_006975.jpg,True
train,train_006976,out/images/train/train_006976.jpg,True
train,train_006977,out/images/train/train_006977.jpg,True
train,train_006978,out/images/train/train_006978.jpg,True
train,train_006979,out/images/train/train_006979.jpg,True
train,train_006980,out/images/train/train_006980.jpg,True
train,train_006981,out/images/train/train_006981.jpg,True
train,train_006982,out/images/train/train_006982.jpg,True
train,train_006983,out/images/train/train_006983.jpg,True
train,train_006984,out/images/train/train_006984.jpg,True
train,train_006985,out/images/train/train_006985.jpg,True
train,train_006986,out/images/train/train_006986.jpg,True
train,train_006987,out/images/train/train_006987.jpg,True
train,train_006988,out/images/train/train_006988.jpg,True
train,train_006989,out/images/train/train_006989.jpg,True
train,train_006990,out/images/train/train_006990.jpg,True
train,train_006991,out/images/train/train_006991.jpg,True
train,train_006992,out/images/train/train_006992.jpg,True
train,train_006993,out/images/train/train_006993.jpg,True
train,train_006994,out/images/train/train_006994.jpg,True
train,train_006995,out/images/train/train_006995.jpg,True
train,train_006996,out/images/train/train_006996.jpg,True
train,train_006997,out/images/train/train_006997.jpg,True
train,train_006998,out/images/train/train_006998.jpg,True
train,train_006999,out/images/train/train_006999.jpg,True
train,train_007000,out/images/train/train_007000.jpg,True
train,train_007001,out/images/train/train_007001.jpg,True
train,train_007002,out/images/train/train_007002.jpg,True
train,train_007003,out/images/train/train_007003.jpg,True
train,train_007004,out/images/train/train_007004.jpg,True
train,train_007005,out/images/train/train_007005.jpg,True
train,train_007006,out/images/train/train_007006.jpg,True
train,train_007007,out/images/train/train_007007.jpg,True
train,train_007008,out/images/train/train_007008.jpg,True
train,train_007009,out/images/train/train_007009.jpg,True
train,train_007010,out/images/train/train_007010.jpg,True
train,train_007011,out/images/train/train_007011.jpg,True
train,train_007012,out/images/train/train_007012.jpg,True
train,train_007013,out/images/train/train_007013.jpg,True
train,train_007014,out/images/train/train_007014.jpg,True
train,train_007015,out/images/train/train_007015.jpg,True
train,train_007016,out/images/train/train_007016.jpg,True
train,train_007017,out/images/train/train_007017.jpg,True
train,train_007018,out/images/train/train_007018.jpg,True
train,train_007019,out/images/train/train_007019.jpg,True
train,train_007020,out/images/train/train_007020.jpg,True
train,train_007021,out/images/train/train_007021.jpg,True
train,train_007022,out/images/train/train_007022.jpg,True
train,train_007023,out/images/train/train_007023.jpg,True
train,train_007024,out/images/train/train_007024.jpg,True
train,train_007025,out/images/train/train_007025.jpg,True
train,train_007026,out/images/train/train_007026.jpg,True
train,train_007027,out/images/train/train_007027.jpg,True
train,train_007028,out/images/train/train_007028.jpg,True
train,train_007029,out/images/train/train_007029.jpg,True
train,train_007030,out/images/train/train_007030.jpg,True
train,train_007031,out/images/train/train_007031.jpg,True
train,train_007032,out/images/train/train_007032.jpg,True
train,train_007033,out/images/train/train_007033.jpg,True
train,train_007034,out/images/train/train_007034.jpg,True
train,train_007035,out/images/train/train_007035.jpg,True
train,train_007036,out/images/train/train_007036.jpg,True
train,train_007037,out/images/train/train_007037.jpg,True
train,train_007038,out/images/train/train_007038.jpg,True
train,train_007039,out/images/train/train_007039.jpg,True
train,train_007040,out/images/train/train_007040.jpg,True
train,train_007041,out/images/train/train_007041.jpg,True
train,train_007042,out/images/train/train_007042.jpg,True
train,train_007043,out/images/train/train_007043.jpg,True
train,train_007044,out/images/train/train_007044.jpg,True
train,train_007045,out/images/train/train_007045.jpg,True
train,train_007046,out/images/train/train_007046.jpg,True
train,train_007047,out/images/train/train_007047.jpg,True
train,train_007048,out/images/train/train_007048.jpg,True
train,train_007049,out/images/train/train_007049.jpg,True
train,train_007050,out/images/train/train_007050.jpg,True
train,train_007051,out/images/train/train_007051.jpg,True
train,train_007052,out/images/train/train_007052.jpg,True
train,train_007053,out/images/train/train_007053.jpg,True
train,train_007054,out/images/train/train_007054.jpg,True
train,train_007055,out/images/train/train_007055.jpg,True
train,train_007056,out/images/train/train_007056.jpg,True
train,train_007057,out/images/train/train_007057.jpg,True
train,train_007058,out/images/train/train_007058.jpg,True
train,train_007059,out/images/train/train_007059.jpg,True
train,train_007060,out/images/train/train_007060.jpg,True
train,train_007061,out/images/train/train_007061.jpg,True
train,train_007062,out/images/train/train_007062.jpg,True
train,train_007063,out/images/train/train_007063.jpg,True
train,train_007064,out/images/train/train_007064.jpg,True
train,train_007065,out/images/train/train_007065.jpg,True
train,train_007066,out/images/train/train_007066.jpg,True
train,train_007067,out/images/train/train_007067.jpg,True
train,train_007068,out/images/train/train_007068.jpg,True
train,train_007069,out/images/train/train_007069.jpg,True
train,train_007070,out/images/train/train_007070.jpg,True
train,train_007071,out/images/train/train_007071.jpg,True
train,train_007072,out/images/train/train_007072.jpg,True
train,train_007073,out/images/train/train_007073.jpg,True
train,train_007074,out/images/train/train_007074.jpg,True
train,train_007075,out/images/train/train_007075.jpg,True
train,train_007076,out/images/train/train_007076.jpg,True
train,train_007077,out/images/train/train_007077.jpg,True
train,train_007078,out/images/train/train_007078.jpg,True
train,train_007079,out/images/train/train_007079.jpg,True
train,train_007080,out/images/train/train_007080.jpg,True
train,train_007081,out/images/train/train_007081.jpg,True
train,train_007082,out/images/train/train_007082.jpg,True
train,train_007083,out/images/train/train_007083.jpg,True
train,train_007084,out/images/train/train_007084.jpg,True
train,train_007085,out/images/train/train_007085.jpg,True
train,train_007086,out/images/train/train_007086.jpg,True
train,train_007087,out/images/train/train_007087.jpg,True
train,train_007088,out/images/train/train_007088.jpg,True
train,train_007089,out/images/train/train_007089.jpg,True
train,train_007090,out/images/train/train_007090.jpg,True
train,train_007091,out/images/train/train_007091.jpg,True
train,train_007092,out/images/train/train_007092.jpg,True
train,train_007093,out/images/train/train_007093.jpg,True
train,train_007094,out/images/train/train_007094.jpg,True
train,train_007095,out/images/train/train_007095.jpg,True
train,train_007096,out/images/train/train_007096.jpg,True
train,train_007097,out/images/train/train_007097.jpg,True
train,train_007098,out/images/train/train_007098.jpg,True
train,train_007099,out/images/train/train_007099.jpg,True
train,train_007100,out/images/train/train_007100.jpg,True
train,train_007101,out/images/train/train_007101.jpg,True
train,train_007102,out/images/train/train_007102.jpg,True
train,train_007103,out/images/train/train_007103.jpg,True
train,train_007104,out/images/train/train_007104.jpg,True
train,train_007105,out/images/train/train_007105.jpg,True
train,train_007106,out/images/train/train_007106.jpg,True
train,train_007107,out/images/train/train_007107.jpg,True
train,train_007108,out/images/train/train_007108.jpg,True
train,train_007109,out/images/train/train_007109.jpg,True
train,train_007110,out/images/train/train_007110.jpg,True
train,train_007111,out/images/train/train_007111.jpg,True
train,train_007112,out/images/train/train_007112.jpg,True
train,train_007113,out/images/train/train_007113.jpg,True
train,train_007114,out/images/train/train_007114.jpg,True
train,train_007115,out/images/train/train_007115.jpg,True
train,train_007116,out/images/train/train_007116.jpg,True
train,train_007117,out/images/train/train_007117.jpg,True
train,train_007118,out/images/train/train_007118.jpg,True
train,train_007119,out/images/train/train_007119.jpg,True
train,train_007120,out/images/train/train_007120.jpg,True
train,train_007121,out/images/train/train_007121.jpg,True
train,train_007122,out/images/train/train_007122.jpg,True
train,train_007123,out/images/train/train_007123.jpg,True
train,train_007124,out/images/train/train_007124.jpg,True
train,train_007125,out/images/train/train_007125.jpg,True
train,train_007126,out/images/train/train_007126.jpg,True
train,train_007127,out/images/train/train_007127.jpg,True
train,train_007128,out/images/train/train_007128.jpg,True
train,train_007129,out/images/train/train_007129.jpg,True
train,train_007130,out/images/train/train_007130.jpg,True
train,train_007131,out/images/train/train_007131.jpg,True
train,train_007132,out/images/train/train_007132.jpg,True
train,train_007133,out/images/train/train_007133.jpg,True
train,train_007134,out/images/train/train_007134.jpg,True
train,train_007135,out/images/train/train_007135.jpg,True
train,train_007136,out/images/train/train_007136.jpg,True
train,train_007137,out/images/train/train_007137.jpg,True
train,train_007138,out/images/train/train_007138.jpg,True
train,train_007139,out/images/train/train_007139.jpg,True
train,train_007140,out/images/train/train_007140.jpg,True
train,train_007141,out/images/train/train_007141.jpg,True
train,train_007142,out/images/train/train_007142.jpg,True
train,train_007143,out/images/train/train_007143.jpg,True
train,train_007144,out/images/train/train_007144.jpg,True
train,train_007145,out/images/train/train_007145.jpg,True
train,train_007146,out/images/train/train_007146.jpg,True
train,train_007147,out/images/train/train_007147.jpg,True
train,train_007148,out/images/train/train_007148.jpg,True
train,train_007149,out/images/train/train_007149.jpg,True
train,train_007150,out/images/train/train_007150.jpg,True
train,train_007151,out/images/train/train_007151.jpg,True
train,train_007152,out/images/train/train_007152.jpg,True
train,train_007153,out/images/train/train_007153.jpg,True
train,train_007154,out/images/train/train_007154.jpg,True
train,train_007155,out/images/train/train_007155.jpg,True
train,train_007156,out/images/train/train_007156.jpg,True
train,train_007157,out/images/train/train_007157.jpg,True
train,train_007158,out/images/train/train_007158.jpg,True
train,train_007159,out/images/train/train_007159.jpg,True
train,train_007160,out/images/train/train_007160.jpg,True
train,train_007161,out/images/train/train_007161.jpg,True
train,train_007162,out/images/train/train_007162.jpg,True
train,train_007163,out/images/train/train_007163.jpg,True
train,train_007164,out/images/train/train_007164.jpg,True
train,train_007165,out/images/train/train_007165.jpg,True
train,train_007166,out/images/train/train_007166.jpg,True
train,train_007167,out/images/train/train_007167.jpg,True
train,train_007168,out/images/train/train_007168.jpg,True
train,train_007169,out/images/train/train_007169.jpg,True
train,train_007170,out/images/train/train_007170.jpg,True
train,train_007171,out/images/train/train_007171.jpg,True
train,train_007172,out/images/train/train_007172.jpg,True
train,train_007173,out/images/train/train_007173.jpg,True
train,train_007174,out/images/train/train_007174.jpg,True
train,train_007175,out/images/train/train_007175.jpg,True
train,train_007176,out/images/train/train_007176.jpg,True
train,train_007177,out/images/train/train_007177.jpg,True
train,train_007178,out/images/train/train_007178.jpg,True
train,train_007179,out/images/train/train_007179.jpg,True
train,train_007180,out/images/train/train_007180.jpg,True
train,train_007181,out/images/train/train_007181.jpg,True
train,train_007182,out/images/train/train_007182.jpg,True
train,train_007183,out/images/train/train_007183.jpg,True
train,train_007184,out/images/train/train_007184.jpg,True
train,train_007185,out/images/train/train_007185.jpg,True
train,train_007186,out/images/train/train_007186.jpg,True
train,train_007187,out/images/train/train_007187.jpg,True
train,train_007188,out/images/train/train_007188.jpg,True
train,train_007189,out/images/train/train_007189.jpg,True
train,train_007190,out/images/train/train_007190.jpg,True
train,train_007191,out/images/train/train_007191.jpg,True
train,train_007192,out/images/train/train_007192.jpg,True
train,train_007193,out/images/train/train_007193.jpg,True
train,train_007194,out/images/train/train_007194.jpg,True
train,train_007195,out/images/train/train_007195.jpg,True
train,train_007196,out/images/train/train_007196.jpg,True
train,train_007197,out/images/train/train_007197.jpg,True
train,train_007198,out/images/train/train_007198.jpg,True
train,train_007199,out/images/train/train_007199.jpg,True
train,train_007200,out/images/train/train_007200.jpg,True
train,train_007201,out/images/train/train_007201.jpg,True
train,train_007202,out/images/train/train_007202.jpg,True
train,train_007203,out/images/train/train_007203.jpg,True
train,train_007204,out/images/train/train_007204.jpg,True
train,train_007205,out/images/train/train_007205.jpg,True
train,train_007206,out/images/train/train_007206.jpg,True
train,train_007207,out/images/train/train_007207.jpg,True
train,train_007208,out/images/train/train_007208.jpg,True
train,train_007209,out/images/train/train_007209.jpg,True
train,train_007210,out/images/train/train_007210.jpg,True
train,train_007211,out/images/train/train_007211.jpg,True
train,train_007212,out/images/train/train_007212.jpg,True
train,train_007213,out/images/train/train_007213.jpg,True
train,train_007214,out/images/train/train_007214.jpg,True
train,train_007215,out/images/train/train_007215.jpg,True
train,train_007216,out/images/train/train_007216.jpg,True
train,train_007217,out/images/train/train_007217.jpg,True
train,train_007218,out/images/train/train_007218.jpg,True
train,train_007219,out/images/train/train_007219.jpg,True
train,train_007220,out/images/train/train_007220.jpg,True
train,train_007221,out/images/train/train_007221.jpg,True
train,train_007222,out/images/train/train_007222.jpg,True
train,train_007223,out/images/train/train_007223.jpg,True
train,train_007224,out/images/train/train_007224.jpg,True
train,train_007225,out/images/train/train_007225.jpg,True
train,train_007226,out/images/train/train_007226.jpg,True
train,train_007227,out/images/train/train_007227.jpg,True
train,train_007228,out/images/train/train_007228.jpg,True
train,train_007229,out/images/train/train_007229.jpg,True
train,train_007230,out/images/train/train_007230.jpg,True
train,train_007231,out/images/train/train_007231.jpg,True
train,train_007232,out/images/train/train_007232.jpg,True
train,train_007233,out/images/train/train_007233.jpg,True
train,train_007234,out/images/train/train_007234.jpg,True
train,train_007235,out/images/train/train_007235.jpg,True
train,train_007236,out/images/train/train_007236.jpg,True
train,train_007237,out/images/train/train_007237.jpg,True
train,train_007238,out/images/train/train_007238.jpg,True
train,train_007239,out/images/train/train_007239.jpg,True
train,train_007240,out/images/train/train_007240.jpg,True
train,train_007241,out/images/train/train_007241.jpg,True
train,train_007242,out/images/train/train_007242.jpg,True
train,train_007243,out/images/train/train_007243.jpg,True
train,train_007244,out/images/train/train_007244.jpg,True
train,train_007245,out/images/train/train_007245.jpg,True
train,train_007246,out/images/train/train_007246.jpg,True
train,train_007247,out/images/train/train_007247.jpg,True
train,train_007248,out/images/train/train_007248.jpg,True
train,train_007249,out/images/train/train_007249.jpg,True
train,train_007250,out/images/train/train_007250.jpg,True
train,train_007251,out/images/train/train_007251.jpg,True
train,train_007252,out/images/train/train_007252.jpg,True
train,train_007253,out/images/train/train_007253.jpg,True
train,train_007254,out/images/train/train_007254.jpg,True
train,train_007255,out/images/train/train_007255.jpg,True
train,train_007256,out/images/train/train_007256.jpg,True
train,train_007257,out/images/train/train_007257.jpg,True
train,train_007258,out/images/train/train_007258.jpg,True
train,train_007259,out/images/train/train_007259.jpg,True
train,train_007260,out/images/train/train_007260.jpg,True
train,train_007261,out/images/train/train_007261.jpg,True
train,train_007262,out/images/train/train_007262.jpg,True
train,train_007263,out/images/train/train_007263.jpg,True
train,train_007264,out/images/train/train_007264.jpg,True
train,train_007265,out/images/train/train_007265.jpg,True
train,train_007266,out/images/train/train_007266.jpg,True
train,train_007267,out/images/train/train_007267.jpg,True
train,train_007268,out/images/train/train_007268.jpg,True
train,train_007269,out/images/train/train_007269.jpg,True
train,train_007270,out/images/train/train_007270.jpg,True
train,train_007271,out/images/train/train_007271.jpg,True
train,train_007272,out/images/train/train_007272.jpg,True
train,train_007273,out/images/train/train_007273.jpg,True
train,train_007274,out/images/train/train_007274.jpg,True
train,train_007275,out/images/train/train_007275.jpg,True
train,train_007276,out/images/train/train_007276.jpg,True
train,train_007277,out/images/train/train_007277.jpg,True
train,train_007278,out/images/train/train_007278.jpg,True
train,train_007279,out/images/train/train_007279.jpg,True
train,train_007280,out/images/train/train_007280.jpg,True
train,train_007281,out/images/train/train_007281.jpg,True
train,train_007282,out/images/train/train_007282.jpg,True
train,train_007283,out/images/train/train_007283.jpg,True
train,train_007284,out/images/train/train_007284.jpg,True
train,train_007285,out/images/train/train_007285.jpg,True
train,train_007286,out/images/train/train_007286.jpg,True
train,train_007287,out/images/train/train_007287.jpg,True
train,train_007288,out/images/train/train_007288.jpg,True
train,train_007289,out/images/train/train_007289.jpg,True
train,train_007290,out/images/train/train_007290.jpg,True
train,train_007291,out/images/train/train_007291.jpg,True
train,train_007292,out/images/train/train_007292.jpg,True
train,train_007293,out/images/train/train_007293.jpg,True
train,train_007294,out/images/train/train_007294.jpg,True
train,train_007295,out/images/train/train_007295.jpg,True
train,train_007296,out/images/train/train_007296.jpg,True
train,train_007297,out/images/train/train_007297.jpg,True
train,train_007298,out/images/train/train_007298.jpg,True
train,train_007299,out/images/train/train_007299.jpg,True
train,train_007300,out/images/train/train_007300.jpg,True
train,train_007301,out/images/train/train_007301.jpg,True
train,train_007302,out/images/train/train_007302.jpg,True
train,train_007303,out/images/train/train_007303.jpg,True
train,train_007304,out/images/train/train_007304.jpg,True
train,train_007305,out/images/train/train_007305.jpg,True
train,train_007306,out/images/train/train_007306.jpg,True
train,train_007307,out/images/train/train_007307.jpg,True
train,train_007308,out/images/train/train_007308.jpg,True
train,train_007309,out/images/train/train_007309.jpg,True
train,train_007310,out/images/train/train_007310.jpg,True
train,train_007311,out/images/train/train_007311.jpg,True
train,train_007312,out/images/train/train_007312.jpg,True
train,train_007313,out/images/train/train_007313.jpg,True
train,train_007314,out/images/train/train_007314.jpg,True
train,train_007315,out/images/train/train_007315.jpg,True
train,train_007316,out/images/train/train_007316.jpg,True
train,train_007317,out/images/train/train_007317.jpg,True
train,train_007318,out/images/train/train_007318.jpg,True
train,train_007319,out/images/train/train_007319.jpg,True
train,train_007320,out/images/train/train_007320.jpg,True
train,train_007321,out/images/train/train_007321.jpg,True
train,train_007322,out/images/train/train_007322.jpg,True
train,train_007323,out/images/train/train_007323.jpg,True
train,train_007324,out/images/train/train_007324.jpg,True
train,train_007325,out/images/train/train_007325.jpg,True
train,train_007326,out/images/train/train_007326.jpg,True
train,train_007327,out/images/train/train_007327.jpg,True
train,train_007328,out/images/train/train_007328.jpg,True
train,train_007329,out/images/train/train_007329.jpg,True
train,train_007330,out/images/train/train_007330.jpg,True
train,train_007331,out/images/train/train_007331.jpg,True
train,train_007332,out/images/train/train_007332.jpg,True
train,train_007333,out/images/train/train_007333.jpg,True
train,train_007334,out/images/train/train_007334.jpg,True
train,train_007335,out/images/train/train_007335.jpg,True
train,train_007336,out/images/train/train_007336.jpg,True
train,train_007337,out/images/train/train_007337.jpg,True
train,train_007338,out/images/train/train_007338.jpg,True
train,train_007339,out/images/train/train_007339.jpg,True
train,train_007340,out/images/train/train_007340.jpg,True
train,train_007341,out/images/train/train_007341.jpg,True
train,train_007342,out/images/train/train_007342.jpg,True
train,train_007343,out/images/train/train_007343.jpg,True
train,train_007344,out/images/train/train_007344.jpg,True
train,train_007345,out/images/train/train_007345.jpg,True
train,train_007346,out/images/train/train_007346.jpg,True
train,train_007347,out/images/train/train_007347.jpg,True
train,train_007348,out/images/train/train_007348.jpg,True
train,train_007349,out/images/train/train_007349.jpg,True
train,train_007350,out/images/train/train_007350.jpg,True
train,train_007351,out/images/train/train_007351.jpg,True
train,train_007352,out/images/train/train_007352.jpg,True
train,train_007353,out/images/train/train_007353.jpg,True
train,train_007354,out/images/train/train_007354.jpg,True
train,train_007355,out/images/train/train_007355.jpg,True
train,train_007356,out/images/train/train_007356.jpg,True
train,train_007357,out/images/train/train_007357.jpg,True
train,train_007358,out/images/train/train_007358.jpg,True
train,train_007359,out/images/train/train_007359.jpg,True
train,train_007360,out/images/train/train_007360.jpg,True
train,train_007361,out/images/train/train_007361.jpg,True
train,train_007362,out/images/train/train_007362.jpg,True
train,train_007363,out/images/train/train_007363.jpg,True
train,train_007364,out/images/train/train_007364.jpg,True
train,train_007365,out/images/train/train_007365.jpg,True
train,train_007366,out/images/train/train_007366.jpg,True
train,train_007367,out/images/train/train_007367.jpg,True
train,train_007368,out/images/train/train_007368.jpg,True
train,train_007369,out/images/train/train_007369.jpg,True
train,train_007370,out/images/train/train_007370.jpg,True
train,train_007371,out/images/train/train_007371.jpg,True
train,train_007372,out/images/train/train_007372.jpg,True
train,train_007373,out/images/train/train_007373.jpg,True
train,train_007374,out/images/train/train_007374.jpg,True
train,train_007375,out/images/train/train_007375.jpg,True
train,train_007376,out/images/train/train_007376.jpg,True
train,train_007377,out/images/train/train_007377.jpg,True
train,train_007378,out/images/train/train_007378.jpg,True
train,train_007379,out/images/train/train_007379.jpg,True
train,train_007380,out/images/train/train_007380.jpg,True
train,train_007381,out/images/train/train_007381.jpg,True
train,train_007382,out/images/train/train_007382.jpg,True
train,train_007383,out/images/train/train_007383.jpg,True
train,train_007384,out/images/train/train_007384.jpg,True
train,train_007385,out/images/train/train_007385.jpg,True
train,train_007386,out/images/train/train_007386.jpg,True
train,train_007387,out/images/train/train_007387.jpg,True
train,train_007388,out/images/train/train_007388.jpg,True
train,train_007389,out/images/train/train_007389.jpg,True
train,train_007390,out/images/train/train_007390.jpg,True
train,train_007391,out/images/train/train_007391.jpg,True
train,train_007392,out/images/train/train_007392.jpg,True
train,train_007393,out/images/train/train_007393.jpg,True
train,train_007394,out/images/train/train_007394.jpg,True
train,train_007395,out/images/train/train_007395.jpg,True
train,train_007396,out/images/train/train_007396.jpg,True
train,train_007397,out/images/train/train_007397.jpg,True
train,train_007398,out/images/train/train_007398.jpg,True
train,train_007399,out/images/train/train_007399.jpg,True
train,train_007400,out/images/train/train_007400.jpg,True
train,train_007401,out/images/train/train_007401.jpg,True
train,train_007402,out/images/train/train_007402.jpg,True
train,train_007403,out/images/train/train_007403.jpg,True
train,train_007404,out/images/train/train_007404.jpg,True
train,train_007405,out/images/train/train_007405.jpg,True
train,train_007406,out/images/train/train_007406.jpg,True
train,train_007407,out/images/train/train_007407.jpg,True
train,train_007408,out/images/train/train_007408.jpg,True
train,train_007409,out/images/train/train_007409.jpg,True
train,train_007410,out/images/train/train_007410.jpg,True
train,train_007411,out/images/train/train_007411.jpg,True
train,train_007412,out/images/train/train_007412.jpg,True
train,train_007413,out/images/train/train_007413.jpg,True
train,train_007414,out/images/train/train_007414.jpg,True
train,train_007415,out/images/train/train_007415.jpg,True
train,train_007416,out/images/train/train_007416.jpg,True
train,train_007417,out/images/train/train_007417.jpg,True
train,train_007418,out/images/train/train_007418.jpg,True
train,train_007419,out/images/train/train_007419.jpg,True
train,train_007420,out/images/train/train_007420.jpg,True
train,train_007421,out/images/train/train_007421.jpg,True
train,train_007422,out/images/train/train_007422.jpg,True
train,train_007423,out/images/train/train_007423.jpg,True
train,train_007424,out/images/train/train_007424.jpg,True
train,train_007425,out/images/train/train_007425.jpg,True
train,train_007426,out/images/train/train_007426.jpg,True
train,train_007427,out/images/train/train_007427.jpg,True
train,train_007428,out/images/train/train_007428.jpg,True
train,train_007429,out/images/train/train_007429.jpg,True
train,train_007430,out/images/train/train_007430.jpg,True
train,train_007431,out/images/train/train_007431.jpg,True
train,train_007432,out/images/train/train_007432.jpg,True
train,train_007433,out/images/train/train_007433.jpg,True
train,train_007434,out/images/train/train_007434.jpg,True
train,train_007435,out/images/train/train_007435.jpg,True
train,train_007436,out/images/train/train_007436.jpg,True
train,train_007437,out/images/train/train_007437.jpg,True
train,train_007438,out/images/train/train_007438.jpg,True
train,train_007439,out/images/train/train_007439.jpg,True
train,train_007440,out/images/train/train_007440.jpg,True
train,train_007441,out/images/train/train_007441.jpg,True
train,train_007442,out/images/train/train_007442.jpg,True
train,train_007443,out/images/train/train_007443.jpg,True
train,train_007444,out/images/train/train_007444.jpg,True
train,train_007445,out/images/train/train_007445.jpg,True
train,train_007446,out/images/train/train_007446.jpg,True
train,train_007447,out/images/train/train_007447.jpg,True
train,train_007448,out/images/train/train_007448.jpg,True
train,train_007449,out/images/train/train_007449.jpg,True
train,train_007450,out/images/train/train_007450.jpg,True
train,train_007451,out/images/train/train_007451.jpg,True
train,train_007452,out/images/train/train_007452.jpg,True
train,train_007453,out/images/train/train_007453.jpg,True
train,train_007454,out/images/train/train_007454.jpg,True
train,train_007455,out/images/train/train_007455.jpg,True
train,train_007456,out/images/train/train_007456.jpg,True
train,train_007457,out/images/train/train_007457.jpg,True
train,train_007458,out/images/train/train_007458.jpg,True
train,train_007459,out/images/train/train_007459.jpg,True
train,train_007460,out/images/train/train_007460.jpg,True
train,train_007461,out/images/train/train_007461.jpg,True
train,train_007462,out/images/train/train_007462.jpg,True
train,train_007463,out/images/train/train_007463.jpg,True
train,train_007464,out/images/train/train_007464.jpg,True
train,train_007465,out/images/train/train_007465.jpg,True
train,train_007466,out/images/train/train_007466.jpg,True
train,train_007467,out/images/train/train_007467.jpg,True
train,train_007468,out/images/train/train_007468.jpg,True
train,train_007469,out/images/train/train_007469.jpg,True
train,train_007470,out/images/train/train_007470.jpg,True
train,train_007471,out/images/train/train_007471.jpg,True
train,train_007472,out/images/train/train_007472.jpg,True
train,train_007473,out/images/train/train_007473.jpg,True
train,train_007474,out/images/train/train_007474.jpg,True
train,train_007475,out/images/train/train_007475.jpg,True
train,train_007476,out/images/train/train_007476.jpg,True
train,train_007477,out/images/train/train_007477.jpg,True
train,train_007478,out/images/train/train_007478.jpg,True
train,train_007479,out/images/train/train_007479.jpg,True
train,train_007480,out/images/train/train_007480.jpg,True
train,train_007481,out/images/train/train_007481.jpg,True
train,train_007482,out/images/train/train_007482.jpg,True
train,train_007483,out/images/train/train_007483.jpg,True
train,train_007484,out/images/train/train_007484.jpg,True
train,train_007485,out/images/train/train_007485.jpg,True
train,train_007486,out/images/train/train_007486.jpg,True
train,train_007487,out/images/train/train_007487.jpg,True
train,train_007488,out/images/train/train_007488.jpg,True
train,train_007489,out/images/train/train_007489.jpg,True
train,train_007490,out/images/train/train_007490.jpg,True
train,train_007491,out/images/train/train_007491.jpg,True
train,train_007492,out/images/train/train_007492.jpg,True
train,train_007493,out/images/train/train_007493.jpg,True
train,train_007494,out/images/train/train_007494.jpg,True
train,train_007495,out/images/train/train_007495.jpg,True
train,train_007496,out/images/train/train_007496.jpg,True
train,train_007497,out/images/train/train_007497.jpg,True
train,train_007498,out/images/train/train_007498.jpg,True
train,train_007499,out/images/train/train_007499.jpg,True
train,train_007500,out/images/train/train_007500.jpg,True
train,train_007501,out/images/train/train_007501.jpg,True
train,train_007502,out/images/train/train_007502.jpg,True
train,train_007503,out/images/train/train_007503.jpg,True
train,train_007504,out/images/train/train_007504.jpg,True
train,train_007505,out/images/train/train_007505.jpg,True
train,train_007506,out/images/train/train_007506.jpg,True
train,train_007507,out/images/train/train_007507.jpg,True
train,train_007508,out/images/train/train_007508.jpg,True
train,train_007509,out/images/train/train_007509.jpg,True
train,train_007510,out/images/train/train_007510.jpg,True
train,train_007511,out/images/train/train_007511.jpg,True
train,train_007512,out/images/train/train_007512.jpg,True
train,train_007513,out/images/train/train_007513.jpg,True
train,train_007514,out/images/train/train_007514.jpg,True
train,train_007515,out/images/train/train_007515.jpg,True
train,train_007516,out/images/train/train_007516.jpg,True
train,train_007517,out/images/train/train_007517.jpg,True
train,train_007518,out/images/train/train_007518.jpg,True
train,train_007519,out/images/train/train_007519.jpg,True
train,train_007520,out/images/train/train_007520.jpg,True
train,train_007521,out/images/train/train_007521.jpg,True
train,train_007522,out/images/train/train_007522.jpg,True
train,train_007523,out/images/train/train_007523.jpg,True
train,train_007524,out/images/train/train_007524.jpg,True
train,train_007525,out/images/train/train_007525.jpg,True
train,train_007526,out/images/train/train_007526.jpg,True
train,train_007527,out/images/train/train_007527.jpg,True
train,train_007528,out/images/train/train_007528.jpg,True
train,train_007529,out/images/train/train_007529.jpg,True
train,train_007530,out/images/train/train_007530.jpg,True
train,train_007531,out/images/train/train_007531.jpg,True
train,train_007532,out/images/train/train_007532.jpg,True
train,train_007533,out/images/train/train_007533.jpg,True
train,train_007534,out/images/train/train_007534.jpg,True
train,train_007535,out/images/train/train_007535.jpg,True
train,train_007536,out/images/train/train_007536.jpg,True
train,train_007537,out/images/train/train_007537.jpg,True
train,train_007538,out/images/train/train_007538.jpg,True
train,train_007539,out/images/train/train_007539.jpg,True
train,train_007540,out/images/train/train_007540.jpg,True
train,train_007541,out/images/train/train_007541.jpg,True
train,train_007542,out/images/train/train_007542.jpg,True
train,train_007543,out/images/train/train_007543.jpg,True
train,train_007544,out/images/train/train_007544.jpg,True
train,train_007545,out/images/train/train_007545.jpg,True
train,train_007546,out/images/train/train_007546.jpg,True
train,train_007547,out/images/train/train_007547.jpg,True
train,train_007548,out/images/train/train_007548.jpg,True
train,train_007549,out/images/train/train_007549.jpg,True
train,train_007550,out/images/train/train_007550.jpg,True
train,train_007551,out/images/train/train_007551.jpg,True
train,train_007552,out/images/train/train_007552.jpg,True
train,train_007553,out/images/train/train_007553.jpg,True
train,train_007554,out/images/train/train_007554.jpg,True
train,train_007555,out/images/train/train_007555.jpg,True
train,train_007556,out/images/train/train_007556.jpg,True
train,train_007557,out/images/train/train_007557.jpg,True
train,train_007558,out/images/train/train_007558.jpg,True
train,train_007559,out/images/train/train_007559.jpg,True
train,train_007560,out/images/train/train_007560.jpg,True
train,train_007561,out/images/train/train_007561.jpg,True
train,train_007562,out/images/train/train_007562.jpg,True
train,train_007563,out/images/train/train_007563.jpg,True
train,train_007564,out/images/train/train_007564.jpg,True
train,train_007565,out/images/train/train_007565.jpg,True
train,train_007566,out/images/train/train_007566.jpg,True
train,train_007567,out/images/train/train_007567.jpg,True
train,train_007568,out/images/train/train_007568.jpg,True
train,train_007569,out/images/train/train_007569.jpg,True
train,train_007570,out/images/train/train_007570.jpg,True
train,train_007571,out/images/train/train_007571.jpg,True
train,train_007572,out/images/train/train_007572.jpg,True
train,train_007573,out/images/train/train_007573.jpg,True
train,train_007574,out/images/train/train_007574.jpg,True
train,train_007575,out/images/train/train_007575.jpg,True
train,train_007576,out/images/train/train_007576.jpg,True
train,train_007577,out/images/train/train_007577.jpg,True
train,train_007578,out/images/train/train_007578.jpg,True
train,train_007579,out/images/train/train_007579.jpg,True
train,train_007580,out/images/train/train_007580.jpg,True
train,train_007581,out/images/train/train_007581.jpg,True
train,train_007582,out/images/train/train_007582.jpg,True
train,train_007583,out/images/train/train_007583.jpg,True
train,train_007584,out/images/train/train_007584.jpg,True
train,train_007585,out/images/train/train_007585.jpg,True
train,train_007586,out/images/train/train_007586.jpg,True
train,train_007587,out/images/train/train_007587.jpg,True
train,train_007588,out/images/train/train_007588.jpg,True
train,train_007589,out/images/train/train_007589.jpg,True
train,train_007590,out/images/train/train_007590.jpg,True
train,train_007591,out/images/train/train_007591.jpg,True
train,train_007592,out/images/train/train_007592.jpg,True
train,train_007593,out/images/train/train_007593.jpg,True
train,train_007594,out/images/train/train_007594.jpg,True
train,train_007595,out/images/train/train_007595.jpg,True
train,train_007596,out/images/train/train_007596.jpg,True
train,train_007597,out/images/train/train_007597.jpg,True
train,train_007598,out/images/train/train_007598.jpg,True
train,train_007599,out/images/train/train_007599.jpg,True
train,train_007600,out/images/train/train_007600.jpg,True
train,train_007601,out/images/train/train_007601.jpg,True
train,train_007602,out/images/train/train_007602.jpg,True
train,train_007603,out/images/train/train_007603.jpg,True
train,train_007604,out/images/train/train_007604.jpg,True
train,train_007605,out/images/train/train_007605.jpg,True
train,train_007606,out/images/train/train_007606.jpg,True
train,train_007607,out/images/train/train_007607.jpg,True
train,train_007608,out/images/train/train_007608.jpg,True
train,train_007609,out/images/train/train_007609.jpg,True
train,train_007610,out/images/train/train_007610.jpg,True
train,train_007611,out/images/train/train_007611.jpg,True
train,train_007612,out/images/train/train_007612.jpg,True
train,train_007613,out/images/train/train_007613.jpg,True
train,train_007614,out/images/train/train_007614.jpg,True
train,train_007615,out/images/train/train_007615.jpg,True
train,train_007616,out/images/train/train_007616.jpg,True
train,train_007617,out/images/train/train_007617.jpg,True
train,train_007618,out/images/train/train_007618.jpg,True
train,train_007619,out/images/train/train_007619.jpg,True
train,train_007620,out/images/train/train_007620.jpg,True
train,train_007621,out/images/train/train_007621.jpg,True
train,train_007622,out/images/train/train_007622.jpg,True
train,train_007623,out/images/train/train_007623.jpg,True
train,train_007624,out/images/train/train_007624.jpg,True
train,train_007625,out/images/train/train_007625.jpg,True
train,train_007626,out/images/train/train_007626.jpg,True
train,train_007627,out/images/train/train_007627.jpg,True
train,train_007628,out/images/train/train_007628.jpg,True
train,train_007629,out/images/train/train_007629.jpg,True
train,train_007630,out/images/train/train_007630.jpg,True
train,train_007631,out/images/train/train_007631.jpg,True
train,train_007632,out/images/train/train_007632.jpg,True
train,train_007633,out/images/train/train_007633.jpg,True
train,train_007634,out/images/train/train_007634.jpg,True
train,train_007635,out/images/train/train_007635.jpg,True
train,train_007636,out/images/train/train_007636.jpg,True
train,train_007637,out/images/train/train_007637.jpg,True
train,train_007638,out/images/train/train_007638.jpg,True
train,train_007639,out/images/train/train_007639.jpg,True
train,train_007640,out/images/train/train_007640.jpg,True
train,train_007641,out/images/train/train_007641.jpg,True
train,train_007642,out/images/train/train_007642.jpg,True
train,train_007643,out/images/train/train_007643.jpg,True
train,train_007644,out/images/train/train_007644.jpg,True
train,train_007645,out/images/train/train_007645.jpg,True
train,train_007646,out/images/train/train_007646.jpg,True
train,train_007647,out/images/train/train_007647.jpg,True
train,train_007648,out/images/train/train_007648.jpg,True
train,train_007649,out/images/train/train_007649.jpg,True
train,train_007650,out/images/train/train_007650.jpg,True
train,train_007651,out/images/train/train_007651.jpg,True
train,train_007652,out/images/train/train_007652.jpg,True
train,train_007653,out/images/train/train_007653.jpg,True
train,train_007654,out/images/train/train_007654.jpg,True
train,train_007655,out/images/train/train_007655.jpg,True
train,train_007656,out/images/train/train_007656.jpg,True
train,train_007657,out/images/train/train_007657.jpg,True
train,train_007658,out/images/train/train_007658.jpg,True
train,train_007659,out/images/train/train_007659.jpg,True
train,train_007660,out/images/train/train_007660.jpg,True
train,train_007661,out/images/train/train_007661.jpg,True
train,train_007662,out/images/train/train_007662.jpg,True
train,train_007663,out/images/train/train_007663.jpg,True
train,train_007664,out/images/train/train_007664.jpg,True
train,train_007665,out/images/train/train_007665.jpg,True
train,train_007666,out/images/train/train_007666.jpg,True
train,train_007667,out/images/train/train_007667.jpg,True
train,train_007668,out/images/train/train_007668.jpg,True
train,train_007669,out/images/train/train_007669.jpg,True
train,train_007670,out/images/train/train_007670.jpg,True
train,train_007671,out/images/train/train_007671.jpg,True
train,train_007672,out/images/train/train_007672.jpg,True
train,train_007673,out/images/train/train_007673.jpg,True
train,train_007674,out/images/train/train_007674.jpg,True
train,train_007675,out/images/train/train_007675.jpg,True
train,train_007676,out/images/train/train_007676.jpg,True
train,train_007677,out/images/train/train_007677.jpg,True
train,train_007678,out/images/train/train_007678.jpg,True
train,train_007679,out/images/train/train_007679.jpg,True
train,train_007680,out/images/train/train_007680.jpg,True
train,train_007681,out/images/train/train_007681.jpg,True
train,train_007682,out/images/train/train_007682.jpg,True
train,train_007683,out/images/train/train_007683.jpg,True
train,train_007684,out/images/train/train_007684.jpg,True
train,train_007685,out/images/train/train_007685.jpg,True
train,train_007686,out/images/train/train_007686.jpg,True
train,train_007687,out/images/train/train_007687.jpg,True
train,train_007688,out/images/train/train_007688.jpg,True
train,train_007689,out/images/train/train_007689.jpg,True
train,train_007690,out/images/train/train_007690.jpg,True
train,train_007691,out/images/train/train_007691.jpg,True
train,train_007692,out/images/train/train_007692.jpg,True
train,train_007693,out/images/train/train_007693.jpg,True
train,train_007694,out/images/train/train_007694.jpg,True
train,train_007695,out/images/train/train_007695.jpg,True
train,train_007696,out/images/train/train_007696.jpg,True
train,train_007697,out/images/train/train_007697.jpg,True
train,train_007698,out/images/train/train_007698.jpg,True
train,train_007699,out/images/train/train_007699.jpg,True
train,train_007700,out/images/train/train_007700.jpg,True
train,train_007701,out/images/train/train_007701.jpg,True
train,train_007702,out/images/train/train_007702.jpg,True
train,train_007703,out/images/train/train_007703.jpg,True
train,train_007704,out/images/train/train_007704.jpg,True
train,train_007705,out/images/train/train_007705.jpg,True
train,train_007706,out/images/train/train_007706.jpg,True
train,train_007707,out/images/train/train_007707.jpg,True
train,train_007708,out/images/train/train_007708.jpg,True
train,train_007709,out/images/train/train_007709.jpg,True
train,train_007710,out/images/train/train_007710.jpg,True
train,train_007711,out/images/train/train_007711.jpg,True
train,train_007712,out/images/train/train_007712.jpg,True
train,train_007713,out/images/train/train_007713.jpg,True
train,train_007714,out/images/train/train_007714.jpg,True
train,train_007715,out/images/train/train_007715.jpg,True
train,train_007716,out/images/train/train_007716.jpg,True
train,train_007717,out/images/train/train_007717.jpg,True
train,train_007718,out/images/train/train_007718.jpg,True
train,train_007719,out/images/train/train_007719.jpg,True
train,train_007720,out/images/train/train_007720.jpg,True
train,train_007721,out/images/train/train_007721.jpg,True
train,train_007722,out/images/train/train_007722.jpg,True
train,train_007723,out/images/train/train_007723.jpg,True
train,train_007724,out/images/train/train_007724.jpg,True
train,train_007725,out/images/train/train_007725.jpg,True
train,train_007726,out/images/train/train_007726.jpg,True
train,train_007727,out/images/train/train_007727.jpg,True
train,train_007728,out/images/train/train_007728.jpg,True
train,train_007729,out/images/train/train_007729.jpg,True
train,train_007730,out/images/train/train_007730.jpg,True
train,train_007731,out/images/train/train_007731.jpg,True
train,train_007732,out/images/train/train_007732.jpg,True
train,train_007733,out/images/train/train_007733.jpg,True
train,train_007734,out/images/train/train_007734.jpg,True
train,train_007735,out/images/train/train_007735.jpg,True
train,train_007736,out/images/train/train_007736.jpg,True
train,train_007737,out/images/train/train_007737.jpg,True
train,train_007738,out/images/train/train_007738.jpg,True
train,train_007739,out/images/train/train_007739.jpg,True
train,train_007740,out/images/train/train_007740.jpg,True
train,train_007741,out/images/train/train_007741.jpg,True
train,train_007742,out/images/train/train_007742.jpg,True
train,train_007743,out/images/train/train_007743.jpg,True
train,train_007744,out/images/train/train_007744.jpg,True
train,train_007745,out/images/train/train_007745.jpg,True
train,train_007746,out/images/train/train_007746.jpg,True
train,train_007747,out/images/train/train_007747.jpg,True
train,train_007748,out/images/train/train_007748.jpg,True
train,train_007749,out/images/train/train_007749.jpg,True
train,train_007750,out/images/train/train_007750.jpg,True
train,train_007751,out/images/train/train_007751.jpg,True
train,train_007752,out/images/train/train_007752.jpg,True
train,train_007753,out/images/train/train_007753.jpg,True
train,train_007754,out/images/train/train_007754.jpg,True
train,train_007755,out/images/train/train_007755.jpg,True
train,train_007756,out/images/train/train_007756.jpg,True
train,train_007757,out/images/train/train_007757.jpg,True
train,train_007758,out/images/train/train_007758.jpg,True
train,train_007759,out/images/train/train_007759.jpg,True
train,train_007760,out/images/train/train_007760.jpg,True
train,train_007761,out/images/train/train_007761.jpg,True
train,train_007762,out/images/train/train_007762.jpg,True
train,train_007763,out/images/train/train_007763.jpg,True
train,train_007764,out/images/train/train_007764.jpg,True
train,train_007765,out/images/train/train_007765.jpg,True
train,train_007766,out/images/train/train_007766.jpg,True
train,train_007767,out/images/train/train_007767.jpg,True
train,train_007768,out/images/train/train_007768.jpg,True
train,train_007769,out/images/train/train_007769.jpg,True
train,train_007770,out/images/train/train_007770.jpg,True
train,train_007771,out/images/train/train_007771.jpg,True
train,train_007772,out/images/train/train_007772.jpg,True
train,train_007773,out/images/train/train_007773.jpg,True
train,train_007774,out/images/train/train_007774.jpg,True
train,train_007775,out/images/train/train_007775.jpg,True
train,train_007776,out/images/train/train_007776.jpg,True
train,train_007777,out/images/train/train_007777.jpg,True
train,train_007778,out/images/train/train_007778.jpg,True
train,train_007779,out/images/train/train_007779.jpg,True
train,train_007780,out/images/train/train_007780.jpg,True
train,train_007781,out/images/train/train_007781.jpg,True
train,train_007782,out/images/train/train_007782.jpg,True
train,train_007783,out/images/train/train_007783.jpg,True
train,train_007784,out/images/train/train_007784.jpg,True
train,train_007785,out/images/train/train_007785.jpg,True
train,train_007786,out/images/train/train_007786.jpg,True
train,train_007787,out/images/train/train_007787.jpg,True
train,train_007788,out/images/train/train_007788.jpg,True
train,train_007789,out/images/train/train_007789.jpg,True
train,train_007790,out/images/train/train_007790.jpg,True
train,train_007791,out/images/train/train_007791.jpg,True
train,train_007792,out/images/train/train_007792.jpg,True
train,train_007793,out/images/train/train_007793.jpg,True
train,train_007794,out/images/train/train_007794.jpg,True
train,train_007795,out/images/train/train_007795.jpg,True
train,train_007796,out/images/train/train_007796.jpg,True
train,train_007797,out/images/train/train_007797.jpg,True
train,train_007798,out/images/train/train_007798.jpg,True
train,train_007799,out/images/train/train_007799.jpg,True
train,train_007800,out/images/train/train_007800.jpg,True
train,train_007801,out/images/train/train_007801.jpg,True
train,train_007802,out/images/train/train_007802.jpg,True
train,train_007803,out/images/train/train_007803.jpg,True
train,train_007804,out/images/train/train_007804.jpg,True
train,train_007805,out/images/train/train_007805.jpg,True
train,train_007806,out/images/train/train_007806.jpg,True
train,train_007807,out/images/train/train_007807.jpg,True
train,train_007808,out/images/train/train_007808.jpg,True
train,train_007809,out/images/train/train_007809.jpg,True
train,train_007810,out/images/train/train_007810.jpg,True
train,train_007811,out/images/train/train_007811.jpg,True
train,train_007812,out/images/train/train_007812.jpg,True
train,train_007813,out/images/train/train_007813.jpg,True
train,train_007814,out/images/train/train_007814.jpg,True
train,train_007815,out/images/train/train_007815.jpg,True
train,train_007816,out/images/train/train_007816.jpg,True
train,train_007817,out/images/train/train_007817.jpg,True
train,train_007818,out/images/train/train_007818.jpg,True
train,train_007819,out/images/train/train_007819.jpg,True
train,train_007820,out/images/train/train_007820.jpg,True
train,train_007821,out/images/train/train_007821.jpg,True
train,train_007822,out/images/train/train_007822.jpg,True
train,train_007823,out/images/train/train_007823.jpg,True
train,train_007824,out/images/train/train_007824.jpg,True
train,train_007825,out/images/train/train_007825.jpg,True
train,train_007826,out/images/train/train_007826.jpg,True
train,train_007827,out/images/train/train_007827.jpg,True
train,train_007828,out/images/train/train_007828.jpg,True
train,train_007829,out/images/train/train_007829.jpg,True
train,train_007830,out/images/train/train_007830.jpg,True
train,train_007831,out/images/train/train_007831.jpg,True
train,train_007832,out/images/train/train_007832.jpg,True
train,train_007833,out/images/train/train_007833.jpg,True
train,train_007834,out/images/train/train_007834.jpg,True
train,train_007835,out/images/train/train_007835.jpg,True
train,train_007836,out/images/train/train_007836.jpg,True
train,train_007837,out/images/train/train_007837.jpg,True
train,train_007838,out/images/train/train_007838.jpg,True
train,train_007839,out/images/train/train_007839.jpg,True
train,train_007840,out/images/train/train_007840.jpg,True
train,train_007841,out/images/train/train_007841.jpg,True
train,train_007842,out/images/train/train_007842.jpg,True
train,train_007843,out/images/train/train_007843.jpg,True
train,train_007844,out/images/train/train_007844.jpg,True
train,train_007845,out/images/train/train_007845.jpg,True
train,train_007846,out/images/train/train_007846.jpg,True
train,train_007847,out/images/train/train_007847.jpg,True
train,train_007848,out/images/train/train_007848.jpg,True
train,train_007849,out/images/train/train_007849.jpg,True
train,train_007850,out/images/train/train_007850.jpg,True
train,train_007851,out/images/train/train_007851.jpg,True
train,train_007852,out/images/train/train_007852.jpg,True
train,train_007853,out/images/train/train_007853.jpg,True
train,train_007854,out/images/train/train_007854.jpg,True
train,train_007855,out/images/train/train_007855.jpg,True
train,train_007856,out/images/train/train_007856.jpg,True
train,train_007857,out/images/train/train_007857.jpg,True
train,train_007858,out/images/train/train_007858.jpg,True
train,train_007859,out/images/train/train_007859.jpg,True
train,train_007860,out/images/train/train_007860.jpg,True
train,train_007861,out/images/train/train_007861.jpg,True
train,train_007862,out/images/train/train_007862.jpg,True
train,train_007863,out/images/train/train_007863.jpg,True
train,train_007864,out/images/train/train_007864.jpg,True
train,train_007865,out/images/train/train_007865.jpg,True
train,train_007866,out/images/train/train_007866.jpg,True
train,train_007867,out/images/train/train_007867.jpg,True
train,train_007868,out/images/train/train_007868.jpg,True
train,train_007869,out/images/train/train_007869.jpg,True
train,train_007870,out/images/train/train_007870.jpg,True
train,train_007871,out/images/train/train_007871.jpg,True
train,train_007872,out/images/train/train_007872.jpg,True
train,train_007873,out/images/train/train_007873.jpg,True
train,train_007874,out/images/train/train_007874.jpg,True
train,train_007875,out/images/train/train_007875.jpg,True
train,train_007876,out/images/train/train_007876.jpg,True
train,train_007877,out/images/train/train_007877.jpg,True
train,train_007878,out/images/train/train_007878.jpg,True
train,train_007879,out/images/train/train_007879.jpg,True
train,train_007880,out/images/train/train_007880.jpg,True
train,train_007881,out/images/train/train_007881.jpg,True
train,train_007882,out/images/train/train_007882.jpg,True
train,train_007883,out/images/train/train_007883.jpg,True
train,train_007884,out/images/train/train_007884.jpg,True
train,train_007885,out/images/train/train_007885.jpg,True
train,train_007886,out/images/train/train_007886.jpg,True
train,train_007887,out/images/train/train_007887.jpg,True
train,train_007888,out/images/train/train_007888.jpg,True
train,train_007889,out/images/train/train_007889.jpg,True
train,train_007890,out/images/train/train_007890.jpg,True
train,train_007891,out/images/train/train_007891.jpg,True
train,train_007892,out/images/train/train_007892.jpg,True
train,train_007893,out/images/train/train_007893.jpg,True
train,train_007894,out/images/train/train_007894.jpg,True
train,train_007895,out/images/train/train_007895.jpg,True
train,train_007896,out/images/train/train_007896.jpg,True
train,train_007897,out/images/train/train_007897.jpg,True
train,train_007898,out/images/train/train_007898.jpg,True
train,train_007899,out/images/train/train_007899.jpg,True
train,train_007900,out/images/train/train_007900.jpg,True
train,train_007901,out/images/train/train_007901.jpg,True
train,train_007902,out/images/train/train_007902.jpg,True
train,train_007903,out/images/train/train_007903.jpg,True
train,train_007904,out/images/train/train_007904.jpg,True
train,train_007905,out/images/train/train_007905.jpg,True
train,train_007906,out/images/train/train_007906.jpg,True
train,train_007907,out/images/train/train_007907.jpg,True
train,train_007908,out/images/train/train_007908.jpg,True
train,train_007909,out/images/train/train_007909.jpg,True
train,train_007910,out/images/train/train_007910.jpg,True
train,train_007911,out/images/train/train_007911.jpg,True
train,train_007912,out/images/train/train_007912.jpg,True
train,train_007913,out/images/train/train_007913.jpg,True
train,train_007914,out/images/train/train_007914.jpg,True
train,train_007915,out/images/train/train_007915.jpg,True
train,train_007916,out/images/train/train_007916.jpg,True
train,train_007917,out/images/train/train_007917.jpg,True
train,train_007918,out/images/train/train_007918.jpg,True
train,train_007919,out/images/train/train_007919.jpg,True
train,train_007920,out/images/train/train_007920.jpg,True
train,train_007921,out/images/train/train_007921.jpg,True
train,train_007922,out/images/train/train_007922.jpg,True
train,train_007923,out/images/train/train_007923.jpg,True
train,train_007924,out/images/train/train_007924.jpg,True
train,train_007925,out/images/train/train_007925.jpg,True
train,train_007926,out/images/train/train_007926.jpg,True
train,train_007927,out/images/train/train_007927.jpg,True
train,train_007928,out/images/train/train_007928.jpg,True
train,train_007929,out/images/train/train_007929.jpg,True
train,train_007930,out/images/train/train_007930.jpg,True
train,train_007931,out/images/train/train_007931.jpg,True
train,train_007932,out/images/train/train_007932.jpg,True
train,train_007933,out/images/train/train_007933.jpg,True
train,train_007934,out/images/train/train_007934.jpg,True
train,train_007935,out/images/train/train_007935.jpg,True
train,train_007936,out/images/train/train_007936.jpg,True
train,train_007937,out/images/train/train_007937.jpg,True
train,train_007938,out/images/train/train_007938.jpg,True
train,train_007939,out/images/train/train_007939.jpg,True
train,train_007940,out/images/train/train_007940.jpg,True
train,train_007941,out/images/train/train_007941.jpg,True
train,train_007942,out/images/train/train_007942.jpg,True
train,train_007943,out/images/train/train_007943.jpg,True
train,train_007944,out/images/train/train_007944.jpg,True
train,train_007945,out/images/train/train_007945.jpg,True
train,train_007946,out/images/train/train_007946.jpg,True
train,train_007947,out/images/train/train_007947.jpg,True
train,train_007948,out/images/train/train_007948.jpg,True
train,train_007949,out/images/train/train_007949.jpg,True
train,train_007950,out/images/train/train_007950.jpg,True
train,train_007951,out/images/train/train_007951.jpg,True
train,train_007952,out/images/train/train_007952.jpg,True
train,train_007953,out/images/train/train_007953.jpg,True
train,train_007954,out/images/train/train_007954.jpg,True
train,train_007955,out/images/train/train_007955.jpg,True
train,train_007956,out/images/train/train_007956.jpg,True
train,train_007957,out/images/train/train_007957.jpg,True
train,train_007958,out/images/train/train_007958.jpg,True
train,train_007959,out/images/train/train_007959.jpg,True
train,train_007960,out/images/train/train_007960.jpg,True
train,train_007961,out/images/train/train_007961.jpg,True
train,train_007962,out/images/train/train_007962.jpg,True
train,train_007963,out/images/train/train_007963.jpg,True
train,train_007964,out/images/train/train_007964.jpg,True
train,train_007965,out/images/train/train_007965.jpg,True
train,train_007966,out/images/train/train_007966.jpg,True
train,train_007967,out/images/train/train_007967.jpg,True
train,train_007968,out/images/train/train_007968.jpg,True
train,train_007969,out/images/train/train_007969.jpg,True
train,train_007970,out/images/train/train_007970.jpg,True
train,train_007971,out/images/train/train_007971.jpg,True
train,train_007972,out/images/train/train_007972.jpg,True
train,train_007973,out/images/train/train_007973.jpg,True
train,train_007974,out/images/train/train_007974.jpg,True
train,train_007975,out/images/train/train_007975.jpg,True
train,train_007976,out/images/train/train_007976.jpg,True
train,train_007977,out/images/train/train_007977.jpg,True
train,train_007978,out/images/train/train_007978.jpg,True
train,train_007979,out/images/train/train_007979.jpg,True
train,train_007980,out/images/train/train_007980.jpg,True
train,train_007981,out/images/train/train_007981.jpg,True
train,train_007982,out/images/train/train_007982.jpg,True
train,train_007983,out/images/train/train_007983.jpg,True
train,train_007984,out/images/train/train_007984.jpg,True
train,train_007985,out/images/train/train_007985.jpg,True
train,train_007986,out/images/train/train_007986.jpg,True
train,train_007987,out/images/train/train_007987.jpg,True
train,train_007988,out/images/train/train_007988.jpg,True
train,train_007989,out/images/train/train_007989.jpg,True
train,train_007990,out/images/train/train_007990.jpg,True
train,train_007991,out/images/train/train_007991.jpg,True
train,train_007992,out/images/train/train_007992.jpg,True
train,train_007993,out/images/train/train_007993.jpg,True
train,train_007994,out/images/train/train_007994.jpg,True
train,train_007995,out/images/train/train_007995.jpg,True
train,train_007996,out/images/train/train_007996.jpg,True
train,train_007997,out/images/train/train_007997.jpg,True
train,train_007998,out/images/train/train_007998.jpg,True
train,train_007999,out/images/train/train_007999.jpg,True
train,train_008000,out/images/train/train_008000.jpg,True
train,train_008001,out/images/train/train_008001.jpg,True
train,train_008002,out/images/train/train_008002.jpg,True
train,train_008003,out/images/train/train_008003.jpg,True
train,train_008004,out/images/train/train_008004.jpg,True
train,train_008005,out/images/train/train_008005.jpg,True
train,train_008006,out/images/train/train_008006.jpg,True
train,train_008007,out/images/train/train_008007.jpg,True
train,train_008008,out/images/train/train_008008.jpg,True
train,train_008009,out/images/train/train_008009.jpg,True
train,train_008010,out/images/train/train_008010.jpg,True
train,train_008011,out/images/train/train_008011.jpg,True
train,train_008012,out/images/train/train_008012.jpg,True
train,train_008013,out/images/train/train_008013.jpg,True
train,train_008014,out/images/train/train_008014.jpg,True
train,train_008015,out/images/train/train_008015.jpg,True
train,train_008016,out/images/train/train_008016.jpg,True
train,train_008017,out/images/train/train_008017.jpg,True
train,train_008018,out/images/train/train_008018.jpg,True
train,train_008019,out/images/train/train_008019.jpg,True
train,train_008020,out/images/train/train_008020.jpg,True
train,train_008021,out/images/train/train_008021.jpg,True
train,train_008022,out/images/train/train_008022.jpg,True
train,train_008023,out/images/train/train_008023.jpg,True
train,train_008024,out/images/train/train_008024.jpg,True
train,train_008025,out/images/train/train_008025.jpg,True
train,train_008026,out/images/train/train_008026.jpg,True
train,train_008027,out/images/train/train_008027.jpg,True
train,train_008028,out/images/train/train_008028.jpg,True
train,train_008029,out/images/train/train_008029.jpg,True
train,train_008030,out/images/train/train_008030.jpg,True
train,train_008031,out/images/train/train_008031.jpg,True
train,train_008032,out/images/train/train_008032.jpg,True
train,train_008033,out/images/train/train_008033.jpg,True
train,train_008034,out/images/train/train_008034.jpg,True
train,train_008035,out/images/train/train_008035.jpg,True
train,train_008036,out/images/train/train_008036.jpg,True
train,train_008037,out/images/train/train_008037.jpg,True
train,train_008038,out/images/train/train_008038.jpg,True
train,train_008039,out/images/train/train_008039.jpg,True
train,train_008040,out/images/train/train_008040.jpg,True
train,train_008041,out/images/train/train_008041.jpg,True
train,train_008042,out/images/train/train_008042.jpg,True
train,train_008043,out/images/train/train_008043.jpg,True
train,train_008044,out/images/train/train_008044.jpg,True
train,train_008045,out/images/train/train_008045.jpg,True
train,train_008046,out/images/train/train_008046.jpg,True
train,train_008047,out/images/train/train_008047.jpg,True
train,train_008048,out/images/train/train_008048.jpg,True
train,train_008049,out/images/train/train_008049.jpg,True
train,train_008050,out/images/train/train_008050.jpg,True
train,train_008051,out/images/train/train_008051.jpg,True
train,train_008052,out/images/train/train_008052.jpg,True
train,train_008053,out/images/train/train_008053.jpg,True
train,train_008054,out/images/train/train_008054.jpg,True
train,train_008055,out/images/train/train_008055.jpg,True
train,train_008056,out/images/train/train_008056.jpg,True
train,train_008057,out/images/train/train_008057.jpg,True
train,train_008058,out/images/train/train_008058.jpg,True
train,train_008059,out/images/train/train_008059.jpg,True
train,train_008060,out/images/train/train_008060.jpg,True
train,train_008061,out/images/train/train_008061.jpg,True
train,train_008062,out/images/train/train_008062.jpg,True
train,train_008063,out/images/train/train_008063.jpg,True
train,train_008064,out/images/train/train_008064.jpg,True
train,train_008065,out/images/train/train_008065.jpg,True
train,train_008066,out/images/train/train_008066.jpg,True
train,train_008067,out/images/train/train_008067.jpg,True
train,train_008068,out/images/train/train_008068.jpg,True
train,train_008069,out/images/train/train_008069.jpg,True
train,train_008070,out/images/train/train_008070.jpg,True
train,train_008071,out/images/train/train_008071.jpg,True
train,train_008072,out/images/train/train_008072.jpg,True
train,train_008073,out/images/train/train_008073.jpg,True
train,train_008074,out/images/train/train_008074.jpg,True
train,train_008075,out/images/train/train_008075.jpg,True
train,train_008076,out/images/train/train_008076.jpg,True
train,train_008077,out/images/train/train_008077.jpg,True
train,train_008078,out/images/train/train_008078.jpg,True
train,train_008079,out/images/train/train_008079.jpg,True
train,train_008080,out/images/train/train_008080.jpg,True
train,train_008081,out/images/train/train_008081.jpg,True
train,train_008082,out/images/train/train_008082.jpg,True
train,train_008083,out/images/train/train_008083.jpg,True
train,train_008084,out/images/train/train_008084.jpg,True
train,train_008085,out/images/train/train_008085.jpg,True
train,train_008086,out/images/train/train_008086.jpg,True
train,train_008087,out/images/train/train_008087.jpg,True
train,train_008088,out/images/train/train_008088.jpg,True
train,train_008089,out/images/train/train_008089.jpg,True
train,train_008090,out/images/train/train_008090.jpg,True
train,train_008091,out/images/train/train_008091.jpg,True
train,train_008092,out/images/train/train_008092.jpg,True
train,train_008093,out/images/train/train_008093.jpg,True
train,train_008094,out/images/train/train_008094.jpg,True
train,train_008095,out/images/train/train_008095.jpg,True
train,train_008096,out/images/train/train_008096.jpg,True
train,train_008097,out/images/train/train_008097.jpg,True
train,train_008098,out/images/train/train_008098.jpg,True
train,train_008099,out/images/train/train_008099.jpg,True
train,train_008100,out/images/train/train_008100.jpg,True
train,train_008101,out/images/train/train_008101.jpg,True
train,train_008102,out/images/train/train_008102.jpg,True
train,train_008103,out/images/train/train_008103.jpg,True
train,train_008104,out/images/train/train_008104.jpg,True
train,train_008105,out/images/train/train_008105.jpg,True
train,train_008106,out/images/train/train_008106.jpg,True
train,train_008107,out/images/train/train_008107.jpg,True
train,train_008108,out/images/train/train_008108.jpg,True
train,train_008109,out/images/train/train_008109.jpg,True
train,train_008110,out/images/train/train_008110.jpg,True
train,train_008111,out/images/train/train_008111.jpg,True
train,train_008112,out/images/train/train_008112.jpg,True
train,train_008113,out/images/train/train_008113.jpg,True
train,train_008114,out/images/train/train_008114.jpg,True
train,train_008115,out/images/train/train_008115.jpg,True
train,train_008116,out/images/train/train_008116.jpg,True
train,train_008117,out/images/train/train_008117.jpg,True
train,train_008118,out/images/train/train_008118.jpg,True
train,train_008119,out/images/train/train_008119.jpg,True
train,train_008120,out/images/train/train_008120.jpg,True
train,train_008121,out/images/train/train_008121.jpg,True
train,train_008122,out/images/train/train_008122.jpg,True
train,train_008123,out/images/train/train_008123.jpg,True
train,train_008124,out/images/train/train_008124.jpg,True
train,train_008125,out/images/train/train_008125.jpg,True
train,train_008126,out/images/train/train_008126.jpg,True
train,train_008127,out/images/train/train_008127.jpg,True
train,train_008128,out/images/train/train_008128.jpg,True
train,train_008129,out/images/train/train_008129.jpg,True
train,train_008130,out/images/train/train_008130.jpg,True
train,train_008131,out/images/train/train_008131.jpg,True
train,train_008132,out/images/train/train_008132.jpg,True
train,train_008133,out/images/train/train_008133.jpg,True
train,train_008134,out/images/train/train_008134.jpg,True
train,train_008135,out/images/train/train_008135.jpg,True
train,train_008136,out/images/train/train_008136.jpg,True
train,train_008137,out/images/train/train_008137.jpg,True
train,train_008138,out/images/train/train_008138.jpg,True
train,train_008139,out/images/train/train_008139.jpg,True
train,train_008140,out/images/train/train_008140.jpg,True
train,train_008141,out/images/train/train_008141.jpg,True
train,train_008142,out/images/train/train_008142.jpg,True
train,train_008143,out/images/train/train_008143.jpg,True
train,train_008144,out/images/train/train_008144.jpg,True
train,train_008145,out/images/train/train_008145.jpg,True
train,train_008146,out/images/train/train_008146.jpg,True
train,train_008147,out/images/train/train_008147.jpg,True
train,train_008148,out/images/train/train_008148.jpg,True
train,train_008149,out/images/train/train_008149.jpg,True
train,train_008150,out/images/train/train_008150.jpg,True
train,train_008151,out/images/train/train_008151.jpg,True
train,train_008152,out/images/train/train_008152.jpg,True
train,train_008153,out/images/train/train_008153.jpg,True
train,train_008154,out/images/train/train_008154.jpg,True
train,train_008155,out/images/train/train_008155.jpg,True
train,train_008156,out/images/train/train_008156.jpg,True
train,train_008157,out/images/train/train_008157.jpg,True
train,train_008158,out/images/train/train_008158.jpg,True
train,train_008159,out/images/train/train_008159.jpg,True
train,train_008160,out/images/train/train_008160.jpg,True
train,train_008161,out/images/train/train_008161.jpg,True
train,train_008162,out/images/train/train_008162.jpg,True
train,train_008163,out/images/train/train_008163.jpg,True
train,train_008164,out/images/train/train_008164.jpg,True
train,train_008165,out/images/train/train_008165.jpg,True
train,train_008166,out/images/train/train_008166.jpg,True
train,train_008167,out/images/train/train_008167.jpg,True
train,train_008168,out/images/train/train_008168.jpg,True
train,train_008169,out/images/train/train_008169.jpg,True
train,train_008170,out/images/train/train_008170.jpg,True
train,train_008171,out/images/train/train_008171.jpg,True
train,train_008172,out/images/train/train_008172.jpg,True
train,train_008173,out/images/train/train_008173.jpg,True
train,train_008174,out/images/train/train_008174.jpg,True
train,train_008175,out/images/train/train_008175.jpg,True
train,train_008176,out/images/train/train_008176.jpg,True
train,train_008177,out/images/train/train_008177.jpg,True
train,train_008178,out/images/train/train_008178.jpg,True
train,train_008179,out/images/train/train_008179.jpg,True
train,train_008180,out/images/train/train_008180.jpg,True
train,train_008181,out/images/train/train_008181.jpg,True
train,train_008182,out/images/train/train_008182.jpg,True
train,train_008183,out/images/train/train_008183.jpg,True
train,train_008184,out/images/train/train_008184.jpg,True
train,train_008185,out/images/train/train_008185.jpg,True
train,train_008186,out/images/train/train_008186.jpg,True
train,train_008187,out/images/train/train_008187.jpg,True
train,train_008188,out/images/train/train_008188.jpg,True
train,train_008189,out/images/train/train_008189.jpg,True
train,train_008190,out/images/train/train_008190.jpg,True
train,train_008191,out/images/train/train_008191.jpg,True
train,train_008192,out/images/train/train_008192.jpg,True
train,train_008193,out/images/train/train_008193.jpg,True
train,train_008194,out/images/train/train_008194.jpg,True
train,train_008195,out/images/train/train_008195.jpg,True
train,train_008196,out/images/train/train_008196.jpg,True
train,train_008197,out/images/train/train_008197.jpg,True
train,train_008198,out/images/train/train_008198.jpg,True
train,train_008199,out/images/train/train_008199.jpg,True
train,train_008200,out/images/train/train_008200.jpg,True
train,train_008201,out/images/train/train_008201.jpg,True
train,train_008202,out/images/train/train_008202.jpg,True
train,train_008203,out/images/train/train_008203.jpg,True
train,train_008204,out/images/train/train_008204.jpg,True
train,train_008205,out/images/train/train_008205.jpg,True
train,train_008206,out/images/train/train_008206.jpg,True
train,train_008207,out/images/train/train_008207.jpg,True
train,train_008208,out/images/train/train_008208.jpg,True
train,train_008209,out/images/train/train_008209.jpg,True
train,train_008210,out/images/train/train_008210.jpg,True
train,train_008211,out/images/train/train_008211.jpg,True
train,train_008212,out/images/train/train_008212.jpg,True
train,train_008213,out/images/train/train_008213.jpg,True
train,train_008214,out/images/train/train_008214.jpg,True
train,train_008215,out/images/train/train_008215.jpg,True
train,train_008216,out/images/train/train_008216.jpg,True
train,train_008217,out/images/train/train_008217.jpg,True
train,train_008218,out/images/train/train_008218.jpg,True
train,train_008219,out/images/train/train_008219.jpg,True
train,train_008220,out/images/train/train_008220.jpg,True
train,train_008221,out/images/train/train_008221.jpg,True
train,train_008222,out/images/train/train_008222.jpg,True
train,train_008223,out/images/train/train_008223.jpg,True
train,train_008224,out/images/train/train_008224.jpg,True
train,train_008225,out/images/train/train_008225.jpg,True
train,train_008226,out/images/train/train_008226.jpg,True
train,train_008227,out/images/train/train_008227.jpg,True
train,train_008228,out/images/train/train_008228.jpg,True
train,train_008229,out/images/train/train_008229.jpg,True
train,train_008230,out/images/train/train_008230.jpg,True
train,train_008231,out/images/train/train_008231.jpg,True
train,train_008232,out/images/train/train_008232.jpg,True
train,train_008233,out/images/train/train_008233.jpg,True
train,train_008234,out/images/train/train_008234.jpg,True
train,train_008235,out/images/train/train_008235.jpg,True
train,train_008236,out/images/train/train_008236.jpg,True
train,train_008237,out/images/train/train_008237.jpg,True
train,train_008238,out/images/train/train_008238.jpg,True
train,train_008239,out/images/train/train_008239.jpg,True
train,train_008240,out/images/train/train_008240.jpg,True
train,train_008241,out/images/train/train_008241.jpg,True
train,train_008242,out/images/train/train_008242.jpg,True
train,train_008243,out/images/train/train_008243.jpg,True
train,train_008244,out/images/train/train_008244.jpg,True
train,train_008245,out/images/train/train_008245.jpg,True
train,train_008246,out/images/train/train_008246.jpg,True
train,train_008247,out/images/train/train_008247.jpg,True
train,train_008248,out/images/train/train_008248.jpg,True
train,train_008249,out/images/train/train_008249.jpg,True
train,train_008250,out/images/train/train_008250.jpg,True
train,train_008251,out/images/train/train_008251.jpg,True
train,train_008252,out/images/train/train_008252.jpg,True
train,train_008253,out/images/train/train_008253.jpg,True
train,train_008254,out/images/train/train_008254.jpg,True
train,train_008255,out/images/train/train_008255.jpg,True
train,train_008256,out/images/train/train_008256.jpg,True
train,train_008257,out/images/train/train_008257.jpg,True
train,train_008258,out/images/train/train_008258.jpg,True
train,train_008259,out/images/train/train_008259.jpg,True
train,train_008260,out/images/train/train_008260.jpg,True
train,train_008261,out/images/train/train_008261.jpg,True
train,train_008262,out/images/train/train_008262.jpg,True
train,train_008263,out/images/train/train_008263.jpg,True
train,train_008264,out/images/train/train_008264.jpg,True
train,train_008265,out/images/train/train_008265.jpg,True
train,train_008266,out/images/train/train_008266.jpg,True
train,train_008267,out/images/train/train_008267.jpg,True
train,train_008268,out/images/train/train_008268.jpg,True
train,train_008269,out/images/train/train_008269.jpg,True
train,train_008270,out/images/train/train_008270.jpg,True
train,train_008271,out/images/train/train_008271.jpg,True
train,train_008272,out/images/train/train_008272.jpg,True
train,train_008273,out/images/train/train_008273.jpg,True
train,train_008274,out/images/train/train_008274.jpg,True
train,train_008275,out/images/train/train_008275.jpg,True
train,train_008276,out/images/train/train_008276.jpg,True
train,train_008277,out/images/train/train_008277.jpg,True
train,train_008278,out/images/train/train_008278.jpg,True
train,train_008279,out/images/train/train_008279.jpg,True
train,train_008280,out/images/train/train_008280.jpg,True
train,train_008281,out/images/train/train_008281.jpg,True
train,train_008282,out/images/train/train_008282.jpg,True
train,train_008283,out/images/train/train_008283.jpg,True
train,train_008284,out/images/train/train_008284.jpg,True
train,train_008285,out/images/train/train_008285.jpg,True
train,train_008286,out/images/train/train_008286.jpg,True
train,train_008287,out/images/train/train_008287.jpg,True
train,train_008288,out/images/train/train_008288.jpg,True
train,train_008289,out/images/train/train_008289.jpg,True
train,train_008290,out/images/train/train_008290.jpg,True
train,train_008291,out/images/train/train_008291.jpg,True
train,train_008292,out/images/train/train_008292.jpg,True
train,train_008293,out/images/train/train_008293.jpg,True
train,train_008294,out/images/train/train_008294.jpg,True
train,train_008295,out/images/train/train_008295.jpg,True
train,train_008296,out/images/train/train_008296.jpg,True
train,train_008297,out/images/train/train_008297.jpg,True
train,train_008298,out/images/train/train_008298.jpg,True
train,train_008299,out/images/train/train_008299.jpg,True
train,train_008300,out/images/train/train_008300.jpg,True
train,train_008301,out/images/train/train_008301.jpg,True
train,train_008302,out/images/train/train_008302.jpg,True
train,train_008303,out/images/train/train_008303.jpg,True
train,train_008304,out/images/train/train_008304.jpg,True
train,train_008305,out/images/train/train_008305.jpg,True
train,train_008306,out/images/train/train_008306.jpg,True
train,train_008307,out/images/train/train_008307.jpg,True
train,train_008308,out/images/train/train_008308.jpg,True
train,train_008309,out/images/train/train_008309.jpg,True
train,train_008310,out/images/train/train_008310.jpg,True
train,train_008311,out/images/train/train_008311.jpg,True
train,train_008312,out/images/train/train_008312.jpg,True
train,train_008313,out/images/train/train_008313.jpg,True
train,train_008314,out/images/train/train_008314.jpg,True
train,train_008315,out/images/train/train_008315.jpg,True
train,train_008316,out/images/train/train_008316.jpg,True
train,train_008317,out/images/train/train_008317.jpg,True
train,train_008318,out/images/train/train_008318.jpg,True
train,train_008319,out/images/train/train_008319.jpg,True
train,train_008320,out/images/train/train_008320.jpg,True
train,train_008321,out/images/train/train_008321.jpg,True
train,train_008322,out/images/train/train_008322.jpg,True
train,train_008323,out/images/train/train_008323.jpg,True
train,train_008324,out/images/train/train_008324.jpg,True
train,train_008325,out/images/train/train_008325.jpg,True
train,train_008326,out/images/train/train_008326.jpg,True
train,train_008327,out/images/train/train_008327.jpg,True
train,train_008328,out/images/train/train_008328.jpg,True
train,train_008329,out/images/train/train_008329.jpg,True
train,train_008330,out/images/train/train_008330.jpg,True
train,train_008331,out/images/train/train_008331.jpg,True
train,train_008332,out/images/train/train_008332.jpg,True
train,train_008333,out/images/train/train_008333.jpg,True
train,train_008334,out/images/train/train_008334.jpg,True
train,train_008335,out/images/train/train_008335.jpg,True
train,train_008336,out/images/train/train_008336.jpg,True
train,train_008337,out/images/train/train_008337.jpg,True
train,train_008338,out/images/train/train_008338.jpg,True
train,train_008339,out/images/train/train_008339.jpg,True
train,train_008340,out/images/train/train_008340.jpg,True
train,train_008341,out/images/train/train_008341.jpg,True
train,train_008342,out/images/train/train_008342.jpg,True
train,train_008343,out/images/train/train_008343.jpg,True
train,train_008344,out/images/train/train_008344.jpg,True
train,train_008345,out/images/train/train_008345.jpg,True
train,train_008346,out/images/train/train_008346.jpg,True
train,train_008347,out/images/train/train_008347.jpg,True
train,train_008348,out/images/train/train_008348.jpg,True
train,train_008349,out/images/train/train_008349.jpg,True
train,train_008350,out/images/train/train_008350.jpg,True
train,train_008351,out/images/train/train_008351.jpg,True
train,train_008352,out/images/train/train_008352.jpg,True
train,train_008353,out/images/train/train_008353.jpg,True
train,train_008354,out/images/train/train_008354.jpg,True
train,train_008355,out/images/train/train_008355.jpg,True
train,train_008356,out/images/train/train_008356.jpg,True
train,train_008357,out/images/train/train_008357.jpg,True
train,train_008358,out/images/train/train_008358.jpg,True
train,train_008359,out/images/train/train_008359.jpg,True
train,train_008360,out/images/train/train_008360.jpg,True
train,train_008361,out/images/train/train_008361.jpg,True
train,train_008362,out/images/train/train_008362.jpg,True
train,train_008363,out/images/train/train_008363.jpg,True
train,train_008364,out/images/train/train_008364.jpg,True
train,train_008365,out/images/train/train_008365.jpg,True
train,train_008366,out/images/train/train_008366.jpg,True
train,train_008367,out/images/train/train_008367.jpg,True
train,train_008368,out/images/train/train_008368.jpg,True
train,train_008369,out/images/train/train_008369.jpg,True
train,train_008370,out/images/train/train_008370.jpg,True
train,train_008371,out/images/train/train_008371.jpg,True
train,train_008372,out/images/train/train_008372.jpg,True
train,train_008373,out/images/train/train_008373.jpg,True
train,train_008374,out/images/train/train_008374.jpg,True
train,train_008375,out/images/train/train_008375.jpg,True
train,train_008376,out/images/train/train_008376.jpg,True
train,train_008377,out/images/train/train_008377.jpg,True
train,train_008378,out/images/train/train_008378.jpg,True
train,train_008379,out/images/train/train_008379.jpg,True
train,train_008380,out/images/train/train_008380.jpg,True
train,train_008381,out/images/train/train_008381.jpg,True
train,train_008382,out/images/train/train_008382.jpg,True
train,train_008383,out/images/train/train_008383.jpg,True
train,train_008384,out/images/train/train_008384.jpg,True
train,train_008385,out/images/train/train_008385.jpg,True
train,train_008386,out/images/train/train_008386.jpg,True
train,train_008387,out/images/train/train_008387.jpg,True
train,train_008388,out/images/train/train_008388.jpg,True
train,train_008389,out/images/train/train_008389.jpg,True
train,train_008390,out/images/train/train_008390.jpg,True
train,train_008391,out/images/train/train_008391.jpg,True
train,train_008392,out/images/train/train_008392.jpg,True
train,train_008393,out/images/train/train_008393.jpg,True
train,train_008394,out/images/train/train_008394.jpg,True
train,train_008395,out/images/train/train_008395.jpg,True
train,train_008396,out/images/train/train_008396.jpg,True
train,train_008397,out/images/train/train_008397.jpg,True
train,train_008398,out/images/train/train_008398.jpg,True
train,train_008399,out/images/train/train_008399.jpg,True
train,train_008400,out/images/train/train_008400.jpg,True
train,train_008401,out/images/train/train_008401.jpg,True
train,train_008402,out/images/train/train_008402.jpg,True
train,train_008403,out/images/train/train_008403.jpg,True
train,train_008404,out/images/train/train_008404.jpg,True
train,train_008405,out/images/train/train_008405.jpg,True
train,train_008406,out/images/train/train_008406.jpg,True
train,train_008407,out/images/train/train_008407.jpg,True
train,train_008408,out/images/train/train_008408.jpg,True
train,train_008409,out/images/train/train_008409.jpg,True
train,train_008410,out/images/train/train_008410.jpg,True
train,train_008411,out/images/train/train_008411.jpg,True
train,train_008412,out/images/train/train_008412.jpg,True
train,train_008413,out/images/train/train_008413.jpg,True
train,train_008414,out/images/train/train_008414.jpg,True
train,train_008415,out/images/train/train_008415.jpg,True
train,train_008416,out/images/train/train_008416.jpg,True
train,train_008417,out/images/train/train_008417.jpg,True
train,train_008418,out/images/train/train_008418.jpg,True
train,train_008419,out/images/train/train_008419.jpg,True
train,train_008420,out/images/train/train_008420.jpg,True
train,train_008421,out/images/train/train_008421.jpg,True
train,train_008422,out/images/train/train_008422.jpg,True
train,train_008423,out/images/train/train_008423.jpg,True
train,train_008424,out/images/train/train_008424.jpg,True
train,train_008425,out/images/train/train_008425.jpg,True
train,train_008426,out/images/train/train_008426.jpg,True
train,train_008427,out/images/train/train_008427.jpg,True
train,train_008428,out/images/train/train_008428.jpg,True
train,train_008429,out/images/train/train_008429.jpg,True
train,train_008430,out/images/train/train_008430.jpg,True
train,train_008431,out/images/train/train_008431.jpg,True
train,train_008432,out/images/train/train_008432.jpg,True
train,train_008433,out/images/train/train_008433.jpg,True
train,train_008434,out/images/train/train_008434.jpg,True
train,train_008435,out/images/train/train_008435.jpg,True
train,train_008436,out/images/train/train_008436.jpg,True
train,train_008437,out/images/train/train_008437.jpg,True
train,train_008438,out/images/train/train_008438.jpg,True
train,train_008439,out/images/train/train_008439.jpg,True
train,train_008440,out/images/train/train_008440.jpg,True
train,train_008441,out/images/train/train_008441.jpg,True
train,train_008442,out/images/train/train_008442.jpg,True
train,train_008443,out/images/train/train_008443.jpg,True
train,train_008444,out/images/train/train_008444.jpg,True
train,train_008445,out/images/train/train_008445.jpg,True
train,train_008446,out/images/train/train_008446.jpg,True
train,train_008447,out/images/train/train_008447.jpg,True
train,train_008448,out/images/train/train_008448.jpg,True
train,train_008449,out/images/train/train_008449.jpg,True
train,train_008450,out/images/train/train_008450.jpg,True
train,train_008451,out/images/train/train_008451.jpg,True
train,train_008452,out/images/train/train_008452.jpg,True
train,train_008453,out/images/train/train_008453.jpg,True
train,train_008454,out/images/train/train_008454.jpg,True
train,train_008455,out/images/train/train_008455.jpg,True
train,train_008456,out/images/train/train_008456.jpg,True
train,train_008457,out/images/train/train_008457.jpg,True
train,train_008458,out/images/train/train_008458.jpg,True
train,train_008459,out/images/train/train_008459.jpg,True
train,train_008460,out/images/train/train_008460.jpg,True
train,train_008461,out/images/train/train_008461.jpg,True
train,train_008462,out/images/train/train_008462.jpg,True
train,train_008463,out/images/train/train_008463.jpg,True
train,train_008464,out/images/train/train_008464.jpg,True
train,train_008465,out/images/train/train_008465.jpg,True
train,train_008466,out/images/train/train_008466.jpg,True
train,train_008467,out/images/train/train_008467.jpg,True
train,train_008468,out/images/train/train_008468.jpg,True
train,train_008469,out/images/train/train_008469.jpg,True
train,train_008470,out/images/train/train_008470.jpg,True
train,train_008471,out/images/train/train_008471.jpg,True
train,train_008472,out/images/train/train_008472.jpg,True
train,train_008473,out/images/train/train_008473.jpg,True
train,train_008474,out/images/train/train_008474.jpg,True
train,train_008475,out/images/train/train_008475.jpg,True
train,train_008476,out/images/train/train_008476.jpg,True
train,train_008477,out/images/train/train_008477.jpg,True
train,train_008478,out/images/train/train_008478.jpg,True
train,train_008479,out/images/train/train_008479.jpg,True
train,train_008480,out/images/train/train_008480.jpg,True
train,train_008481,out/images/train/train_008481.jpg,True
train,train_008482,out/images/train/train_008482.jpg,True
train,train_008483,out/images/train/train_008483.jpg,True
train,train_008484,out/images/train/train_008484.jpg,True
train,train_008485,out/images/train/train_008485.jpg,True
train,train_008486,out/images/train/train_008486.jpg,True
train,train_008487,out/images/train/train_008487.jpg,True
train,train_008488,out/images/train/train_008488.jpg,True
train,train_008489,out/images/train/train_008489.jpg,True
train,train_008490,out/images/train/train_008490.jpg,True
train,train_008491,out/images/train/train_008491.jpg,True
train,train_008492,out/images/train/train_008492.jpg,True
train,train_008493,out/images/train/train_008493.jpg,True
train,train_008494,out/images/train/train_008494.jpg,True
train,train_008495,out/images/train/train_008495.jpg,True
train,train_008496,out/images/train/train_008496.jpg,True
train,train_008497,out/images/train/train_008497.jpg,True
train,train_008498,out/images/train/train_008498.jpg,True
train,train_008499,out/images/train/train_008499.jpg,True
train,train_008500,out/images/train/train_008500.jpg,True
train,train_008501,out/images/train/train_008501.jpg,True
train,train_008502,out/images/train/train_008502.jpg,True
train,train_008503,out/images/train/train_008503.jpg,True
train,train_008504,out/images/train/train_008504.jpg,True
train,train_008505,out/images/train/train_008505.jpg,True
train,train_008506,out/images/train/train_008506.jpg,True
train,train_008507,out/images/train/train_008507.jpg,True
train,train_008508,out/images/train/train_008508.jpg,True
train,train_008509,out/images/train/train_008509.jpg,True
train,train_008510,out/images/train/train_008510.jpg,True
train,train_008511,out/images/train/train_008511.jpg,True
train,train_008512,out/images/train/train_008512.jpg,True
train,train_008513,out/images/train/train_008513.jpg,True
train,train_008514,out/images/train/train_008514.jpg,True
train,train_008515,out/images/train/train_008515.jpg,True
train,train_008516,out/images/train/train_008516.jpg,True
train,train_008517,out/images/train/train_008517.jpg,True
train,train_008518,out/images/train/train_008518.jpg,True
train,train_008519,out/images/train/train_008519.jpg,True
train,train_008520,out/images/train/train_008520.jpg,True
train,train_008521,out/images/train/train_008521.jpg,True
train,train_008522,out/images/train/train_008522.jpg,True
train,train_008523,out/images/train/train_008523.jpg,True
train,train_008524,out/images/train/train_008524.jpg,True
train,train_008525,out/images/train/train_008525.jpg,True
train,train_008526,out/images/train/train_008526.jpg,True
train,train_008527,out/images/train/train_008527.jpg,True
validation,validation_000000,out/images/validation/validation_000000.jpg,True
validation,validation_000001,out/images/validation/validation_000001.jpg,True
validation,validation_000002,out/images/validation/validation_000002.jpg,True
validation,validation_000003,out/images/validation/validation_000003.jpg,True
validation,validation_000004,out/images/validation/validation_000004.jpg,True
validation,validation_000005,out/images/validation/validation_000005.jpg,True
validation,validation_000006,out/images/validation/validation_000006.jpg,True
validation,validation_000007,out/images/validation/validation_000007.jpg,True
validation,validation_000008,out/images/validation/validation_000008.jpg,True
validation,validation_000009,out/images/validation/validation_000009.jpg,True
validation,validation_000010,out/images/validation/validation_000010.jpg,True
validation,validation_000011,out/images/validation/validation_000011.jpg,True
validation,validation_000012,out/images/validation/validation_000012.jpg,True
validation,validation_000013,out/images/validation/validation_000013.jpg,True
validation,validation_000014,out/images/validation/validation_000014.jpg,True
validation,validation_000015,out/images/validation/validation_000015.jpg,True
validation,validation_000016,out/images/validation/validation_000016.jpg,True
validation,validation_000017,out/images/validation/validation_000017.jpg,True
validation,validation_000018,out/images/validation/validation_000018.jpg,True
validation,validation_000019,out/images/validation/validation_000019.jpg,True
validation,validation_000020,out/images/validation/validation_000020.jpg,True
validation,validation_000021,out/images/validation/validation_000021.jpg,True
validation,validation_000022,out/images/validation/validation_000022.jpg,True
validation,validation_000023,out/images/validation/validation_000023.jpg,True
validation,validation_000024,out/images/validation/validation_000024.jpg,True
validation,validation_000025,out/images/validation/validation_000025.jpg,True
validation,validation_000026,out/images/validation/validation_000026.jpg,True
validation,validation_000027,out/images/validation/validation_000027.jpg,True
validation,validation_000028,out/images/validation/validation_000028.jpg,True
validation,validation_000029,out/images/validation/validation_000029.jpg,True
validation,validation_000030,out/images/validation/validation_000030.jpg,True
validation,validation_000031,out/images/validation/validation_000031.jpg,True
validation,validation_000032,out/images/validation/validation_000032.jpg,True
validation,validation_000033,out/images/validation/validation_000033.jpg,True
validation,validation_000034,out/images/validation/validation_000034.jpg,True
validation,validation_000035,out/images/validation/validation_000035.jpg,True
validation,validation_000036,out/images/validation/validation_000036.jpg,True
validation,validation_000037,out/images/validation/validation_000037.jpg,True
validation,validation_000038,out/images/validation/validation_000038.jpg,True
validation,validation_000039,out/images/validation/validation_000039.jpg,True
validation,validation_000040,out/images/validation/validation_000040.jpg,True
validation,validation_000041,out/images/validation/validation_000041.jpg,True
validation,validation_000042,out/images/validation/validation_000042.jpg,True
validation,validation_000043,out/images/validation/validation_000043.jpg,True
validation,validation_000044,out/images/validation/validation_000044.jpg,True
validation,validation_000045,out/images/validation/validation_000045.jpg,True
validation,validation_000046,out/images/validation/validation_000046.jpg,True
validation,validation_000047,out/images/validation/validation_000047.jpg,True
validation,validation_000048,out/images/validation/validation_000048.jpg,True
validation,validation_000049,out/images/validation/validation_000049.jpg,True
validation,validation_000050,out/images/validation/validation_000050.jpg,True
validation,validation_000051,out/images/validation/validation_000051.jpg,True
validation,validation_000052,out/images/validation/validation_000052.jpg,True
validation,validation_000053,out/images/validation/validation_000053.jpg,True
validation,validation_000054,out/images/validation/validation_000054.jpg,True
validation,validation_000055,out/images/validation/validation_000055.jpg,True
validation,validation_000056,out/images/validation/validation_000056.jpg,True
validation,validation_000057,out/images/validation/validation_000057.jpg,True
validation,validation_000058,out/images/validation/validation_000058.jpg,True
validation,validation_000059,out/images/validation/validation_000059.jpg,True
validation,validation_000060,out/images/validation/validation_000060.jpg,True
validation,validation_000061,out/images/validation/validation_000061.jpg,True
validation,validation_000062,out/images/validation/validation_000062.jpg,True
validation,validation_000063,out/images/validation/validation_000063.jpg,True
validation,validation_000064,out/images/validation/validation_000064.jpg,True
validation,validation_000065,out/images/validation/validation_000065.jpg,True
validation,validation_000066,out/images/validation/validation_000066.jpg,True
validation,validation_000067,out/images/validation/validation_000067.jpg,True
validation,validation_000068,out/images/validation/validation_000068.jpg,True
validation,validation_000069,out/images/validation/validation_000069.jpg,True
validation,validation_000070,out/images/validation/validation_000070.jpg,True
validation,validation_000071,out/images/validation/validation_000071.jpg,True
validation,validation_000072,out/images/validation/validation_000072.jpg,True
validation,validation_000073,out/images/validation/validation_000073.jpg,True
validation,validation_000074,out/images/validation/validation_000074.jpg,True
validation,validation_000075,out/images/validation/validation_000075.jpg,True
validation,validation_000076,out/images/validation/validation_000076.jpg,True
validation,validation_000077,out/images/validation/validation_000077.jpg,True
validation,validation_000078,out/images/validation/validation_000078.jpg,True
validation,validation_000079,out/images/validation/validation_000079.jpg,True
validation,validation_000080,out/images/validation/validation_000080.jpg,True
validation,validation_000081,out/images/validation/validation_000081.jpg,True
validation,validation_000082,out/images/validation/validation_000082.jpg,True
validation,validation_000083,out/images/validation/validation_000083.jpg,True
validation,validation_000084,out/images/validation/validation_000084.jpg,True
validation,validation_000085,out/images/validation/validation_000085.jpg,True
validation,validation_000086,out/images/validation/validation_000086.jpg,True
validation,validation_000087,out/images/validation/validation_000087.jpg,True
validation,validation_000088,out/images/validation/validation_000088.jpg,True
validation,validation_000089,out/images/validation/validation_000089.jpg,True
validation,validation_000090,out/images/validation/validation_000090.jpg,True
validation,validation_000091,out/images/validation/validation_000091.jpg,True
validation,validation_000092,out/images/validation/validation_000092.jpg,True
validation,validation_000093,out/images/validation/validation_000093.jpg,True
validation,validation_000094,out/images/validation/validation_000094.jpg,True
validation,validation_000095,out/images/validation/validation_000095.jpg,True
validation,validation_000096,out/images/validation/validation_000096.jpg,True
validation,validation_000097,out/images/validation/validation_000097.jpg,True
validation,validation_000098,out/images/validation/validation_000098.jpg,True
validation,validation_000099,out/images/validation/validation_000099.jpg,True
validation,validation_000100,out/images/validation/validation_000100.jpg,True
validation,validation_000101,out/images/validation/validation_000101.jpg,True
validation,validation_000102,out/images/validation/validation_000102.jpg,True
validation,validation_000103,out/images/validation/validation_000103.jpg,True
validation,validation_000104,out/images/validation/validation_000104.jpg,True
validation,validation_000105,out/images/validation/validation_000105.jpg,True
validation,validation_000106,out/images/validation/validation_000106.jpg,True
validation,validation_000107,out/images/validation/validation_000107.jpg,True
validation,validation_000108,out/images/validation/validation_000108.jpg,True
validation,validation_000109,out/images/validation/validation_000109.jpg,True
validation,validation_000110,out/images/validation/validation_000110.jpg,True
validation,validation_000111,out/images/validation/validation_000111.jpg,True
validation,validation_000112,out/images/validation/validation_000112.jpg,True
validation,validation_000113,out/images/validation/validation_000113.jpg,True
validation,validation_000114,out/images/validation/validation_000114.jpg,True
validation,validation_000115,out/images/validation/validation_000115.jpg,True
validation,validation_000116,out/images/validation/validation_000116.jpg,True
validation,validation_000117,out/images/validation/validation_000117.jpg,True
validation,validation_000118,out/images/validation/validation_000118.jpg,True
validation,validation_000119,out/images/validation/validation_000119.jpg,True
validation,validation_000120,out/images/validation/validation_000120.jpg,True
validation,validation_000121,out/images/validation/validation_000121.jpg,True
validation,validation_000122,out/images/validation/validation_000122.jpg,True
validation,validation_000123,out/images/validation/validation_000123.jpg,True
validation,validation_000124,out/images/validation/validation_000124.jpg,True
validation,validation_000125,out/images/validation/validation_000125.jpg,True
validation,validation_000126,out/images/validation/validation_000126.jpg,True
validation,validation_000127,out/images/validation/validation_000127.jpg,True
validation,validation_000128,out/images/validation/validation_000128.jpg,True
validation,validation_000129,out/images/validation/validation_000129.jpg,True
validation,validation_000130,out/images/validation/validation_000130.jpg,True
validation,validation_000131,out/images/validation/validation_000131.jpg,True
validation,validation_000132,out/images/validation/validation_000132.jpg,True
validation,validation_000133,out/images/validation/validation_000133.jpg,True
validation,validation_000134,out/images/validation/validation_000134.jpg,True
validation,validation_000135,out/images/validation/validation_000135.jpg,True
validation,validation_000136,out/images/validation/validation_000136.jpg,True
validation,validation_000137,out/images/validation/validation_000137.jpg,True
validation,validation_000138,out/images/validation/validation_000138.jpg,True
validation,validation_000139,out/images/validation/validation_000139.jpg,True
validation,validation_000140,out/images/validation/validation_000140.jpg,True
validation,validation_000141,out/images/validation/validation_000141.jpg,True
validation,validation_000142,out/images/validation/validation_000142.jpg,True
validation,validation_000143,out/images/validation/validation_000143.jpg,True
validation,validation_000144,out/images/validation/validation_000144.jpg,True
validation,validation_000145,out/images/validation/validation_000145.jpg,True
validation,validation_000146,out/images/validation/validation_000146.jpg,True
validation,validation_000147,out/images/validation/validation_000147.jpg,True
validation,validation_000148,out/images/validation/validation_000148.jpg,True
validation,validation_000149,out/images/validation/validation_000149.jpg,True
validation,validation_000150,out/images/validation/validation_000150.jpg,True
validation,validation_000151,out/images/validation/validation_000151.jpg,True
validation,validation_000152,out/images/validation/validation_000152.jpg,True
validation,validation_000153,out/images/validation/validation_000153.jpg,True
validation,validation_000154,out/images/validation/validation_000154.jpg,True
validation,validation_000155,out/images/validation/validation_000155.jpg,True
validation,validation_000156,out/images/validation/validation_000156.jpg,True
validation,validation_000157,out/images/validation/validation_000157.jpg,True
validation,validation_000158,out/images/validation/validation_000158.jpg,True
validation,validation_000159,out/images/validation/validation_000159.jpg,True
validation,validation_000160,out/images/validation/validation_000160.jpg,True
validation,validation_000161,out/images/validation/validation_000161.jpg,True
validation,validation_000162,out/images/validation/validation_000162.jpg,True
validation,validation_000163,out/images/validation/validation_000163.jpg,True
validation,validation_000164,out/images/validation/validation_000164.jpg,True
validation,validation_000165,out/images/validation/validation_000165.jpg,True
validation,validation_000166,out/images/validation/validation_000166.jpg,True
validation,validation_000167,out/images/validation/validation_000167.jpg,True
validation,validation_000168,out/images/validation/validation_000168.jpg,True
validation,validation_000169,out/images/validation/validation_000169.jpg,True
validation,validation_000170,out/images/validation/validation_000170.jpg,True
validation,validation_000171,out/images/validation/validation_000171.jpg,True
validation,validation_000172,out/images/validation/validation_000172.jpg,True
validation,validation_000173,out/images/validation/validation_000173.jpg,True
validation,validation_000174,out/images/validation/validation_000174.jpg,True
validation,validation_000175,out/images/validation/validation_000175.jpg,True
validation,validation_000176,out/images/validation/validation_000176.jpg,True
validation,validation_000177,out/images/validation/validation_000177.jpg,True
validation,validation_000178,out/images/validation/validation_000178.jpg,True
validation,validation_000179,out/images/validation/validation_000179.jpg,True
validation,validation_000180,out/images/validation/validation_000180.jpg,True
validation,validation_000181,out/images/validation/validation_000181.jpg,True
validation,validation_000182,out/images/validation/validation_000182.jpg,True
validation,validation_000183,out/images/validation/validation_000183.jpg,True
validation,validation_000184,out/images/validation/validation_000184.jpg,True
validation,validation_000185,out/images/validation/validation_000185.jpg,True
validation,validation_000186,out/images/validation/validation_000186.jpg,True
validation,validation_000187,out/images/validation/validation_000187.jpg,True
validation,validation_000188,out/images/validation/validation_000188.jpg,True
validation,validation_000189,out/images/validation/validation_000189.jpg,True
validation,validation_000190,out/images/validation/validation_000190.jpg,True
validation,validation_000191,out/images/validation/validation_000191.jpg,True
validation,validation_000192,out/images/validation/validation_000192.jpg,True
validation,validation_000193,out/images/validation/validation_000193.jpg,True
validation,validation_000194,out/images/validation/validation_000194.jpg,True
validation,validation_000195,out/images/validation/validation_000195.jpg,True
validation,validation_000196,out/images/validation/validation_000196.jpg,True
validation,validation_000197,out/images/validation/validation_000197.jpg,True
validation,validation_000198,out/images/validation/validation_000198.jpg,True
validation,validation_000199,out/images/validation/validation_000199.jpg,True
validation,validation_000200,out/images/validation/validation_000200.jpg,True
validation,validation_000201,out/images/validation/validation_000201.jpg,True
validation,validation_000202,out/images/validation/validation_000202.jpg,True
validation,validation_000203,out/images/validation/validation_000203.jpg,True
validation,validation_000204,out/images/validation/validation_000204.jpg,True
validation,validation_000205,out/images/validation/validation_000205.jpg,True
validation,validation_000206,out/images/validation/validation_000206.jpg,True
validation,validation_000207,out/images/validation/validation_000207.jpg,True
validation,validation_000208,out/images/validation/validation_000208.jpg,True
validation,validation_000209,out/images/validation/validation_000209.jpg,True
validation,validation_000210,out/images/validation/validation_000210.jpg,True
validation,validation_000211,out/images/validation/validation_000211.jpg,True
validation,validation_000212,out/images/validation/validation_000212.jpg,True
validation,validation_000213,out/images/validation/validation_000213.jpg,True
validation,validation_000214,out/images/validation/validation_000214.jpg,True
validation,validation_000215,out/images/validation/validation_000215.jpg,True
validation,validation_000216,out/images/validation/validation_000216.jpg,True
validation,validation_000217,out/images/validation/validation_000217.jpg,True
validation,validation_000218,out/images/validation/validation_000218.jpg,True
validation,validation_000219,out/images/validation/validation_000219.jpg,True
validation,validation_000220,out/images/validation/validation_000220.jpg,True
validation,validation_000221,out/images/validation/validation_000221.jpg,True
validation,validation_000222,out/images/validation/validation_000222.jpg,True
validation,validation_000223,out/images/validation/validation_000223.jpg,True
validation,validation_000224,out/images/validation/validation_000224.jpg,True
validation,validation_000225,out/images/validation/validation_000225.jpg,True
validation,validation_000226,out/images/validation/validation_000226.jpg,True
validation,validation_000227,out/images/validation/validation_000227.jpg,True
validation,validation_000228,out/images/validation/validation_000228.jpg,True
validation,validation_000229,out/images/validation/validation_000229.jpg,True
validation,validation_000230,out/images/validation/validation_000230.jpg,True
validation,validation_000231,out/images/validation/validation_000231.jpg,True
validation,validation_000232,out/images/validation/validation_000232.jpg,True
validation,validation_000233,out/images/validation/validation_000233.jpg,True
validation,validation_000234,out/images/validation/validation_000234.jpg,True
validation,validation_000235,out/images/validation/validation_000235.jpg,True
validation,validation_000236,out/images/validation/validation_000236.jpg,True
validation,validation_000237,out/images/validation/validation_000237.jpg,True
validation,validation_000238,out/images/validation/validation_000238.jpg,True
validation,validation_000239,out/images/validation/validation_000239.jpg,True
validation,validation_000240,out/images/validation/validation_000240.jpg,True
validation,validation_000241,out/images/validation/validation_000241.jpg,True
validation,validation_000242,out/images/validation/validation_000242.jpg,True
validation,validation_000243,out/images/validation/validation_000243.jpg,True
validation,validation_000244,out/images/validation/validation_000244.jpg,True
validation,validation_000245,out/images/validation/validation_000245.jpg,True
validation,validation_000246,out/images/validation/validation_000246.jpg,True
validation,validation_000247,out/images/validation/validation_000247.jpg,True
validation,validation_000248,out/images/validation/validation_000248.jpg,True
validation,validation_000249,out/images/validation/validation_000249.jpg,True
validation,validation_000250,out/images/validation/validation_000250.jpg,True
validation,validation_000251,out/images/validation/validation_000251.jpg,True
validation,validation_000252,out/images/validation/validation_000252.jpg,True
validation,validation_000253,out/images/validation/validation_000253.jpg,True
validation,validation_000254,out/images/validation/validation_000254.jpg,True
validation,validation_000255,out/images/validation/validation_000255.jpg,True
validation,validation_000256,out/images/validation/validation_000256.jpg,True
validation,validation_000257,out/images/validation/validation_000257.jpg,True
validation,validation_000258,out/images/validation/validation_000258.jpg,True
validation,validation_000259,out/images/validation/validation_000259.jpg,True
validation,validation_000260,out/images/validation/validation_000260.jpg,True
validation,validation_000261,out/images/validation/validation_000261.jpg,True
validation,validation_000262,out/images/validation/validation_000262.jpg,True
validation,validation_000263,out/images/validation/validation_000263.jpg,True
validation,validation_000264,out/images/validation/validation_000264.jpg,True
validation,validation_000265,out/images/validation/validation_000265.jpg,True
validation,validation_000266,out/images/validation/validation_000266.jpg,True
validation,validation_000267,out/images/validation/validation_000267.jpg,True
validation,validation_000268,out/images/validation/validation_000268.jpg,True
validation,validation_000269,out/images/validation/validation_000269.jpg,True
validation,validation_000270,out/images/validation/validation_000270.jpg,True
validation,validation_000271,out/images/validation/validation_000271.jpg,True
validation,validation_000272,out/images/validation/validation_000272.jpg,True
validation,validation_000273,out/images/validation/validation_000273.jpg,True
validation,validation_000274,out/images/validation/validation_000274.jpg,True
validation,validation_000275,out/images/validation/validation_000275.jpg,True
validation,validation_000276,out/images/validation/validation_000276.jpg,True
validation,validation_000277,out/images/validation/validation_000277.jpg,True
validation,validation_000278,out/images/validation/validation_000278.jpg,True
validation,validation_000279,out/images/validation/validation_000279.jpg,True
validation,validation_000280,out/images/validation/validation_000280.jpg,True
validation,validation_000281,out/images/validation/validation_000281.jpg,True
validation,validation_000282,out/images/validation/validation_000282.jpg,True
validation,validation_000283,out/images/validation/validation_000283.jpg,True
validation,validation_000284,out/images/validation/validation_000284.jpg,True
validation,validation_000285,out/images/validation/validation_000285.jpg,True
validation,validation_000286,out/images/validation/validation_000286.jpg,True
validation,validation_000287,out/images/validation/validation_000287.jpg,True
validation,validation_000288,out/images/validation/validation_000288.jpg,True
validation,validation_000289,out/images/validation/validation_000289.jpg,True
validation,validation_000290,out/images/validation/validation_000290.jpg,True
validation,validation_000291,out/images/validation/validation_000291.jpg,True
validation,validation_000292,out/images/validation/validation_000292.jpg,True
validation,validation_000293,out/images/validation/validation_000293.jpg,True
validation,validation_000294,out/images/validation/validation_000294.jpg,True
validation,validation_000295,out/images/validation/validation_000295.jpg,True
validation,validation_000296,out/images/validation/validation_000296.jpg,True
validation,validation_000297,out/images/validation/validation_000297.jpg,True
validation,validation_000298,out/images/validation/validation_000298.jpg,True
validation,validation_000299,out/images/validation/validation_000299.jpg,True
validation,validation_000300,out/images/validation/validation_000300.jpg,True
validation,validation_000301,out/images/validation/validation_000301.jpg,True
validation,validation_000302,out/images/validation/validation_000302.jpg,True
validation,validation_000303,out/images/validation/validation_000303.jpg,True
validation,validation_000304,out/images/validation/validation_000304.jpg,True
validation,validation_000305,out/images/validation/validation_000305.jpg,True
validation,validation_000306,out/images/validation/validation_000306.jpg,True
validation,validation_000307,out/images/validation/validation_000307.jpg,True
validation,validation_000308,out/images/validation/validation_000308.jpg,True
validation,validation_000309,out/images/validation/validation_000309.jpg,True
validation,validation_000310,out/images/validation/validation_000310.jpg,True
validation,validation_000311,out/images/validation/validation_000311.jpg,True
validation,validation_000312,out/images/validation/validation_000312.jpg,True
validation,validation_000313,out/images/validation/validation_000313.jpg,True
validation,validation_000314,out/images/validation/validation_000314.jpg,True
validation,validation_000315,out/images/validation/validation_000315.jpg,True
validation,validation_000316,out/images/validation/validation_000316.jpg,True
validation,validation_000317,out/images/validation/validation_000317.jpg,True
validation,validation_000318,out/images/validation/validation_000318.jpg,True
validation,validation_000319,out/images/validation/validation_000319.jpg,True
validation,validation_000320,out/images/validation/validation_000320.jpg,True
validation,validation_000321,out/images/validation/validation_000321.jpg,True
validation,validation_000322,out/images/validation/validation_000322.jpg,True
validation,validation_000323,out/images/validation/validation_000323.jpg,True
validation,validation_000324,out/images/validation/validation_000324.jpg,True
validation,validation_000325,out/images/validation/validation_000325.jpg,True
validation,validation_000326,out/images/validation/validation_000326.jpg,True
validation,validation_000327,out/images/validation/validation_000327.jpg,True
validation,validation_000328,out/images/validation/validation_000328.jpg,True
validation,validation_000329,out/images/validation/validation_000329.jpg,True
validation,validation_000330,out/images/validation/validation_000330.jpg,True
validation,validation_000331,out/images/validation/validation_000331.jpg,True
validation,validation_000332,out/images/validation/validation_000332.jpg,True
validation,validation_000333,out/images/validation/validation_000333.jpg,True
validation,validation_000334,out/images/validation/validation_000334.jpg,True
validation,validation_000335,out/images/validation/validation_000335.jpg,True
validation,validation_000336,out/images/validation/validation_000336.jpg,True
validation,validation_000337,out/images/validation/validation_000337.jpg,True
validation,validation_000338,out/images/validation/validation_000338.jpg,True
validation,validation_000339,out/images/validation/validation_000339.jpg,True
validation,validation_000340,out/images/validation/validation_000340.jpg,True
validation,validation_000341,out/images/validation/validation_000341.jpg,True
validation,validation_000342,out/images/validation/validation_000342.jpg,True
validation,validation_000343,out/images/validation/validation_000343.jpg,True
validation,validation_000344,out/images/validation/validation_000344.jpg,True
validation,validation_000345,out/images/validation/validation_000345.jpg,True
validation,validation_000346,out/images/validation/validation_000346.jpg,True
validation,validation_000347,out/images/validation/validation_000347.jpg,True
validation,validation_000348,out/images/validation/validation_000348.jpg,True
validation,validation_000349,out/images/validation/validation_000349.jpg,True
validation,validation_000350,out/images/validation/validation_000350.jpg,True
validation,validation_000351,out/images/validation/validation_000351.jpg,True
validation,validation_000352,out/images/validation/validation_000352.jpg,True
validation,validation_000353,out/images/validation/validation_000353.jpg,True
validation,validation_000354,out/images/validation/validation_000354.jpg,True
validation,validation_000355,out/images/validation/validation_000355.jpg,True
validation,validation_000356,out/images/validation/validation_000356.jpg,True
validation,validation_000357,out/images/validation/validation_000357.jpg,True
validation,validation_000358,out/images/validation/validation_000358.jpg,True
validation,validation_000359,out/images/validation/validation_000359.jpg,True
validation,validation_000360,out/images/validation/validation_000360.jpg,True
validation,validation_000361,out/images/validation/validation_000361.jpg,True
validation,validation_000362,out/images/validation/validation_000362.jpg,True
validation,validation_000363,out/images/validation/validation_000363.jpg,True
validation,validation_000364,out/images/validation/validation_000364.jpg,True
validation,validation_000365,out/images/validation/validation_000365.jpg,True
validation,validation_000366,out/images/validation/validation_000366.jpg,True
validation,validation_000367,out/images/validation/validation_000367.jpg,True
validation,validation_000368,out/images/validation/validation_000368.jpg,True
validation,validation_000369,out/images/validation/validation_000369.jpg,True
validation,validation_000370,out/images/validation/validation_000370.jpg,True
validation,validation_000371,out/images/validation/validation_000371.jpg,True
validation,validation_000372,out/images/validation/validation_000372.jpg,True
validation,validation_000373,out/images/validation/validation_000373.jpg,True
validation,validation_000374,out/images/validation/validation_000374.jpg,True
validation,validation_000375,out/images/validation/validation_000375.jpg,True
validation,validation_000376,out/images/validation/validation_000376.jpg,True
validation,validation_000377,out/images/validation/validation_000377.jpg,True
validation,validation_000378,out/images/validation/validation_000378.jpg,True
validation,validation_000379,out/images/validation/validation_000379.jpg,True
validation,validation_000380,out/images/validation/validation_000380.jpg,True
validation,validation_000381,out/images/validation/validation_000381.jpg,True
validation,validation_000382,out/images/validation/validation_000382.jpg,True
validation,validation_000383,out/images/validation/validation_000383.jpg,True
validation,validation_000384,out/images/validation/validation_000384.jpg,True
validation,validation_000385,out/images/validation/validation_000385.jpg,True
validation,validation_000386,out/images/validation/validation_000386.jpg,True
validation,validation_000387,out/images/validation/validation_000387.jpg,True
validation,validation_000388,out/images/validation/validation_000388.jpg,True
validation,validation_000389,out/images/validation/validation_000389.jpg,True
validation,validation_000390,out/images/validation/validation_000390.jpg,True
validation,validation_000391,out/images/validation/validation_000391.jpg,True
validation,validation_000392,out/images/validation/validation_000392.jpg,True
validation,validation_000393,out/images/validation/validation_000393.jpg,True
validation,validation_000394,out/images/validation/validation_000394.jpg,True
validation,validation_000395,out/images/validation/validation_000395.jpg,True
validation,validation_000396,out/images/validation/validation_000396.jpg,True
validation,validation_000397,out/images/validation/validation_000397.jpg,True
validation,validation_000398,out/images/validation/validation_000398.jpg,True
validation,validation_000399,out/images/validation/validation_000399.jpg,True
validation,validation_000400,out/images/validation/validation_000400.jpg,True
validation,validation_000401,out/images/validation/validation_000401.jpg,True
validation,validation_000402,out/images/validation/validation_000402.jpg,True
validation,validation_000403,out/images/validation/validation_000403.jpg,True
validation,validation_000404,out/images/validation/validation_000404.jpg,True
validation,validation_000405,out/images/validation/validation_000405.jpg,True
validation,validation_000406,out/images/validation/validation_000406.jpg,True
validation,validation_000407,out/images/validation/validation_000407.jpg,True
validation,validation_000408,out/images/validation/validation_000408.jpg,True
validation,validation_000409,out/images/validation/validation_000409.jpg,True
validation,validation_000410,out/images/validation/validation_000410.jpg,True
validation,validation_000411,out/images/validation/validation_000411.jpg,True
validation,validation_000412,out/images/validation/validation_000412.jpg,True
validation,validation_000413,out/images/validation/validation_000413.jpg,True
validation,validation_000414,out/images/validation/validation_000414.jpg,True
validation,validation_000415,out/images/validation/validation_000415.jpg,True
validation,validation_000416,out/images/validation/validation_000416.jpg,True
validation,validation_000417,out/images/validation/validation_000417.jpg,True
validation,validation_000418,out/images/validation/validation_000418.jpg,True
validation,validation_000419,out/images/validation/validation_000419.jpg,True
validation,validation_000420,out/images/validation/validation_000420.jpg,True
validation,validation_000421,out/images/validation/validation_000421.jpg,True
validation,validation_000422,out/images/validation/validation_000422.jpg,True
validation,validation_000423,out/images/validation/validation_000423.jpg,True
validation,validation_000424,out/images/validation/validation_000424.jpg,True
validation,validation_000425,out/images/validation/validation_000425.jpg,True
validation,validation_000426,out/images/validation/validation_000426.jpg,True
validation,validation_000427,out/images/validation/validation_000427.jpg,True
validation,validation_000428,out/images/validation/validation_000428.jpg,True
validation,validation_000429,out/images/validation/validation_000429.jpg,True
validation,validation_000430,out/images/validation/validation_000430.jpg,True
validation,validation_000431,out/images/validation/validation_000431.jpg,True
validation,validation_000432,out/images/validation/validation_000432.jpg,True
validation,validation_000433,out/images/validation/validation_000433.jpg,True
validation,validation_000434,out/images/validation/validation_000434.jpg,True
validation,validation_000435,out/images/validation/validation_000435.jpg,True
validation,validation_000436,out/images/validation/validation_000436.jpg,True
validation,validation_000437,out/images/validation/validation_000437.jpg,True
validation,validation_000438,out/images/validation/validation_000438.jpg,True
validation,validation_000439,out/images/validation/validation_000439.jpg,True
validation,validation_000440,out/images/validation/validation_000440.jpg,True
validation,validation_000441,out/images/validation/validation_000441.jpg,True
validation,validation_000442,out/images/validation/validation_000442.jpg,True
validation,validation_000443,out/images/validation/validation_000443.jpg,True
validation,validation_000444,out/images/validation/validation_000444.jpg,True
validation,validation_000445,out/images/validation/validation_000445.jpg,True
validation,validation_000446,out/images/validation/validation_000446.jpg,True
validation,validation_000447,out/images/validation/validation_000447.jpg,True
validation,validation_000448,out/images/validation/validation_000448.jpg,True
validation,validation_000449,out/images/validation/validation_000449.jpg,True
validation,validation_000450,out/images/validation/validation_000450.jpg,True
validation,validation_000451,out/images/validation/validation_000451.jpg,True
validation,validation_000452,out/images/validation/validation_000452.jpg,True
validation,validation_000453,out/images/validation/validation_000453.jpg,True
validation,validation_000454,out/images/validation/validation_000454.jpg,True
validation,validation_000455,out/images/validation/validation_000455.jpg,True
validation,validation_000456,out/images/validation/validation_000456.jpg,True
validation,validation_000457,out/images/validation/validation_000457.jpg,True
validation,validation_000458,out/images/validation/validation_000458.jpg,True
validation,validation_000459,out/images/validation/validation_000459.jpg,True
validation,validation_000460,out/images/validation/validation_000460.jpg,True
validation,validation_000461,out/images/validation/validation_000461.jpg,True
validation,validation_000462,out/images/validation/validation_000462.jpg,True
validation,validation_000463,out/images/validation/validation_000463.jpg,True
validation,validation_000464,out/images/validation/validation_000464.jpg,True
validation,validation_000465,out/images/validation/validation_000465.jpg,True
validation,validation_000466,out/images/validation/validation_000466.jpg,True
validation,validation_000467,out/images/validation/validation_000467.jpg,True
validation,validation_000468,out/images/validation/validation_000468.jpg,True
validation,validation_000469,out/images/validation/validation_000469.jpg,True
validation,validation_000470,out/images/validation/validation_000470.jpg,True
validation,validation_000471,out/images/validation/validation_000471.jpg,True
validation,validation_000472,out/images/validation/validation_000472.jpg,True
validation,validation_000473,out/images/validation/validation_000473.jpg,True
validation,validation_000474,out/images/validation/validation_000474.jpg,True
validation,validation_000475,out/images/validation/validation_000475.jpg,True
validation,validation_000476,out/images/validation/validation_000476.jpg,True
validation,validation_000477,out/images/validation/validation_000477.jpg,True
validation,validation_000478,out/images/validation/validation_000478.jpg,True
validation,validation_000479,out/images/validation/validation_000479.jpg,True
validation,validation_000480,out/images/validation/validation_000480.jpg,True
validation,validation_000481,out/images/validation/validation_000481.jpg,True
validation,validation_000482,out/images/validation/validation_000482.jpg,True
validation,validation_000483,out/images/validation/validation_000483.jpg,True
validation,validation_000484,out/images/validation/validation_000484.jpg,True
validation,validation_000485,out/images/validation/validation_000485.jpg,True
validation,validation_000486,out/images/validation/validation_000486.jpg,True
validation,validation_000487,out/images/validation/validation_000487.jpg,True
validation,validation_000488,out/images/validation/validation_000488.jpg,True
validation,validation_000489,out/images/validation/validation_000489.jpg,True
validation,validation_000490,out/images/validation/validation_000490.jpg,True
validation,validation_000491,out/images/validation/validation_000491.jpg,True
validation,validation_000492,out/images/validation/validation_000492.jpg,True
validation,validation_000493,out/images/validation/validation_000493.jpg,True
validation,validation_000494,out/images/validation/validation_000494.jpg,True
validation,validation_000495,out/images/validation/validation_000495.jpg,True
validation,validation_000496,out/images/validation/validation_000496.jpg,True
validation,validation_000497,out/images/validation/validation_000497.jpg,True
validation,validation_000498,out/images/validation/validation_000498.jpg,True
validation,validation_000499,out/images/validation/validation_000499.jpg,True
validation,validation_000500,out/images/validation/validation_000500.jpg,True
validation,validation_000501,out/images/validation/validation_000501.jpg,True
validation,validation_000502,out/images/validation/validation_000502.jpg,True
validation,validation_000503,out/images/validation/validation_000503.jpg,True
validation,validation_000504,out/images/validation/validation_000504.jpg,True
validation,validation_000505,out/images/validation/validation_000505.jpg,True
validation,validation_000506,out/images/validation/validation_000506.jpg,True
validation,validation_000507,out/images/validation/validation_000507.jpg,True
validation,validation_000508,out/images/validation/validation_000508.jpg,True
validation,validation_000509,out/images/validation/validation_000509.jpg,True
validation,validation_000510,out/images/validation/validation_000510.jpg,True
validation,validation_000511,out/images/validation/validation_000511.jpg,True
validation,validation_000512,out/images/validation/validation_000512.jpg,True
validation,validation_000513,out/images/validation/validation_000513.jpg,True
validation,validation_000514,out/images/validation/validation_000514.jpg,True
validation,validation_000515,out/images/validation/validation_000515.jpg,True
validation,validation_000516,out/images/validation/validation_000516.jpg,True
validation,validation_000517,out/images/validation/validation_000517.jpg,True
validation,validation_000518,out/images/validation/validation_000518.jpg,True
validation,validation_000519,out/images/validation/validation_000519.jpg,True
validation,validation_000520,out/images/validation/validation_000520.jpg,True
validation,validation_000521,out/images/validation/validation_000521.jpg,True
validation,validation_000522,out/images/validation/validation_000522.jpg,True
validation,validation_000523,out/images/validation/validation_000523.jpg,True
validation,validation_000524,out/images/validation/validation_000524.jpg,True
validation,validation_000525,out/images/validation/validation_000525.jpg,True
validation,validation_000526,out/images/validation/validation_000526.jpg,True
validation,validation_000527,out/images/validation/validation_000527.jpg,True
validation,validation_000528,out/images/validation/validation_000528.jpg,True
validation,validation_000529,out/images/validation/validation_000529.jpg,True
validation,validation_000530,out/images/validation/validation_000530.jpg,True
validation,validation_000531,out/images/validation/validation_000531.jpg,True
validation,validation_000532,out/images/validation/validation_000532.jpg,True
validation,validation_000533,out/images/validation/validation_000533.jpg,True
validation,validation_000534,out/images/validation/validation_000534.jpg,True
validation,validation_000535,out/images/validation/validation_000535.jpg,True
validation,validation_000536,out/images/validation/validation_000536.jpg,True
validation,validation_000537,out/images/validation/validation_000537.jpg,True
validation,validation_000538,out/images/validation/validation_000538.jpg,True
validation,validation_000539,out/images/validation/validation_000539.jpg,True
validation,validation_000540,out/images/validation/validation_000540.jpg,True
validation,validation_000541,out/images/validation/validation_000541.jpg,True
validation,validation_000542,out/images/validation/validation_000542.jpg,True
validation,validation_000543,out/images/validation/validation_000543.jpg,True
validation,validation_000544,out/images/validation/validation_000544.jpg,True
validation,validation_000545,out/images/validation/validation_000545.jpg,True
validation,validation_000546,out/images/validation/validation_000546.jpg,True
validation,validation_000547,out/images/validation/validation_000547.jpg,True
validation,validation_000548,out/images/validation/validation_000548.jpg,True
validation,validation_000549,out/images/validation/validation_000549.jpg,True
validation,validation_000550,out/images/validation/validation_000550.jpg,True
validation,validation_000551,out/images/validation/validation_000551.jpg,True
validation,validation_000552,out/images/validation/validation_000552.jpg,True
validation,validation_000553,out/images/validation/validation_000553.jpg,True
validation,validation_000554,out/images/validation/validation_000554.jpg,True
validation,validation_000555,out/images/validation/validation_000555.jpg,True
validation,validation_000556,out/images/validation/validation_000556.jpg,True
validation,validation_000557,out/images/validation/validation_000557.jpg,True
validation,validation_000558,out/images/validation/validation_000558.jpg,True
validation,validation_000559,out/images/validation/validation_000559.jpg,True
validation,validation_000560,out/images/validation/validation_000560.jpg,True
validation,validation_000561,out/images/validation/validation_000561.jpg,True
validation,validation_000562,out/images/validation/validation_000562.jpg,True
validation,validation_000563,out/images/validation/validation_000563.jpg,True
validation,validation_000564,out/images/validation/validation_000564.jpg,True
validation,validation_000565,out/images/validation/validation_000565.jpg,True
validation,validation_000566,out/images/validation/validation_000566.jpg,True
validation,validation_000567,out/images/validation/validation_000567.jpg,True
validation,validation_000568,out/images/validation/validation_000568.jpg,True
validation,validation_000569,out/images/validation/validation_000569.jpg,True
validation,validation_000570,out/images/validation/validation_000570.jpg,True
validation,validation_000571,out/images/validation/validation_000571.jpg,True
validation,validation_000572,out/images/validation/validation_000572.jpg,True
validation,validation_000573,out/images/validation/validation_000573.jpg,True
validation,validation_000574,out/images/validation/validation_000574.jpg,True
validation,validation_000575,out/images/validation/validation_000575.jpg,True
validation,validation_000576,out/images/validation/validation_000576.jpg,True
validation,validation_000577,out/images/validation/validation_000577.jpg,True
validation,validation_000578,out/images/validation/validation_000578.jpg,True
validation,validation_000579,out/images/validation/validation_000579.jpg,True
validation,validation_000580,out/images/validation/validation_000580.jpg,True
validation,validation_000581,out/images/validation/validation_000581.jpg,True
validation,validation_000582,out/images/validation/validation_000582.jpg,True
validation,validation_000583,out/images/validation/validation_000583.jpg,True
validation,validation_000584,out/images/validation/validation_000584.jpg,True
validation,validation_000585,out/images/validation/validation_000585.jpg,True
validation,validation_000586,out/images/validation/validation_000586.jpg,True
validation,validation_000587,out/images/validation/validation_000587.jpg,True
validation,validation_000588,out/images/validation/validation_000588.jpg,True
validation,validation_000589,out/images/validation/validation_000589.jpg,True
validation,validation_000590,out/images/validation/validation_000590.jpg,True
validation,validation_000591,out/images/validation/validation_000591.jpg,True
validation,validation_000592,out/images/validation/validation_000592.jpg,True
validation,validation_000593,out/images/validation/validation_000593.jpg,True
validation,validation_000594,out/images/validation/validation_000594.jpg,True
validation,validation_000595,out/images/validation/validation_000595.jpg,True
validation,validation_000596,out/images/validation/validation_000596.jpg,True
validation,validation_000597,out/images/validation/validation_000597.jpg,True
validation,validation_000598,out/images/validation/validation_000598.jpg,True
validation,validation_000599,out/images/validation/validation_000599.jpg,True
validation,validation_000600,out/images/validation/validation_000600.jpg,True
validation,validation_000601,out/images/validation/validation_000601.jpg,True
validation,validation_000602,out/images/validation/validation_000602.jpg,True
validation,validation_000603,out/images/validation/validation_000603.jpg,True
validation,validation_000604,out/images/validation/validation_000604.jpg,True
validation,validation_000605,out/images/validation/validation_000605.jpg,True
validation,validation_000606,out/images/validation/validation_000606.jpg,True
validation,validation_000607,out/images/validation/validation_000607.jpg,True
validation,validation_000608,out/images/validation/validation_000608.jpg,True
validation,validation_000609,out/images/validation/validation_000609.jpg,True
validation,validation_000610,out/images/validation/validation_000610.jpg,True
validation,validation_000611,out/images/validation/validation_000611.jpg,True
validation,validation_000612,out/images/validation/validation_000612.jpg,True
validation,validation_000613,out/images/validation/validation_000613.jpg,True
validation,validation_000614,out/images/validation/validation_000614.jpg,True
validation,validation_000615,out/images/validation/validation_000615.jpg,True
validation,validation_000616,out/images/validation/validation_000616.jpg,True
validation,validation_000617,out/images/validation/validation_000617.jpg,True
validation,validation_000618,out/images/validation/validation_000618.jpg,True
validation,validation_000619,out/images/validation/validation_000619.jpg,True
validation,validation_000620,out/images/validation/validation_000620.jpg,True
validation,validation_000621,out/images/validation/validation_000621.jpg,True
validation,validation_000622,out/images/validation/validation_000622.jpg,True
validation,validation_000623,out/images/validation/validation_000623.jpg,True
validation,validation_000624,out/images/validation/validation_000624.jpg,True
validation,validation_000625,out/images/validation/validation_000625.jpg,True
validation,validation_000626,out/images/validation/validation_000626.jpg,True
validation,validation_000627,out/images/validation/validation_000627.jpg,True
validation,validation_000628,out/images/validation/validation_000628.jpg,True
validation,validation_000629,out/images/validation/validation_000629.jpg,True
validation,validation_000630,out/images/validation/validation_000630.jpg,True
validation,validation_000631,out/images/validation/validation_000631.jpg,True
validation,validation_000632,out/images/validation/validation_000632.jpg,True
validation,validation_000633,out/images/validation/validation_000633.jpg,True
validation,validation_000634,out/images/validation/validation_000634.jpg,True
validation,validation_000635,out/images/validation/validation_000635.jpg,True
validation,validation_000636,out/images/validation/validation_000636.jpg,True
validation,validation_000637,out/images/validation/validation_000637.jpg,True
validation,validation_000638,out/images/validation/validation_000638.jpg,True
validation,validation_000639,out/images/validation/validation_000639.jpg,True
validation,validation_000640,out/images/validation/validation_000640.jpg,True
validation,validation_000641,out/images/validation/validation_000641.jpg,True
validation,validation_000642,out/images/validation/validation_000642.jpg,True
validation,validation_000643,out/images/validation/validation_000643.jpg,True
validation,validation_000644,out/images/validation/validation_000644.jpg,True
validation,validation_000645,out/images/validation/validation_000645.jpg,True
validation,validation_000646,out/images/validation/validation_000646.jpg,True
validation,validation_000647,out/images/validation/validation_000647.jpg,True
validation,validation_000648,out/images/validation/validation_000648.jpg,True
validation,validation_000649,out/images/validation/validation_000649.jpg,True
validation,validation_000650,out/images/validation/validation_000650.jpg,True
validation,validation_000651,out/images/validation/validation_000651.jpg,True
validation,validation_000652,out/images/validation/validation_000652.jpg,True
validation,validation_000653,out/images/validation/validation_000653.jpg,True
validation,validation_000654,out/images/validation/validation_000654.jpg,True
validation,validation_000655,out/images/validation/validation_000655.jpg,True
validation,validation_000656,out/images/validation/validation_000656.jpg,True
validation,validation_000657,out/images/validation/validation_000657.jpg,True
validation,validation_000658,out/images/validation/validation_000658.jpg,True
validation,validation_000659,out/images/validation/validation_000659.jpg,True
validation,validation_000660,out/images/validation/validation_000660.jpg,True
validation,validation_000661,out/images/validation/validation_000661.jpg,True
validation,validation_000662,out/images/validation/validation_000662.jpg,True
validation,validation_000663,out/images/validation/validation_000663.jpg,True
validation,validation_000664,out/images/validation/validation_000664.jpg,True
validation,validation_000665,out/images/validation/validation_000665.jpg,True
validation,validation_000666,out/images/validation/validation_000666.jpg,True
validation,validation_000667,out/images/validation/validation_000667.jpg,True
validation,validation_000668,out/images/validation/validation_000668.jpg,True
validation,validation_000669,out/images/validation/validation_000669.jpg,True
validation,validation_000670,out/images/validation/validation_000670.jpg,True
validation,validation_000671,out/images/validation/validation_000671.jpg,True
validation,validation_000672,out/images/validation/validation_000672.jpg,True
validation,validation_000673,out/images/validation/validation_000673.jpg,True
validation,validation_000674,out/images/validation/validation_000674.jpg,True
validation,validation_000675,out/images/validation/validation_000675.jpg,True
validation,validation_000676,out/images/validation/validation_000676.jpg,True
validation,validation_000677,out/images/validation/validation_000677.jpg,True
validation,validation_000678,out/images/validation/validation_000678.jpg,True
validation,validation_000679,out/images/validation/validation_000679.jpg,True
validation,validation_000680,out/images/validation/validation_000680.jpg,True
validation,validation_000681,out/images/validation/validation_000681.jpg,True
validation,validation_000682,out/images/validation/validation_000682.jpg,True
validation,validation_000683,out/images/validation/validation_000683.jpg,True
validation,validation_000684,out/images/validation/validation_000684.jpg,True
validation,validation_000685,out/images/validation/validation_000685.jpg,True
validation,validation_000686,out/images/validation/validation_000686.jpg,True
validation,validation_000687,out/images/validation/validation_000687.jpg,True
validation,validation_000688,out/images/validation/validation_000688.jpg,True
validation,validation_000689,out/images/validation/validation_000689.jpg,True
validation,validation_000690,out/images/validation/validation_000690.jpg,True
validation,validation_000691,out/images/validation/validation_000691.jpg,True
validation,validation_000692,out/images/validation/validation_000692.jpg,True
validation,validation_000693,out/images/validation/validation_000693.jpg,True
validation,validation_000694,out/images/validation/validation_000694.jpg,True
validation,validation_000695,out/images/validation/validation_000695.jpg,True
validation,validation_000696,out/images/validation/validation_000696.jpg,True
validation,validation_000697,out/images/validation/validation_000697.jpg,True
validation,validation_000698,out/images/validation/validation_000698.jpg,True
validation,validation_000699,out/images/validation/validation_000699.jpg,True
validation,validation_000700,out/images/validation/validation_000700.jpg,True
validation,validation_000701,out/images/validation/validation_000701.jpg,True
validation,validation_000702,out/images/validation/validation_000702.jpg,True
validation,validation_000703,out/images/validation/validation_000703.jpg,True
validation,validation_000704,out/images/validation/validation_000704.jpg,True
validation,validation_000705,out/images/validation/validation_000705.jpg,True
validation,validation_000706,out/images/validation/validation_000706.jpg,True
validation,validation_000707,out/images/validation/validation_000707.jpg,True
validation,validation_000708,out/images/validation/validation_000708.jpg,True
validation,validation_000709,out/images/validation/validation_000709.jpg,True
validation,validation_000710,out/images/validation/validation_000710.jpg,True
validation,validation_000711,out/images/validation/validation_000711.jpg,True
validation,validation_000712,out/images/validation/validation_000712.jpg,True
validation,validation_000713,out/images/validation/validation_000713.jpg,True
validation,validation_000714,out/images/validation/validation_000714.jpg,True
validation,validation_000715,out/images/validation/validation_000715.jpg,True
validation,validation_000716,out/images/validation/validation_000716.jpg,True
validation,validation_000717,out/images/validation/validation_000717.jpg,True
validation,validation_000718,out/images/validation/validation_000718.jpg,True
validation,validation_000719,out/images/validation/validation_000719.jpg,True
validation,validation_000720,out/images/validation/validation_000720.jpg,True
validation,validation_000721,out/images/validation/validation_000721.jpg,True
validation,validation_000722,out/images/validation/validation_000722.jpg,True
validation,validation_000723,out/images/validation/validation_000723.jpg,True
validation,validation_000724,out/images/validation/validation_000724.jpg,True
validation,validation_000725,out/images/validation/validation_000725.jpg,True
validation,validation_000726,out/images/validation/validation_000726.jpg,True
validation,validation_000727,out/images/validation/validation_000727.jpg,True
validation,validation_000728,out/images/validation/validation_000728.jpg,True
validation,validation_000729,out/images/validation/validation_000729.jpg,True
validation,validation_000730,out/images/validation/validation_000730.jpg,True
validation,validation_000731,out/images/validation/validation_000731.jpg,True
validation,validation_000732,out/images/validation/validation_000732.jpg,True
validation,validation_000733,out/images/validation/validation_000733.jpg,True
validation,validation_000734,out/images/validation/validation_000734.jpg,True
validation,validation_000735,out/images/validation/validation_000735.jpg,True
validation,validation_000736,out/images/validation/validation_000736.jpg,True
validation,validation_000737,out/images/validation/validation_000737.jpg,True
validation,validation_000738,out/images/validation/validation_000738.jpg,True
validation,validation_000739,out/images/validation/validation_000739.jpg,True
validation,validation_000740,out/images/validation/validation_000740.jpg,True
validation,validation_000741,out/images/validation/validation_000741.jpg,True
validation,validation_000742,out/images/validation/validation_000742.jpg,True
validation,validation_000743,out/images/validation/validation_000743.jpg,True
validation,validation_000744,out/images/validation/validation_000744.jpg,True
validation,validation_000745,out/images/validation/validation_000745.jpg,True
validation,validation_000746,out/images/validation/validation_000746.jpg,True
validation,validation_000747,out/images/validation/validation_000747.jpg,True
validation,validation_000748,out/images/validation/validation_000748.jpg,True
validation,validation_000749,out/images/validation/validation_000749.jpg,True
validation,validation_000750,out/images/validation/validation_000750.jpg,True
validation,validation_000751,out/images/validation/validation_000751.jpg,True
validation,validation_000752,out/images/validation/validation_000752.jpg,True
validation,validation_000753,out/images/validation/validation_000753.jpg,True
validation,validation_000754,out/images/validation/validation_000754.jpg,True
validation,validation_000755,out/images/validation/validation_000755.jpg,True
validation,validation_000756,out/images/validation/validation_000756.jpg,True
validation,validation_000757,out/images/validation/validation_000757.jpg,True
validation,validation_000758,out/images/validation/validation_000758.jpg,True
validation,validation_000759,out/images/validation/validation_000759.jpg,True
validation,validation_000760,out/images/validation/validation_000760.jpg,True
validation,validation_000761,out/images/validation/validation_000761.jpg,True
validation,validation_000762,out/images/validation/validation_000762.jpg,True
validation,validation_000763,out/images/validation/validation_000763.jpg,True
validation,validation_000764,out/images/validation/validation_000764.jpg,True
validation,validation_000765,out/images/validation/validation_000765.jpg,True
validation,validation_000766,out/images/validation/validation_000766.jpg,True
validation,validation_000767,out/images/validation/validation_000767.jpg,True
validation,validation_000768,out/images/validation/validation_000768.jpg,True
validation,validation_000769,out/images/validation/validation_000769.jpg,True
validation,validation_000770,out/images/validation/validation_000770.jpg,True
validation,validation_000771,out/images/validation/validation_000771.jpg,True
validation,validation_000772,out/images/validation/validation_000772.jpg,True
validation,validation_000773,out/images/validation/validation_000773.jpg,True
validation,validation_000774,out/images/validation/validation_000774.jpg,True
validation,validation_000775,out/images/validation/validation_000775.jpg,True
validation,validation_000776,out/images/validation/validation_000776.jpg,True
validation,validation_000777,out/images/validation/validation_000777.jpg,True
validation,validation_000778,out/images/validation/validation_000778.jpg,True
validation,validation_000779,out/images/validation/validation_000779.jpg,True
validation,validation_000780,out/images/validation/validation_000780.jpg,True
validation,validation_000781,out/images/validation/validation_000781.jpg,True
validation,validation_000782,out/images/validation/validation_000782.jpg,True
validation,validation_000783,out/images/validation/validation_000783.jpg,True
validation,validation_000784,out/images/validation/validation_000784.jpg,True
validation,validation_000785,out/images/validation/validation_000785.jpg,True
validation,validation_000786,out/images/validation/validation_000786.jpg,True
validation,validation_000787,out/images/validation/validation_000787.jpg,True
validation,validation_000788,out/images/validation/validation_000788.jpg,True
validation,validation_000789,out/images/validation/validation_000789.jpg,True
validation,validation_000790,out/images/validation/validation_000790.jpg,True
validation,validation_000791,out/images/validation/validation_000791.jpg,True
validation,validation_000792,out/images/validation/validation_000792.jpg,True
validation,validation_000793,out/images/validation/validation_000793.jpg,True
validation,validation_000794,out/images/validation/validation_000794.jpg,True
validation,validation_000795,out/images/validation/validation_000795.jpg,True
validation,validation_000796,out/images/validation/validation_000796.jpg,True
validation,validation_000797,out/images/validation/validation_000797.jpg,True
validation,validation_000798,out/images/validation/validation_000798.jpg,True
validation,validation_000799,out/images/validation/validation_000799.jpg,True
validation,validation_000800,out/images/validation/validation_000800.jpg,True
validation,validation_000801,out/images/validation/validation_000801.jpg,True
validation,validation_000802,out/images/validation/validation_000802.jpg,True
validation,validation_000803,out/images/validation/validation_000803.jpg,True
validation,validation_000804,out/images/validation/validation_000804.jpg,True
validation,validation_000805,out/images/validation/validation_000805.jpg,True
validation,validation_000806,out/images/validation/validation_000806.jpg,True
validation,validation_000807,out/images/validation/validation_000807.jpg,True
validation,validation_000808,out/images/validation/validation_000808.jpg,True
validation,validation_000809,out/images/validation/validation_000809.jpg,True
validation,validation_000810,out/images/validation/validation_000810.jpg,True
validation,validation_000811,out/images/validation/validation_000811.jpg,True
validation,validation_000812,out/images/validation/validation_000812.jpg,True
validation,validation_000813,out/images/validation/validation_000813.jpg,True
validation,validation_000814,out/images/validation/validation_000814.jpg,True
validation,validation_000815,out/images/validation/validation_000815.jpg,True
validation,validation_000816,out/images/validation/validation_000816.jpg,True
validation,validation_000817,out/images/validation/validation_000817.jpg,True
validation,validation_000818,out/images/validation/validation_000818.jpg,True
validation,validation_000819,out/images/validation/validation_000819.jpg,True
validation,validation_000820,out/images/validation/validation_000820.jpg,True
validation,validation_000821,out/images/validation/validation_000821.jpg,True
validation,validation_000822,out/images/validation/validation_000822.jpg,True
validation,validation_000823,out/images/validation/validation_000823.jpg,True
validation,validation_000824,out/images/validation/validation_000824.jpg,True
validation,validation_000825,out/images/validation/validation_000825.jpg,True
validation,validation_000826,out/images/validation/validation_000826.jpg,True
validation,validation_000827,out/images/validation/validation_000827.jpg,True
validation,validation_000828,out/images/validation/validation_000828.jpg,True
validation,validation_000829,out/images/validation/validation_000829.jpg,True
validation,validation_000830,out/images/validation/validation_000830.jpg,True
validation,validation_000831,out/images/validation/validation_000831.jpg,True
validation,validation_000832,out/images/validation/validation_000832.jpg,True
validation,validation_000833,out/images/validation/validation_000833.jpg,True
validation,validation_000834,out/images/validation/validation_000834.jpg,True
validation,validation_000835,out/images/validation/validation_000835.jpg,True
validation,validation_000836,out/images/validation/validation_000836.jpg,True
validation,validation_000837,out/images/validation/validation_000837.jpg,True
validation,validation_000838,out/images/validation/validation_000838.jpg,True
validation,validation_000839,out/images/validation/validation_000839.jpg,True
validation,validation_000840,out/images/validation/validation_000840.jpg,True
validation,validation_000841,out/images/validation/validation_000841.jpg,True
validation,validation_000842,out/images/validation/validation_000842.jpg,True
validation,validation_000843,out/images/validation/validation_000843.jpg,True
validation,validation_000844,out/images/validation/validation_000844.jpg,True
validation,validation_000845,out/images/validation/validation_000845.jpg,True
validation,validation_000846,out/images/validation/validation_000846.jpg,True
validation,validation_000847,out/images/validation/validation_000847.jpg,True
validation,validation_000848,out/images/validation/validation_000848.jpg,True
validation,validation_000849,out/images/validation/validation_000849.jpg,True
validation,validation_000850,out/images/validation/validation_000850.jpg,True
validation,validation_000851,out/images/validation/validation_000851.jpg,True
validation,validation_000852,out/images/validation/validation_000852.jpg,True
validation,validation_000853,out/images/validation/validation_000853.jpg,True
validation,validation_000854,out/images/validation/validation_000854.jpg,True
validation,validation_000855,out/images/validation/validation_000855.jpg,True
validation,validation_000856,out/images/validation/validation_000856.jpg,True
validation,validation_000857,out/images/validation/validation_000857.jpg,True
validation,validation_000858,out/images/validation/validation_000858.jpg,True
validation,validation_000859,out/images/validation/validation_000859.jpg,True
validation,validation_000860,out/images/validation/validation_000860.jpg,True
validation,validation_000861,out/images/validation/validation_000861.jpg,True
validation,validation_000862,out/images/validation/validation_000862.jpg,True
validation,validation_000863,out/images/validation/validation_000863.jpg,True
validation,validation_000864,out/images/validation/validation_000864.jpg,True
validation,validation_000865,out/images/validation/validation_000865.jpg,True
validation,validation_000866,out/images/validation/validation_000866.jpg,True
validation,validation_000867,out/images/validation/validation_000867.jpg,True
validation,validation_000868,out/images/validation/validation_000868.jpg,True
validation,validation_000869,out/images/validation/validation_000869.jpg,True
validation,validation_000870,out/images/validation/validation_000870.jpg,True
validation,validation_000871,out/images/validation/validation_000871.jpg,True
validation,validation_000872,out/images/validation/validation_000872.jpg,True
validation,validation_000873,out/images/validation/validation_000873.jpg,True
validation,validation_000874,out/images/validation/validation_000874.jpg,True
validation,validation_000875,out/images/validation/validation_000875.jpg,True
validation,validation_000876,out/images/validation/validation_000876.jpg,True
validation,validation_000877,out/images/validation/validation_000877.jpg,True
validation,validation_000878,out/images/validation/validation_000878.jpg,True
validation,validation_000879,out/images/validation/validation_000879.jpg,True
validation,validation_000880,out/images/validation/validation_000880.jpg,True
validation,validation_000881,out/images/validation/validation_000881.jpg,True
validation,validation_000882,out/images/validation/validation_000882.jpg,True
validation,validation_000883,out/images/validation/validation_000883.jpg,True
validation,validation_000884,out/images/validation/validation_000884.jpg,True
validation,validation_000885,out/images/validation/validation_000885.jpg,True
validation,validation_000886,out/images/validation/validation_000886.jpg,True
validation,validation_000887,out/images/validation/validation_000887.jpg,True
validation,validation_000888,out/images/validation/validation_000888.jpg,True
validation,validation_000889,out/images/validation/validation_000889.jpg,True
validation,validation_000890,out/images/validation/validation_000890.jpg,True
validation,validation_000891,out/images/validation/validation_000891.jpg,True
validation,validation_000892,out/images/validation/validation_000892.jpg,True
validation,validation_000893,out/images/validation/validation_000893.jpg,True
validation,validation_000894,out/images/validation/validation_000894.jpg,True
validation,validation_000895,out/images/validation/validation_000895.jpg,True
validation,validation_000896,out/images/validation/validation_000896.jpg,True
validation,validation_000897,out/images/validation/validation_000897.jpg,True
validation,validation_000898,out/images/validation/validation_000898.jpg,True
validation,validation_000899,out/images/validation/validation_000899.jpg,True
validation,validation_000900,out/images/validation/validation_000900.jpg,True
validation,validation_000901,out/images/validation/validation_000901.jpg,True
validation,validation_000902,out/images/validation/validation_000902.jpg,True
validation,validation_000903,out/images/validation/validation_000903.jpg,True
validation,validation_000904,out/images/validation/validation_000904.jpg,True
validation,validation_000905,out/images/validation/validation_000905.jpg,True
validation,validation_000906,out/images/validation/validation_000906.jpg,True
validation,validation_000907,out/images/validation/validation_000907.jpg,True
validation,validation_000908,out/images/validation/validation_000908.jpg,True
validation,validation_000909,out/images/validation/validation_000909.jpg,True
validation,validation_000910,out/images/validation/validation_000910.jpg,True
validation,validation_000911,out/images/validation/validation_000911.jpg,True
validation,validation_000912,out/images/validation/validation_000912.jpg,True
validation,validation_000913,out/images/validation/validation_000913.jpg,True
validation,validation_000914,out/images/validation/validation_000914.jpg,True
validation,validation_000915,out/images/validation/validation_000915.jpg,True
validation,validation_000916,out/images/validation/validation_000916.jpg,True
validation,validation_000917,out/images/validation/validation_000917.jpg,True
validation,validation_000918,out/images/validation/validation_000918.jpg,True
validation,validation_000919,out/images/validation/validation_000919.jpg,True
validation,validation_000920,out/images/validation/validation_000920.jpg,True
validation,validation_000921,out/images/validation/validation_000921.jpg,True
validation,validation_000922,out/images/validation/validation_000922.jpg,True
validation,validation_000923,out/images/validation/validation_000923.jpg,True
validation,validation_000924,out/images/validation/validation_000924.jpg,True
validation,validation_000925,out/images/validation/validation_000925.jpg,True
validation,validation_000926,out/images/validation/validation_000926.jpg,True
validation,validation_000927,out/images/validation/validation_000927.jpg,True
validation,validation_000928,out/images/validation/validation_000928.jpg,True
validation,validation_000929,out/images/validation/validation_000929.jpg,True
validation,validation_000930,out/images/validation/validation_000930.jpg,True
validation,validation_000931,out/images/validation/validation_000931.jpg,True
validation,validation_000932,out/images/validation/validation_000932.jpg,True
validation,validation_000933,out/images/validation/validation_000933.jpg,True
validation,validation_000934,out/images/validation/validation_000934.jpg,True
validation,validation_000935,out/images/validation/validation_000935.jpg,True
validation,validation_000936,out/images/validation/validation_000936.jpg,True
validation,validation_000937,out/images/validation/validation_000937.jpg,True
validation,validation_000938,out/images/validation/validation_000938.jpg,True
validation,validation_000939,out/images/validation/validation_000939.jpg,True
validation,validation_000940,out/images/validation/validation_000940.jpg,True
validation,validation_000941,out/images/validation/validation_000941.jpg,True
validation,validation_000942,out/images/validation/validation_000942.jpg,True
validation,validation_000943,out/images/validation/validation_000943.jpg,True
validation,validation_000944,out/images/validation/validation_000944.jpg,True
validation,validation_000945,out/images/validation/validation_000945.jpg,True
validation,validation_000946,out/images/validation/validation_000946.jpg,True
validation,validation_000947,out/images/validation/validation_000947.jpg,True
validation,validation_000948,out/images/validation/validation_000948.jpg,True
validation,validation_000949,out/images/validation/validation_000949.jpg,True
validation,validation_000950,out/images/validation/validation_000950.jpg,True
validation,validation_000951,out/images/validation/validation_000951.jpg,True
validation,validation_000952,out/images/validation/validation_000952.jpg,True
validation,validation_000953,out/images/validation/validation_000953.jpg,True
validation,validation_000954,out/images/validation/validation_000954.jpg,True
validation,validation_000955,out/images/validation/validation_000955.jpg,True
validation,validation_000956,out/images/validation/validation_000956.jpg,True
validation,validation_000957,out/images/validation/validation_000957.jpg,True
validation,validation_000958,out/images/validation/validation_000958.jpg,True
validation,validation_000959,out/images/validation/validation_000959.jpg,True
validation,validation_000960,out/images/validation/validation_000960.jpg,True
validation,validation_000961,out/images/validation/validation_000961.jpg,True
validation,validation_000962,out/images/validation/validation_000962.jpg,True
validation,validation_000963,out/images/validation/validation_000963.jpg,True
validation,validation_000964,out/images/validation/validation_000964.jpg,True
validation,validation_000965,out/images/validation/validation_000965.jpg,True
validation,validation_000966,out/images/validation/validation_000966.jpg,True
validation,validation_000967,out/images/validation/validation_000967.jpg,True
validation,validation_000968,out/images/validation/validation_000968.jpg,True
validation,validation_000969,out/images/validation/validation_000969.jpg,True
validation,validation_000970,out/images/validation/validation_000970.jpg,True
validation,validation_000971,out/images/validation/validation_000971.jpg,True
validation,validation_000972,out/images/validation/validation_000972.jpg,True
validation,validation_000973,out/images/validation/validation_000973.jpg,True
validation,validation_000974,out/images/validation/validation_000974.jpg,True
validation,validation_000975,out/images/validation/validation_000975.jpg,True
validation,validation_000976,out/images/validation/validation_000976.jpg,True
validation,validation_000977,out/images/validation/validation_000977.jpg,True
validation,validation_000978,out/images/validation/validation_000978.jpg,True
validation,validation_000979,out/images/validation/validation_000979.jpg,True
validation,validation_000980,out/images/validation/validation_000980.jpg,True
validation,validation_000981,out/images/validation/validation_000981.jpg,True
validation,validation_000982,out/images/validation/validation_000982.jpg,True
validation,validation_000983,out/images/validation/validation_000983.jpg,True
validation,validation_000984,out/images/validation/validation_000984.jpg,True
validation,validation_000985,out/images/validation/validation_000985.jpg,True
validation,validation_000986,out/images/validation/validation_000986.jpg,True
validation,validation_000987,out/images/validation/validation_000987.jpg,True
validation,validation_000988,out/images/validation/validation_000988.jpg,True
validation,validation_000989,out/images/validation/validation_000989.jpg,True
validation,validation_000990,out/images/validation/validation_000990.jpg,True
validation,validation_000991,out/images/validation/validation_000991.jpg,True
validation,validation_000992,out/images/validation/validation_000992.jpg,True
validation,validation_000993,out/images/validation/validation_000993.jpg,True
validation,validation_000994,out/images/validation/validation_000994.jpg,True
validation,validation_000995,out/images/validation/validation_000995.jpg,True
validation,validation_000996,out/images/validation/validation_000996.jpg,True
validation,validation_000997,out/images/validation/validation_000997.jpg,True
validation,validation_000998,out/images/validation/validation_000998.jpg,True
validation,validation_000999,out/images/validation/validation_000999.jpg,True
validation,validation_001000,out/images/validation/validation_001000.jpg,True
validation,validation_001001,out/images/validation/validation_001001.jpg,True
validation,validation_001002,out/images/validation/validation_001002.jpg,True
validation,validation_001003,out/images/validation/validation_001003.jpg,True
validation,validation_001004,out/images/validation/validation_001004.jpg,True
validation,validation_001005,out/images/validation/validation_001005.jpg,True
validation,validation_001006,out/images/validation/validation_001006.jpg,True
validation,validation_001007,out/images/validation/validation_001007.jpg,True
validation,validation_001008,out/images/validation/validation_001008.jpg,True
validation,validation_001009,out/images/validation/validation_001009.jpg,True
validation,validation_001010,out/images/validation/validation_001010.jpg,True
validation,validation_001011,out/images/validation/validation_001011.jpg,True
validation,validation_001012,out/images/validation/validation_001012.jpg,True
validation,validation_001013,out/images/validation/validation_001013.jpg,True
validation,validation_001014,out/images/validation/validation_001014.jpg,True
validation,validation_001015,out/images/validation/validation_001015.jpg,True
validation,validation_001016,out/images/validation/validation_001016.jpg,True
validation,validation_001017,out/images/validation/validation_001017.jpg,True
validation,validation_001018,out/images/validation/validation_001018.jpg,True
validation,validation_001019,out/images/validation/validation_001019.jpg,True
validation,validation_001020,out/images/validation/validation_001020.jpg,True
validation,validation_001021,out/images/validation/validation_001021.jpg,True
validation,validation_001022,out/images/validation/validation_001022.jpg,True
validation,validation_001023,out/images/validation/validation_001023.jpg,True
validation,validation_001024,out/images/validation/validation_001024.jpg,True
validation,validation_001025,out/images/validation/validation_001025.jpg,True
validation,validation_001026,out/images/validation/validation_001026.jpg,True
validation,validation_001027,out/images/validation/validation_001027.jpg,True
validation,validation_001028,out/images/validation/validation_001028.jpg,True
validation,validation_001029,out/images/validation/validation_001029.jpg,True
validation,validation_001030,out/images/validation/validation_001030.jpg,True
validation,validation_001031,out/images/validation/validation_001031.jpg,True
validation,validation_001032,out/images/validation/validation_001032.jpg,True
validation,validation_001033,out/images/validation/validation_001033.jpg,True
validation,validation_001034,out/images/validation/validation_001034.jpg,True
validation,validation_001035,out/images/validation/validation_001035.jpg,True
validation,validation_001036,out/images/validation/validation_001036.jpg,True
validation,validation_001037,out/images/validation/validation_001037.jpg,True
validation,validation_001038,out/images/validation/validation_001038.jpg,True
validation,validation_001039,out/images/validation/validation_001039.jpg,True
validation,validation_001040,out/images/validation/validation_001040.jpg,True
validation,validation_001041,out/images/validation/validation_001041.jpg,True
validation,validation_001042,out/images/validation/validation_001042.jpg,True
validation,validation_001043,out/images/validation/validation_001043.jpg,True
validation,validation_001044,out/images/validation/validation_001044.jpg,True
validation,validation_001045,out/images/validation/validation_001045.jpg,True
validation,validation_001046,out/images/validation/validation_001046.jpg,True
validation,validation_001047,out/images/validation/validation_001047.jpg,True
validation,validation_001048,out/images/validation/validation_001048.jpg,True
validation,validation_001049,out/images/validation/validation_001049.jpg,True
validation,validation_001050,out/images/validation/validation_001050.jpg,True
validation,validation_001051,out/images/validation/validation_001051.jpg,True
validation,validation_001052,out/images/validation/validation_001052.jpg,True
validation,validation_001053,out/images/validation/validation_001053.jpg,True
validation,validation_001054,out/images/validation/validation_001054.jpg,True
validation,validation_001055,out/images/validation/validation_001055.jpg,True
validation,validation_001056,out/images/validation/validation_001056.jpg,True
validation,validation_001057,out/images/validation/validation_001057.jpg,True
validation,validation_001058,out/images/validation/validation_001058.jpg,True
validation,validation_001059,out/images/validation/validation_001059.jpg,True
validation,validation_001060,out/images/validation/validation_001060.jpg,True
validation,validation_001061,out/images/validation/validation_001061.jpg,True
validation,validation_001062,out/images/validation/validation_001062.jpg,True
validation,validation_001063,out/images/validation/validation_001063.jpg,True
validation,validation_001064,out/images/validation/validation_001064.jpg,True
validation,validation_001065,out/images/validation/validation_001065.jpg,True
validation,validation_001066,out/images/validation/validation_001066.jpg,True
validation,validation_001067,out/images/validation/validation_001067.jpg,True
validation,validation_001068,out/images/validation/validation_001068.jpg,True
test,test_000000,out/images/test/test_000000.jpg,True
test,test_000001,out/images/test/test_000001.jpg,True
test,test_000002,out/images/test/test_000002.jpg,True
test,test_000003,out/images/test/test_000003.jpg,True
test,test_000004,out/images/test/test_000004.jpg,True
test,test_000005,out/images/test/test_000005.jpg,True
test,test_000006,out/images/test/test_000006.jpg,True
test,test_000007,out/images/test/test_000007.jpg,True
test,test_000008,out/images/test/test_000008.jpg,True
test,test_000009,out/images/test/test_000009.jpg,True
test,test_000010,out/images/test/test_000010.jpg,True
test,test_000011,out/images/test/test_000011.jpg,True
test,test_000012,out/images/test/test_000012.jpg,True
test,test_000013,out/images/test/test_000013.jpg,True
test,test_000014,out/images/test/test_000014.jpg,True
test,test_000015,out/images/test/test_000015.jpg,True
test,test_000016,out/images/test/test_000016.jpg,True
test,test_000017,out/images/test/test_000017.jpg,True
test,test_000018,out/images/test/test_000018.jpg,True
test,test_000019,out/images/test/test_000019.jpg,True
test,test_000020,out/images/test/test_000020.jpg,True
test,test_000021,out/images/test/test_000021.jpg,True
test,test_000022,out/images/test/test_000022.jpg,True
test,test_000023,out/images/test/test_000023.jpg,True
test,test_000024,out/images/test/test_000024.jpg,True
test,test_000025,out/images/test/test_000025.jpg,True
test,test_000026,out/images/test/test_000026.jpg,True
test,test_000027,out/images/test/test_000027.jpg,True
test,test_000028,out/images/test/test_000028.jpg,True
test,test_000029,out/images/test/test_000029.jpg,True
test,test_000030,out/images/test/test_000030.jpg,True
test,test_000031,out/images/test/test_000031.jpg,True
test,test_000032,out/images/test/test_000032.jpg,True
test,test_000033,out/images/test/test_000033.jpg,True
test,test_000034,out/images/test/test_000034.jpg,True
test,test_000035,out/images/test/test_000035.jpg,True
test,test_000036,out/images/test/test_000036.jpg,True
test,test_000037,out/images/test/test_000037.jpg,True
test,test_000038,out/images/test/test_000038.jpg,True
test,test_000039,out/images/test/test_000039.jpg,True
test,test_000040,out/images/test/test_000040.jpg,True
test,test_000041,out/images/test/test_000041.jpg,True
test,test_000042,out/images/test/test_000042.jpg,True
test,test_000043,out/images/test/test_000043.jpg,True
test,test_000044,out/images/test/test_000044.jpg,True
test,test_000045,out/images/test/test_000045.jpg,True
test,test_000046,out/images/test/test_000046.jpg,True
test,test_000047,out/images/test/test_000047.jpg,True
test,test_000048,out/images/test/test_000048.jpg,True
test,test_000049,out/images/test/test_000049.jpg,True
test,test_000050,out/images/test/test_000050.jpg,True
test,test_000051,out/images/test/test_000051.jpg,True
test,test_000052,out/images/test/test_000052.jpg,True
test,test_000053,out/images/test/test_000053.jpg,True
test,test_000054,out/images/test/test_000054.jpg,True
test,test_000055,out/images/test/test_000055.jpg,True
test,test_000056,out/images/test/test_000056.jpg,True
test,test_000057,out/images/test/test_000057.jpg,True
test,test_000058,out/images/test/test_000058.jpg,True
test,test_000059,out/images/test/test_000059.jpg,True
test,test_000060,out/images/test/test_000060.jpg,True
test,test_000061,out/images/test/test_000061.jpg,True
test,test_000062,out/images/test/test_000062.jpg,True
test,test_000063,out/images/test/test_000063.jpg,True
test,test_000064,out/images/test/test_000064.jpg,True
test,test_000065,out/images/test/test_000065.jpg,True
test,test_000066,out/images/test/test_000066.jpg,True
test,test_000067,out/images/test/test_000067.jpg,True
test,test_000068,out/images/test/test_000068.jpg,True
test,test_000069,out/images/test/test_000069.jpg,True
test,test_000070,out/images/test/test_000070.jpg,True
test,test_000071,out/images/test/test_000071.jpg,True
test,test_000072,out/images/test/test_000072.jpg,True
test,test_000073,out/images/test/test_000073.jpg,True
test,test_000074,out/images/test/test_000074.jpg,True
test,test_000075,out/images/test/test_000075.jpg,True
test,test_000076,out/images/test/test_000076.jpg,True
test,test_000077,out/images/test/test_000077.jpg,True
test,test_000078,out/images/test/test_000078.jpg,True
test,test_000079,out/images/test/test_000079.jpg,True
test,test_000080,out/images/test/test_000080.jpg,True
test,test_000081,out/images/test/test_000081.jpg,True
test,test_000082,out/images/test/test_000082.jpg,True
test,test_000083,out/images/test/test_000083.jpg,True
test,test_000084,out/images/test/test_000084.jpg,True
test,test_000085,out/images/test/test_000085.jpg,True
test,test_000086,out/images/test/test_000086.jpg,True
test,test_000087,out/images/test/test_000087.jpg,True
test,test_000088,out/images/test/test_000088.jpg,True
test,test_000089,out/images/test/test_000089.jpg,True
test,test_000090,out/images/test/test_000090.jpg,True
test,test_000091,out/images/test/test_000091.jpg,True
test,test_000092,out/images/test/test_000092.jpg,True
test,test_000093,out/images/test/test_000093.jpg,True
test,test_000094,out/images/test/test_000094.jpg,True
test,test_000095,out/images/test/test_000095.jpg,True
test,test_000096,out/images/test/test_000096.jpg,True
test,test_000097,out/images/test/test_000097.jpg,True
test,test_000098,out/images/test/test_000098.jpg,True
test,test_000099,out/images/test/test_000099.jpg,True
test,test_000100,out/images/test/test_000100.jpg,True
test,test_000101,out/images/test/test_000101.jpg,True
test,test_000102,out/images/test/test_000102.jpg,True
test,test_000103,out/images/test/test_000103.jpg,True
test,test_000104,out/images/test/test_000104.jpg,True
test,test_000105,out/images/test/test_000105.jpg,True
test,test_000106,out/images/test/test_000106.jpg,True
test,test_000107,out/images/test/test_000107.jpg,True
test,test_000108,out/images/test/test_000108.jpg,True
test,test_000109,out/images/test/test_000109.jpg,True
test,test_000110,out/images/test/test_000110.jpg,True
test,test_000111,out/images/test/test_000111.jpg,True
test,test_000112,out/images/test/test_000112.jpg,True
test,test_000113,out/images/test/test_000113.jpg,True
test,test_000114,out/images/test/test_000114.jpg,True
test,test_000115,out/images/test/test_000115.jpg,True
test,test_000116,out/images/test/test_000116.jpg,True
test,test_000117,out/images/test/test_000117.jpg,True
test,test_000118,out/images/test/test_000118.jpg,True
test,test_000119,out/images/test/test_000119.jpg,True
test,test_000120,out/images/test/test_000120.jpg,True
test,test_000121,out/images/test/test_000121.jpg,True
test,test_000122,out/images/test/test_000122.jpg,True
test,test_000123,out/images/test/test_000123.jpg,True
test,test_000124,out/images/test/test_000124.jpg,True
test,test_000125,out/images/test/test_000125.jpg,True
test,test_000126,out/images/test/test_000126.jpg,True
test,test_000127,out/images/test/test_000127.jpg,True
test,test_000128,out/images/test/test_000128.jpg,True
test,test_000129,out/images/test/test_000129.jpg,True
test,test_000130,out/images/test/test_000130.jpg,True
test,test_000131,out/images/test/test_000131.jpg,True
test,test_000132,out/images/test/test_000132.jpg,True
test,test_000133,out/images/test/test_000133.jpg,True
test,test_000134,out/images/test/test_000134.jpg,True
test,test_000135,out/images/test/test_000135.jpg,True
test,test_000136,out/images/test/test_000136.jpg,True
test,test_000137,out/images/test/test_000137.jpg,True
test,test_000138,out/images/test/test_000138.jpg,True
test,test_000139,out/images/test/test_000139.jpg,True
test,test_000140,out/images/test/test_000140.jpg,True
test,test_000141,out/images/test/test_000141.jpg,True
test,test_000142,out/images/test/test_000142.jpg,True
test,test_000143,out/images/test/test_000143.jpg,True
test,test_000144,out/images/test/test_000144.jpg,True
test,test_000145,out/images/test/test_000145.jpg,True
test,test_000146,out/images/test/test_000146.jpg,True
test,test_000147,out/images/test/test_000147.jpg,True
test,test_000148,out/images/test/test_000148.jpg,True
test,test_000149,out/images/test/test_000149.jpg,True
test,test_000150,out/images/test/test_000150.jpg,True
test,test_000151,out/images/test/test_000151.jpg,True
test,test_000152,out/images/test/test_000152.jpg,True
test,test_000153,out/images/test/test_000153.jpg,True
test,test_000154,out/images/test/test_000154.jpg,True
test,test_000155,out/images/test/test_000155.jpg,True
test,test_000156,out/images/test/test_000156.jpg,True
test,test_000157,out/images/test/test_000157.jpg,True
test,test_000158,out/images/test/test_000158.jpg,True
test,test_000159,out/images/test/test_000159.jpg,True
test,test_000160,out/images/test/test_000160.jpg,True
test,test_000161,out/images/test/test_000161.jpg,True
test,test_000162,out/images/test/test_000162.jpg,True
test,test_000163,out/images/test/test_000163.jpg,True
test,test_000164,out/images/test/test_000164.jpg,True
test,test_000165,out/images/test/test_000165.jpg,True
test,test_000166,out/images/test/test_000166.jpg,True
test,test_000167,out/images/test/test_000167.jpg,True
test,test_000168,out/images/test/test_000168.jpg,True
test,test_000169,out/images/test/test_000169.jpg,True
test,test_000170,out/images/test/test_000170.jpg,True
test,test_000171,out/images/test/test_000171.jpg,True
test,test_000172,out/images/test/test_000172.jpg,True
test,test_000173,out/images/test/test_000173.jpg,True
test,test_000174,out/images/test/test_000174.jpg,True
test,test_000175,out/images/test/test_000175.jpg,True
test,test_000176,out/images/test/test_000176.jpg,True
test,test_000177,out/images/test/test_000177.jpg,True
test,test_000178,out/images/test/test_000178.jpg,True
test,test_000179,out/images/test/test_000179.jpg,True
test,test_000180,out/images/test/test_000180.jpg,True
test,test_000181,out/images/test/test_000181.jpg,True
test,test_000182,out/images/test/test_000182.jpg,True
test,test_000183,out/images/test/test_000183.jpg,True
test,test_000184,out/images/test/test_000184.jpg,True
test,test_000185,out/images/test/test_000185.jpg,True
test,test_000186,out/images/test/test_000186.jpg,True
test,test_000187,out/images/test/test_000187.jpg,True
test,test_000188,out/images/test/test_000188.jpg,True
test,test_000189,out/images/test/test_000189.jpg,True
test,test_000190,out/images/test/test_000190.jpg,True
test,test_000191,out/images/test/test_000191.jpg,True
test,test_000192,out/images/test/test_000192.jpg,True
test,test_000193,out/images/test/test_000193.jpg,True
test,test_000194,out/images/test/test_000194.jpg,True
test,test_000195,out/images/test/test_000195.jpg,True
test,test_000196,out/images/test/test_000196.jpg,True
test,test_000197,out/images/test/test_000197.jpg,True
test,test_000198,out/images/test/test_000198.jpg,True
test,test_000199,out/images/test/test_000199.jpg,True
test,test_000200,out/images/test/test_000200.jpg,True
test,test_000201,out/images/test/test_000201.jpg,True
test,test_000202,out/images/test/test_000202.jpg,True
test,test_000203,out/images/test/test_000203.jpg,True
test,test_000204,out/images/test/test_000204.jpg,True
test,test_000205,out/images/test/test_000205.jpg,True
test,test_000206,out/images/test/test_000206.jpg,True
test,test_000207,out/images/test/test_000207.jpg,True
test,test_000208,out/images/test/test_000208.jpg,True
test,test_000209,out/images/test/test_000209.jpg,True
test,test_000210,out/images/test/test_000210.jpg,True
test,test_000211,out/images/test/test_000211.jpg,True
test,test_000212,out/images/test/test_000212.jpg,True
test,test_000213,out/images/test/test_000213.jpg,True
test,test_000214,out/images/test/test_000214.jpg,True
test,test_000215,out/images/test/test_000215.jpg,True
test,test_000216,out/images/test/test_000216.jpg,True
test,test_000217,out/images/test/test_000217.jpg,True
test,test_000218,out/images/test/test_000218.jpg,True
test,test_000219,out/images/test/test_000219.jpg,True
test,test_000220,out/images/test/test_000220.jpg,True
test,test_000221,out/images/test/test_000221.jpg,True
test,test_000222,out/images/test/test_000222.jpg,True
test,test_000223,out/images/test/test_000223.jpg,True
test,test_000224,out/images/test/test_000224.jpg,True
test,test_000225,out/images/test/test_000225.jpg,True
test,test_000226,out/images/test/test_000226.jpg,True
test,test_000227,out/images/test/test_000227.jpg,True
test,test_000228,out/images/test/test_000228.jpg,True
test,test_000229,out/images/test/test_000229.jpg,True
test,test_000230,out/images/test/test_000230.jpg,True
test,test_000231,out/images/test/test_000231.jpg,True
test,test_000232,out/images/test/test_000232.jpg,True
test,test_000233,out/images/test/test_000233.jpg,True
test,test_000234,out/images/test/test_000234.jpg,True
test,test_000235,out/images/test/test_000235.jpg,True
test,test_000236,out/images/test/test_000236.jpg,True
test,test_000237,out/images/test/test_000237.jpg,True
test,test_000238,out/images/test/test_000238.jpg,True
test,test_000239,out/images/test/test_000239.jpg,True
test,test_000240,out/images/test/test_000240.jpg,True
test,test_000241,out/images/test/test_000241.jpg,True
test,test_000242,out/images/test/test_000242.jpg,True
test,test_000243,out/images/test/test_000243.jpg,True
test,test_000244,out/images/test/test_000244.jpg,True
test,test_000245,out/images/test/test_000245.jpg,True
test,test_000246,out/images/test/test_000246.jpg,True
test,test_000247,out/images/test/test_000247.jpg,True
test,test_000248,out/images/test/test_000248.jpg,True
test,test_000249,out/images/test/test_000249.jpg,True
test,test_000250,out/images/test/test_000250.jpg,True
test,test_000251,out/images/test/test_000251.jpg,True
test,test_000252,out/images/test/test_000252.jpg,True
test,test_000253,out/images/test/test_000253.jpg,True
test,test_000254,out/images/test/test_000254.jpg,True
test,test_000255,out/images/test/test_000255.jpg,True
test,test_000256,out/images/test/test_000256.jpg,True
test,test_000257,out/images/test/test_000257.jpg,True
test,test_000258,out/images/test/test_000258.jpg,True
test,test_000259,out/images/test/test_000259.jpg,True
test,test_000260,out/images/test/test_000260.jpg,True
test,test_000261,out/images/test/test_000261.jpg,True
test,test_000262,out/images/test/test_000262.jpg,True
test,test_000263,out/images/test/test_000263.jpg,True
test,test_000264,out/images/test/test_000264.jpg,True
test,test_000265,out/images/test/test_000265.jpg,True
test,test_000266,out/images/test/test_000266.jpg,True
test,test_000267,out/images/test/test_000267.jpg,True
test,test_000268,out/images/test/test_000268.jpg,True
test,test_000269,out/images/test/test_000269.jpg,True
test,test_000270,out/images/test/test_000270.jpg,True
test,test_000271,out/images/test/test_000271.jpg,True
test,test_000272,out/images/test/test_000272.jpg,True
test,test_000273,out/images/test/test_000273.jpg,True
test,test_000274,out/images/test/test_000274.jpg,True
test,test_000275,out/images/test/test_000275.jpg,True
test,test_000276,out/images/test/test_000276.jpg,True
test,test_000277,out/images/test/test_000277.jpg,True
test,test_000278,out/images/test/test_000278.jpg,True
test,test_000279,out/images/test/test_000279.jpg,True
test,test_000280,out/images/test/test_000280.jpg,True
test,test_000281,out/images/test/test_000281.jpg,True
test,test_000282,out/images/test/test_000282.jpg,True
test,test_000283,out/images/test/test_000283.jpg,True
test,test_000284,out/images/test/test_000284.jpg,True
test,test_000285,out/images/test/test_000285.jpg,True
test,test_000286,out/images/test/test_000286.jpg,True
test,test_000287,out/images/test/test_000287.jpg,True
test,test_000288,out/images/test/test_000288.jpg,True
test,test_000289,out/images/test/test_000289.jpg,True
test,test_000290,out/images/test/test_000290.jpg,True
test,test_000291,out/images/test/test_000291.jpg,True
test,test_000292,out/images/test/test_000292.jpg,True
test,test_000293,out/images/test/test_000293.jpg,True
test,test_000294,out/images/test/test_000294.jpg,True
test,test_000295,out/images/test/test_000295.jpg,True
test,test_000296,out/images/test/test_000296.jpg,True
test,test_000297,out/images/test/test_000297.jpg,True
test,test_000298,out/images/test/test_000298.jpg,True
test,test_000299,out/images/test/test_000299.jpg,True
test,test_000300,out/images/test/test_000300.jpg,True
test,test_000301,out/images/test/test_000301.jpg,True
test,test_000302,out/images/test/test_000302.jpg,True
test,test_000303,out/images/test/test_000303.jpg,True
test,test_000304,out/images/test/test_000304.jpg,True
test,test_000305,out/images/test/test_000305.jpg,True
test,test_000306,out/images/test/test_000306.jpg,True
test,test_000307,out/images/test/test_000307.jpg,True
test,test_000308,out/images/test/test_000308.jpg,True
test,test_000309,out/images/test/test_000309.jpg,True
test,test_000310,out/images/test/test_000310.jpg,True
test,test_000311,out/images/test/test_000311.jpg,True
test,test_000312,out/images/test/test_000312.jpg,True
test,test_000313,out/images/test/test_000313.jpg,True
test,test_000314,out/images/test/test_000314.jpg,True
test,test_000315,out/images/test/test_000315.jpg,True
test,test_000316,out/images/test/test_000316.jpg,True
test,test_000317,out/images/test/test_000317.jpg,True
test,test_000318,out/images/test/test_000318.jpg,True
test,test_000319,out/images/test/test_000319.jpg,True
test,test_000320,out/images/test/test_000320.jpg,True
test,test_000321,out/images/test/test_000321.jpg,True
test,test_000322,out/images/test/test_000322.jpg,True
test,test_000323,out/images/test/test_000323.jpg,True
test,test_000324,out/images/test/test_000324.jpg,True
test,test_000325,out/images/test/test_000325.jpg,True
test,test_000326,out/images/test/test_000326.jpg,True
test,test_000327,out/images/test/test_000327.jpg,True
test,test_000328,out/images/test/test_000328.jpg,True
test,test_000329,out/images/test/test_000329.jpg,True
test,test_000330,out/images/test/test_000330.jpg,True
test,test_000331,out/images/test/test_000331.jpg,True
test,test_000332,out/images/test/test_000332.jpg,True
test,test_000333,out/images/test/test_000333.jpg,True
test,test_000334,out/images/test/test_000334.jpg,True
test,test_000335,out/images/test/test_000335.jpg,True
test,test_000336,out/images/test/test_000336.jpg,True
test,test_000337,out/images/test/test_000337.jpg,True
test,test_000338,out/images/test/test_000338.jpg,True
test,test_000339,out/images/test/test_000339.jpg,True
test,test_000340,out/images/test/test_000340.jpg,True
test,test_000341,out/images/test/test_000341.jpg,True
test,test_000342,out/images/test/test_000342.jpg,True
test,test_000343,out/images/test/test_000343.jpg,True
test,test_000344,out/images/test/test_000344.jpg,True
test,test_000345,out/images/test/test_000345.jpg,True
test,test_000346,out/images/test/test_000346.jpg,True
test,test_000347,out/images/test/test_000347.jpg,True
test,test_000348,out/images/test/test_000348.jpg,True
test,test_000349,out/images/test/test_000349.jpg,True
test,test_000350,out/images/test/test_000350.jpg,True
test,test_000351,out/images/test/test_000351.jpg,True
test,test_000352,out/images/test/test_000352.jpg,True
test,test_000353,out/images/test/test_000353.jpg,True
test,test_000354,out/images/test/test_000354.jpg,True
test,test_000355,out/images/test/test_000355.jpg,True
test,test_000356,out/images/test/test_000356.jpg,True
test,test_000357,out/images/test/test_000357.jpg,True
test,test_000358,out/images/test/test_000358.jpg,True
test,test_000359,out/images/test/test_000359.jpg,True
test,test_000360,out/images/test/test_000360.jpg,True
test,test_000361,out/images/test/test_000361.jpg,True
test,test_000362,out/images/test/test_000362.jpg,True
test,test_000363,out/images/test/test_000363.jpg,True
test,test_000364,out/images/test/test_000364.jpg,True
test,test_000365,out/images/test/test_000365.jpg,True
test,test_000366,out/images/test/test_000366.jpg,True
test,test_000367,out/images/test/test_000367.jpg,True
test,test_000368,out/images/test/test_000368.jpg,True
test,test_000369,out/images/test/test_000369.jpg,True
test,test_000370,out/images/test/test_000370.jpg,True
test,test_000371,out/images/test/test_000371.jpg,True
test,test_000372,out/images/test/test_000372.jpg,True
test,test_000373,out/images/test/test_000373.jpg,True
test,test_000374,out/images/test/test_000374.jpg,True
test,test_000375,out/images/test/test_000375.jpg,True
test,test_000376,out/images/test/test_000376.jpg,True
test,test_000377,out/images/test/test_000377.jpg,True
test,test_000378,out/images/test/test_000378.jpg,True
test,test_000379,out/images/test/test_000379.jpg,True
test,test_000380,out/images/test/test_000380.jpg,True
test,test_000381,out/images/test/test_000381.jpg,True
test,test_000382,out/images/test/test_000382.jpg,True
test,test_000383,out/images/test/test_000383.jpg,True
test,test_000384,out/images/test/test_000384.jpg,True
test,test_000385,out/images/test/test_000385.jpg,True
test,test_000386,out/images/test/test_000386.jpg,True
test,test_000387,out/images/test/test_000387.jpg,True
test,test_000388,out/images/test/test_000388.jpg,True
test,test_000389,out/images/test/test_000389.jpg,True
test,test_000390,out/images/test/test_000390.jpg,True
test,test_000391,out/images/test/test_000391.jpg,True
test,test_000392,out/images/test/test_000392.jpg,True
test,test_000393,out/images/test/test_000393.jpg,True
test,test_000394,out/images/test/test_000394.jpg,True
test,test_000395,out/images/test/test_000395.jpg,True
test,test_000396,out/images/test/test_000396.jpg,True
test,test_000397,out/images/test/test_000397.jpg,True
test,test_000398,out/images/test/test_000398.jpg,True
test,test_000399,out/images/test/test_000399.jpg,True
test,test_000400,out/images/test/test_000400.jpg,True
test,test_000401,out/images/test/test_000401.jpg,True
test,test_000402,out/images/test/test_000402.jpg,True
test,test_000403,out/images/test/test_000403.jpg,True
test,test_000404,out/images/test/test_000404.jpg,True
test,test_000405,out/images/test/test_000405.jpg,True
test,test_000406,out/images/test/test_000406.jpg,True
test,test_000407,out/images/test/test_000407.jpg,True
test,test_000408,out/images/test/test_000408.jpg,True
test,test_000409,out/images/test/test_000409.jpg,True
test,test_000410,out/images/test/test_000410.jpg,True
test,test_000411,out/images/test/test_000411.jpg,True
test,test_000412,out/images/test/test_000412.jpg,True
test,test_000413,out/images/test/test_000413.jpg,True
test,test_000414,out/images/test/test_000414.jpg,True
test,test_000415,out/images/test/test_000415.jpg,True
test,test_000416,out/images/test/test_000416.jpg,True
test,test_000417,out/images/test/test_000417.jpg,True
test,test_000418,out/images/test/test_000418.jpg,True
test,test_000419,out/images/test/test_000419.jpg,True
test,test_000420,out/images/test/test_000420.jpg,True
test,test_000421,out/images/test/test_000421.jpg,True
test,test_000422,out/images/test/test_000422.jpg,True
test,test_000423,out/images/test/test_000423.jpg,True
test,test_000424,out/images/test/test_000424.jpg,True
test,test_000425,out/images/test/test_000425.jpg,True
test,test_000426,out/images/test/test_000426.jpg,True
test,test_000427,out/images/test/test_000427.jpg,True
test,test_000428,out/images/test/test_000428.jpg,True
test,test_000429,out/images/test/test_000429.jpg,True
test,test_000430,out/images/test/test_000430.jpg,True
test,test_000431,out/images/test/test_000431.jpg,True
test,test_000432,out/images/test/test_000432.jpg,True
test,test_000433,out/images/test/test_000433.jpg,True
test,test_000434,out/images/test/test_000434.jpg,True
test,test_000435,out/images/test/test_000435.jpg,True
test,test_000436,out/images/test/test_000436.jpg,True
test,test_000437,out/images/test/test_000437.jpg,True
test,test_000438,out/images/test/test_000438.jpg,True
test,test_000439,out/images/test/test_000439.jpg,True
test,test_000440,out/images/test/test_000440.jpg,True
test,test_000441,out/images/test/test_000441.jpg,True
test,test_000442,out/images/test/test_000442.jpg,True
test,test_000443,out/images/test/test_000443.jpg,True
test,test_000444,out/images/test/test_000444.jpg,True
test,test_000445,out/images/test/test_000445.jpg,True
test,test_000446,out/images/test/test_000446.jpg,True
test,test_000447,out/images/test/test_000447.jpg,True
test,test_000448,out/images/test/test_000448.jpg,True
test,test_000449,out/images/test/test_000449.jpg,True
test,test_000450,out/images/test/test_000450.jpg,True
test,test_000451,out/images/test/test_000451.jpg,True
test,test_000452,out/images/test/test_000452.jpg,True
test,test_000453,out/images/test/test_000453.jpg,True
test,test_000454,out/images/test/test_000454.jpg,True
test,test_000455,out/images/test/test_000455.jpg,True
test,test_000456,out/images/test/test_000456.jpg,True
test,test_000457,out/images/test/test_000457.jpg,True
test,test_000458,out/images/test/test_000458.jpg,True
test,test_000459,out/images/test/test_000459.jpg,True
test,test_000460,out/images/test/test_000460.jpg,True
test,test_000461,out/images/test/test_000461.jpg,True
test,test_000462,out/images/test/test_000462.jpg,True
test,test_000463,out/images/test/test_000463.jpg,True
test,test_000464,out/images/test/test_000464.jpg,True
test,test_000465,out/images/test/test_000465.jpg,True
test,test_000466,out/images/test/test_000466.jpg,True
test,test_000467,out/images/test/test_000467.jpg,True
test,test_000468,out/images/test/test_000468.jpg,True
test,test_000469,out/images/test/test_000469.jpg,True
test,test_000470,out/images/test/test_000470.jpg,True
test,test_000471,out/images/test/test_000471.jpg,True
test,test_000472,out/images/test/test_000472.jpg,True
test,test_000473,out/images/test/test_000473.jpg,True
test,test_000474,out/images/test/test_000474.jpg,True
test,test_000475,out/images/test/test_000475.jpg,True
test,test_000476,out/images/test/test_000476.jpg,True
test,test_000477,out/images/test/test_000477.jpg,True
test,test_000478,out/images/test/test_000478.jpg,True
test,test_000479,out/images/test/test_000479.jpg,True
test,test_000480,out/images/test/test_000480.jpg,True
test,test_000481,out/images/test/test_000481.jpg,True
test,test_000482,out/images/test/test_000482.jpg,True
test,test_000483,out/images/test/test_000483.jpg,True
test,test_000484,out/images/test/test_000484.jpg,True
test,test_000485,out/images/test/test_000485.jpg,True
test,test_000486,out/images/test/test_000486.jpg,True
test,test_000487,out/images/test/test_000487.jpg,True
test,test_000488,out/images/test/test_000488.jpg,True
test,test_000489,out/images/test/test_000489.jpg,True
test,test_000490,out/images/test/test_000490.jpg,True
test,test_000491,out/images/test/test_000491.jpg,True
test,test_000492,out/images/test/test_000492.jpg,True
test,test_000493,out/images/test/test_000493.jpg,True
test,test_000494,out/images/test/test_000494.jpg,True
test,test_000495,out/images/test/test_000495.jpg,True
test,test_000496,out/images/test/test_000496.jpg,True
test,test_000497,out/images/test/test_000497.jpg,True
test,test_000498,out/images/test/test_000498.jpg,True
test,test_000499,out/images/test/test_000499.jpg,True
test,test_000500,out/images/test/test_000500.jpg,True
test,test_000501,out/images/test/test_000501.jpg,True
test,test_000502,out/images/test/test_000502.jpg,True
test,test_000503,out/images/test/test_000503.jpg,True
test,test_000504,out/images/test/test_000504.jpg,True
test,test_000505,out/images/test/test_000505.jpg,True
test,test_000506,out/images/test/test_000506.jpg,True
test,test_000507,out/images/test/test_000507.jpg,True
test,test_000508,out/images/test/test_000508.jpg,True
test,test_000509,out/images/test/test_000509.jpg,True
test,test_000510,out/images/test/test_000510.jpg,True
test,test_000511,out/images/test/test_000511.jpg,True
test,test_000512,out/images/test/test_000512.jpg,True
test,test_000513,out/images/test/test_000513.jpg,True
test,test_000514,out/images/test/test_000514.jpg,True
test,test_000515,out/images/test/test_000515.jpg,True
test,test_000516,out/images/test/test_000516.jpg,True
test,test_000517,out/images/test/test_000517.jpg,True
test,test_000518,out/images/test/test_000518.jpg,True
test,test_000519,out/images/test/test_000519.jpg,True
test,test_000520,out/images/test/test_000520.jpg,True
test,test_000521,out/images/test/test_000521.jpg,True
test,test_000522,out/images/test/test_000522.jpg,True
test,test_000523,out/images/test/test_000523.jpg,True
test,test_000524,out/images/test/test_000524.jpg,True
test,test_000525,out/images/test/test_000525.jpg,True
test,test_000526,out/images/test/test_000526.jpg,True
test,test_000527,out/images/test/test_000527.jpg,True
test,test_000528,out/images/test/test_000528.jpg,True
test,test_000529,out/images/test/test_000529.jpg,True
test,test_000530,out/images/test/test_000530.jpg,True
test,test_000531,out/images/test/test_000531.jpg,True
test,test_000532,out/images/test/test_000532.jpg,True
test,test_000533,out/images/test/test_000533.jpg,True
test,test_000534,out/images/test/test_000534.jpg,True
test,test_000535,out/images/test/test_000535.jpg,True
test,test_000536,out/images/test/test_000536.jpg,True
test,test_000537,out/images/test/test_000537.jpg,True
test,test_000538,out/images/test/test_000538.jpg,True
test,test_000539,out/images/test/test_000539.jpg,True
test,test_000540,out/images/test/test_000540.jpg,True
test,test_000541,out/images/test/test_000541.jpg,True
test,test_000542,out/images/test/test_000542.jpg,True
test,test_000543,out/images/test/test_000543.jpg,True
test,test_000544,out/images/test/test_000544.jpg,True
test,test_000545,out/images/test/test_000545.jpg,True
test,test_000546,out/images/test/test_000546.jpg,True
test,test_000547,out/images/test/test_000547.jpg,True
test,test_000548,out/images/test/test_000548.jpg,True
test,test_000549,out/images/test/test_000549.jpg,True
test,test_000550,out/images/test/test_000550.jpg,True
test,test_000551,out/images/test/test_000551.jpg,True
test,test_000552,out/images/test/test_000552.jpg,True
test,test_000553,out/images/test/test_000553.jpg,True
test,test_000554,out/images/test/test_000554.jpg,True
test,test_000555,out/images/test/test_000555.jpg,True
test,test_000556,out/images/test/test_000556.jpg,True
test,test_000557,out/images/test/test_000557.jpg,True
test,test_000558,out/images/test/test_000558.jpg,True
test,test_000559,out/images/test/test_000559.jpg,True
test,test_000560,out/images/test/test_000560.jpg,True
test,test_000561,out/images/test/test_000561.jpg,True
test,test_000562,out/images/test/test_000562.jpg,True
test,test_000563,out/images/test/test_000563.jpg,True
test,test_000564,out/images/test/test_000564.jpg,True
test,test_000565,out/images/test/test_000565.jpg,True
test,test_000566,out/images/test/test_000566.jpg,True
test,test_000567,out/images/test/test_000567.jpg,True
test,test_000568,out/images/test/test_000568.jpg,True
test,test_000569,out/images/test/test_000569.jpg,True
test,test_000570,out/images/test/test_000570.jpg,True
test,test_000571,out/images/test/test_000571.jpg,True
test,test_000572,out/images/test/test_000572.jpg,True
test,test_000573,out/images/test/test_000573.jpg,True
test,test_000574,out/images/test/test_000574.jpg,True
test,test_000575,out/images/test/test_000575.jpg,True
test,test_000576,out/images/test/test_000576.jpg,True
test,test_000577,out/images/test/test_000577.jpg,True
test,test_000578,out/images/test/test_000578.jpg,True
test,test_000579,out/images/test/test_000579.jpg,True
test,test_000580,out/images/test/test_000580.jpg,True
test,test_000581,out/images/test/test_000581.jpg,True
test,test_000582,out/images/test/test_000582.jpg,True
test,test_000583,out/images/test/test_000583.jpg,True
test,test_000584,out/images/test/test_000584.jpg,True
test,test_000585,out/images/test/test_000585.jpg,True
test,test_000586,out/images/test/test_000586.jpg,True
test,test_000587,out/images/test/test_000587.jpg,True
test,test_000588,out/images/test/test_000588.jpg,True
test,test_000589,out/images/test/test_000589.jpg,True
test,test_000590,out/images/test/test_000590.jpg,True
test,test_000591,out/images/test/test_000591.jpg,True
test,test_000592,out/images/test/test_000592.jpg,True
test,test_000593,out/images/test/test_000593.jpg,True
test,test_000594,out/images/test/test_000594.jpg,True
test,test_000595,out/images/test/test_000595.jpg,True
test,test_000596,out/images/test/test_000596.jpg,True
test,test_000597,out/images/test/test_000597.jpg,True
test,test_000598,out/images/test/test_000598.jpg,True
test,test_000599,out/images/test/test_000599.jpg,True
test,test_000600,out/images/test/test_000600.jpg,True
test,test_000601,out/images/test/test_000601.jpg,True
test,test_000602,out/images/test/test_000602.jpg,True
test,test_000603,out/images/test/test_000603.jpg,True
test,test_000604,out/images/test/test_000604.jpg,True
test,test_000605,out/images/test/test_000605.jpg,True
test,test_000606,out/images/test/test_000606.jpg,True
test,test_000607,out/images/test/test_000607.jpg,True
test,test_000608,out/images/test/test_000608.jpg,True
test,test_000609,out/images/test/test_000609.jpg,True
test,test_000610,out/images/test/test_000610.jpg,True
test,test_000611,out/images/test/test_000611.jpg,True
test,test_000612,out/images/test/test_000612.jpg,True
test,test_000613,out/images/test/test_000613.jpg,True
test,test_000614,out/images/test/test_000614.jpg,True
test,test_000615,out/images/test/test_000615.jpg,True
test,test_000616,out/images/test/test_000616.jpg,True
test,test_000617,out/images/test/test_000617.jpg,True
test,test_000618,out/images/test/test_000618.jpg,True
test,test_000619,out/images/test/test_000619.jpg,True
test,test_000620,out/images/test/test_000620.jpg,True
test,test_000621,out/images/test/test_000621.jpg,True
test,test_000622,out/images/test/test_000622.jpg,True
test,test_000623,out/images/test/test_000623.jpg,True
test,test_000624,out/images/test/test_000624.jpg,True
test,test_000625,out/images/test/test_000625.jpg,True
test,test_000626,out/images/test/test_000626.jpg,True
test,test_000627,out/images/test/test_000627.jpg,True
test,test_000628,out/images/test/test_000628.jpg,True
test,test_000629,out/images/test/test_000629.jpg,True
test,test_000630,out/images/test/test_000630.jpg,True
test,test_000631,out/images/test/test_000631.jpg,True
test,test_000632,out/images/test/test_000632.jpg,True
test,test_000633,out/images/test/test_000633.jpg,True
test,test_000634,out/images/test/test_000634.jpg,True
test,test_000635,out/images/test/test_000635.jpg,True
test,test_000636,out/images/test/test_000636.jpg,True
test,test_000637,out/images/test/test_000637.jpg,True
test,test_000638,out/images/test/test_000638.jpg,True
test,test_000639,out/images/test/test_000639.jpg,True
test,test_000640,out/images/test/test_000640.jpg,True
test,test_000641,out/images/test/test_000641.jpg,True
test,test_000642,out/images/test/test_000642.jpg,True
test,test_000643,out/images/test/test_000643.jpg,True
test,test_000644,out/images/test/test_000644.jpg,True
test,test_000645,out/images/test/test_000645.jpg,True
test,test_000646,out/images/test/test_000646.jpg,True
test,test_000647,out/images/test/test_000647.jpg,True
test,test_000648,out/images/test/test_000648.jpg,True
test,test_000649,out/images/test/test_000649.jpg,True
test,test_000650,out/images/test/test_000650.jpg,True
test,test_000651,out/images/test/test_000651.jpg,True
test,test_000652,out/images/test/test_000652.jpg,True
test,test_000653,out/images/test/test_000653.jpg,True
test,test_000654,out/images/test/test_000654.jpg,True
test,test_000655,out/images/test/test_000655.jpg,True
test,test_000656,out/images/test/test_000656.jpg,True
test,test_000657,out/images/test/test_000657.jpg,True
test,test_000658,out/images/test/test_000658.jpg,True
test,test_000659,out/images/test/test_000659.jpg,True
test,test_000660,out/images/test/test_000660.jpg,True
test,test_000661,out/images/test/test_000661.jpg,True
test,test_000662,out/images/test/test_000662.jpg,True
test,test_000663,out/images/test/test_000663.jpg,True
test,test_000664,out/images/test/test_000664.jpg,True
test,test_000665,out/images/test/test_000665.jpg,True
test,test_000666,out/images/test/test_000666.jpg,True
test,test_000667,out/images/test/test_000667.jpg,True
test,test_000668,out/images/test/test_000668.jpg,True
test,test_000669,out/images/test/test_000669.jpg,True
test,test_000670,out/images/test/test_000670.jpg,True
test,test_000671,out/images/test/test_000671.jpg,True
test,test_000672,out/images/test/test_000672.jpg,True
test,test_000673,out/images/test/test_000673.jpg,True
test,test_000674,out/images/test/test_000674.jpg,True
test,test_000675,out/images/test/test_000675.jpg,True
test,test_000676,out/images/test/test_000676.jpg,True
test,test_000677,out/images/test/test_000677.jpg,True
test,test_000678,out/images/test/test_000678.jpg,True
test,test_000679,out/images/test/test_000679.jpg,True
test,test_000680,out/images/test/test_000680.jpg,True
test,test_000681,out/images/test/test_000681.jpg,True
test,test_000682,out/images/test/test_000682.jpg,True
test,test_000683,out/images/test/test_000683.jpg,True
test,test_000684,out/images/test/test_000684.jpg,True
test,test_000685,out/images/test/test_000685.jpg,True
test,test_000686,out/images/test/test_000686.jpg,True
test,test_000687,out/images/test/test_000687.jpg,True
test,test_000688,out/images/test/test_000688.jpg,True
test,test_000689,out/images/test/test_000689.jpg,True
test,test_000690,out/images/test/test_000690.jpg,True
test,test_000691,out/images/test/test_000691.jpg,True
test,test_000692,out/images/test/test_000692.jpg,True
test,test_000693,out/images/test/test_000693.jpg,True
test,test_000694,out/images/test/test_000694.jpg,True
test,test_000695,out/images/test/test_000695.jpg,True
test,test_000696,out/images/test/test_000696.jpg,True
test,test_000697,out/images/test/test_000697.jpg,True
test,test_000698,out/images/test/test_000698.jpg,True
test,test_000699,out/images/test/test_000699.jpg,True
test,test_000700,out/images/test/test_000700.jpg,True
test,test_000701,out/images/test/test_000701.jpg,True
test,test_000702,out/images/test/test_000702.jpg,True
test,test_000703,out/images/test/test_000703.jpg,True
test,test_000704,out/images/test/test_000704.jpg,True
test,test_000705,out/images/test/test_000705.jpg,True
test,test_000706,out/images/test/test_000706.jpg,True
test,test_000707,out/images/test/test_000707.jpg,True
test,test_000708,out/images/test/test_000708.jpg,True
test,test_000709,out/images/test/test_000709.jpg,True
test,test_000710,out/images/test/test_000710.jpg,True
test,test_000711,out/images/test/test_000711.jpg,True
test,test_000712,out/images/test/test_000712.jpg,True
test,test_000713,out/images/test/test_000713.jpg,True
test,test_000714,out/images/test/test_000714.jpg,True
test,test_000715,out/images/test/test_000715.jpg,True
test,test_000716,out/images/test/test_000716.jpg,True
test,test_000717,out/images/test/test_000717.jpg,True
test,test_000718,out/images/test/test_000718.jpg,True
test,test_000719,out/images/test/test_000719.jpg,True
test,test_000720,out/images/test/test_000720.jpg,True
test,test_000721,out/images/test/test_000721.jpg,True
test,test_000722,out/images/test/test_000722.jpg,True
test,test_000723,out/images/test/test_000723.jpg,True
test,test_000724,out/images/test/test_000724.jpg,True
test,test_000725,out/images/test/test_000725.jpg,True
test,test_000726,out/images/test/test_000726.jpg,True
test,test_000727,out/images/test/test_000727.jpg,True
test,test_000728,out/images/test/test_000728.jpg,True
test,test_000729,out/images/test/test_000729.jpg,True
test,test_000730,out/images/test/test_000730.jpg,True
test,test_000731,out/images/test/test_000731.jpg,True
test,test_000732,out/images/test/test_000732.jpg,True
test,test_000733,out/images/test/test_000733.jpg,True
test,test_000734,out/images/test/test_000734.jpg,True
test,test_000735,out/images/test/test_000735.jpg,True
test,test_000736,out/images/test/test_000736.jpg,True
test,test_000737,out/images/test/test_000737.jpg,True
test,test_000738,out/images/test/test_000738.jpg,True
test,test_000739,out/images/test/test_000739.jpg,True
test,test_000740,out/images/test/test_000740.jpg,True
test,test_000741,out/images/test/test_000741.jpg,True
test,test_000742,out/images/test/test_000742.jpg,True
test,test_000743,out/images/test/test_000743.jpg,True
test,test_000744,out/images/test/test_000744.jpg,True
test,test_000745,out/images/test/test_000745.jpg,True
test,test_000746,out/images/test/test_000746.jpg,True
test,test_000747,out/images/test/test_000747.jpg,True
test,test_000748,out/images/test/test_000748.jpg,True
test,test_000749,out/images/test/test_000749.jpg,True
test,test_000750,out/images/test/test_000750.jpg,True
test,test_000751,out/images/test/test_000751.jpg,True
test,test_000752,out/images/test/test_000752.jpg,True
test,test_000753,out/images/test/test_000753.jpg,True
test,test_000754,out/images/test/test_000754.jpg,True
test,test_000755,out/images/test/test_000755.jpg,True
test,test_000756,out/images/test/test_000756.jpg,True
test,test_000757,out/images/test/test_000757.jpg,True
test,test_000758,out/images/test/test_000758.jpg,True
test,test_000759,out/images/test/test_000759.jpg,True
test,test_000760,out/images/test/test_000760.jpg,True
test,test_000761,out/images/test/test_000761.jpg,True
test,test_000762,out/images/test/test_000762.jpg,True
test,test_000763,out/images/test/test_000763.jpg,True
test,test_000764,out/images/test/test_000764.jpg,True
test,test_000765,out/images/test/test_000765.jpg,True
test,test_000766,out/images/test/test_000766.jpg,True
test,test_000767,out/images/test/test_000767.jpg,True
test,test_000768,out/images/test/test_000768.jpg,True
test,test_000769,out/images/test/test_000769.jpg,True
test,test_000770,out/images/test/test_000770.jpg,True
test,test_000771,out/images/test/test_000771.jpg,True
test,test_000772,out/images/test/test_000772.jpg,True
test,test_000773,out/images/test/test_000773.jpg,True
test,test_000774,out/images/test/test_000774.jpg,True
test,test_000775,out/images/test/test_000775.jpg,True
test,test_000776,out/images/test/test_000776.jpg,True
test,test_000777,out/images/test/test_000777.jpg,True
test,test_000778,out/images/test/test_000778.jpg,True
test,test_000779,out/images/test/test_000779.jpg,True
test,test_000780,out/images/test/test_000780.jpg,True
test,test_000781,out/images/test/test_000781.jpg,True
test,test_000782,out/images/test/test_000782.jpg,True
test,test_000783,out/images/test/test_000783.jpg,True
test,test_000784,out/images/test/test_000784.jpg,True
test,test_000785,out/images/test/test_000785.jpg,True
test,test_000786,out/images/test/test_000786.jpg,True
test,test_000787,out/images/test/test_000787.jpg,True
test,test_000788,out/images/test/test_000788.jpg,True
test,test_000789,out/images/test/test_000789.jpg,True
test,test_000790,out/images/test/test_000790.jpg,True
test,test_000791,out/images/test/test_000791.jpg,True
test,test_000792,out/images/test/test_000792.jpg,True
test,test_000793,out/images/test/test_000793.jpg,True
test,test_000794,out/images/test/test_000794.jpg,True
test,test_000795,out/images/test/test_000795.jpg,True
test,test_000796,out/images/test/test_000796.jpg,True
test,test_000797,out/images/test/test_000797.jpg,True
test,test_000798,out/images/test/test_000798.jpg,True
test,test_000799,out/images/test/test_000799.jpg,True
test,test_000800,out/images/test/test_000800.jpg,True
test,test_000801,out/images/test/test_000801.jpg,True
test,test_000802,out/images/test/test_000802.jpg,True
test,test_000803,out/images/test/test_000803.jpg,True
test,test_000804,out/images/test/test_000804.jpg,True
test,test_000805,out/images/test/test_000805.jpg,True
test,test_000806,out/images/test/test_000806.jpg,True
test,test_000807,out/images/test/test_000807.jpg,True
test,test_000808,out/images/test/test_000808.jpg,True
test,test_000809,out/images/test/test_000809.jpg,True
test,test_000810,out/images/test/test_000810.jpg,True
test,test_000811,out/images/test/test_000811.jpg,True
test,test_000812,out/images/test/test_000812.jpg,True
test,test_000813,out/images/test/test_000813.jpg,True
test,test_000814,out/images/test/test_000814.jpg,True
test,test_000815,out/images/test/test_000815.jpg,True
test,test_000816,out/images/test/test_000816.jpg,True
test,test_000817,out/images/test/test_000817.jpg,True
test,test_000818,out/images/test/test_000818.jpg,True
test,test_000819,out/images/test/test_000819.jpg,True
test,test_000820,out/images/test/test_000820.jpg,True
test,test_000821,out/images/test/test_000821.jpg,True
test,test_000822,out/images/test/test_000822.jpg,True
test,test_000823,out/images/test/test_000823.jpg,True
test,test_000824,out/images/test/test_000824.jpg,True
test,test_000825,out/images/test/test_000825.jpg,True
test,test_000826,out/images/test/test_000826.jpg,True
test,test_000827,out/images/test/test_000827.jpg,True
test,test_000828,out/images/test/test_000828.jpg,True
test,test_000829,out/images/test/test_000829.jpg,True
test,test_000830,out/images/test/test_000830.jpg,True
test,test_000831,out/images/test/test_000831.jpg,True
test,test_000832,out/images/test/test_000832.jpg,True
test,test_000833,out/images/test/test_000833.jpg,True
test,test_000834,out/images/test/test_000834.jpg,True
test,test_000835,out/images/test/test_000835.jpg,True
test,test_000836,out/images/test/test_000836.jpg,True
test,test_000837,out/images/test/test_000837.jpg,True
test,test_000838,out/images/test/test_000838.jpg,True
test,test_000839,out/images/test/test_000839.jpg,True
test,test_000840,out/images/test/test_000840.jpg,True
test,test_000841,out/images/test/test_000841.jpg,True
test,test_000842,out/images/test/test_000842.jpg,True
test,test_000843,out/images/test/test_000843.jpg,True
test,test_000844,out/images/test/test_000844.jpg,True
test,test_000845,out/images/test/test_000845.jpg,True
test,test_000846,out/images/test/test_000846.jpg,True
test,test_000847,out/images/test/test_000847.jpg,True
test,test_000848,out/images/test/test_000848.jpg,True
test,test_000849,out/images/test/test_000849.jpg,True
test,test_000850,out/images/test/test_000850.jpg,True
test,test_000851,out/images/test/test_000851.jpg,True
test,test_000852,out/images/test/test_000852.jpg,True
test,test_000853,out/images/test/test_000853.jpg,True
test,test_000854,out/images/test/test_000854.jpg,True
test,test_000855,out/images/test/test_000855.jpg,True
test,test_000856,out/images/test/test_000856.jpg,True
test,test_000857,out/images/test/test_000857.jpg,True
test,test_000858,out/images/test/test_000858.jpg,True
test,test_000859,out/images/test/test_000859.jpg,True
test,test_000860,out/images/test/test_000860.jpg,True
test,test_000861,out/images/test/test_000861.jpg,True
test,test_000862,out/images/test/test_000862.jpg,True
test,test_000863,out/images/test/test_000863.jpg,True
test,test_000864,out/images/test/test_000864.jpg,True
test,test_000865,out/images/test/test_000865.jpg,True
test,test_000866,out/images/test/test_000866.jpg,True
test,test_000867,out/images/test/test_000867.jpg,True
test,test_000868,out/images/test/test_000868.jpg,True
test,test_000869,out/images/test/test_000869.jpg,True
test,test_000870,out/images/test/test_000870.jpg,True
test,test_000871,out/images/test/test_000871.jpg,True
test,test_000872,out/images/test/test_000872.jpg,True
test,test_000873,out/images/test/test_000873.jpg,True
test,test_000874,out/images/test/test_000874.jpg,True
test,test_000875,out/images/test/test_000875.jpg,True
test,test_000876,out/images/test/test_000876.jpg,True
test,test_000877,out/images/test/test_000877.jpg,True
test,test_000878,out/images/test/test_000878.jpg,True
test,test_000879,out/images/test/test_000879.jpg,True
test,test_000880,out/images/test/test_000880.jpg,True
test,test_000881,out/images/test/test_000881.jpg,True
test,test_000882,out/images/test/test_000882.jpg,True
test,test_000883,out/images/test/test_000883.jpg,True
test,test_000884,out/images/test/test_000884.jpg,True
test,test_000885,out/images/test/test_000885.jpg,True
test,test_000886,out/images/test/test_000886.jpg,True
test,test_000887,out/images/test/test_000887.jpg,True
test,test_000888,out/images/test/test_000888.jpg,True
test,test_000889,out/images/test/test_000889.jpg,True
test,test_000890,out/images/test/test_000890.jpg,True
test,test_000891,out/images/test/test_000891.jpg,True
test,test_000892,out/images/test/test_000892.jpg,True
test,test_000893,out/images/test/test_000893.jpg,True
test,test_000894,out/images/test/test_000894.jpg,True
test,test_000895,out/images/test/test_000895.jpg,True
test,test_000896,out/images/test/test_000896.jpg,True
test,test_000897,out/images/test/test_000897.jpg,True
test,test_000898,out/images/test/test_000898.jpg,True
test,test_000899,out/images/test/test_000899.jpg,True
test,test_000900,out/images/test/test_000900.jpg,True
test,test_000901,out/images/test/test_000901.jpg,True
test,test_000902,out/images/test/test_000902.jpg,True
test,test_000903,out/images/test/test_000903.jpg,True
test,test_000904,out/images/test/test_000904.jpg,True
test,test_000905,out/images/test/test_000905.jpg,True
test,test_000906,out/images/test/test_000906.jpg,True
test,test_000907,out/images/test/test_000907.jpg,True
test,test_000908,out/images/test/test_000908.jpg,True
test,test_000909,out/images/test/test_000909.jpg,True
test,test_000910,out/images/test/test_000910.jpg,True
test,test_000911,out/images/test/test_000911.jpg,True
test,test_000912,out/images/test/test_000912.jpg,True
test,test_000913,out/images/test/test_000913.jpg,True
test,test_000914,out/images/test/test_000914.jpg,True
test,test_000915,out/images/test/test_000915.jpg,True
test,test_000916,out/images/test/test_000916.jpg,True
test,test_000917,out/images/test/test_000917.jpg,True
test,test_000918,out/images/test/test_000918.jpg,True
test,test_000919,out/images/test/test_000919.jpg,True
test,test_000920,out/images/test/test_000920.jpg,True
test,test_000921,out/images/test/test_000921.jpg,True
test,test_000922,out/images/test/test_000922.jpg,True
test,test_000923,out/images/test/test_000923.jpg,True
test,test_000924,out/images/test/test_000924.jpg,True
test,test_000925,out/images/test/test_000925.jpg,True
test,test_000926,out/images/test/test_000926.jpg,True
test,test_000927,out/images/test/test_000927.jpg,True
test,test_000928,out/images/test/test_000928.jpg,True
test,test_000929,out/images/test/test_000929.jpg,True
test,test_000930,out/images/test/test_000930.jpg,True
test,test_000931,out/images/test/test_000931.jpg,True
test,test_000932,out/images/test/test_000932.jpg,True
test,test_000933,out/images/test/test_000933.jpg,True
test,test_000934,out/images/test/test_000934.jpg,True
test,test_000935,out/images/test/test_000935.jpg,True
test,test_000936,out/images/test/test_000936.jpg,True
test,test_000937,out/images/test/test_000937.jpg,True
test,test_000938,out/images/test/test_000938.jpg,True
test,test_000939,out/images/test/test_000939.jpg,True
test,test_000940,out/images/test/test_000940.jpg,True
test,test_000941,out/images/test/test_000941.jpg,True
test,test_000942,out/images/test/test_000942.jpg,True
test,test_000943,out/images/test/test_000943.jpg,True
test,test_000944,out/images/test/test_000944.jpg,True
test,test_000945,out/images/test/test_000945.jpg,True
test,test_000946,out/images/test/test_000946.jpg,True
test,test_000947,out/images/test/test_000947.jpg,True
test,test_000948,out/images/test/test_000948.jpg,True
test,test_000949,out/images/test/test_000949.jpg,True
test,test_000950,out/images/test/test_000950.jpg,True
test,test_000951,out/images/test/test_000951.jpg,True
test,test_000952,out/images/test/test_000952.jpg,True
test,test_000953,out/images/test/test_000953.jpg,True
test,test_000954,out/images/test/test_000954.jpg,True
test,test_000955,out/images/test/test_000955.jpg,True
test,test_000956,out/images/test/test_000956.jpg,True
test,test_000957,out/images/test/test_000957.jpg,True
test,test_000958,out/images/test/test_000958.jpg,True
test,test_000959,out/images/test/test_000959.jpg,True
test,test_000960,out/images/test/test_000960.jpg,True
test,test_000961,out/images/test/test_000961.jpg,True
test,test_000962,out/images/test/test_000962.jpg,True
test,test_000963,out/images/test/test_000963.jpg,True
test,test_000964,out/images/test/test_000964.jpg,True
test,test_000965,out/images/test/test_000965.jpg,True
test,test_000966,out/images/test/test_000966.jpg,True
test,test_000967,out/images/test/test_000967.jpg,True
test,test_000968,out/images/test/test_000968.jpg,True
test,test_000969,out/images/test/test_000969.jpg,True
test,test_000970,out/images/test/test_000970.jpg,True
test,test_000971,out/images/test/test_000971.jpg,True
test,test_000972,out/images/test/test_000972.jpg,True
test,test_000973,out/images/test/test_000973.jpg,True
test,test_000974,out/images/test/test_000974.jpg,True
test,test_000975,out/images/test/test_000975.jpg,True
test,test_000976,out/images/test/test_000976.jpg,True
test,test_000977,out/images/test/test_000977.jpg,True
test,test_000978,out/images/test/test_000978.jpg,True
test,test_000979,out/images/test/test_000979.jpg,True
test,test_000980,out/images/test/test_000980.jpg,True
test,test_000981,out/images/test/test_000981.jpg,True
test,test_000982,out/images/test/test_000982.jpg,True
test,test_000983,out/images/test/test_000983.jpg,True
test,test_000984,out/images/test/test_000984.jpg,True
test,test_000985,out/images/test/test_000985.jpg,True
test,test_000986,out/images/test/test_000986.jpg,True
test,test_000987,out/images/test/test_000987.jpg,True
test,test_000988,out/images/test/test_000988.jpg,True
test,test_000989,out/images/test/test_000989.jpg,True
test,test_000990,out/images/test/test_000990.jpg,True
test,test_000991,out/images/test/test_000991.jpg,True
test,test_000992,out/images/test/test_000992.jpg,True
test,test_000993,out/images/test/test_000993.jpg,True
test,test_000994,out/images/test/test_000994.jpg,True
test,test_000995,out/images/test/test_000995.jpg,True
test,test_000996,out/images/test/test_000996.jpg,True
test,test_000997,out/images/test/test_000997.jpg,True
test,test_000998,out/images/test/test_000998.jpg,True
test,test_000999,out/images/test/test_000999.jpg,True
test,test_001000,out/images/test/test_001000.jpg,True
test,test_001001,out/images/test/test_001001.jpg,True
test,test_001002,out/images/test/test_001002.jpg,True
test,test_001003,out/images/test/test_001003.jpg,True
test,test_001004,out/images/test/test_001004.jpg,True
test,test_001005,out/images/test/test_001005.jpg,True
test,test_001006,out/images/test/test_001006.jpg,True
test,test_001007,out/images/test/test_001007.jpg,True
test,test_001008,out/images/test/test_001008.jpg,True
test,test_001009,out/images/test/test_001009.jpg,True
test,test_001010,out/images/test/test_001010.jpg,True
test,test_001011,out/images/test/test_001011.jpg,True
test,test_001012,out/images/test/test_001012.jpg,True
test,test_001013,out/images/test/test_001013.jpg,True
test,test_001014,out/images/test/test_001014.jpg,True
test,test_001015,out/images/test/test_001015.jpg,True
test,test_001016,out/images/test/test_001016.jpg,True
test,test_001017,out/images/test/test_001017.jpg,True
test,test_001018,out/images/test/test_001018.jpg,True
test,test_001019,out/images/test/test_001019.jpg,True
test,test_001020,out/images/test/test_001020.jpg,True
test,test_001021,out/images/test/test_001021.jpg,True
test,test_001022,out/images/test/test_001022.jpg,True
test,test_001023,out/images/test/test_001023.jpg,True
test,test_001024,out/images/test/test_001024.jpg,True
test,test_001025,out/images/test/test_001025.jpg,True
test,test_001026,out/images/test/test_001026.jpg,True
test,test_001027,out/images/test/test_001027.jpg,True
test,test_001028,out/images/test/test_001028.jpg,True
test,test_001029,out/images/test/test_001029.jpg,True
test,test_001030,out/images/test/test_001030.jpg,True
test,test_001031,out/images/test/test_001031.jpg,True
test,test_001032,out/images/test/test_001032.jpg,True
test,test_001033,out/images/test/test_001033.jpg,True
test,test_001034,out/images/test/test_001034.jpg,True
test,test_001035,out/images/test/test_001035.jpg,True
test,test_001036,out/images/test/test_001036.jpg,True
test,test_001037,out/images/test/test_001037.jpg,True
test,test_001038,out/images/test/test_001038.jpg,True
test,test_001039,out/images/test/test_001039.jpg,True
test,test_001040,out/images/test/test_001040.jpg,True
test,test_001041,out/images/test/test_001041.jpg,True
test,test_001042,out/images/test/test_001042.jpg,True
test,test_001043,out/images/test/test_001043.jpg,True
test,test_001044,out/images/test/test_001044.jpg,True
test,test_001045,out/images/test/test_001045.jpg,True
test,test_001046,out/images/test/test_001046.jpg,True
test,test_001047,out/images/test/test_001047.jpg,True
test,test_001048,out/images/test/test_001048.jpg,True
test,test_001049,out/images/test/test_001049.jpg,True
test,test_001050,out/images/test/test_001050.jpg,True
test,test_001051,out/images/test/test_001051.jpg,True
test,test_001052,out/images/test/test_001052.jpg,True
test,test_001053,out/images/test/test_001053.jpg,True
test,test_001054,out/images/test/test_001054.jpg,True
test,test_001055,out/images/test/test_001055.jpg,True
test,test_001056,out/images/test/test_001056.jpg,True
test,test_001057,out/images/test/test_001057.jpg,True
test,test_001058,out/images/test/test_001058.jpg,True
test,test_001059,out/images/test/test_001059.jpg,True
test,test_001060,out/images/test/test_001060.jpg,True
test,test_001061,out/images/test/test_001061.jpg,True
test,test_001062,out/images/test/test_001062.jpg,True
test,test_001063,out/images/test/test_001063.jpg,True
test,test_001064,out/images/test/test_001064.jpg,True
