split,img_id,image_path,label_id,label_name,orig_height,orig_width,pred_raw,pred_norm,label_norm,correct,pred_mapped,correct_mapped,clip_pred,clip_correct
test,test_000000,/home/arcturus/Desktop/old/thesis/rag-vqa-medical/Prototyping_reformat/DatasetAnalysis/HyperKvasir/0_dataset_prep/out/images/test/test_000000.jpg,0,barretts,1023,1279,"Question: What finding is shown? Answer: The right side of the image shows the right side of the right lung
",question what finding is shown answer the right side of the image shows the right side of the right lung,barretts,False,,False,esophagitis-a,False
test,test_000001,/home/arcturus/Desktop/old/thesis/rag-vqa-medical/Prototyping_reformat/DatasetAnalysis/HyperKvasir/0_dataset_prep/out/images/test/test_000001.jpg,0,barretts,524,613,"Question: What finding is shown? Answer: The right side of the image shows the right side of the ureter, the tube that carries",question what finding is shown answer the right side of the image shows the right side of the ureter the tube that carries,barretts,False,,False,esophagitis-a,False
test,test_000002,/home/arcturus/Desktop/old/thesis/rag-vqa-medical/Prototyping_reformat/DatasetAnalysis/HyperKvasir/0_dataset_prep/out/images/test/test_000002.jpg,0,barretts,1013,1225,"Question: What finding is shown? Answer: a small, round, white, fluid-filled cyst
",question what finding is shown answer a small round white fluid-filled cyst,barretts,False,,False,esophagitis-a,False
test,test_000003,/home/arcturus/Desktop/old/thesis/rag-vqa-medical/Prototyping_reformat/DatasetAnalysis/HyperKvasir/0_dataset_prep/out/images/test/test_000003.jpg,0,barretts,1012,1221,"Question: What finding is shown? Answer: The left side of the image shows the left side of the tongue, and the right side shows the",question what finding is shown answer the left side of the image shows the left side of the tongue and the right side shows the,barretts,False,,False,esophagitis-a,False
test,test_000004,/home/arcturus/Desktop/old/thesis/rag-vqa-medical/Prototyping_reformat/DatasetAnalysis/HyperKvasir/0_dataset_prep/out/images/test/test_000004.jpg,1,barretts-short-segment,1071,1349,"Question: What finding is shown? Answer: The left side of the image shows the left side of the larynx, the right side shows",question what finding is shown answer the left side of the image shows the left side of the larynx the right side shows,barretts-short-segment,False,,False,esophagitis-a,False
test,test_000005,/home/arcturus/Desktop/old/thesis/rag-vqa-medical/Prototyping_reformat/DatasetAnalysis/HyperKvasir/0_dataset_prep/out/images/test/test_000005.jpg,1,barretts-short-segment,1014,1225,"Question: What finding is shown? Answer: The image shows the upper part of the esophagus
",question what finding is shown answer the image shows the upper part of the esophagus,barretts-short-segment,False,,False,esophagitis-a,False
test,test_000006,/home/arcturus/Desktop/old/thesis/rag-vqa-medical/Prototyping_reformat/DatasetAnalysis/HyperKvasir/0_dataset_prep/out/images/test/test_000006.jpg,1,barretts-short-segment,1012,1221,"Question: What finding is shown? Answer: The ureteral catheter is shown
",question what finding is shown answer the ureteral catheter is shown,barretts-short-segment,False,,False,esophagitis-a,False
test,test_000007,/home/arcturus/Desktop/old/thesis/rag-vqa-medical/Prototyping_reformat/DatasetAnalysis/HyperKvasir/0_dataset_prep/out/images/test/test_000007.jpg,1,barretts-short-segment,1013,1225,"Question: What finding is shown? Answer: The right side of the image shows the right side of the esophagus
",question what finding is shown answer the right side of the image shows the right side of the esophagus,barretts-short-segment,False,,False,esophagitis-a,False
test,test_000008,/home/arcturus/Desktop/old/thesis/rag-vqa-medical/Prototyping_reformat/DatasetAnalysis/HyperKvasir/0_dataset_prep/out/images/test/test_000008.jpg,1,barretts-short-segment,1071,1349,"Question: What finding is shown? Answer: The location of the lesion is shown
",question what finding is shown answer the location of the lesion is shown,barretts-short-segment,False,,False,esophagitis-a,False
test,test_000009,/home/arcturus/Desktop/old/thesis/rag-vqa-medical/Prototyping_reformat/DatasetAnalysis/HyperKvasir/0_dataset_prep/out/images/test/test_000009.jpg,2,bbps-0-1,548,635,"Question: What finding is shown? Answer: The image shows the colon and rectum
",question what finding is shown answer the image shows the colon and rectum,bbps-0-1,False,,False,esophagitis-b-d,False
test,test_000010,/home/arcturus/Desktop/old/thesis/rag-vqa-medical/Prototyping_reformat/DatasetAnalysis/HyperKvasir/0_dataset_prep/out/images/test/test_000010.jpg,2,bbps-0-1,519,579,"Question: What finding is shown? Answer: The image shows the location of the lesion in the esophagus
",question what finding is shown answer the image shows the location of the lesion in the esophagus,bbps-0-1,False,,False,esophagitis-b-d,False
test,test_000011,/home/arcturus/Desktop/old/thesis/rag-vqa-medical/Prototyping_reformat/DatasetAnalysis/HyperKvasir/0_dataset_prep/out/images/test/test_000011.jpg,2,bbps-0-1,531,606,Question: What finding is shown? Answer: The image shows the location of the duodenum and the location of the duodenal junction,question what finding is shown answer the image shows the location of the duodenum and the location of the duodenal junction,bbps-0-1,False,,False,esophagitis-b-d,False
test,test_000012,/home/arcturus/Desktop/old/thesis/rag-vqa-medical/Prototyping_reformat/DatasetAnalysis/HyperKvasir/0_dataset_prep/out/images/test/test_000012.jpg,2,bbps-0-1,531,633,"Question: What finding is shown? Answer: The image shows the location of the lesion in the esophagus
",question what finding is shown answer the image shows the location of the lesion in the esophagus,bbps-0-1,False,,False,esophagitis-b-d,False
test,test_000013,/home/arcturus/Desktop/old/thesis/rag-vqa-medical/Prototyping_reformat/DatasetAnalysis/HyperKvasir/0_dataset_prep/out/images/test/test_000013.jpg,2,bbps-0-1,547,635,"Question: What finding is shown? Answer: The colon is shown with a colonoscopy
",question what finding is shown answer the colon is shown with a colonoscopy,bbps-0-1,False,,False,esophagitis-b-d,False
test,test_000014,/home/arcturus/Desktop/old/thesis/rag-vqa-medical/Prototyping_reformat/DatasetAnalysis/HyperKvasir/0_dataset_prep/out/images/test/test_000014.jpg,2,bbps-0-1,531,633,"Question: What finding is shown? Answer: The image shows the location of the duodenum in the upper left quadrant of the image
",question what finding is shown answer the image shows the location of the duodenum in the upper left quadrant of the image,bbps-0-1,False,,False,esophagitis-b-d,False
test,test_000015,/home/arcturus/Desktop/old/thesis/rag-vqa-medical/Prototyping_reformat/DatasetAnalysis/HyperKvasir/0_dataset_prep/out/images/test/test_000015.jpg,2,bbps-0-1,532,633,"Question: What finding is shown? Answer: The colon is shown in the upper left quadrant of the image.
",question what finding is shown answer the colon is shown in the upper left quadrant of the image,bbps-0-1,False,,False,esophagitis-b-d,False
test,test_000016,/home/arcturus/Desktop/old/thesis/rag-vqa-medical/Prototyping_reformat/DatasetAnalysis/HyperKvasir/0_dataset_prep/out/images/test/test_000016.jpg,2,bbps-0-1,531,621,"Question: What finding is shown? Answer: The image shows the location of the gallbladder
",question what finding is shown answer the image shows the location of the gallbladder,bbps-0-1,False,,False,esophagitis-b-d,False
test,test_000017,/home/arcturus/Desktop/old/thesis/rag-vqa-medical/Prototyping_reformat/DatasetAnalysis/HyperKvasir/0_dataset_prep/out/images/test/test_000017.jpg,2,bbps-0-1,532,633,"Question: What finding is shown? Answer: The image shows the upper part of the colon
",question what finding is shown answer the image shows the upper part of the colon,bbps-0-1,False,,False,ileum,False
test,test_000018,/home/arcturus/Desktop/old/thesis/rag-vqa-medical/Prototyping_reformat/DatasetAnalysis/HyperKvasir/0_dataset_prep/out/images/test/test_000018.jpg,2,bbps-0-1,530,590,Question: What finding is shown? Answer: The image shows the location of the duodenum and the location of the duodenal junction,question what finding is shown answer the image shows the location of the duodenum and the location of the duodenal junction,bbps-0-1,False,,False,esophagitis-b-d,False
test,test_000019,/home/arcturus/Desktop/old/thesis/rag-vqa-medical/Prototyping_reformat/DatasetAnalysis/HyperKvasir/0_dataset_prep/out/images/test/test_000019.jpg,2,bbps-0-1,531,630,"Question: What finding is shown? Answer: The left ear canal is shown with the ear canal filled with fluid
",question what finding is shown answer the left ear canal is shown with the ear canal filled with fluid,bbps-0-1,False,,False,esophagitis-b-d,False
test,test_000020,/home/arcturus/Desktop/old/thesis/rag-vqa-medical/Prototyping_reformat/DatasetAnalysis/HyperKvasir/0_dataset_prep/out/images/test/test_000020.jpg,2,bbps-0-1,548,634,"Question: What finding is shown? Answer: The colon is shown in the upper left quadrant of the image
",question what finding is shown answer the colon is shown in the upper left quadrant of the image,bbps-0-1,False,,False,esophagitis-b-d,False
test,test_000021,/home/arcturus/Desktop/old/thesis/rag-vqa-medical/Prototyping_reformat/DatasetAnalysis/HyperKvasir/0_dataset_prep/out/images/test/test_000021.jpg,2,bbps-0-1,547,635,"Question: What finding is shown? Answer: The colon is shown in the upper left quadrant of the image
",question what finding is shown answer the colon is shown in the upper left quadrant of the image,bbps-0-1,False,,False,ulcerative-colitis-grade-2,False
test,test_000022,/home/arcturus/Desktop/old/thesis/rag-vqa-medical/Prototyping_reformat/DatasetAnalysis/HyperKvasir/0_dataset_prep/out/images/test/test_000022.jpg,2,bbps-0-1,531,633,"Question: What finding is shown? Answer: The image shows the location of the esophageal sphincter
",question what finding is shown answer the image shows the location of the esophageal sphincter,bbps-0-1,False,,False,esophagitis-b-d,False
test,test_000023,/home/arcturus/Desktop/old/thesis/rag-vqa-medical/Prototyping_reformat/DatasetAnalysis/HyperKvasir/0_dataset_prep/out/images/test/test_000023.jpg,2,bbps-0-1,548,635,"Question: What finding is shown? Answer: The colonic mucosa is stained with a fluorescent dye
",question what finding is shown answer the colonic mucosa is stained with a fluorescent dye,bbps-0-1,False,,False,esophagitis-b-d,False
test,test_000024,/home/arcturus/Desktop/old/thesis/rag-vqa-medical/Prototyping_reformat/DatasetAnalysis/HyperKvasir/0_dataset_prep/out/images/test/test_000024.jpg,2,bbps-0-1,532,633,"Question: What finding is shown? Answer: The colonic mucosa
",question what finding is shown answer the colonic mucosa,bbps-0-1,False,,False,esophagitis-b-d,False
test,test_000025,/home/arcturus/Desktop/old/thesis/rag-vqa-medical/Prototyping_reformat/DatasetAnalysis/HyperKvasir/0_dataset_prep/out/images/test/test_000025.jpg,2,bbps-0-1,531,633,"Question: What finding is shown? Answer: The image shows the location of the lesion in the esophagus
",question what finding is shown answer the image shows the location of the lesion in the esophagus,bbps-0-1,False,,False,esophagitis-b-d,False
test,test_000026,/home/arcturus/Desktop/old/thesis/rag-vqa-medical/Prototyping_reformat/DatasetAnalysis/HyperKvasir/0_dataset_prep/out/images/test/test_000026.jpg,2,bbps-0-1,532,633,"Question: What finding is shown? Answer: The image shows the location of the duodenum in the upper left quadrant of the image
",question what finding is shown answer the image shows the location of the duodenum in the upper left quadrant of the image,bbps-0-1,False,,False,esophagitis-b-d,False
test,test_000027,/home/arcturus/Desktop/old/thesis/rag-vqa-medical/Prototyping_reformat/DatasetAnalysis/HyperKvasir/0_dataset_prep/out/images/test/test_000027.jpg,2,bbps-0-1,531,633,"Question: What finding is shown? Answer: The image shows the right side of the esophagus
",question what finding is shown answer the image shows the right side of the esophagus,bbps-0-1,False,,False,esophagitis-b-d,False
test,test_000028,/home/arcturus/Desktop/old/thesis/rag-vqa-medical/Prototyping_reformat/DatasetAnalysis/HyperKvasir/0_dataset_prep/out/images/test/test_000028.jpg,2,bbps-0-1,532,633,"Question: What finding is shown? Answer: The colon is shown in the upper left quadrant of the image, and the rectum is shown",question what finding is shown answer the colon is shown in the upper left quadrant of the image and the rectum is shown,bbps-0-1,False,,False,esophagitis-b-d,False
test,test_000029,/home/arcturus/Desktop/old/thesis/rag-vqa-medical/Prototyping_reformat/DatasetAnalysis/HyperKvasir/0_dataset_prep/out/images/test/test_000029.jpg,2,bbps-0-1,531,633,"Question: What finding is shown? Answer: The image shows the upper part of the esophagus
",question what finding is shown answer the image shows the upper part of the esophagus,bbps-0-1,False,,False,esophagitis-b-d,False
test,test_000030,/home/arcturus/Desktop/old/thesis/rag-vqa-medical/Prototyping_reformat/DatasetAnalysis/HyperKvasir/0_dataset_prep/out/images/test/test_000030.jpg,2,bbps-0-1,531,633,"Question: What finding is shown? Answer: The colonic mucosa
",question what finding is shown answer the colonic mucosa,bbps-0-1,False,,False,esophagitis-b-d,False
test,test_000031,/home/arcturus/Desktop/old/thesis/rag-vqa-medical/Prototyping_reformat/DatasetAnalysis/HyperKvasir/0_dataset_prep/out/images/test/test_000031.jpg,2,bbps-0-1,531,633,"Question: What finding is shown? Answer: The image shows the location of the lesion in the esophagus
",question what finding is shown answer the image shows the location of the lesion in the esophagus,bbps-0-1,False,,False,esophagitis-b-d,False
test,test_000032,/home/arcturus/Desktop/old/thesis/rag-vqa-medical/Prototyping_reformat/DatasetAnalysis/HyperKvasir/0_dataset_prep/out/images/test/test_000032.jpg,2,bbps-0-1,531,633,"Question: What finding is shown? Answer: The image shows the location of the lesion in the esophagus
",question what finding is shown answer the image shows the location of the lesion in the esophagus,bbps-0-1,False,,False,esophagitis-b-d,False
test,test_000033,/home/arcturus/Desktop/old/thesis/rag-vqa-medical/Prototyping_reformat/DatasetAnalysis/HyperKvasir/0_dataset_prep/out/images/test/test_000033.jpg,2,bbps-0-1,532,633,"Question: What finding is shown? Answer: The image shows the location of the duodenal ulcer
",question what finding is shown answer the image shows the location of the duodenal ulcer,bbps-0-1,False,,False,esophagitis-b-d,False
test,test_000034,/home/arcturus/Desktop/old/thesis/rag-vqa-medical/Prototyping_reformat/DatasetAnalysis/HyperKvasir/0_dataset_prep/out/images/test/test_000034.jpg,2,bbps-0-1,532,633,"Question: What finding is shown? Answer: The image shows the upper part of the esophagus
",question what finding is shown answer the image shows the upper part of the esophagus,bbps-0-1,False,,False,esophagitis-b-d,False
test,test_000035,/home/arcturus/Desktop/old/thesis/rag-vqa-medical/Prototyping_reformat/DatasetAnalysis/HyperKvasir/0_dataset_prep/out/images/test/test_000035.jpg,2,bbps-0-1,531,633,"Question: What finding is shown? Answer: The image shows the location of the duodenal ulcer
",question what finding is shown answer the image shows the location of the duodenal ulcer,bbps-0-1,False,,False,esophagitis-b-d,False
test,test_000036,/home/arcturus/Desktop/old/thesis/rag-vqa-medical/Prototyping_reformat/DatasetAnalysis/HyperKvasir/0_dataset_prep/out/images/test/test_000036.jpg,2,bbps-0-1,531,633,"Question: What finding is shown? Answer: The colon is shown in the upper left quadrant of the image
",question what finding is shown answer the colon is shown in the upper left quadrant of the image,bbps-0-1,False,,False,ulcerative-colitis-grade-2,False
test,test_000037,/home/arcturus/Desktop/old/thesis/rag-vqa-medical/Prototyping_reformat/DatasetAnalysis/HyperKvasir/0_dataset_prep/out/images/test/test_000037.jpg,2,bbps-0-1,532,633,"Question: What finding is shown? Answer: The colonic mucosa
",question what finding is shown answer the colonic mucosa,bbps-0-1,False,,False,esophagitis-b-d,False
test,test_000038,/home/arcturus/Desktop/old/thesis/rag-vqa-medical/Prototyping_reformat/DatasetAnalysis/HyperKvasir/0_dataset_prep/out/images/test/test_000038.jpg,2,bbps-0-1,531,633,"Question: What finding is shown? Answer: The image shows the upper part of the colon
",question what finding is shown answer the image shows the upper part of the colon,bbps-0-1,False,,False,esophagitis-b-d,False
test,test_000039,/home/arcturus/Desktop/old/thesis/rag-vqa-medical/Prototyping_reformat/DatasetAnalysis/HyperKvasir/0_dataset_prep/out/images/test/test_000039.jpg,2,bbps-0-1,547,635,"Question: What finding is shown? Answer: The colon is shown in the upper left quadrant of the image
",question what finding is shown answer the colon is shown in the upper left quadrant of the image,bbps-0-1,False,,False,esophagitis-b-d,False
test,test_000040,/home/arcturus/Desktop/old/thesis/rag-vqa-medical/Prototyping_reformat/DatasetAnalysis/HyperKvasir/0_dataset_prep/out/images/test/test_000040.jpg,2,bbps-0-1,531,601,Question: What finding is shown? Answer: The image shows the location of the duodenum and the location of the duodenal junction,question what finding is shown answer the image shows the location of the duodenum and the location of the duodenal junction,bbps-0-1,False,,False,ulcerative-colitis-grade-2,False
test,test_000041,/home/arcturus/Desktop/old/thesis/rag-vqa-medical/Prototyping_reformat/DatasetAnalysis/HyperKvasir/0_dataset_prep/out/images/test/test_000041.jpg,2,bbps-0-1,531,633,"Question: What finding is shown? Answer: The image shows the location of the duodenum in the upper left quadrant of the image
",question what finding is shown answer the image shows the location of the duodenum in the upper left quadrant of the image,bbps-0-1,False,,False,esophagitis-b-d,False
test,test_000042,/home/arcturus/Desktop/old/thesis/rag-vqa-medical/Prototyping_reformat/DatasetAnalysis/HyperKvasir/0_dataset_prep/out/images/test/test_000042.jpg,2,bbps-0-1,548,635,"Question: What finding is shown? Answer: The colon is shown in the upper left quadrant of the image
",question what finding is shown answer the colon is shown in the upper left quadrant of the image,bbps-0-1,False,,False,esophagitis-b-d,False
test,test_000043,/home/arcturus/Desktop/old/thesis/rag-vqa-medical/Prototyping_reformat/DatasetAnalysis/HyperKvasir/0_dataset_prep/out/images/test/test_000043.jpg,2,bbps-0-1,531,633,"Question: What finding is shown? Answer: The image shows the location of the esophageal sphincter
",question what finding is shown answer the image shows the location of the esophageal sphincter,bbps-0-1,False,,False,esophagitis-b-d,False
test,test_000044,/home/arcturus/Desktop/old/thesis/rag-vqa-medical/Prototyping_reformat/DatasetAnalysis/HyperKvasir/0_dataset_prep/out/images/test/test_000044.jpg,2,bbps-0-1,548,635,"Question: What finding is shown? Answer: The colon is empty
",question what finding is shown answer the colon is empty,bbps-0-1,False,,False,ulcerative-colitis-grade-3,False
test,test_000045,/home/arcturus/Desktop/old/thesis/rag-vqa-medical/Prototyping_reformat/DatasetAnalysis/HyperKvasir/0_dataset_prep/out/images/test/test_000045.jpg,2,bbps-0-1,531,609,"Question: What finding is shown? Answer: The image shows the colonic mucosa
",question what finding is shown answer the image shows the colonic mucosa,bbps-0-1,False,,False,esophagitis-b-d,False
test,test_000046,/home/arcturus/Desktop/old/thesis/rag-vqa-medical/Prototyping_reformat/DatasetAnalysis/HyperKvasir/0_dataset_prep/out/images/test/test_000046.jpg,2,bbps-0-1,530,606,"Question: What finding is shown? Answer: The colonic mucosa
",question what finding is shown answer the colonic mucosa,bbps-0-1,False,,False,esophagitis-b-d,False
test,test_000047,/home/arcturus/Desktop/old/thesis/rag-vqa-medical/Prototyping_reformat/DatasetAnalysis/HyperKvasir/0_dataset_prep/out/images/test/test_000047.jpg,2,bbps-0-1,547,635,"Question: What finding is shown? Answer: The colon is shown in the upper left quadrant of the image
",question what finding is shown answer the colon is shown in the upper left quadrant of the image,bbps-0-1,False,,False,esophagitis-b-d,False
test,test_000048,/home/arcturus/Desktop/old/thesis/rag-vqa-medical/Prototyping_reformat/DatasetAnalysis/HyperKvasir/0_dataset_prep/out/images/test/test_000048.jpg,2,bbps-0-1,532,633,"Question: What finding is shown? Answer: The image shows the upper part of the colon
",question what finding is shown answer the image shows the upper part of the colon,bbps-0-1,False,,False,esophagitis-b-d,False
test,test_000049,/home/arcturus/Desktop/old/thesis/rag-vqa-medical/Prototyping_reformat/DatasetAnalysis/HyperKvasir/0_dataset_prep/out/images/test/test_000049.jpg,2,bbps-0-1,532,633,"Question: What finding is shown? Answer: The image shows the upper part of the esophagus
",question what finding is shown answer the image shows the upper part of the esophagus,bbps-0-1,False,,False,esophagitis-b-d,False
test,test_000050,/home/arcturus/Desktop/old/thesis/rag-vqa-medical/Prototyping_reformat/DatasetAnalysis/HyperKvasir/0_dataset_prep/out/images/test/test_000050.jpg,2,bbps-0-1,531,633,"Question: What finding is shown? Answer: The image shows the location of the duodenum in the upper left quadrant of the image
",question what finding is shown answer the image shows the location of the duodenum in the upper left quadrant of the image,bbps-0-1,False,,False,esophagitis-b-d,False
test,test_000051,/home/arcturus/Desktop/old/thesis/rag-vqa-medical/Prototyping_reformat/DatasetAnalysis/HyperKvasir/0_dataset_prep/out/images/test/test_000051.jpg,2,bbps-0-1,531,633,"Question: What finding is shown? Answer: The colon is shown in the upper left quadrant of the image
",question what finding is shown answer the colon is shown in the upper left quadrant of the image,bbps-0-1,False,,False,esophagitis-b-d,False
test,test_000052,/home/arcturus/Desktop/old/thesis/rag-vqa-medical/Prototyping_reformat/DatasetAnalysis/HyperKvasir/0_dataset_prep/out/images/test/test_000052.jpg,2,bbps-0-1,532,633,"Question: What finding is shown? Answer: The image shows the upper part of the esophagus
",question what finding is shown answer the image shows the upper part of the esophagus,bbps-0-1,False,,False,esophagitis-b-d,False
test,test_000053,/home/arcturus/Desktop/old/thesis/rag-vqa-medical/Prototyping_reformat/DatasetAnalysis/HyperKvasir/0_dataset_prep/out/images/test/test_000053.jpg,2,bbps-0-1,532,633,"Question: What finding is shown? Answer: The image shows the location of the esophageal sphincter
",question what finding is shown answer the image shows the location of the esophageal sphincter,bbps-0-1,False,,False,esophagitis-b-d,False
test,test_000054,/home/arcturus/Desktop/old/thesis/rag-vqa-medical/Prototyping_reformat/DatasetAnalysis/HyperKvasir/0_dataset_prep/out/images/test/test_000054.jpg,2,bbps-0-1,532,633,"Question: What finding is shown? Answer: The image shows the location of the esophageal sphincter
",question what finding is shown answer the image shows the location of the esophageal sphincter,bbps-0-1,False,,False,esophagitis-b-d,False
test,test_000055,/home/arcturus/Desktop/old/thesis/rag-vqa-medical/Prototyping_reformat/DatasetAnalysis/HyperKvasir/0_dataset_prep/out/images/test/test_000055.jpg,2,bbps-0-1,548,635,"Question: What finding is shown? Answer: The colon is shown in the upper left quadrant of the image.
",question what finding is shown answer the colon is shown in the upper left quadrant of the image,bbps-0-1,False,,False,esophagitis-b-d,False
test,test_000056,/home/arcturus/Desktop/old/thesis/rag-vqa-medical/Prototyping_reformat/DatasetAnalysis/HyperKvasir/0_dataset_prep/out/images/test/test_000056.jpg,2,bbps-0-1,548,627,"Question: What finding is shown? Answer: The colon is shown in this image
",question what finding is shown answer the colon is shown in this image,bbps-0-1,False,,False,esophagitis-b-d,False
test,test_000057,/home/arcturus/Desktop/old/thesis/rag-vqa-medical/Prototyping_reformat/DatasetAnalysis/HyperKvasir/0_dataset_prep/out/images/test/test_000057.jpg,2,bbps-0-1,531,600,"Question: What finding is shown? Answer: The image shows the colonic mucosa
",question what finding is shown answer the image shows the colonic mucosa,bbps-0-1,False,,False,ulcerative-colitis-grade-0-1,False
test,test_000058,/home/arcturus/Desktop/old/thesis/rag-vqa-medical/Prototyping_reformat/DatasetAnalysis/HyperKvasir/0_dataset_prep/out/images/test/test_000058.jpg,2,bbps-0-1,531,633,"Question: What finding is shown? Answer: The colonic mucosa
",question what finding is shown answer the colonic mucosa,bbps-0-1,False,,False,esophagitis-b-d,False
test,test_000059,/home/arcturus/Desktop/old/thesis/rag-vqa-medical/Prototyping_reformat/DatasetAnalysis/HyperKvasir/0_dataset_prep/out/images/test/test_000059.jpg,2,bbps-0-1,531,633,"Question: What finding is shown? Answer: The image shows the upper part of the esophagus
",question what finding is shown answer the image shows the upper part of the esophagus,bbps-0-1,False,,False,esophagitis-b-d,False
test,test_000060,/home/arcturus/Desktop/old/thesis/rag-vqa-medical/Prototyping_reformat/DatasetAnalysis/HyperKvasir/0_dataset_prep/out/images/test/test_000060.jpg,2,bbps-0-1,548,627,"Question: What finding is shown? Answer: The colon is shown in this image
",question what finding is shown answer the colon is shown in this image,bbps-0-1,False,,False,esophagitis-b-d,False
test,test_000061,/home/arcturus/Desktop/old/thesis/rag-vqa-medical/Prototyping_reformat/DatasetAnalysis/HyperKvasir/0_dataset_prep/out/images/test/test_000061.jpg,2,bbps-0-1,531,633,Question: What finding is shown? Answer: The image shows the location of the duodenum and the location of the duodenal junction,question what finding is shown answer the image shows the location of the duodenum and the location of the duodenal junction,bbps-0-1,False,,False,esophagitis-b-d,False
test,test_000062,/home/arcturus/Desktop/old/thesis/rag-vqa-medical/Prototyping_reformat/DatasetAnalysis/HyperKvasir/0_dataset_prep/out/images/test/test_000062.jpg,2,bbps-0-1,547,635,"Question: What finding is shown? Answer: The colon is shown in the upper left quadrant of the image
",question what finding is shown answer the colon is shown in the upper left quadrant of the image,bbps-0-1,False,,False,esophagitis-b-d,False
test,test_000063,/home/arcturus/Desktop/old/thesis/rag-vqa-medical/Prototyping_reformat/DatasetAnalysis/HyperKvasir/0_dataset_prep/out/images/test/test_000063.jpg,2,bbps-0-1,531,633,"Question: What finding is shown? Answer: The image shows the location of the esophageal sphincter
",question what finding is shown answer the image shows the location of the esophageal sphincter,bbps-0-1,False,,False,esophagitis-b-d,False
test,test_000064,/home/arcturus/Desktop/old/thesis/rag-vqa-medical/Prototyping_reformat/DatasetAnalysis/HyperKvasir/0_dataset_prep/out/images/test/test_000064.jpg,2,bbps-0-1,548,635,"Question: What finding is shown? Answer: The colon is shown in the upper left quadrant of the image
",question what finding is shown answer the colon is shown in the upper left quadrant of the image,bbps-0-1,False,,False,esophagitis-b-d,False
test,test_000065,/home/arcturus/Desktop/old/thesis/rag-vqa-medical/Prototyping_reformat/DatasetAnalysis/HyperKvasir/0_dataset_prep/out/images/test/test_000065.jpg,2,bbps-0-1,532,633,"Question: What finding is shown? Answer: The image shows the upper part of the esophagus
",question what finding is shown answer the image shows the upper part of the esophagus,bbps-0-1,False,,False,esophagitis-b-d,False
test,test_000066,/home/arcturus/Desktop/old/thesis/rag-vqa-medical/Prototyping_reformat/DatasetAnalysis/HyperKvasir/0_dataset_prep/out/images/test/test_000066.jpg,2,bbps-0-1,531,633,"Question: What finding is shown? Answer: The image shows the location of the lesion in the esophagus
",question what finding is shown answer the image shows the location of the lesion in the esophagus,bbps-0-1,False,,False,esophagitis-b-d,False
test,test_000067,/home/arcturus/Desktop/old/thesis/rag-vqa-medical/Prototyping_reformat/DatasetAnalysis/HyperKvasir/0_dataset_prep/out/images/test/test_000067.jpg,2,bbps-0-1,532,633,"Question: What finding is shown? Answer: The image shows the location of the duodenum, the first part of the small intestine
",question what finding is shown answer the image shows the location of the duodenum the first part of the small intestine,bbps-0-1,False,,False,esophagitis-b-d,False
test,test_000068,/home/arcturus/Desktop/old/thesis/rag-vqa-medical/Prototyping_reformat/DatasetAnalysis/HyperKvasir/0_dataset_prep/out/images/test/test_000068.jpg,2,bbps-0-1,1071,1349,"Question: What finding is shown? Answer:
",question what finding is shown answer,bbps-0-1,False,,False,esophagitis-b-d,False
test,test_000069,/home/arcturus/Desktop/old/thesis/rag-vqa-medical/Prototyping_reformat/DatasetAnalysis/HyperKvasir/0_dataset_prep/out/images/test/test_000069.jpg,2,bbps-0-1,531,633,"Question: What finding is shown? Answer: The image shows the location of the duodenum in the upper left quadrant of the image
",question what finding is shown answer the image shows the location of the duodenum in the upper left quadrant of the image,bbps-0-1,False,,False,esophagitis-b-d,False
test,test_000070,/home/arcturus/Desktop/old/thesis/rag-vqa-medical/Prototyping_reformat/DatasetAnalysis/HyperKvasir/0_dataset_prep/out/images/test/test_000070.jpg,2,bbps-0-1,531,633,"Question: What finding is shown? Answer: The image shows the upper part of the esophagus
",question what finding is shown answer the image shows the upper part of the esophagus,bbps-0-1,False,,False,esophagitis-b-d,False
test,test_000071,/home/arcturus/Desktop/old/thesis/rag-vqa-medical/Prototyping_reformat/DatasetAnalysis/HyperKvasir/0_dataset_prep/out/images/test/test_000071.jpg,2,bbps-0-1,548,635,"Question: What finding is shown? Answer: The colon is shown in the colonoscopy image
",question what finding is shown answer the colon is shown in the colonoscopy image,bbps-0-1,False,,False,ulcerative-colitis-grade-2,False
test,test_000072,/home/arcturus/Desktop/old/thesis/rag-vqa-medical/Prototyping_reformat/DatasetAnalysis/HyperKvasir/0_dataset_prep/out/images/test/test_000072.jpg,2,bbps-0-1,532,633,"Question: What finding is shown? Answer: The image shows the location of the esophageal sphincter
",question what finding is shown answer the image shows the location of the esophageal sphincter,bbps-0-1,False,,False,esophagitis-b-d,False
test,test_000073,/home/arcturus/Desktop/old/thesis/rag-vqa-medical/Prototyping_reformat/DatasetAnalysis/HyperKvasir/0_dataset_prep/out/images/test/test_000073.jpg,2,bbps-0-1,547,635,"Question: What finding is shown? Answer: The colonic mucosa
",question what finding is shown answer the colonic mucosa,bbps-0-1,False,,False,esophagitis-b-d,False
test,test_000074,/home/arcturus/Desktop/old/thesis/rag-vqa-medical/Prototyping_reformat/DatasetAnalysis/HyperKvasir/0_dataset_prep/out/images/test/test_000074.jpg,3,bbps-2-3,531,633,"Question: What finding is shown? Answer: The location of the lesion
",question what finding is shown answer the location of the lesion,bbps-2-3,False,,False,esophagitis-b-d,False
test,test_000075,/home/arcturus/Desktop/old/thesis/rag-vqa-medical/Prototyping_reformat/DatasetAnalysis/HyperKvasir/0_dataset_prep/out/images/test/test_000075.jpg,3,bbps-2-3,532,633,"Question: What finding is shown? Answer: The image shows the location of the gallbladder
",question what finding is shown answer the image shows the location of the gallbladder,bbps-2-3,False,,False,esophagitis-b-d,False
test,test_000076,/home/arcturus/Desktop/old/thesis/rag-vqa-medical/Prototyping_reformat/DatasetAnalysis/HyperKvasir/0_dataset_prep/out/images/test/test_000076.jpg,3,bbps-2-3,531,633,"Question: What finding is shown? Answer: The location of the lesion is shown on the left side of the image
",question what finding is shown answer the location of the lesion is shown on the left side of the image,bbps-2-3,False,,False,ileum,False
test,test_000077,/home/arcturus/Desktop/old/thesis/rag-vqa-medical/Prototyping_reformat/DatasetAnalysis/HyperKvasir/0_dataset_prep/out/images/test/test_000077.jpg,3,bbps-2-3,532,633,"Question: What finding is shown? Answer: The colonic mucosa
",question what finding is shown answer the colonic mucosa,bbps-2-3,False,,False,esophagitis-b-d,False
test,test_000078,/home/arcturus/Desktop/old/thesis/rag-vqa-medical/Prototyping_reformat/DatasetAnalysis/HyperKvasir/0_dataset_prep/out/images/test/test_000078.jpg,3,bbps-2-3,532,633,"Question: What finding is shown? Answer: The image shows the left side of the esophagus
",question what finding is shown answer the image shows the left side of the esophagus,bbps-2-3,False,,False,esophagitis-b-d,False
test,test_000079,/home/arcturus/Desktop/old/thesis/rag-vqa-medical/Prototyping_reformat/DatasetAnalysis/HyperKvasir/0_dataset_prep/out/images/test/test_000079.jpg,3,bbps-2-3,531,633,"Question: What finding is shown? Answer: The image shows the location of the duodenum in the upper left quadrant of the image
",question what finding is shown answer the image shows the location of the duodenum in the upper left quadrant of the image,bbps-2-3,False,,False,esophagitis-b-d,False
test,test_000080,/home/arcturus/Desktop/old/thesis/rag-vqa-medical/Prototyping_reformat/DatasetAnalysis/HyperKvasir/0_dataset_prep/out/images/test/test_000080.jpg,3,bbps-2-3,531,611,"Question: What finding is shown? Answer: The image shows the location of the duodenal ulcer
",question what finding is shown answer the image shows the location of the duodenal ulcer,bbps-2-3,False,,False,esophagitis-b-d,False
test,test_000081,/home/arcturus/Desktop/old/thesis/rag-vqa-medical/Prototyping_reformat/DatasetAnalysis/HyperKvasir/0_dataset_prep/out/images/test/test_000081.jpg,3,bbps-2-3,532,633,"Question: What finding is shown? Answer: The image shows the location of the duodenal ulcer
",question what finding is shown answer the image shows the location of the duodenal ulcer,bbps-2-3,False,,False,ileum,False
test,test_000082,/home/arcturus/Desktop/old/thesis/rag-vqa-medical/Prototyping_reformat/DatasetAnalysis/HyperKvasir/0_dataset_prep/out/images/test/test_000082.jpg,3,bbps-2-3,532,633,"Question: What finding is shown? Answer: The location of the lesion is shown on the left side of the image
",question what finding is shown answer the location of the lesion is shown on the left side of the image,bbps-2-3,False,,False,esophagitis-b-d,False
test,test_000083,/home/arcturus/Desktop/old/thesis/rag-vqa-medical/Prototyping_reformat/DatasetAnalysis/HyperKvasir/0_dataset_prep/out/images/test/test_000083.jpg,3,bbps-2-3,532,633,"Question: What finding is shown? Answer: The image shows the location of the duodenal ulcer
",question what finding is shown answer the image shows the location of the duodenal ulcer,bbps-2-3,False,,False,ileum,False
test,test_000084,/home/arcturus/Desktop/old/thesis/rag-vqa-medical/Prototyping_reformat/DatasetAnalysis/HyperKvasir/0_dataset_prep/out/images/test/test_000084.jpg,3,bbps-2-3,532,633,"Question: What finding is shown? Answer: The image shows the location of the duodenal ulcer
",question what finding is shown answer the image shows the location of the duodenal ulcer,bbps-2-3,False,,False,ileum,False
test,test_000085,/home/arcturus/Desktop/old/thesis/rag-vqa-medical/Prototyping_reformat/DatasetAnalysis/HyperKvasir/0_dataset_prep/out/images/test/test_000085.jpg,3,bbps-2-3,531,633,"Question: What finding is shown? Answer: The image shows the location of the duodenum in the upper left quadrant of the image
",question what finding is shown answer the image shows the location of the duodenum in the upper left quadrant of the image,bbps-2-3,False,,False,esophagitis-b-d,False
test,test_000086,/home/arcturus/Desktop/old/thesis/rag-vqa-medical/Prototyping_reformat/DatasetAnalysis/HyperKvasir/0_dataset_prep/out/images/test/test_000086.jpg,3,bbps-2-3,532,633,"Question: What finding is shown? Answer: The image shows the location of the duodenal ulcer
",question what finding is shown answer the image shows the location of the duodenal ulcer,bbps-2-3,False,,False,ileum,False
test,test_000087,/home/arcturus/Desktop/old/thesis/rag-vqa-medical/Prototyping_reformat/DatasetAnalysis/HyperKvasir/0_dataset_prep/out/images/test/test_000087.jpg,3,bbps-2-3,532,633,"Question: What finding is shown? Answer: The image shows the upper part of the colon
",question what finding is shown answer the image shows the upper part of the colon,bbps-2-3,False,,False,esophagitis-b-d,False
test,test_000088,/home/arcturus/Desktop/old/thesis/rag-vqa-medical/Prototyping_reformat/DatasetAnalysis/HyperKvasir/0_dataset_prep/out/images/test/test_000088.jpg,3,bbps-2-3,531,633,"Question: What finding is shown? Answer: The image shows the location of the duodenum in the upper left quadrant of the image
",question what finding is shown answer the image shows the location of the duodenum in the upper left quadrant of the image,bbps-2-3,False,,False,esophagitis-b-d,False
test,test_000089,/home/arcturus/Desktop/old/thesis/rag-vqa-medical/Prototyping_reformat/DatasetAnalysis/HyperKvasir/0_dataset_prep/out/images/test/test_000089.jpg,3,bbps-2-3,532,633,"Question: What finding is shown? Answer: The image shows the upper part of the duodenum
",question what finding is shown answer the image shows the upper part of the duodenum,bbps-2-3,False,,False,esophagitis-a,False
test,test_000090,/home/arcturus/Desktop/old/thesis/rag-vqa-medical/Prototyping_reformat/DatasetAnalysis/HyperKvasir/0_dataset_prep/out/images/test/test_000090.jpg,3,bbps-2-3,531,633,"Question: What finding is shown? Answer: The colonic mucosa
",question what finding is shown answer the colonic mucosa,bbps-2-3,False,,False,esophagitis-b-d,False
test,test_000091,/home/arcturus/Desktop/old/thesis/rag-vqa-medical/Prototyping_reformat/DatasetAnalysis/HyperKvasir/0_dataset_prep/out/images/test/test_000091.jpg,3,bbps-2-3,531,628,"Question: What finding is shown? Answer: The location of the duodenum
",question what finding is shown answer the location of the duodenum,bbps-2-3,False,,False,esophagitis-b-d,False
test,test_000092,/home/arcturus/Desktop/old/thesis/rag-vqa-medical/Prototyping_reformat/DatasetAnalysis/HyperKvasir/0_dataset_prep/out/images/test/test_000092.jpg,3,bbps-2-3,532,633,"Question: What finding is shown? Answer: The image shows the ureteral tract
",question what finding is shown answer the image shows the ureteral tract,bbps-2-3,False,,False,esophagitis-b-d,False
test,test_000093,/home/arcturus/Desktop/old/thesis/rag-vqa-medical/Prototyping_reformat/DatasetAnalysis/HyperKvasir/0_dataset_prep/out/images/test/test_000093.jpg,3,bbps-2-3,531,633,"Question: What finding is shown? Answer: The image shows the location of the duodenum in the upper left quadrant of the image
",question what finding is shown answer the image shows the location of the duodenum in the upper left quadrant of the image,bbps-2-3,False,,False,esophagitis-b-d,False
test,test_000094,/home/arcturus/Desktop/old/thesis/rag-vqa-medical/Prototyping_reformat/DatasetAnalysis/HyperKvasir/0_dataset_prep/out/images/test/test_000094.jpg,3,bbps-2-3,532,633,"Question: What finding is shown? Answer: The colonic mucosa is stained with a dye called indocyanine green
",question what finding is shown answer the colonic mucosa is stained with a dye called indocyanine green,bbps-2-3,False,,False,esophagitis-b-d,False
test,test_000095,/home/arcturus/Desktop/old/thesis/rag-vqa-medical/Prototyping_reformat/DatasetAnalysis/HyperKvasir/0_dataset_prep/out/images/test/test_000095.jpg,3,bbps-2-3,531,624,"Question: What finding is shown? Answer: The image shows the location of the duodenum in the upper left quadrant of the image
",question what finding is shown answer the image shows the location of the duodenum in the upper left quadrant of the image,bbps-2-3,False,,False,esophagitis-b-d,False
test,test_000096,/home/arcturus/Desktop/old/thesis/rag-vqa-medical/Prototyping_reformat/DatasetAnalysis/HyperKvasir/0_dataset_prep/out/images/test/test_000096.jpg,3,bbps-2-3,532,633,"Question: What finding is shown? Answer: The colon is shown in the upper left quadrant of the image
",question what finding is shown answer the colon is shown in the upper left quadrant of the image,bbps-2-3,False,,False,esophagitis-a,False
test,test_000097,/home/arcturus/Desktop/old/thesis/rag-vqa-medical/Prototyping_reformat/DatasetAnalysis/HyperKvasir/0_dataset_prep/out/images/test/test_000097.jpg,3,bbps-2-3,531,633,"Question: What finding is shown? Answer: The image shows the location of the esophageal sphincter
",question what finding is shown answer the image shows the location of the esophageal sphincter,bbps-2-3,False,,False,esophagitis-b-d,False
test,test_000098,/home/arcturus/Desktop/old/thesis/rag-vqa-medical/Prototyping_reformat/DatasetAnalysis/HyperKvasir/0_dataset_prep/out/images/test/test_000098.jpg,3,bbps-2-3,531,633,"Question: What finding is shown? Answer: The colonic mucosa
",question what finding is shown answer the colonic mucosa,bbps-2-3,False,,False,ileum,False
test,test_000099,/home/arcturus/Desktop/old/thesis/rag-vqa-medical/Prototyping_reformat/DatasetAnalysis/HyperKvasir/0_dataset_prep/out/images/test/test_000099.jpg,3,bbps-2-3,531,627,"Question: What finding is shown? Answer: The location of the esophageal sphincter
",question what finding is shown answer the location of the esophageal sphincter,bbps-2-3,False,,False,esophagitis-b-d,False
test,test_000100,/home/arcturus/Desktop/old/thesis/rag-vqa-medical/Prototyping_reformat/DatasetAnalysis/HyperKvasir/0_dataset_prep/out/images/test/test_000100.jpg,3,bbps-2-3,531,633,"Question: What finding is shown? Answer: The location of the lesion
",question what finding is shown answer the location of the lesion,bbps-2-3,False,,False,esophagitis-b-d,False
test,test_000101,/home/arcturus/Desktop/old/thesis/rag-vqa-medical/Prototyping_reformat/DatasetAnalysis/HyperKvasir/0_dataset_prep/out/images/test/test_000101.jpg,3,bbps-2-3,532,633,"Question: What finding is shown? Answer: The image shows the location of the duodenal ulcer
",question what finding is shown answer the image shows the location of the duodenal ulcer,bbps-2-3,False,,False,esophagitis-b-d,False
test,test_000102,/home/arcturus/Desktop/old/thesis/rag-vqa-medical/Prototyping_reformat/DatasetAnalysis/HyperKvasir/0_dataset_prep/out/images/test/test_000102.jpg,3,bbps-2-3,548,627,"Question: What finding is shown? Answer: The colon is shown in this image
",question what finding is shown answer the colon is shown in this image,bbps-2-3,False,,False,esophagitis-b-d,False
test,test_000103,/home/arcturus/Desktop/old/thesis/rag-vqa-medical/Prototyping_reformat/DatasetAnalysis/HyperKvasir/0_dataset_prep/out/images/test/test_000103.jpg,3,bbps-2-3,532,633,"Question: What finding is shown? Answer: The image shows the upper part of the stomach
",question what finding is shown answer the image shows the upper part of the stomach,bbps-2-3,False,,False,esophagitis-b-d,False
test,test_000104,/home/arcturus/Desktop/old/thesis/rag-vqa-medical/Prototyping_reformat/DatasetAnalysis/HyperKvasir/0_dataset_prep/out/images/test/test_000104.jpg,3,bbps-2-3,531,633,"Question: What finding is shown? Answer: The image shows the location of the gallbladder
",question what finding is shown answer the image shows the location of the gallbladder,bbps-2-3,False,,False,dyed-lifted-polyps,False
test,test_000105,/home/arcturus/Desktop/old/thesis/rag-vqa-medical/Prototyping_reformat/DatasetAnalysis/HyperKvasir/0_dataset_prep/out/images/test/test_000105.jpg,3,bbps-2-3,531,633,"Question: What finding is shown? Answer: The image shows the location of the duodenal ulcer
",question what finding is shown answer the image shows the location of the duodenal ulcer,bbps-2-3,False,,False,esophagitis-a,False
test,test_000106,/home/arcturus/Desktop/old/thesis/rag-vqa-medical/Prototyping_reformat/DatasetAnalysis/HyperKvasir/0_dataset_prep/out/images/test/test_000106.jpg,3,bbps-2-3,532,633,"Question: What finding is shown? Answer: The image shows the location of the lesion in the esophagus
",question what finding is shown answer the image shows the location of the lesion in the esophagus,bbps-2-3,False,,False,ileum,False
test,test_000107,/home/arcturus/Desktop/old/thesis/rag-vqa-medical/Prototyping_reformat/DatasetAnalysis/HyperKvasir/0_dataset_prep/out/images/test/test_000107.jpg,3,bbps-2-3,531,633,"Question: What finding is shown? Answer: The colon is shown in the upper left quadrant of the image
",question what finding is shown answer the colon is shown in the upper left quadrant of the image,bbps-2-3,False,,False,esophagitis-b-d,False
test,test_000108,/home/arcturus/Desktop/old/thesis/rag-vqa-medical/Prototyping_reformat/DatasetAnalysis/HyperKvasir/0_dataset_prep/out/images/test/test_000108.jpg,3,bbps-2-3,531,633,"Question: What finding is shown? Answer: The location of the duodenal ulcer
",question what finding is shown answer the location of the duodenal ulcer,bbps-2-3,False,,False,ileum,False
test,test_000109,/home/arcturus/Desktop/old/thesis/rag-vqa-medical/Prototyping_reformat/DatasetAnalysis/HyperKvasir/0_dataset_prep/out/images/test/test_000109.jpg,3,bbps-2-3,531,633,"Question: What finding is shown? Answer: The colon is empty
",question what finding is shown answer the colon is empty,bbps-2-3,False,,False,esophagitis-b-d,False
test,test_000110,/home/arcturus/Desktop/old/thesis/rag-vqa-medical/Prototyping_reformat/DatasetAnalysis/HyperKvasir/0_dataset_prep/out/images/test/test_000110.jpg,3,bbps-2-3,532,633,"Question: What finding is shown? Answer: The image shows the location of the duodenum in the upper left quadrant of the image
",question what finding is shown answer the image shows the location of the duodenum in the upper left quadrant of the image,bbps-2-3,False,,False,ileum,False
test,test_000111,/home/arcturus/Desktop/old/thesis/rag-vqa-medical/Prototyping_reformat/DatasetAnalysis/HyperKvasir/0_dataset_prep/out/images/test/test_000111.jpg,3,bbps-2-3,532,633,"Question: What finding is shown? Answer: The image shows the location of the duodenal ulcer
",question what finding is shown answer the image shows the location of the duodenal ulcer,bbps-2-3,False,,False,esophagitis-b-d,False
test,test_000112,/home/arcturus/Desktop/old/thesis/rag-vqa-medical/Prototyping_reformat/DatasetAnalysis/HyperKvasir/0_dataset_prep/out/images/test/test_000112.jpg,3,bbps-2-3,532,633,"Question: What finding is shown? Answer: The image shows the location of the duodenal ulcer
",question what finding is shown answer the image shows the location of the duodenal ulcer,bbps-2-3,False,,False,ileum,False
test,test_000113,/home/arcturus/Desktop/old/thesis/rag-vqa-medical/Prototyping_reformat/DatasetAnalysis/HyperKvasir/0_dataset_prep/out/images/test/test_000113.jpg,3,bbps-2-3,532,633,"Question: What finding is shown? Answer: The image shows the location of the gallbladder
",question what finding is shown answer the image shows the location of the gallbladder,bbps-2-3,False,,False,esophagitis-b-d,False
test,test_000114,/home/arcturus/Desktop/old/thesis/rag-vqa-medical/Prototyping_reformat/DatasetAnalysis/HyperKvasir/0_dataset_prep/out/images/test/test_000114.jpg,3,bbps-2-3,532,633,"Question: What finding is shown? Answer: The image shows the location of the lesion in the esophagus
",question what finding is shown answer the image shows the location of the lesion in the esophagus,bbps-2-3,False,,False,ileum,False
test,test_000115,/home/arcturus/Desktop/old/thesis/rag-vqa-medical/Prototyping_reformat/DatasetAnalysis/HyperKvasir/0_dataset_prep/out/images/test/test_000115.jpg,3,bbps-2-3,531,633,"Question: What finding is shown? Answer: The image shows the upper part of the colon
",question what finding is shown answer the image shows the upper part of the colon,bbps-2-3,False,,False,esophagitis-b-d,False
test,test_000116,/home/arcturus/Desktop/old/thesis/rag-vqa-medical/Prototyping_reformat/DatasetAnalysis/HyperKvasir/0_dataset_prep/out/images/test/test_000116.jpg,3,bbps-2-3,532,633,"Question: What finding is shown? Answer: The image shows the location of the gallbladder
",question what finding is shown answer the image shows the location of the gallbladder,bbps-2-3,False,,False,esophagitis-b-d,False
test,test_000117,/home/arcturus/Desktop/old/thesis/rag-vqa-medical/Prototyping_reformat/DatasetAnalysis/HyperKvasir/0_dataset_prep/out/images/test/test_000117.jpg,3,bbps-2-3,532,633,"Question: What finding is shown? Answer: The image shows the upper part of the esophagus
",question what finding is shown answer the image shows the upper part of the esophagus,bbps-2-3,False,,False,esophagitis-b-d,False
test,test_000118,/home/arcturus/Desktop/old/thesis/rag-vqa-medical/Prototyping_reformat/DatasetAnalysis/HyperKvasir/0_dataset_prep/out/images/test/test_000118.jpg,3,bbps-2-3,531,633,Question: What finding is shown? Answer: The image shows the location of the duodenum and the location of the duodenal junction,question what finding is shown answer the image shows the location of the duodenum and the location of the duodenal junction,bbps-2-3,False,,False,esophagitis-b-d,False
test,test_000119,/home/arcturus/Desktop/old/thesis/rag-vqa-medical/Prototyping_reformat/DatasetAnalysis/HyperKvasir/0_dataset_prep/out/images/test/test_000119.jpg,3,bbps-2-3,532,633,"Question: What finding is shown? Answer: The colon is shown in the upper left quadrant of the image
",question what finding is shown answer the colon is shown in the upper left quadrant of the image,bbps-2-3,False,,False,esophagitis-b-d,False
test,test_000120,/home/arcturus/Desktop/old/thesis/rag-vqa-medical/Prototyping_reformat/DatasetAnalysis/HyperKvasir/0_dataset_prep/out/images/test/test_000120.jpg,3,bbps-2-3,531,633,"Question: What finding is shown? Answer: The colon is shown in the upper left quadrant of the image
",question what finding is shown answer the colon is shown in the upper left quadrant of the image,bbps-2-3,False,,False,esophagitis-b-d,False
test,test_000121,/home/arcturus/Desktop/old/thesis/rag-vqa-medical/Prototyping_reformat/DatasetAnalysis/HyperKvasir/0_dataset_prep/out/images/test/test_000121.jpg,3,bbps-2-3,532,633,"Question: What finding is shown? Answer: The image shows the location of the duodenal ulcer
",question what finding is shown answer the image shows the location of the duodenal ulcer,bbps-2-3,False,,False,ileum,False
test,test_000122,/home/arcturus/Desktop/old/thesis/rag-vqa-medical/Prototyping_reformat/DatasetAnalysis/HyperKvasir/0_dataset_prep/out/images/test/test_000122.jpg,3,bbps-2-3,532,633,"Question: What finding is shown? Answer: The image shows the location of the duodenal ulcer
",question what finding is shown answer the image shows the location of the duodenal ulcer,bbps-2-3,False,,False,esophagitis-b-d,False
test,test_000123,/home/arcturus/Desktop/old/thesis/rag-vqa-medical/Prototyping_reformat/DatasetAnalysis/HyperKvasir/0_dataset_prep/out/images/test/test_000123.jpg,3,bbps-2-3,531,633,"Question: What finding is shown? Answer: The colonic mucosa
",question what finding is shown answer the colonic mucosa,bbps-2-3,False,,False,ileum,False
test,test_000124,/home/arcturus/Desktop/old/thesis/rag-vqa-medical/Prototyping_reformat/DatasetAnalysis/HyperKvasir/0_dataset_prep/out/images/test/test_000124.jpg,3,bbps-2-3,532,633,"Question: What finding is shown? Answer: The location of the lesion is shown on the left side of the image
",question what finding is shown answer the location of the lesion is shown on the left side of the image,bbps-2-3,False,,False,esophagitis-b-d,False
test,test_000125,/home/arcturus/Desktop/old/thesis/rag-vqa-medical/Prototyping_reformat/DatasetAnalysis/HyperKvasir/0_dataset_prep/out/images/test/test_000125.jpg,3,bbps-2-3,532,633,"Question: What finding is shown? Answer: The image shows the location of the duodenal ulcer
",question what finding is shown answer the image shows the location of the duodenal ulcer,bbps-2-3,False,,False,esophagitis-b-d,False
test,test_000126,/home/arcturus/Desktop/old/thesis/rag-vqa-medical/Prototyping_reformat/DatasetAnalysis/HyperKvasir/0_dataset_prep/out/images/test/test_000126.jpg,3,bbps-2-3,531,633,"Question: What finding is shown? Answer: The image shows the upper part of the colon
",question what finding is shown answer the image shows the upper part of the colon,bbps-2-3,False,,False,esophagitis-b-d,False
test,test_000127,/home/arcturus/Desktop/old/thesis/rag-vqa-medical/Prototyping_reformat/DatasetAnalysis/HyperKvasir/0_dataset_prep/out/images/test/test_000127.jpg,3,bbps-2-3,532,633,"Question: What finding is shown? Answer: The image shows the upper part of the esophagus
",question what finding is shown answer the image shows the upper part of the esophagus,bbps-2-3,False,,False,esophagitis-b-d,False
test,test_000128,/home/arcturus/Desktop/old/thesis/rag-vqa-medical/Prototyping_reformat/DatasetAnalysis/HyperKvasir/0_dataset_prep/out/images/test/test_000128.jpg,3,bbps-2-3,532,633,"Question: What finding is shown? Answer: The image shows the location of the duodenal ulcer
",question what finding is shown answer the image shows the location of the duodenal ulcer,bbps-2-3,False,,False,esophagitis-b-d,False
test,test_000129,/home/arcturus/Desktop/old/thesis/rag-vqa-medical/Prototyping_reformat/DatasetAnalysis/HyperKvasir/0_dataset_prep/out/images/test/test_000129.jpg,3,bbps-2-3,532,633,"Question: What finding is shown? Answer: The image shows the upper part of the colon
",question what finding is shown answer the image shows the upper part of the colon,bbps-2-3,False,,False,ileum,False
test,test_000130,/home/arcturus/Desktop/old/thesis/rag-vqa-medical/Prototyping_reformat/DatasetAnalysis/HyperKvasir/0_dataset_prep/out/images/test/test_000130.jpg,3,bbps-2-3,532,633,"Question: What finding is shown? Answer: The image shows the location of the duodenal ulcer
",question what finding is shown answer the image shows the location of the duodenal ulcer,bbps-2-3,False,,False,esophagitis-a,False
test,test_000131,/home/arcturus/Desktop/old/thesis/rag-vqa-medical/Prototyping_reformat/DatasetAnalysis/HyperKvasir/0_dataset_prep/out/images/test/test_000131.jpg,3,bbps-2-3,532,633,"Question: What finding is shown? Answer: The colon is shown in the upper left quadrant of the image
",question what finding is shown answer the colon is shown in the upper left quadrant of the image,bbps-2-3,False,,False,esophagitis-b-d,False
test,test_000132,/home/arcturus/Desktop/old/thesis/rag-vqa-medical/Prototyping_reformat/DatasetAnalysis/HyperKvasir/0_dataset_prep/out/images/test/test_000132.jpg,3,bbps-2-3,532,633,"Question: What finding is shown? Answer: The colon is shown in the upper left quadrant of the image
",question what finding is shown answer the colon is shown in the upper left quadrant of the image,bbps-2-3,False,,False,esophagitis-b-d,False
test,test_000133,/home/arcturus/Desktop/old/thesis/rag-vqa-medical/Prototyping_reformat/DatasetAnalysis/HyperKvasir/0_dataset_prep/out/images/test/test_000133.jpg,3,bbps-2-3,532,633,"Question: What finding is shown? Answer: The image shows the location of the duodenal ulcer
",question what finding is shown answer the image shows the location of the duodenal ulcer,bbps-2-3,False,,False,ileum,False
test,test_000134,/home/arcturus/Desktop/old/thesis/rag-vqa-medical/Prototyping_reformat/DatasetAnalysis/HyperKvasir/0_dataset_prep/out/images/test/test_000134.jpg,3,bbps-2-3,532,633,"Question: What finding is shown? Answer: The image shows the location of the esophageal sphincter
",question what finding is shown answer the image shows the location of the esophageal sphincter,bbps-2-3,False,,False,ileum,False
test,test_000135,/home/arcturus/Desktop/old/thesis/rag-vqa-medical/Prototyping_reformat/DatasetAnalysis/HyperKvasir/0_dataset_prep/out/images/test/test_000135.jpg,3,bbps-2-3,531,633,"Question: What finding is shown? Answer: The location of the duodenal ulcer
",question what finding is shown answer the location of the duodenal ulcer,bbps-2-3,False,,False,esophagitis-b-d,False
test,test_000136,/home/arcturus/Desktop/old/thesis/rag-vqa-medical/Prototyping_reformat/DatasetAnalysis/HyperKvasir/0_dataset_prep/out/images/test/test_000136.jpg,3,bbps-2-3,530,633,"Question: What finding is shown? Answer: The image shows the location of the esophageal sphincter
",question what finding is shown answer the image shows the location of the esophageal sphincter,bbps-2-3,False,,False,esophagitis-b-d,False
test,test_000137,/home/arcturus/Desktop/old/thesis/rag-vqa-medical/Prototyping_reformat/DatasetAnalysis/HyperKvasir/0_dataset_prep/out/images/test/test_000137.jpg,3,bbps-2-3,532,633,"Question: What finding is shown? Answer: The image shows the location of the lesion in the esophagus
",question what finding is shown answer the image shows the location of the lesion in the esophagus,bbps-2-3,False,,False,esophagitis-b-d,False
test,test_000138,/home/arcturus/Desktop/old/thesis/rag-vqa-medical/Prototyping_reformat/DatasetAnalysis/HyperKvasir/0_dataset_prep/out/images/test/test_000138.jpg,3,bbps-2-3,532,633,Question: What finding is shown? Answer: The colon is shown in the upper left quadrant of the image. The colon is shown in the,question what finding is shown answer the colon is shown in the upper left quadrant of the image the colon is shown in the,bbps-2-3,False,,False,esophagitis-a,False
test,test_000139,/home/arcturus/Desktop/old/thesis/rag-vqa-medical/Prototyping_reformat/DatasetAnalysis/HyperKvasir/0_dataset_prep/out/images/test/test_000139.jpg,3,bbps-2-3,532,633,"Question: What finding is shown? Answer: The colon is shown in the upper left quadrant of the image
",question what finding is shown answer the colon is shown in the upper left quadrant of the image,bbps-2-3,False,,False,esophagitis-b-d,False
test,test_000140,/home/arcturus/Desktop/old/thesis/rag-vqa-medical/Prototyping_reformat/DatasetAnalysis/HyperKvasir/0_dataset_prep/out/images/test/test_000140.jpg,3,bbps-2-3,532,633,"Question: What finding is shown? Answer: The image shows the location of the duodenal ulcer
",question what finding is shown answer the image shows the location of the duodenal ulcer,bbps-2-3,False,,False,esophagitis-b-d,False
test,test_000141,/home/arcturus/Desktop/old/thesis/rag-vqa-medical/Prototyping_reformat/DatasetAnalysis/HyperKvasir/0_dataset_prep/out/images/test/test_000141.jpg,3,bbps-2-3,531,633,"Question: What finding is shown? Answer: The colon is shown with a colonoscopy
",question what finding is shown answer the colon is shown with a colonoscopy,bbps-2-3,False,,False,esophagitis-a,False
test,test_000142,/home/arcturus/Desktop/old/thesis/rag-vqa-medical/Prototyping_reformat/DatasetAnalysis/HyperKvasir/0_dataset_prep/out/images/test/test_000142.jpg,3,bbps-2-3,531,633,"Question: What finding is shown? Answer: The colonic mucosa
",question what finding is shown answer the colonic mucosa,bbps-2-3,False,,False,esophagitis-b-d,False
test,test_000143,/home/arcturus/Desktop/old/thesis/rag-vqa-medical/Prototyping_reformat/DatasetAnalysis/HyperKvasir/0_dataset_prep/out/images/test/test_000143.jpg,3,bbps-2-3,532,633,"Question: What finding is shown? Answer: The image shows the location of the duodenal ulcer
",question what finding is shown answer the image shows the location of the duodenal ulcer,bbps-2-3,False,,False,esophagitis-b-d,False
test,test_000144,/home/arcturus/Desktop/old/thesis/rag-vqa-medical/Prototyping_reformat/DatasetAnalysis/HyperKvasir/0_dataset_prep/out/images/test/test_000144.jpg,3,bbps-2-3,532,633,"Question: What finding is shown? Answer: The colon is shown in the upper left quadrant of the image
",question what finding is shown answer the colon is shown in the upper left quadrant of the image,bbps-2-3,False,,False,esophagitis-b-d,False
test,test_000145,/home/arcturus/Desktop/old/thesis/rag-vqa-medical/Prototyping_reformat/DatasetAnalysis/HyperKvasir/0_dataset_prep/out/images/test/test_000145.jpg,3,bbps-2-3,531,633,"Question: What finding is shown? Answer: The colonic mucosa
",question what finding is shown answer the colonic mucosa,bbps-2-3,False,,False,esophagitis-b-d,False
test,test_000146,/home/arcturus/Desktop/old/thesis/rag-vqa-medical/Prototyping_reformat/DatasetAnalysis/HyperKvasir/0_dataset_prep/out/images/test/test_000146.jpg,3,bbps-2-3,531,633,"Question: What finding is shown? Answer: The colon is shown with a colonoscopy
",question what finding is shown answer the colon is shown with a colonoscopy,bbps-2-3,False,,False,esophagitis-b-d,False
test,test_000147,/home/arcturus/Desktop/old/thesis/rag-vqa-medical/Prototyping_reformat/DatasetAnalysis/HyperKvasir/0_dataset_prep/out/images/test/test_000147.jpg,3,bbps-2-3,532,633,"Question: What finding is shown? Answer: The image shows the location of the duodenal ulcer
",question what finding is shown answer the image shows the location of the duodenal ulcer,bbps-2-3,False,,False,ileum,False
test,test_000148,/home/arcturus/Desktop/old/thesis/rag-vqa-medical/Prototyping_reformat/DatasetAnalysis/HyperKvasir/0_dataset_prep/out/images/test/test_000148.jpg,3,bbps-2-3,531,627,"Question: What finding is shown? Answer: The location of the esophageal sphincter
",question what finding is shown answer the location of the esophageal sphincter,bbps-2-3,False,,False,esophagitis-b-d,False
test,test_000149,/home/arcturus/Desktop/old/thesis/rag-vqa-medical/Prototyping_reformat/DatasetAnalysis/HyperKvasir/0_dataset_prep/out/images/test/test_000149.jpg,3,bbps-2-3,531,633,Question: What finding is shown? Answer: The image shows the location of the duodenum and the location of the duodenal junction,question what finding is shown answer the image shows the location of the duodenum and the location of the duodenal junction,bbps-2-3,False,,False,esophagitis-b-d,False
test,test_000150,/home/arcturus/Desktop/old/thesis/rag-vqa-medical/Prototyping_reformat/DatasetAnalysis/HyperKvasir/0_dataset_prep/out/images/test/test_000150.jpg,3,bbps-2-3,532,633,"Question: What finding is shown? Answer: The image shows the location of the esophageal sphincter
",question what finding is shown answer the image shows the location of the esophageal sphincter,bbps-2-3,False,,False,esophagitis-b-d,False
test,test_000151,/home/arcturus/Desktop/old/thesis/rag-vqa-medical/Prototyping_reformat/DatasetAnalysis/HyperKvasir/0_dataset_prep/out/images/test/test_000151.jpg,3,bbps-2-3,532,633,"Question: What finding is shown? Answer: The image shows the location of the duodenum
",question what finding is shown answer the image shows the location of the duodenum,bbps-2-3,False,,False,ileum,False
test,test_000152,/home/arcturus/Desktop/old/thesis/rag-vqa-medical/Prototyping_reformat/DatasetAnalysis/HyperKvasir/0_dataset_prep/out/images/test/test_000152.jpg,3,bbps-2-3,531,633,"Question: What finding is shown? Answer: The image shows the location of the esophageal sphincter
",question what finding is shown answer the image shows the location of the esophageal sphincter,bbps-2-3,False,,False,esophagitis-b-d,False
test,test_000153,/home/arcturus/Desktop/old/thesis/rag-vqa-medical/Prototyping_reformat/DatasetAnalysis/HyperKvasir/0_dataset_prep/out/images/test/test_000153.jpg,3,bbps-2-3,532,633,"Question: What finding is shown? Answer: The image shows the upper part of the stomach
",question what finding is shown answer the image shows the upper part of the stomach,bbps-2-3,False,,False,esophagitis-b-d,False
test,test_000154,/home/arcturus/Desktop/old/thesis/rag-vqa-medical/Prototyping_reformat/DatasetAnalysis/HyperKvasir/0_dataset_prep/out/images/test/test_000154.jpg,3,bbps-2-3,532,633,"Question: What finding is shown? Answer: The location of the duodenal ulcer
",question what finding is shown answer the location of the duodenal ulcer,bbps-2-3,False,,False,ileum,False
test,test_000155,/home/arcturus/Desktop/old/thesis/rag-vqa-medical/Prototyping_reformat/DatasetAnalysis/HyperKvasir/0_dataset_prep/out/images/test/test_000155.jpg,3,bbps-2-3,532,633,"Question: What finding is shown? Answer: The colonic mucosa is stained with a fluorescent dye
",question what finding is shown answer the colonic mucosa is stained with a fluorescent dye,bbps-2-3,False,,False,esophagitis-b-d,False
test,test_000156,/home/arcturus/Desktop/old/thesis/rag-vqa-medical/Prototyping_reformat/DatasetAnalysis/HyperKvasir/0_dataset_prep/out/images/test/test_000156.jpg,3,bbps-2-3,531,633,"Question: What finding is shown? Answer: The image shows the upper part of the duodenum, which is the first part of the small",question what finding is shown answer the image shows the upper part of the duodenum which is the first part of the small,bbps-2-3,False,,False,esophagitis-b-d,False
test,test_000157,/home/arcturus/Desktop/old/thesis/rag-vqa-medical/Prototyping_reformat/DatasetAnalysis/HyperKvasir/0_dataset_prep/out/images/test/test_000157.jpg,3,bbps-2-3,531,633,"Question: What finding is shown? Answer: The colon is shown in the upper left quadrant of the image
",question what finding is shown answer the colon is shown in the upper left quadrant of the image,bbps-2-3,False,,False,esophagitis-b-d,False
test,test_000158,/home/arcturus/Desktop/old/thesis/rag-vqa-medical/Prototyping_reformat/DatasetAnalysis/HyperKvasir/0_dataset_prep/out/images/test/test_000158.jpg,3,bbps-2-3,532,633,"Question: What finding is shown? Answer: The image shows the location of the duodenal ulcer
",question what finding is shown answer the image shows the location of the duodenal ulcer,bbps-2-3,False,,False,esophagitis-a,False
test,test_000159,/home/arcturus/Desktop/old/thesis/rag-vqa-medical/Prototyping_reformat/DatasetAnalysis/HyperKvasir/0_dataset_prep/out/images/test/test_000159.jpg,3,bbps-2-3,531,633,"Question: What finding is shown? Answer: The colon is shown in the upper left quadrant of the image
",question what finding is shown answer the colon is shown in the upper left quadrant of the image,bbps-2-3,False,,False,esophagitis-b-d,False
test,test_000160,/home/arcturus/Desktop/old/thesis/rag-vqa-medical/Prototyping_reformat/DatasetAnalysis/HyperKvasir/0_dataset_prep/out/images/test/test_000160.jpg,3,bbps-2-3,531,633,"Question: What finding is shown? Answer: The colon is shown in the upper left quadrant of the image
",question what finding is shown answer the colon is shown in the upper left quadrant of the image,bbps-2-3,False,,False,esophagitis-b-d,False
test,test_000161,/home/arcturus/Desktop/old/thesis/rag-vqa-medical/Prototyping_reformat/DatasetAnalysis/HyperKvasir/0_dataset_prep/out/images/test/test_000161.jpg,3,bbps-2-3,532,633,"Question: What finding is shown? Answer: The image shows the location of the gallbladder
",question what finding is shown answer the image shows the location of the gallbladder,bbps-2-3,False,,False,esophagitis-b-d,False
test,test_000162,/home/arcturus/Desktop/old/thesis/rag-vqa-medical/Prototyping_reformat/DatasetAnalysis/HyperKvasir/0_dataset_prep/out/images/test/test_000162.jpg,3,bbps-2-3,531,633,"Question: What finding is shown? Answer: The colon is shown in the upper left quadrant of the image
",question what finding is shown answer the colon is shown in the upper left quadrant of the image,bbps-2-3,False,,False,esophagitis-b-d,False
test,test_000163,/home/arcturus/Desktop/old/thesis/rag-vqa-medical/Prototyping_reformat/DatasetAnalysis/HyperKvasir/0_dataset_prep/out/images/test/test_000163.jpg,3,bbps-2-3,532,633,"Question: What finding is shown? Answer: The image shows the location of the duodenal ulcer
",question what finding is shown answer the image shows the location of the duodenal ulcer,bbps-2-3,False,,False,esophagitis-b-d,False
test,test_000164,/home/arcturus/Desktop/old/thesis/rag-vqa-medical/Prototyping_reformat/DatasetAnalysis/HyperKvasir/0_dataset_prep/out/images/test/test_000164.jpg,3,bbps-2-3,532,633,"Question: What finding is shown? Answer: The location of the sound source
",question what finding is shown answer the location of the sound source,bbps-2-3,False,,False,esophagitis-b-d,False
test,test_000165,/home/arcturus/Desktop/old/thesis/rag-vqa-medical/Prototyping_reformat/DatasetAnalysis/HyperKvasir/0_dataset_prep/out/images/test/test_000165.jpg,3,bbps-2-3,532,633,"Question: What finding is shown? Answer: The colon is shown in the upper left quadrant of the image
",question what finding is shown answer the colon is shown in the upper left quadrant of the image,bbps-2-3,False,,False,esophagitis-b-d,False
test,test_000166,/home/arcturus/Desktop/old/thesis/rag-vqa-medical/Prototyping_reformat/DatasetAnalysis/HyperKvasir/0_dataset_prep/out/images/test/test_000166.jpg,3,bbps-2-3,531,633,"Question: What finding is shown? Answer: The image shows the upper part of the colon
",question what finding is shown answer the image shows the upper part of the colon,bbps-2-3,False,,False,esophagitis-b-d,False
test,test_000167,/home/arcturus/Desktop/old/thesis/rag-vqa-medical/Prototyping_reformat/DatasetAnalysis/HyperKvasir/0_dataset_prep/out/images/test/test_000167.jpg,3,bbps-2-3,532,633,"Question: What finding is shown? Answer: The image shows the upper part of the colon
",question what finding is shown answer the image shows the upper part of the colon,bbps-2-3,False,,False,esophagitis-b-d,False
test,test_000168,/home/arcturus/Desktop/old/thesis/rag-vqa-medical/Prototyping_reformat/DatasetAnalysis/HyperKvasir/0_dataset_prep/out/images/test/test_000168.jpg,3,bbps-2-3,531,633,"Question: What finding is shown? Answer: The colonic mucosa
",question what finding is shown answer the colonic mucosa,bbps-2-3,False,,False,esophagitis-b-d,False
test,test_000169,/home/arcturus/Desktop/old/thesis/rag-vqa-medical/Prototyping_reformat/DatasetAnalysis/HyperKvasir/0_dataset_prep/out/images/test/test_000169.jpg,3,bbps-2-3,532,633,"Question: What finding is shown? Answer: The location of the duodenal ulcer
",question what finding is shown answer the location of the duodenal ulcer,bbps-2-3,False,,False,ileum,False
test,test_000170,/home/arcturus/Desktop/old/thesis/rag-vqa-medical/Prototyping_reformat/DatasetAnalysis/HyperKvasir/0_dataset_prep/out/images/test/test_000170.jpg,3,bbps-2-3,531,633,"Question: What finding is shown? Answer: The location of the lesion is shown on the left side of the image
",question what finding is shown answer the location of the lesion is shown on the left side of the image,bbps-2-3,False,,False,esophagitis-b-d,False
test,test_000171,/home/arcturus/Desktop/old/thesis/rag-vqa-medical/Prototyping_reformat/DatasetAnalysis/HyperKvasir/0_dataset_prep/out/images/test/test_000171.jpg,3,bbps-2-3,530,459,"Question: What finding is shown? Answer: The image shows the location of the duodenum in the upper left quadrant of the image
",question what finding is shown answer the image shows the location of the duodenum in the upper left quadrant of the image,bbps-2-3,False,,False,esophagitis-b-d,False
test,test_000172,/home/arcturus/Desktop/old/thesis/rag-vqa-medical/Prototyping_reformat/DatasetAnalysis/HyperKvasir/0_dataset_prep/out/images/test/test_000172.jpg,3,bbps-2-3,531,633,Question: What finding is shown? Answer: The image shows the location of the duodenum and the location of the duodenal junction,question what finding is shown answer the image shows the location of the duodenum and the location of the duodenal junction,bbps-2-3,False,,False,esophagitis-b-d,False
test,test_000173,/home/arcturus/Desktop/old/thesis/rag-vqa-medical/Prototyping_reformat/DatasetAnalysis/HyperKvasir/0_dataset_prep/out/images/test/test_000173.jpg,3,bbps-2-3,531,633,"Question: What finding is shown? Answer: The location of the sound source
",question what finding is shown answer the location of the sound source,bbps-2-3,False,,False,ileum,False
test,test_000174,/home/arcturus/Desktop/old/thesis/rag-vqa-medical/Prototyping_reformat/DatasetAnalysis/HyperKvasir/0_dataset_prep/out/images/test/test_000174.jpg,3,bbps-2-3,531,633,"Question: What finding is shown? Answer: The location of the lesion
",question what finding is shown answer the location of the lesion,bbps-2-3,False,,False,esophagitis-b-d,False
test,test_000175,/home/arcturus/Desktop/old/thesis/rag-vqa-medical/Prototyping_reformat/DatasetAnalysis/HyperKvasir/0_dataset_prep/out/images/test/test_000175.jpg,3,bbps-2-3,531,632,"Question: What finding is shown? Answer: The image shows the upper part of the esophagus
",question what finding is shown answer the image shows the upper part of the esophagus,bbps-2-3,False,,False,esophagitis-b-d,False
test,test_000176,/home/arcturus/Desktop/old/thesis/rag-vqa-medical/Prototyping_reformat/DatasetAnalysis/HyperKvasir/0_dataset_prep/out/images/test/test_000176.jpg,3,bbps-2-3,531,633,"Question: What finding is shown? Answer: The image shows the location of the lesion in the esophagus
",question what finding is shown answer the image shows the location of the lesion in the esophagus,bbps-2-3,False,,False,esophagitis-b-d,False
test,test_000177,/home/arcturus/Desktop/old/thesis/rag-vqa-medical/Prototyping_reformat/DatasetAnalysis/HyperKvasir/0_dataset_prep/out/images/test/test_000177.jpg,3,bbps-2-3,531,633,"Question: What finding is shown? Answer: The image shows the location of the gallbladder
",question what finding is shown answer the image shows the location of the gallbladder,bbps-2-3,False,,False,esophagitis-a,False
test,test_000178,/home/arcturus/Desktop/old/thesis/rag-vqa-medical/Prototyping_reformat/DatasetAnalysis/HyperKvasir/0_dataset_prep/out/images/test/test_000178.jpg,3,bbps-2-3,532,633,"Question: What finding is shown? Answer: The image shows the location of the duodenum in the stomach
",question what finding is shown answer the image shows the location of the duodenum in the stomach,bbps-2-3,False,,False,esophagitis-b-d,False
test,test_000179,/home/arcturus/Desktop/old/thesis/rag-vqa-medical/Prototyping_reformat/DatasetAnalysis/HyperKvasir/0_dataset_prep/out/images/test/test_000179.jpg,3,bbps-2-3,531,633,"Question: What finding is shown? Answer: The colonic mucosa is stained with a fluorescent dye
",question what finding is shown answer the colonic mucosa is stained with a fluorescent dye,bbps-2-3,False,,False,esophagitis-b-d,False
test,test_000180,/home/arcturus/Desktop/old/thesis/rag-vqa-medical/Prototyping_reformat/DatasetAnalysis/HyperKvasir/0_dataset_prep/out/images/test/test_000180.jpg,3,bbps-2-3,531,633,"Question: What finding is shown? Answer: The location of the sound source
",question what finding is shown answer the location of the sound source,bbps-2-3,False,,False,esophagitis-b-d,False
test,test_000181,/home/arcturus/Desktop/old/thesis/rag-vqa-medical/Prototyping_reformat/DatasetAnalysis/HyperKvasir/0_dataset_prep/out/images/test/test_000181.jpg,3,bbps-2-3,532,619,"Question: What finding is shown? Answer: The image shows the location of the esophageal sphincter
",question what finding is shown answer the image shows the location of the esophageal sphincter,bbps-2-3,False,,False,esophagitis-b-d,False
test,test_000182,/home/arcturus/Desktop/old/thesis/rag-vqa-medical/Prototyping_reformat/DatasetAnalysis/HyperKvasir/0_dataset_prep/out/images/test/test_000182.jpg,3,bbps-2-3,531,633,"Question: What finding is shown? Answer: The image shows the location of the duodenal ulcer
",question what finding is shown answer the image shows the location of the duodenal ulcer,bbps-2-3,False,,False,esophagitis-a,False
test,test_000183,/home/arcturus/Desktop/old/thesis/rag-vqa-medical/Prototyping_reformat/DatasetAnalysis/HyperKvasir/0_dataset_prep/out/images/test/test_000183.jpg,3,bbps-2-3,532,631,"Question: What finding is shown? Answer: The image shows the location of the gallbladder
",question what finding is shown answer the image shows the location of the gallbladder,bbps-2-3,False,,False,esophagitis-a,False
test,test_000184,/home/arcturus/Desktop/old/thesis/rag-vqa-medical/Prototyping_reformat/DatasetAnalysis/HyperKvasir/0_dataset_prep/out/images/test/test_000184.jpg,3,bbps-2-3,532,633,"Question: What finding is shown? Answer: The location of the lesion is shown on the left side of the image
",question what finding is shown answer the location of the lesion is shown on the left side of the image,bbps-2-3,False,,False,esophagitis-b-d,False
test,test_000185,/home/arcturus/Desktop/old/thesis/rag-vqa-medical/Prototyping_reformat/DatasetAnalysis/HyperKvasir/0_dataset_prep/out/images/test/test_000185.jpg,3,bbps-2-3,532,633,"Question: What finding is shown? Answer: The image shows the location of the duodenal ulcer
",question what finding is shown answer the image shows the location of the duodenal ulcer,bbps-2-3,False,,False,ileum,False
test,test_000186,/home/arcturus/Desktop/old/thesis/rag-vqa-medical/Prototyping_reformat/DatasetAnalysis/HyperKvasir/0_dataset_prep/out/images/test/test_000186.jpg,3,bbps-2-3,531,633,"Question: What finding is shown? Answer: The location of the lesion is shown on the left side of the image
",question what finding is shown answer the location of the lesion is shown on the left side of the image,bbps-2-3,False,,False,esophagitis-b-d,False
test,test_000187,/home/arcturus/Desktop/old/thesis/rag-vqa-medical/Prototyping_reformat/DatasetAnalysis/HyperKvasir/0_dataset_prep/out/images/test/test_000187.jpg,3,bbps-2-3,532,633,"Question: What finding is shown? Answer: The image shows the location of the duodenal ulcer
",question what finding is shown answer the image shows the location of the duodenal ulcer,bbps-2-3,False,,False,ileum,False
test,test_000188,/home/arcturus/Desktop/old/thesis/rag-vqa-medical/Prototyping_reformat/DatasetAnalysis/HyperKvasir/0_dataset_prep/out/images/test/test_000188.jpg,3,bbps-2-3,532,633,"Question: What finding is shown? Answer: The image shows the location of the duodenum in the upper left quadrant of the image
",question what finding is shown answer the image shows the location of the duodenum in the upper left quadrant of the image,bbps-2-3,False,,False,esophagitis-b-d,False
test,test_000189,/home/arcturus/Desktop/old/thesis/rag-vqa-medical/Prototyping_reformat/DatasetAnalysis/HyperKvasir/0_dataset_prep/out/images/test/test_000189.jpg,4,cecum,547,635,"Question: What finding is shown? Answer: The location of the gallbladder
",question what finding is shown answer the location of the gallbladder,cecum,False,,False,esophagitis-b-d,False
test,test_000190,/home/arcturus/Desktop/old/thesis/rag-vqa-medical/Prototyping_reformat/DatasetAnalysis/HyperKvasir/0_dataset_prep/out/images/test/test_000190.jpg,4,cecum,532,633,"Question: What finding is shown? Answer: The image shows the location of the gallbladder
",question what finding is shown answer the image shows the location of the gallbladder,cecum,False,,False,esophagitis-b-d,False
test,test_000191,/home/arcturus/Desktop/old/thesis/rag-vqa-medical/Prototyping_reformat/DatasetAnalysis/HyperKvasir/0_dataset_prep/out/images/test/test_000191.jpg,4,cecum,548,635,"Question: What finding is shown? Answer: The location of the gallbladder
",question what finding is shown answer the location of the gallbladder,cecum,False,,False,esophagitis-b-d,False
test,test_000192,/home/arcturus/Desktop/old/thesis/rag-vqa-medical/Prototyping_reformat/DatasetAnalysis/HyperKvasir/0_dataset_prep/out/images/test/test_000192.jpg,4,cecum,531,616,"Question: What finding is shown? Answer: The image shows the colon
",question what finding is shown answer the image shows the colon,cecum,False,,False,esophagitis-b-d,False
test,test_000193,/home/arcturus/Desktop/old/thesis/rag-vqa-medical/Prototyping_reformat/DatasetAnalysis/HyperKvasir/0_dataset_prep/out/images/test/test_000193.jpg,4,cecum,532,633,"Question: What finding is shown? Answer: The image shows the location of the ureter in the bladder
",question what finding is shown answer the image shows the location of the ureter in the bladder,cecum,False,,False,esophagitis-b-d,False
test,test_000194,/home/arcturus/Desktop/old/thesis/rag-vqa-medical/Prototyping_reformat/DatasetAnalysis/HyperKvasir/0_dataset_prep/out/images/test/test_000194.jpg,4,cecum,548,635,"Question: What finding is shown? Answer: The image shows the upper part of the stomach
",question what finding is shown answer the image shows the upper part of the stomach,cecum,False,,False,esophagitis-b-d,False
test,test_000195,/home/arcturus/Desktop/old/thesis/rag-vqa-medical/Prototyping_reformat/DatasetAnalysis/HyperKvasir/0_dataset_prep/out/images/test/test_000195.jpg,4,cecum,531,633,"Question: What finding is shown? Answer: The location of the lesion
",question what finding is shown answer the location of the lesion,cecum,False,,False,ulcerative-colitis-grade-3,False
test,test_000196,/home/arcturus/Desktop/old/thesis/rag-vqa-medical/Prototyping_reformat/DatasetAnalysis/HyperKvasir/0_dataset_prep/out/images/test/test_000196.jpg,4,cecum,529,628,"Question: What finding is shown? Answer: The colon is shown in the upper left quadrant of the image
",question what finding is shown answer the colon is shown in the upper left quadrant of the image,cecum,False,,False,esophagitis-b-d,False
test,test_000197,/home/arcturus/Desktop/old/thesis/rag-vqa-medical/Prototyping_reformat/DatasetAnalysis/HyperKvasir/0_dataset_prep/out/images/test/test_000197.jpg,4,cecum,548,635,"Question: What finding is shown? Answer: The image shows the location of the gallbladder
",question what finding is shown answer the image shows the location of the gallbladder,cecum,False,,False,esophagitis-b-d,False
test,test_000198,/home/arcturus/Desktop/old/thesis/rag-vqa-medical/Prototyping_reformat/DatasetAnalysis/HyperKvasir/0_dataset_prep/out/images/test/test_000198.jpg,4,cecum,532,623,"Question: What finding is shown? Answer: The location of the lesion
",question what finding is shown answer the location of the lesion,cecum,False,,False,esophagitis-b-d,False
test,test_000199,/home/arcturus/Desktop/old/thesis/rag-vqa-medical/Prototyping_reformat/DatasetAnalysis/HyperKvasir/0_dataset_prep/out/images/test/test_000199.jpg,4,cecum,532,633,"Question: What finding is shown? Answer: The image shows the location of the gallbladder
",question what finding is shown answer the image shows the location of the gallbladder,cecum,False,,False,esophagitis-b-d,False
test,test_000200,/home/arcturus/Desktop/old/thesis/rag-vqa-medical/Prototyping_reformat/DatasetAnalysis/HyperKvasir/0_dataset_prep/out/images/test/test_000200.jpg,4,cecum,548,635,"Question: What finding is shown? Answer: The location of the gallbladder
",question what finding is shown answer the location of the gallbladder,cecum,False,,False,esophagitis-b-d,False
test,test_000201,/home/arcturus/Desktop/old/thesis/rag-vqa-medical/Prototyping_reformat/DatasetAnalysis/HyperKvasir/0_dataset_prep/out/images/test/test_000201.jpg,4,cecum,531,633,"Question: What finding is shown? Answer: The image shows the location of the gallbladder
",question what finding is shown answer the image shows the location of the gallbladder,cecum,False,,False,esophagitis-b-d,False
test,test_000202,/home/arcturus/Desktop/old/thesis/rag-vqa-medical/Prototyping_reformat/DatasetAnalysis/HyperKvasir/0_dataset_prep/out/images/test/test_000202.jpg,4,cecum,548,635,"Question: What finding is shown? Answer: The location of the duodenum
",question what finding is shown answer the location of the duodenum,cecum,False,,False,esophagitis-b-d,False
test,test_000203,/home/arcturus/Desktop/old/thesis/rag-vqa-medical/Prototyping_reformat/DatasetAnalysis/HyperKvasir/0_dataset_prep/out/images/test/test_000203.jpg,4,cecum,548,635,"Question: What finding is shown? Answer: The location of the esophageal sphincter
",question what finding is shown answer the location of the esophageal sphincter,cecum,False,,False,esophagitis-b-d,False
test,test_000204,/home/arcturus/Desktop/old/thesis/rag-vqa-medical/Prototyping_reformat/DatasetAnalysis/HyperKvasir/0_dataset_prep/out/images/test/test_000204.jpg,4,cecum,531,633,"Question: What finding is shown? Answer: The location of the lesion
",question what finding is shown answer the location of the lesion,cecum,False,,False,esophagitis-b-d,False
test,test_000205,/home/arcturus/Desktop/old/thesis/rag-vqa-medical/Prototyping_reformat/DatasetAnalysis/HyperKvasir/0_dataset_prep/out/images/test/test_000205.jpg,4,cecum,548,635,"Question: What finding is shown? Answer: The location of the gallbladder
",question what finding is shown answer the location of the gallbladder,cecum,False,,False,esophagitis-a,False
test,test_000206,/home/arcturus/Desktop/old/thesis/rag-vqa-medical/Prototyping_reformat/DatasetAnalysis/HyperKvasir/0_dataset_prep/out/images/test/test_000206.jpg,4,cecum,532,616,"Question: What finding is shown? Answer: The colon
",question what finding is shown answer the colon,cecum,False,,False,esophagitis-b-d,False
test,test_000207,/home/arcturus/Desktop/old/thesis/rag-vqa-medical/Prototyping_reformat/DatasetAnalysis/HyperKvasir/0_dataset_prep/out/images/test/test_000207.jpg,4,cecum,529,628,"Question: What finding is shown? Answer: The image shows the right side of the colon
",question what finding is shown answer the image shows the right side of the colon,cecum,False,,False,esophagitis-b-d,False
test,test_000208,/home/arcturus/Desktop/old/thesis/rag-vqa-medical/Prototyping_reformat/DatasetAnalysis/HyperKvasir/0_dataset_prep/out/images/test/test_000208.jpg,4,cecum,548,635,"Question: What finding is shown? Answer: The image shows the location of the gallbladder
",question what finding is shown answer the image shows the location of the gallbladder,cecum,False,,False,esophagitis-b-d,False
test,test_000209,/home/arcturus/Desktop/old/thesis/rag-vqa-medical/Prototyping_reformat/DatasetAnalysis/HyperKvasir/0_dataset_prep/out/images/test/test_000209.jpg,4,cecum,548,635,"Question: What finding is shown? Answer: The location of the esophageal sphincter
",question what finding is shown answer the location of the esophageal sphincter,cecum,False,,False,esophagitis-b-d,False
test,test_000210,/home/arcturus/Desktop/old/thesis/rag-vqa-medical/Prototyping_reformat/DatasetAnalysis/HyperKvasir/0_dataset_prep/out/images/test/test_000210.jpg,4,cecum,530,628,"Question: What finding is shown? Answer: The colon is shown in the upper left quadrant of the image, and the rectum is shown",question what finding is shown answer the colon is shown in the upper left quadrant of the image and the rectum is shown,cecum,False,,False,dyed-lifted-polyps,False
test,test_000211,/home/arcturus/Desktop/old/thesis/rag-vqa-medical/Prototyping_reformat/DatasetAnalysis/HyperKvasir/0_dataset_prep/out/images/test/test_000211.jpg,4,cecum,531,626,"Question: What finding is shown? Answer: The image shows the location of the ureter in the kidney
",question what finding is shown answer the image shows the location of the ureter in the kidney,cecum,False,,False,esophagitis-b-d,False
test,test_000212,/home/arcturus/Desktop/old/thesis/rag-vqa-medical/Prototyping_reformat/DatasetAnalysis/HyperKvasir/0_dataset_prep/out/images/test/test_000212.jpg,4,cecum,532,633,"Question: What finding is shown? Answer: The colonic mucosa
",question what finding is shown answer the colonic mucosa,cecum,False,,False,esophagitis-b-d,False
test,test_000213,/home/arcturus/Desktop/old/thesis/rag-vqa-medical/Prototyping_reformat/DatasetAnalysis/HyperKvasir/0_dataset_prep/out/images/test/test_000213.jpg,4,cecum,532,616,"Question: What finding is shown? Answer: The location of the lesion is shown in the image
",question what finding is shown answer the location of the lesion is shown in the image,cecum,False,,False,esophagitis-b-d,False
test,test_000214,/home/arcturus/Desktop/old/thesis/rag-vqa-medical/Prototyping_reformat/DatasetAnalysis/HyperKvasir/0_dataset_prep/out/images/test/test_000214.jpg,4,cecum,548,635,"Question: What finding is shown? Answer: The colonic mucosa
",question what finding is shown answer the colonic mucosa,cecum,False,,False,esophagitis-b-d,False
test,test_000215,/home/arcturus/Desktop/old/thesis/rag-vqa-medical/Prototyping_reformat/DatasetAnalysis/HyperKvasir/0_dataset_prep/out/images/test/test_000215.jpg,4,cecum,548,635,"Question: What finding is shown? Answer: The location of the lesion
",question what finding is shown answer the location of the lesion,cecum,False,,False,esophagitis-b-d,False
test,test_000216,/home/arcturus/Desktop/old/thesis/rag-vqa-medical/Prototyping_reformat/DatasetAnalysis/HyperKvasir/0_dataset_prep/out/images/test/test_000216.jpg,4,cecum,532,633,"Question: What finding is shown? Answer: The image shows the location of the lesion
",question what finding is shown answer the image shows the location of the lesion,cecum,False,,False,esophagitis-b-d,False
test,test_000217,/home/arcturus/Desktop/old/thesis/rag-vqa-medical/Prototyping_reformat/DatasetAnalysis/HyperKvasir/0_dataset_prep/out/images/test/test_000217.jpg,4,cecum,548,635,"Question: What finding is shown? Answer: The image shows the location of the gallbladder
",question what finding is shown answer the image shows the location of the gallbladder,cecum,False,,False,esophagitis-b-d,False
test,test_000218,/home/arcturus/Desktop/old/thesis/rag-vqa-medical/Prototyping_reformat/DatasetAnalysis/HyperKvasir/0_dataset_prep/out/images/test/test_000218.jpg,4,cecum,548,635,"Question: What finding is shown? Answer: The colonic mucosa
",question what finding is shown answer the colonic mucosa,cecum,False,,False,esophagitis-b-d,False
test,test_000219,/home/arcturus/Desktop/old/thesis/rag-vqa-medical/Prototyping_reformat/DatasetAnalysis/HyperKvasir/0_dataset_prep/out/images/test/test_000219.jpg,4,cecum,532,623,"Question: What finding is shown? Answer: The image shows the location of the gallbladder
",question what finding is shown answer the image shows the location of the gallbladder,cecum,False,,False,esophagitis-b-d,False
test,test_000220,/home/arcturus/Desktop/old/thesis/rag-vqa-medical/Prototyping_reformat/DatasetAnalysis/HyperKvasir/0_dataset_prep/out/images/test/test_000220.jpg,4,cecum,548,635,"Question: What finding is shown? Answer: The location of the gallbladder
",question what finding is shown answer the location of the gallbladder,cecum,False,,False,esophagitis-b-d,False
test,test_000221,/home/arcturus/Desktop/old/thesis/rag-vqa-medical/Prototyping_reformat/DatasetAnalysis/HyperKvasir/0_dataset_prep/out/images/test/test_000221.jpg,4,cecum,548,635,"Question: What finding is shown? Answer: The image shows the location of the ureter in the bladder
",question what finding is shown answer the image shows the location of the ureter in the bladder,cecum,False,,False,esophagitis-b-d,False
test,test_000222,/home/arcturus/Desktop/old/thesis/rag-vqa-medical/Prototyping_reformat/DatasetAnalysis/HyperKvasir/0_dataset_prep/out/images/test/test_000222.jpg,4,cecum,532,633,"Question: What finding is shown? Answer: The location of the duodenum
",question what finding is shown answer the location of the duodenum,cecum,False,,False,esophagitis-a,False
test,test_000223,/home/arcturus/Desktop/old/thesis/rag-vqa-medical/Prototyping_reformat/DatasetAnalysis/HyperKvasir/0_dataset_prep/out/images/test/test_000223.jpg,4,cecum,548,635,"Question: What finding is shown? Answer: The image shows the location of the gallbladder
",question what finding is shown answer the image shows the location of the gallbladder,cecum,False,,False,esophagitis-b-d,False
test,test_000224,/home/arcturus/Desktop/old/thesis/rag-vqa-medical/Prototyping_reformat/DatasetAnalysis/HyperKvasir/0_dataset_prep/out/images/test/test_000224.jpg,4,cecum,530,628,"Question: What finding is shown? Answer: The image shows the upper part of the colon
",question what finding is shown answer the image shows the upper part of the colon,cecum,False,,False,esophagitis-b-d,False
test,test_000225,/home/arcturus/Desktop/old/thesis/rag-vqa-medical/Prototyping_reformat/DatasetAnalysis/HyperKvasir/0_dataset_prep/out/images/test/test_000225.jpg,4,cecum,548,635,"Question: What finding is shown? Answer: The location of the lesion
",question what finding is shown answer the location of the lesion,cecum,False,,False,esophagitis-b-d,False
test,test_000226,/home/arcturus/Desktop/old/thesis/rag-vqa-medical/Prototyping_reformat/DatasetAnalysis/HyperKvasir/0_dataset_prep/out/images/test/test_000226.jpg,4,cecum,531,633,"Question: What finding is shown? Answer: The location of the lesion
",question what finding is shown answer the location of the lesion,cecum,False,,False,esophagitis-b-d,False
test,test_000227,/home/arcturus/Desktop/old/thesis/rag-vqa-medical/Prototyping_reformat/DatasetAnalysis/HyperKvasir/0_dataset_prep/out/images/test/test_000227.jpg,4,cecum,548,635,"Question: What finding is shown? Answer: The location of the gallbladder
",question what finding is shown answer the location of the gallbladder,cecum,False,,False,esophagitis-b-d,False
test,test_000228,/home/arcturus/Desktop/old/thesis/rag-vqa-medical/Prototyping_reformat/DatasetAnalysis/HyperKvasir/0_dataset_prep/out/images/test/test_000228.jpg,4,cecum,531,630,"Question: What finding is shown? Answer: The location of the ureteral obstruction
",question what finding is shown answer the location of the ureteral obstruction,cecum,False,,False,esophagitis-b-d,False
test,test_000229,/home/arcturus/Desktop/old/thesis/rag-vqa-medical/Prototyping_reformat/DatasetAnalysis/HyperKvasir/0_dataset_prep/out/images/test/test_000229.jpg,4,cecum,530,617,"Question: What finding is shown? Answer: The image shows the upper part of the stomach
",question what finding is shown answer the image shows the upper part of the stomach,cecum,False,,False,esophagitis-b-d,False
test,test_000230,/home/arcturus/Desktop/old/thesis/rag-vqa-medical/Prototyping_reformat/DatasetAnalysis/HyperKvasir/0_dataset_prep/out/images/test/test_000230.jpg,4,cecum,531,633,"Question: What finding is shown? Answer: The colonic mucosa
",question what finding is shown answer the colonic mucosa,cecum,False,,False,ileum,False
test,test_000231,/home/arcturus/Desktop/old/thesis/rag-vqa-medical/Prototyping_reformat/DatasetAnalysis/HyperKvasir/0_dataset_prep/out/images/test/test_000231.jpg,4,cecum,531,633,"Question: What finding is shown? Answer: The image shows the location of the gallbladder
",question what finding is shown answer the image shows the location of the gallbladder,cecum,False,,False,esophagitis-b-d,False
test,test_000232,/home/arcturus/Desktop/old/thesis/rag-vqa-medical/Prototyping_reformat/DatasetAnalysis/HyperKvasir/0_dataset_prep/out/images/test/test_000232.jpg,4,cecum,530,622,"Question: What finding is shown? Answer: The colonic mucosa
",question what finding is shown answer the colonic mucosa,cecum,False,,False,esophagitis-b-d,False
test,test_000233,/home/arcturus/Desktop/old/thesis/rag-vqa-medical/Prototyping_reformat/DatasetAnalysis/HyperKvasir/0_dataset_prep/out/images/test/test_000233.jpg,4,cecum,532,633,"Question: What finding is shown? Answer: The image shows the location of the lesion
",question what finding is shown answer the image shows the location of the lesion,cecum,False,,False,esophagitis-b-d,False
test,test_000234,/home/arcturus/Desktop/old/thesis/rag-vqa-medical/Prototyping_reformat/DatasetAnalysis/HyperKvasir/0_dataset_prep/out/images/test/test_000234.jpg,4,cecum,529,628,"Question: What finding is shown? Answer: The image shows the colonic mucosa
",question what finding is shown answer the image shows the colonic mucosa,cecum,False,,False,esophagitis-b-d,False
test,test_000235,/home/arcturus/Desktop/old/thesis/rag-vqa-medical/Prototyping_reformat/DatasetAnalysis/HyperKvasir/0_dataset_prep/out/images/test/test_000235.jpg,4,cecum,548,635,"Question: What finding is shown? Answer: The image shows the location of the gallbladder
",question what finding is shown answer the image shows the location of the gallbladder,cecum,False,,False,esophagitis-b-d,False
test,test_000236,/home/arcturus/Desktop/old/thesis/rag-vqa-medical/Prototyping_reformat/DatasetAnalysis/HyperKvasir/0_dataset_prep/out/images/test/test_000236.jpg,4,cecum,531,633,"Question: What finding is shown? Answer: The location of the lesion is shown on the left side of the image
",question what finding is shown answer the location of the lesion is shown on the left side of the image,cecum,False,,False,esophagitis-b-d,False
test,test_000237,/home/arcturus/Desktop/old/thesis/rag-vqa-medical/Prototyping_reformat/DatasetAnalysis/HyperKvasir/0_dataset_prep/out/images/test/test_000237.jpg,4,cecum,532,633,"Question: What finding is shown? Answer: The location of the gallbladder
",question what finding is shown answer the location of the gallbladder,cecum,False,,False,esophagitis-b-d,False
test,test_000238,/home/arcturus/Desktop/old/thesis/rag-vqa-medical/Prototyping_reformat/DatasetAnalysis/HyperKvasir/0_dataset_prep/out/images/test/test_000238.jpg,4,cecum,531,633,"Question: What finding is shown? Answer: The colonic mucosa
",question what finding is shown answer the colonic mucosa,cecum,False,,False,ileum,False
test,test_000239,/home/arcturus/Desktop/old/thesis/rag-vqa-medical/Prototyping_reformat/DatasetAnalysis/HyperKvasir/0_dataset_prep/out/images/test/test_000239.jpg,4,cecum,548,635,"Question: What finding is shown? Answer: The location of the lesion
",question what finding is shown answer the location of the lesion,cecum,False,,False,esophagitis-b-d,False
test,test_000240,/home/arcturus/Desktop/old/thesis/rag-vqa-medical/Prototyping_reformat/DatasetAnalysis/HyperKvasir/0_dataset_prep/out/images/test/test_000240.jpg,4,cecum,548,635,"Question: What finding is shown? Answer: The colonic mucosa
",question what finding is shown answer the colonic mucosa,cecum,False,,False,esophagitis-b-d,False
test,test_000241,/home/arcturus/Desktop/old/thesis/rag-vqa-medical/Prototyping_reformat/DatasetAnalysis/HyperKvasir/0_dataset_prep/out/images/test/test_000241.jpg,4,cecum,532,633,"Question: What finding is shown? Answer: The location of the lesion
",question what finding is shown answer the location of the lesion,cecum,False,,False,esophagitis-b-d,False
test,test_000242,/home/arcturus/Desktop/old/thesis/rag-vqa-medical/Prototyping_reformat/DatasetAnalysis/HyperKvasir/0_dataset_prep/out/images/test/test_000242.jpg,4,cecum,531,594,"Question: What finding is shown? Answer: The image shows the location of the gallbladder
",question what finding is shown answer the image shows the location of the gallbladder,cecum,False,,False,esophagitis-b-d,False
test,test_000243,/home/arcturus/Desktop/old/thesis/rag-vqa-medical/Prototyping_reformat/DatasetAnalysis/HyperKvasir/0_dataset_prep/out/images/test/test_000243.jpg,4,cecum,548,635,"Question: What finding is shown? Answer: The colonic mucosa
",question what finding is shown answer the colonic mucosa,cecum,False,,False,esophagitis-b-d,False
test,test_000244,/home/arcturus/Desktop/old/thesis/rag-vqa-medical/Prototyping_reformat/DatasetAnalysis/HyperKvasir/0_dataset_prep/out/images/test/test_000244.jpg,4,cecum,548,635,"Question: What finding is shown? Answer: The image shows the location of the gallbladder
",question what finding is shown answer the image shows the location of the gallbladder,cecum,False,,False,esophagitis-b-d,False
test,test_000245,/home/arcturus/Desktop/old/thesis/rag-vqa-medical/Prototyping_reformat/DatasetAnalysis/HyperKvasir/0_dataset_prep/out/images/test/test_000245.jpg,4,cecum,532,633,"Question: What finding is shown? Answer: The image shows the location of the gallbladder
",question what finding is shown answer the image shows the location of the gallbladder,cecum,False,,False,esophagitis-b-d,False
test,test_000246,/home/arcturus/Desktop/old/thesis/rag-vqa-medical/Prototyping_reformat/DatasetAnalysis/HyperKvasir/0_dataset_prep/out/images/test/test_000246.jpg,4,cecum,548,635,"Question: What finding is shown? Answer: The image shows the location of the lesion
",question what finding is shown answer the image shows the location of the lesion,cecum,False,,False,esophagitis-b-d,False
test,test_000247,/home/arcturus/Desktop/old/thesis/rag-vqa-medical/Prototyping_reformat/DatasetAnalysis/HyperKvasir/0_dataset_prep/out/images/test/test_000247.jpg,4,cecum,547,635,"Question: What finding is shown? Answer: The location of the esophageal sphincter
",question what finding is shown answer the location of the esophageal sphincter,cecum,False,,False,esophagitis-b-d,False
test,test_000248,/home/arcturus/Desktop/old/thesis/rag-vqa-medical/Prototyping_reformat/DatasetAnalysis/HyperKvasir/0_dataset_prep/out/images/test/test_000248.jpg,4,cecum,548,635,"Question: What finding is shown? Answer: The location of the esophageal varices
",question what finding is shown answer the location of the esophageal varices,cecum,False,,False,esophagitis-b-d,False
test,test_000249,/home/arcturus/Desktop/old/thesis/rag-vqa-medical/Prototyping_reformat/DatasetAnalysis/HyperKvasir/0_dataset_prep/out/images/test/test_000249.jpg,4,cecum,548,635,"Question: What finding is shown? Answer: The colonic mucosa
",question what finding is shown answer the colonic mucosa,cecum,False,,False,esophagitis-b-d,False
test,test_000250,/home/arcturus/Desktop/old/thesis/rag-vqa-medical/Prototyping_reformat/DatasetAnalysis/HyperKvasir/0_dataset_prep/out/images/test/test_000250.jpg,4,cecum,532,633,"Question: What finding is shown? Answer: The location of the lesion
",question what finding is shown answer the location of the lesion,cecum,False,,False,esophagitis-b-d,False
test,test_000251,/home/arcturus/Desktop/old/thesis/rag-vqa-medical/Prototyping_reformat/DatasetAnalysis/HyperKvasir/0_dataset_prep/out/images/test/test_000251.jpg,4,cecum,547,628,"Question: What finding is shown? Answer: The location of the lesion
",question what finding is shown answer the location of the lesion,cecum,False,,False,esophagitis-b-d,False
test,test_000252,/home/arcturus/Desktop/old/thesis/rag-vqa-medical/Prototyping_reformat/DatasetAnalysis/HyperKvasir/0_dataset_prep/out/images/test/test_000252.jpg,4,cecum,530,629,"Question: What finding is shown? Answer: The image shows the upper part of the colon
",question what finding is shown answer the image shows the upper part of the colon,cecum,False,,False,esophagitis-b-d,False
test,test_000253,/home/arcturus/Desktop/old/thesis/rag-vqa-medical/Prototyping_reformat/DatasetAnalysis/HyperKvasir/0_dataset_prep/out/images/test/test_000253.jpg,4,cecum,530,628,"Question: What finding is shown? Answer: The image shows the right side of the liver
",question what finding is shown answer the image shows the right side of the liver,cecum,False,,False,esophagitis-b-d,False
test,test_000254,/home/arcturus/Desktop/old/thesis/rag-vqa-medical/Prototyping_reformat/DatasetAnalysis/HyperKvasir/0_dataset_prep/out/images/test/test_000254.jpg,4,cecum,548,635,"Question: What finding is shown? Answer: The image shows the location of the gallbladder
",question what finding is shown answer the image shows the location of the gallbladder,cecum,False,,False,ileum,False
test,test_000255,/home/arcturus/Desktop/old/thesis/rag-vqa-medical/Prototyping_reformat/DatasetAnalysis/HyperKvasir/0_dataset_prep/out/images/test/test_000255.jpg,4,cecum,547,635,"Question: What finding is shown? Answer: The colonic mucosa
",question what finding is shown answer the colonic mucosa,cecum,False,,False,ulcerative-colitis-grade-3,False
test,test_000256,/home/arcturus/Desktop/old/thesis/rag-vqa-medical/Prototyping_reformat/DatasetAnalysis/HyperKvasir/0_dataset_prep/out/images/test/test_000256.jpg,4,cecum,547,635,"Question: What finding is shown? Answer: The location of the duodenum
",question what finding is shown answer the location of the duodenum,cecum,False,,False,esophagitis-b-d,False
test,test_000257,/home/arcturus/Desktop/old/thesis/rag-vqa-medical/Prototyping_reformat/DatasetAnalysis/HyperKvasir/0_dataset_prep/out/images/test/test_000257.jpg,4,cecum,531,623,"Question: What finding is shown? Answer: The image shows the location of the gallbladder
",question what finding is shown answer the image shows the location of the gallbladder,cecum,False,,False,esophagitis-a,False
test,test_000258,/home/arcturus/Desktop/old/thesis/rag-vqa-medical/Prototyping_reformat/DatasetAnalysis/HyperKvasir/0_dataset_prep/out/images/test/test_000258.jpg,4,cecum,531,633,"Question: What finding is shown? Answer: The image shows the location of the gallbladder
",question what finding is shown answer the image shows the location of the gallbladder,cecum,False,,False,esophagitis-b-d,False
test,test_000259,/home/arcturus/Desktop/old/thesis/rag-vqa-medical/Prototyping_reformat/DatasetAnalysis/HyperKvasir/0_dataset_prep/out/images/test/test_000259.jpg,4,cecum,548,635,"Question: What finding is shown? Answer: The colonic mucosa
",question what finding is shown answer the colonic mucosa,cecum,False,,False,ileum,False
test,test_000260,/home/arcturus/Desktop/old/thesis/rag-vqa-medical/Prototyping_reformat/DatasetAnalysis/HyperKvasir/0_dataset_prep/out/images/test/test_000260.jpg,4,cecum,548,635,"Question: What finding is shown? Answer: The colonic mucosa
",question what finding is shown answer the colonic mucosa,cecum,False,,False,ileum,False
test,test_000261,/home/arcturus/Desktop/old/thesis/rag-vqa-medical/Prototyping_reformat/DatasetAnalysis/HyperKvasir/0_dataset_prep/out/images/test/test_000261.jpg,4,cecum,532,624,"Question: What finding is shown? Answer: The image shows the location of the gallbladder
",question what finding is shown answer the image shows the location of the gallbladder,cecum,False,,False,esophagitis-b-d,False
test,test_000262,/home/arcturus/Desktop/old/thesis/rag-vqa-medical/Prototyping_reformat/DatasetAnalysis/HyperKvasir/0_dataset_prep/out/images/test/test_000262.jpg,4,cecum,547,635,"Question: What finding is shown? Answer: The image shows the colonic mucosa
",question what finding is shown answer the image shows the colonic mucosa,cecum,False,,False,esophagitis-b-d,False
test,test_000263,/home/arcturus/Desktop/old/thesis/rag-vqa-medical/Prototyping_reformat/DatasetAnalysis/HyperKvasir/0_dataset_prep/out/images/test/test_000263.jpg,4,cecum,548,635,"Question: What finding is shown? Answer: The colonic mucosa
",question what finding is shown answer the colonic mucosa,cecum,False,,False,ileum,False
test,test_000264,/home/arcturus/Desktop/old/thesis/rag-vqa-medical/Prototyping_reformat/DatasetAnalysis/HyperKvasir/0_dataset_prep/out/images/test/test_000264.jpg,4,cecum,531,633,"Question: What finding is shown? Answer: The location of the gallbladder
",question what finding is shown answer the location of the gallbladder,cecum,False,,False,esophagitis-b-d,False
test,test_000265,/home/arcturus/Desktop/old/thesis/rag-vqa-medical/Prototyping_reformat/DatasetAnalysis/HyperKvasir/0_dataset_prep/out/images/test/test_000265.jpg,4,cecum,548,635,"Question: What finding is shown? Answer: The location of the esophageal varices
",question what finding is shown answer the location of the esophageal varices,cecum,False,,False,esophagitis-b-d,False
test,test_000266,/home/arcturus/Desktop/old/thesis/rag-vqa-medical/Prototyping_reformat/DatasetAnalysis/HyperKvasir/0_dataset_prep/out/images/test/test_000266.jpg,4,cecum,548,635,"Question: What finding is shown? Answer: The image shows the location of the gallbladder
",question what finding is shown answer the image shows the location of the gallbladder,cecum,False,,False,esophagitis-b-d,False
test,test_000267,/home/arcturus/Desktop/old/thesis/rag-vqa-medical/Prototyping_reformat/DatasetAnalysis/HyperKvasir/0_dataset_prep/out/images/test/test_000267.jpg,4,cecum,532,634,"Question: What finding is shown? Answer: The image shows the location of the ureter in the kidney
",question what finding is shown answer the image shows the location of the ureter in the kidney,cecum,False,,False,esophagitis-a,False
test,test_000268,/home/arcturus/Desktop/old/thesis/rag-vqa-medical/Prototyping_reformat/DatasetAnalysis/HyperKvasir/0_dataset_prep/out/images/test/test_000268.jpg,4,cecum,531,633,"Question: What finding is shown? Answer: The location of the tumor
",question what finding is shown answer the location of the tumor,cecum,False,,False,esophagitis-b-d,False
test,test_000269,/home/arcturus/Desktop/old/thesis/rag-vqa-medical/Prototyping_reformat/DatasetAnalysis/HyperKvasir/0_dataset_prep/out/images/test/test_000269.jpg,4,cecum,548,635,"Question: What finding is shown? Answer: The location of the lesion
",question what finding is shown answer the location of the lesion,cecum,False,,False,esophagitis-b-d,False
test,test_000270,/home/arcturus/Desktop/old/thesis/rag-vqa-medical/Prototyping_reformat/DatasetAnalysis/HyperKvasir/0_dataset_prep/out/images/test/test_000270.jpg,4,cecum,530,544,"Question: What finding is shown? Answer: a small, round, yellowish, yellowish-green, yellowish-green, yellowish",question what finding is shown answer a small round yellowish yellowish-green yellowish-green yellowish,cecum,False,,False,esophagitis-b-d,False
test,test_000271,/home/arcturus/Desktop/old/thesis/rag-vqa-medical/Prototyping_reformat/DatasetAnalysis/HyperKvasir/0_dataset_prep/out/images/test/test_000271.jpg,4,cecum,548,635,"Question: What finding is shown? Answer: The location of the lesion
",question what finding is shown answer the location of the lesion,cecum,False,,False,esophagitis-b-d,False
test,test_000272,/home/arcturus/Desktop/old/thesis/rag-vqa-medical/Prototyping_reformat/DatasetAnalysis/HyperKvasir/0_dataset_prep/out/images/test/test_000272.jpg,4,cecum,531,633,"Question: What finding is shown? Answer: The location of the esophageal sphincter
",question what finding is shown answer the location of the esophageal sphincter,cecum,False,,False,esophagitis-a,False
test,test_000273,/home/arcturus/Desktop/old/thesis/rag-vqa-medical/Prototyping_reformat/DatasetAnalysis/HyperKvasir/0_dataset_prep/out/images/test/test_000273.jpg,4,cecum,531,633,"Question: What finding is shown? Answer: The image shows the location of the gallbladder
",question what finding is shown answer the image shows the location of the gallbladder,cecum,False,,False,esophagitis-b-d,False
test,test_000274,/home/arcturus/Desktop/old/thesis/rag-vqa-medical/Prototyping_reformat/DatasetAnalysis/HyperKvasir/0_dataset_prep/out/images/test/test_000274.jpg,4,cecum,548,635,"Question: What finding is shown? Answer: The location of the esophageal sphincter
",question what finding is shown answer the location of the esophageal sphincter,cecum,False,,False,esophagitis-b-d,False
test,test_000275,/home/arcturus/Desktop/old/thesis/rag-vqa-medical/Prototyping_reformat/DatasetAnalysis/HyperKvasir/0_dataset_prep/out/images/test/test_000275.jpg,4,cecum,548,628,"Question: What finding is shown? Answer: The image shows the location of the esophageal sphincter
",question what finding is shown answer the image shows the location of the esophageal sphincter,cecum,False,,False,esophagitis-b-d,False
test,test_000276,/home/arcturus/Desktop/old/thesis/rag-vqa-medical/Prototyping_reformat/DatasetAnalysis/HyperKvasir/0_dataset_prep/out/images/test/test_000276.jpg,4,cecum,548,635,"Question: What finding is shown? Answer: The location of the gallbladder
",question what finding is shown answer the location of the gallbladder,cecum,False,,False,esophagitis-b-d,False
test,test_000277,/home/arcturus/Desktop/old/thesis/rag-vqa-medical/Prototyping_reformat/DatasetAnalysis/HyperKvasir/0_dataset_prep/out/images/test/test_000277.jpg,4,cecum,548,635,"Question: What finding is shown? Answer: The location of the duodenum
",question what finding is shown answer the location of the duodenum,cecum,False,,False,ileum,False
test,test_000278,/home/arcturus/Desktop/old/thesis/rag-vqa-medical/Prototyping_reformat/DatasetAnalysis/HyperKvasir/0_dataset_prep/out/images/test/test_000278.jpg,4,cecum,530,623,"Question: What finding is shown? Answer: The image shows the upper part of the stomach
",question what finding is shown answer the image shows the upper part of the stomach,cecum,False,,False,esophagitis-b-d,False
test,test_000279,/home/arcturus/Desktop/old/thesis/rag-vqa-medical/Prototyping_reformat/DatasetAnalysis/HyperKvasir/0_dataset_prep/out/images/test/test_000279.jpg,4,cecum,547,635,"Question: What finding is shown? Answer: The location of the duodenum
",question what finding is shown answer the location of the duodenum,cecum,False,,False,esophagitis-b-d,False
test,test_000280,/home/arcturus/Desktop/old/thesis/rag-vqa-medical/Prototyping_reformat/DatasetAnalysis/HyperKvasir/0_dataset_prep/out/images/test/test_000280.jpg,4,cecum,548,635,"Question: What finding is shown? Answer: The colonic mucosa
",question what finding is shown answer the colonic mucosa,cecum,False,,False,esophagitis-b-d,False
test,test_000281,/home/arcturus/Desktop/old/thesis/rag-vqa-medical/Prototyping_reformat/DatasetAnalysis/HyperKvasir/0_dataset_prep/out/images/test/test_000281.jpg,4,cecum,548,635,"Question: What finding is shown? Answer: The location of the lesion
",question what finding is shown answer the location of the lesion,cecum,False,,False,esophagitis-b-d,False
test,test_000282,/home/arcturus/Desktop/old/thesis/rag-vqa-medical/Prototyping_reformat/DatasetAnalysis/HyperKvasir/0_dataset_prep/out/images/test/test_000282.jpg,4,cecum,532,633,"Question: What finding is shown? Answer: The image shows the location of the ureter in the bladder
",question what finding is shown answer the image shows the location of the ureter in the bladder,cecum,False,,False,esophagitis-b-d,False
test,test_000283,/home/arcturus/Desktop/old/thesis/rag-vqa-medical/Prototyping_reformat/DatasetAnalysis/HyperKvasir/0_dataset_prep/out/images/test/test_000283.jpg,4,cecum,532,622,"Question: What finding is shown? Answer: The location of the lesion
",question what finding is shown answer the location of the lesion,cecum,False,,False,esophagitis-b-d,False
test,test_000284,/home/arcturus/Desktop/old/thesis/rag-vqa-medical/Prototyping_reformat/DatasetAnalysis/HyperKvasir/0_dataset_prep/out/images/test/test_000284.jpg,4,cecum,547,635,"Question: What finding is shown? Answer: The location of the gallbladder
",question what finding is shown answer the location of the gallbladder,cecum,False,,False,ulcerative-colitis-grade-2,False
test,test_000285,/home/arcturus/Desktop/old/thesis/rag-vqa-medical/Prototyping_reformat/DatasetAnalysis/HyperKvasir/0_dataset_prep/out/images/test/test_000285.jpg,4,cecum,531,633,"Question: What finding is shown? Answer: The colonic mucosa
",question what finding is shown answer the colonic mucosa,cecum,False,,False,ulcerative-colitis-grade-3,False
test,test_000286,/home/arcturus/Desktop/old/thesis/rag-vqa-medical/Prototyping_reformat/DatasetAnalysis/HyperKvasir/0_dataset_prep/out/images/test/test_000286.jpg,4,cecum,531,633,"Question: What finding is shown? Answer: The location of the ureter
",question what finding is shown answer the location of the ureter,cecum,False,,False,esophagitis-b-d,False
test,test_000287,/home/arcturus/Desktop/old/thesis/rag-vqa-medical/Prototyping_reformat/DatasetAnalysis/HyperKvasir/0_dataset_prep/out/images/test/test_000287.jpg,4,cecum,548,635,"Question: What finding is shown? Answer: The image shows the location of the lesion
",question what finding is shown answer the image shows the location of the lesion,cecum,False,,False,esophagitis-b-d,False
test,test_000288,/home/arcturus/Desktop/old/thesis/rag-vqa-medical/Prototyping_reformat/DatasetAnalysis/HyperKvasir/0_dataset_prep/out/images/test/test_000288.jpg,4,cecum,529,628,"Question: What finding is shown? Answer: The image shows the right side of the liver
",question what finding is shown answer the image shows the right side of the liver,cecum,False,,False,esophagitis-b-d,False
test,test_000289,/home/arcturus/Desktop/old/thesis/rag-vqa-medical/Prototyping_reformat/DatasetAnalysis/HyperKvasir/0_dataset_prep/out/images/test/test_000289.jpg,4,cecum,530,628,"Question: What finding is shown? Answer: The image shows the upper part of the colon
",question what finding is shown answer the image shows the upper part of the colon,cecum,False,,False,esophagitis-b-d,False
test,test_000290,/home/arcturus/Desktop/old/thesis/rag-vqa-medical/Prototyping_reformat/DatasetAnalysis/HyperKvasir/0_dataset_prep/out/images/test/test_000290.jpg,5,dyed-lifted-polyps,530,623,"Question: What finding is shown? Answer: The image shows the right side of the liver
",question what finding is shown answer the image shows the right side of the liver,dyed-lifted-polyps,False,,False,esophagitis-b-d,False
test,test_000291,/home/arcturus/Desktop/old/thesis/rag-vqa-medical/Prototyping_reformat/DatasetAnalysis/HyperKvasir/0_dataset_prep/out/images/test/test_000291.jpg,5,dyed-lifted-polyps,548,635,"Question: What finding is shown? Answer: The image shows the location of the lesion
",question what finding is shown answer the image shows the location of the lesion,dyed-lifted-polyps,False,,False,esophagitis-b-d,False
test,test_000292,/home/arcturus/Desktop/old/thesis/rag-vqa-medical/Prototyping_reformat/DatasetAnalysis/HyperKvasir/0_dataset_prep/out/images/test/test_000292.jpg,5,dyed-lifted-polyps,530,571,"Question: What finding is shown? Answer: The image shows the bladder and the urethra
",question what finding is shown answer the image shows the bladder and the urethra,dyed-lifted-polyps,False,,False,esophagitis-b-d,False
test,test_000293,/home/arcturus/Desktop/old/thesis/rag-vqa-medical/Prototyping_reformat/DatasetAnalysis/HyperKvasir/0_dataset_prep/out/images/test/test_000293.jpg,5,dyed-lifted-polyps,548,635,"Question: What finding is shown? Answer: a macular edema
",question what finding is shown answer a macular edema,dyed-lifted-polyps,False,,False,dyed-resection-margins,False
test,test_000294,/home/arcturus/Desktop/old/thesis/rag-vqa-medical/Prototyping_reformat/DatasetAnalysis/HyperKvasir/0_dataset_prep/out/images/test/test_000294.jpg,5,dyed-lifted-polyps,548,635,"Question: What finding is shown? Answer: The image shows the location of the lesion
",question what finding is shown answer the image shows the location of the lesion,dyed-lifted-polyps,False,,False,esophagitis-b-d,False
test,test_000295,/home/arcturus/Desktop/old/thesis/rag-vqa-medical/Prototyping_reformat/DatasetAnalysis/HyperKvasir/0_dataset_prep/out/images/test/test_000295.jpg,5,dyed-lifted-polyps,548,635,"Question: What finding is shown? Answer: The image shows the location of the lesion
",question what finding is shown answer the image shows the location of the lesion,dyed-lifted-polyps,False,,False,esophagitis-b-d,False
test,test_000296,/home/arcturus/Desktop/old/thesis/rag-vqa-medical/Prototyping_reformat/DatasetAnalysis/HyperKvasir/0_dataset_prep/out/images/test/test_000296.jpg,5,dyed-lifted-polyps,532,633,"Question: What finding is shown? Answer: The image shows the colonic mucosa
",question what finding is shown answer the image shows the colonic mucosa,dyed-lifted-polyps,False,,False,dyed-lifted-polyps,True
test,test_000297,/home/arcturus/Desktop/old/thesis/rag-vqa-medical/Prototyping_reformat/DatasetAnalysis/HyperKvasir/0_dataset_prep/out/images/test/test_000297.jpg,5,dyed-lifted-polyps,532,634,"Question: What finding is shown? Answer: The location of the lesion
",question what finding is shown answer the location of the lesion,dyed-lifted-polyps,False,,False,esophagitis-b-d,False
test,test_000298,/home/arcturus/Desktop/old/thesis/rag-vqa-medical/Prototyping_reformat/DatasetAnalysis/HyperKvasir/0_dataset_prep/out/images/test/test_000298.jpg,5,dyed-lifted-polyps,531,618,"Question: What finding is shown? Answer: The white spot is a cyst
",question what finding is shown answer the white spot is a cyst,dyed-lifted-polyps,False,,False,dyed-lifted-polyps,True
test,test_000299,/home/arcturus/Desktop/old/thesis/rag-vqa-medical/Prototyping_reformat/DatasetAnalysis/HyperKvasir/0_dataset_prep/out/images/test/test_000299.jpg,5,dyed-lifted-polyps,530,575,"Question: What finding is shown? Answer: The cyst is shown in the upper right quadrant of the image
",question what finding is shown answer the cyst is shown in the upper right quadrant of the image,dyed-lifted-polyps,False,,False,esophagitis-b-d,False
test,test_000300,/home/arcturus/Desktop/old/thesis/rag-vqa-medical/Prototyping_reformat/DatasetAnalysis/HyperKvasir/0_dataset_prep/out/images/test/test_000300.jpg,5,dyed-lifted-polyps,530,622,"Question: What finding is shown? Answer: The image shows the right side of the stomach
",question what finding is shown answer the image shows the right side of the stomach,dyed-lifted-polyps,False,,False,esophagitis-b-d,False
test,test_000301,/home/arcturus/Desktop/old/thesis/rag-vqa-medical/Prototyping_reformat/DatasetAnalysis/HyperKvasir/0_dataset_prep/out/images/test/test_000301.jpg,5,dyed-lifted-polyps,530,623,"Question: What finding is shown? Answer: The colon is shown in this image
",question what finding is shown answer the colon is shown in this image,dyed-lifted-polyps,False,,False,esophagitis-b-d,False
test,test_000302,/home/arcturus/Desktop/old/thesis/rag-vqa-medical/Prototyping_reformat/DatasetAnalysis/HyperKvasir/0_dataset_prep/out/images/test/test_000302.jpg,5,dyed-lifted-polyps,530,615,"Question: What finding is shown? Answer: The cyst is shown in the upper right quadrant of the image
",question what finding is shown answer the cyst is shown in the upper right quadrant of the image,dyed-lifted-polyps,False,,False,esophagitis-b-d,False
test,test_000303,/home/arcturus/Desktop/old/thesis/rag-vqa-medical/Prototyping_reformat/DatasetAnalysis/HyperKvasir/0_dataset_prep/out/images/test/test_000303.jpg,5,dyed-lifted-polyps,532,633,"Question: What finding is shown? Answer: The location of the lesion
",question what finding is shown answer the location of the lesion,dyed-lifted-polyps,False,,False,esophagitis-b-d,False
test,test_000304,/home/arcturus/Desktop/old/thesis/rag-vqa-medical/Prototyping_reformat/DatasetAnalysis/HyperKvasir/0_dataset_prep/out/images/test/test_000304.jpg,5,dyed-lifted-polyps,531,633,"Question: What finding is shown? Answer: The location of the tumor
",question what finding is shown answer the location of the tumor,dyed-lifted-polyps,False,,False,esophagitis-b-d,False
test,test_000305,/home/arcturus/Desktop/old/thesis/rag-vqa-medical/Prototyping_reformat/DatasetAnalysis/HyperKvasir/0_dataset_prep/out/images/test/test_000305.jpg,5,dyed-lifted-polyps,532,607,"Question: What finding is shown? Answer: The image shows the location of the tumor in the liver
",question what finding is shown answer the image shows the location of the tumor in the liver,dyed-lifted-polyps,False,,False,dyed-lifted-polyps,True
test,test_000306,/home/arcturus/Desktop/old/thesis/rag-vqa-medical/Prototyping_reformat/DatasetAnalysis/HyperKvasir/0_dataset_prep/out/images/test/test_000306.jpg,5,dyed-lifted-polyps,548,635,"Question: What finding is shown? Answer: The location of the lesion
",question what finding is shown answer the location of the lesion,dyed-lifted-polyps,False,,False,dyed-lifted-polyps,True
test,test_000307,/home/arcturus/Desktop/old/thesis/rag-vqa-medical/Prototyping_reformat/DatasetAnalysis/HyperKvasir/0_dataset_prep/out/images/test/test_000307.jpg,5,dyed-lifted-polyps,547,620,"Question: What finding is shown? Answer: The image shows the location of the lesion
",question what finding is shown answer the image shows the location of the lesion,dyed-lifted-polyps,False,,False,dyed-lifted-polyps,True
test,test_000308,/home/arcturus/Desktop/old/thesis/rag-vqa-medical/Prototyping_reformat/DatasetAnalysis/HyperKvasir/0_dataset_prep/out/images/test/test_000308.jpg,5,dyed-lifted-polyps,532,633,"Question: What finding is shown? Answer: The image shows the location of the cyst
",question what finding is shown answer the image shows the location of the cyst,dyed-lifted-polyps,False,,False,dyed-lifted-polyps,True
test,test_000309,/home/arcturus/Desktop/old/thesis/rag-vqa-medical/Prototyping_reformat/DatasetAnalysis/HyperKvasir/0_dataset_prep/out/images/test/test_000309.jpg,5,dyed-lifted-polyps,531,633,"Question: What finding is shown? Answer: The image shows the location of the cyst
",question what finding is shown answer the image shows the location of the cyst,dyed-lifted-polyps,False,,False,esophagitis-b-d,False
test,test_000310,/home/arcturus/Desktop/old/thesis/rag-vqa-medical/Prototyping_reformat/DatasetAnalysis/HyperKvasir/0_dataset_prep/out/images/test/test_000310.jpg,5,dyed-lifted-polyps,531,633,"Question: What finding is shown? Answer: The image shows the location of the amniotic fluid in the amniotic sac
",question what finding is shown answer the image shows the location of the amniotic fluid in the amniotic sac,dyed-lifted-polyps,False,,False,dyed-lifted-polyps,True
test,test_000311,/home/arcturus/Desktop/old/thesis/rag-vqa-medical/Prototyping_reformat/DatasetAnalysis/HyperKvasir/0_dataset_prep/out/images/test/test_000311.jpg,5,dyed-lifted-polyps,548,635,"Question: What finding is shown? Answer: The location of the lesion
",question what finding is shown answer the location of the lesion,dyed-lifted-polyps,False,,False,esophagitis-b-d,False
test,test_000312,/home/arcturus/Desktop/old/thesis/rag-vqa-medical/Prototyping_reformat/DatasetAnalysis/HyperKvasir/0_dataset_prep/out/images/test/test_000312.jpg,5,dyed-lifted-polyps,529,534,"Question: What finding is shown? Answer: The image shows the location of the tumor in the liver
",question what finding is shown answer the image shows the location of the tumor in the liver,dyed-lifted-polyps,False,,False,dyed-lifted-polyps,True
test,test_000313,/home/arcturus/Desktop/old/thesis/rag-vqa-medical/Prototyping_reformat/DatasetAnalysis/HyperKvasir/0_dataset_prep/out/images/test/test_000313.jpg,5,dyed-lifted-polyps,513,633,"Question: What finding is shown? Answer: The image shows the ureteral catheter in the bladder
",question what finding is shown answer the image shows the ureteral catheter in the bladder,dyed-lifted-polyps,False,,False,dyed-lifted-polyps,True
test,test_000314,/home/arcturus/Desktop/old/thesis/rag-vqa-medical/Prototyping_reformat/DatasetAnalysis/HyperKvasir/0_dataset_prep/out/images/test/test_000314.jpg,5,dyed-lifted-polyps,532,633,"Question: What finding is shown? Answer: The location of the gallbladder
",question what finding is shown answer the location of the gallbladder,dyed-lifted-polyps,False,,False,esophagitis-b-d,False
test,test_000315,/home/arcturus/Desktop/old/thesis/rag-vqa-medical/Prototyping_reformat/DatasetAnalysis/HyperKvasir/0_dataset_prep/out/images/test/test_000315.jpg,5,dyed-lifted-polyps,529,623,Question: What finding is shown? Answer: The liver is shown in the liver section of the liver section of the liver section of the liver section,question what finding is shown answer the liver is shown in the liver section of the liver section of the liver section of the liver section,dyed-lifted-polyps,False,,False,ulcerative-colitis-grade-2,False
test,test_000316,/home/arcturus/Desktop/old/thesis/rag-vqa-medical/Prototyping_reformat/DatasetAnalysis/HyperKvasir/0_dataset_prep/out/images/test/test_000316.jpg,5,dyed-lifted-polyps,548,591,"Question: What finding is shown? Answer: The location of the lesion
",question what finding is shown answer the location of the lesion,dyed-lifted-polyps,False,,False,dyed-lifted-polyps,True
test,test_000317,/home/arcturus/Desktop/old/thesis/rag-vqa-medical/Prototyping_reformat/DatasetAnalysis/HyperKvasir/0_dataset_prep/out/images/test/test_000317.jpg,5,dyed-lifted-polyps,532,633,"Question: What finding is shown? Answer: The location of the lesion
",question what finding is shown answer the location of the lesion,dyed-lifted-polyps,False,,False,esophagitis-b-d,False
test,test_000318,/home/arcturus/Desktop/old/thesis/rag-vqa-medical/Prototyping_reformat/DatasetAnalysis/HyperKvasir/0_dataset_prep/out/images/test/test_000318.jpg,5,dyed-lifted-polyps,530,623,"Question: What finding is shown? Answer: The cyst is a cyst that is filled with fluid
",question what finding is shown answer the cyst is a cyst that is filled with fluid,dyed-lifted-polyps,False,,False,esophagitis-b-d,False
test,test_000319,/home/arcturus/Desktop/old/thesis/rag-vqa-medical/Prototyping_reformat/DatasetAnalysis/HyperKvasir/0_dataset_prep/out/images/test/test_000319.jpg,5,dyed-lifted-polyps,531,623,"Question: What finding is shown? Answer: The image shows the location of the esophageal sphincter
",question what finding is shown answer the image shows the location of the esophageal sphincter,dyed-lifted-polyps,False,,False,esophagitis-b-d,False
test,test_000320,/home/arcturus/Desktop/old/thesis/rag-vqa-medical/Prototyping_reformat/DatasetAnalysis/HyperKvasir/0_dataset_prep/out/images/test/test_000320.jpg,5,dyed-lifted-polyps,532,616,"Question: What finding is shown? Answer: Abnormal mucosa
",question what finding is shown answer abnormal mucosa,dyed-lifted-polyps,False,,False,esophagitis-a,False
test,test_000321,/home/arcturus/Desktop/old/thesis/rag-vqa-medical/Prototyping_reformat/DatasetAnalysis/HyperKvasir/0_dataset_prep/out/images/test/test_000321.jpg,5,dyed-lifted-polyps,547,635,"Question: What finding is shown? Answer: The image shows the location of the lesion
",question what finding is shown answer the image shows the location of the lesion,dyed-lifted-polyps,False,,False,esophagitis-b-d,False
test,test_000322,/home/arcturus/Desktop/old/thesis/rag-vqa-medical/Prototyping_reformat/DatasetAnalysis/HyperKvasir/0_dataset_prep/out/images/test/test_000322.jpg,5,dyed-lifted-polyps,531,633,"Question: What finding is shown? Answer: The image shows the location of the tumor in the liver
",question what finding is shown answer the image shows the location of the tumor in the liver,dyed-lifted-polyps,False,,False,esophagitis-b-d,False
test,test_000323,/home/arcturus/Desktop/old/thesis/rag-vqa-medical/Prototyping_reformat/DatasetAnalysis/HyperKvasir/0_dataset_prep/out/images/test/test_000323.jpg,5,dyed-lifted-polyps,531,633,"Question: What finding is shown? Answer: The location of the cyst
",question what finding is shown answer the location of the cyst,dyed-lifted-polyps,False,,False,dyed-lifted-polyps,True
test,test_000324,/home/arcturus/Desktop/old/thesis/rag-vqa-medical/Prototyping_reformat/DatasetAnalysis/HyperKvasir/0_dataset_prep/out/images/test/test_000324.jpg,5,dyed-lifted-polyps,532,633,"Question: What finding is shown? Answer: The image shows the location of the lesion in the liver
",question what finding is shown answer the image shows the location of the lesion in the liver,dyed-lifted-polyps,False,,False,esophagitis-b-d,False
test,test_000325,/home/arcturus/Desktop/old/thesis/rag-vqa-medical/Prototyping_reformat/DatasetAnalysis/HyperKvasir/0_dataset_prep/out/images/test/test_000325.jpg,5,dyed-lifted-polyps,530,622,"Question: What finding is shown? Answer: The image shows the right side of the liver
",question what finding is shown answer the image shows the right side of the liver,dyed-lifted-polyps,False,,False,esophagitis-b-d,False
test,test_000326,/home/arcturus/Desktop/old/thesis/rag-vqa-medical/Prototyping_reformat/DatasetAnalysis/HyperKvasir/0_dataset_prep/out/images/test/test_000326.jpg,5,dyed-lifted-polyps,531,612,"Question: What finding is shown? Answer: The location of the tumor
",question what finding is shown answer the location of the tumor,dyed-lifted-polyps,False,,False,dyed-lifted-polyps,True
test,test_000327,/home/arcturus/Desktop/old/thesis/rag-vqa-medical/Prototyping_reformat/DatasetAnalysis/HyperKvasir/0_dataset_prep/out/images/test/test_000327.jpg,5,dyed-lifted-polyps,532,633,"Question: What finding is shown? Answer: The image shows the location of the esophageal sphincter
",question what finding is shown answer the image shows the location of the esophageal sphincter,dyed-lifted-polyps,False,,False,esophagitis-b-d,False
test,test_000328,/home/arcturus/Desktop/old/thesis/rag-vqa-medical/Prototyping_reformat/DatasetAnalysis/HyperKvasir/0_dataset_prep/out/images/test/test_000328.jpg,5,dyed-lifted-polyps,530,623,"Question: What finding is shown? Answer: The image shows the posterior part of the oesophagus
",question what finding is shown answer the image shows the posterior part of the oesophagus,dyed-lifted-polyps,False,,False,dyed-lifted-polyps,True
test,test_000329,/home/arcturus/Desktop/old/thesis/rag-vqa-medical/Prototyping_reformat/DatasetAnalysis/HyperKvasir/0_dataset_prep/out/images/test/test_000329.jpg,5,dyed-lifted-polyps,531,633,"Question: What finding is shown? Answer: The location of the lesion
",question what finding is shown answer the location of the lesion,dyed-lifted-polyps,False,,False,esophagitis-b-d,False
test,test_000330,/home/arcturus/Desktop/old/thesis/rag-vqa-medical/Prototyping_reformat/DatasetAnalysis/HyperKvasir/0_dataset_prep/out/images/test/test_000330.jpg,5,dyed-lifted-polyps,548,635,"Question: What finding is shown? Answer: The location of the esophageal sphincter
",question what finding is shown answer the location of the esophageal sphincter,dyed-lifted-polyps,False,,False,esophagitis-a,False
test,test_000331,/home/arcturus/Desktop/old/thesis/rag-vqa-medical/Prototyping_reformat/DatasetAnalysis/HyperKvasir/0_dataset_prep/out/images/test/test_000331.jpg,5,dyed-lifted-polyps,530,608,"Question: What finding is shown? Answer: The colon is shown in the upper left quadrant of the image
",question what finding is shown answer the colon is shown in the upper left quadrant of the image,dyed-lifted-polyps,False,,False,esophagitis-b-d,False
test,test_000332,/home/arcturus/Desktop/old/thesis/rag-vqa-medical/Prototyping_reformat/DatasetAnalysis/HyperKvasir/0_dataset_prep/out/images/test/test_000332.jpg,5,dyed-lifted-polyps,548,635,"Question: What finding is shown? Answer: The image shows the location of the tumor in the liver
",question what finding is shown answer the image shows the location of the tumor in the liver,dyed-lifted-polyps,False,,False,dyed-lifted-polyps,True
test,test_000333,/home/arcturus/Desktop/old/thesis/rag-vqa-medical/Prototyping_reformat/DatasetAnalysis/HyperKvasir/0_dataset_prep/out/images/test/test_000333.jpg,5,dyed-lifted-polyps,510,627,"Question: What finding is shown? Answer: The image shows the colonic mucosa
",question what finding is shown answer the image shows the colonic mucosa,dyed-lifted-polyps,False,,False,dyed-lifted-polyps,True
test,test_000334,/home/arcturus/Desktop/old/thesis/rag-vqa-medical/Prototyping_reformat/DatasetAnalysis/HyperKvasir/0_dataset_prep/out/images/test/test_000334.jpg,5,dyed-lifted-polyps,532,633,"Question: What finding is shown? Answer: The location of the esophageal sphincter
",question what finding is shown answer the location of the esophageal sphincter,dyed-lifted-polyps,False,,False,esophagitis-b-d,False
test,test_000335,/home/arcturus/Desktop/old/thesis/rag-vqa-medical/Prototyping_reformat/DatasetAnalysis/HyperKvasir/0_dataset_prep/out/images/test/test_000335.jpg,5,dyed-lifted-polyps,532,626,"Question: What finding is shown? Answer: The location of the tumor
",question what finding is shown answer the location of the tumor,dyed-lifted-polyps,False,,False,esophagitis-b-d,False
test,test_000336,/home/arcturus/Desktop/old/thesis/rag-vqa-medical/Prototyping_reformat/DatasetAnalysis/HyperKvasir/0_dataset_prep/out/images/test/test_000336.jpg,5,dyed-lifted-polyps,530,622,"Question: What finding is shown? Answer: The image shows the right side of the liver
",question what finding is shown answer the image shows the right side of the liver,dyed-lifted-polyps,False,,False,esophagitis-b-d,False
test,test_000337,/home/arcturus/Desktop/old/thesis/rag-vqa-medical/Prototyping_reformat/DatasetAnalysis/HyperKvasir/0_dataset_prep/out/images/test/test_000337.jpg,5,dyed-lifted-polyps,530,623,"Question: What finding is shown? Answer: The image shows the colonic mucosa
",question what finding is shown answer the image shows the colonic mucosa,dyed-lifted-polyps,False,,False,esophagitis-b-d,False
test,test_000338,/home/arcturus/Desktop/old/thesis/rag-vqa-medical/Prototyping_reformat/DatasetAnalysis/HyperKvasir/0_dataset_prep/out/images/test/test_000338.jpg,5,dyed-lifted-polyps,530,623,"Question: What finding is shown? Answer: The image shows the right side of the liver
",question what finding is shown answer the image shows the right side of the liver,dyed-lifted-polyps,False,,False,esophagitis-b-d,False
test,test_000339,/home/arcturus/Desktop/old/thesis/rag-vqa-medical/Prototyping_reformat/DatasetAnalysis/HyperKvasir/0_dataset_prep/out/images/test/test_000339.jpg,5,dyed-lifted-polyps,548,636,"Question: What finding is shown? Answer: The image shows the bladder and the urethra
",question what finding is shown answer the image shows the bladder and the urethra,dyed-lifted-polyps,False,,False,esophagitis-b-d,False
test,test_000340,/home/arcturus/Desktop/old/thesis/rag-vqa-medical/Prototyping_reformat/DatasetAnalysis/HyperKvasir/0_dataset_prep/out/images/test/test_000340.jpg,5,dyed-lifted-polyps,546,635,"Question: What finding is shown? Answer: The colonic mucosa is stained with hematoxylin and eosin
",question what finding is shown answer the colonic mucosa is stained with hematoxylin and eosin,dyed-lifted-polyps,False,,False,esophagitis-b-d,False
test,test_000341,/home/arcturus/Desktop/old/thesis/rag-vqa-medical/Prototyping_reformat/DatasetAnalysis/HyperKvasir/0_dataset_prep/out/images/test/test_000341.jpg,5,dyed-lifted-polyps,547,635,"Question: What finding is shown? Answer: The image shows the location of the ureter in the bladder
",question what finding is shown answer the image shows the location of the ureter in the bladder,dyed-lifted-polyps,False,,False,esophagitis-b-d,False
test,test_000342,/home/arcturus/Desktop/old/thesis/rag-vqa-medical/Prototyping_reformat/DatasetAnalysis/HyperKvasir/0_dataset_prep/out/images/test/test_000342.jpg,5,dyed-lifted-polyps,530,620,"Question: What finding is shown? Answer: The colon is shown in the upper left quadrant of the image
",question what finding is shown answer the colon is shown in the upper left quadrant of the image,dyed-lifted-polyps,False,,False,esophagitis-b-d,False
test,test_000343,/home/arcturus/Desktop/old/thesis/rag-vqa-medical/Prototyping_reformat/DatasetAnalysis/HyperKvasir/0_dataset_prep/out/images/test/test_000343.jpg,5,dyed-lifted-polyps,530,623,"Question: What finding is shown? Answer: The cyst is a cyst that is filled with fluid
",question what finding is shown answer the cyst is a cyst that is filled with fluid,dyed-lifted-polyps,False,,False,esophagitis-b-d,False
test,test_000344,/home/arcturus/Desktop/old/thesis/rag-vqa-medical/Prototyping_reformat/DatasetAnalysis/HyperKvasir/0_dataset_prep/out/images/test/test_000344.jpg,5,dyed-lifted-polyps,529,620,"Question: What finding is shown? Answer: The image shows the right side of the liver
",question what finding is shown answer the image shows the right side of the liver,dyed-lifted-polyps,False,,False,esophagitis-b-d,False
test,test_000345,/home/arcturus/Desktop/old/thesis/rag-vqa-medical/Prototyping_reformat/DatasetAnalysis/HyperKvasir/0_dataset_prep/out/images/test/test_000345.jpg,5,dyed-lifted-polyps,530,624,"Question: What finding is shown? Answer: The colon
",question what finding is shown answer the colon,dyed-lifted-polyps,False,,False,ileum,False
test,test_000346,/home/arcturus/Desktop/old/thesis/rag-vqa-medical/Prototyping_reformat/DatasetAnalysis/HyperKvasir/0_dataset_prep/out/images/test/test_000346.jpg,5,dyed-lifted-polyps,530,623,"Question: What finding is shown? Answer: The image shows the posterior aspect of the eye
",question what finding is shown answer the image shows the posterior aspect of the eye,dyed-lifted-polyps,False,,False,esophagitis-b-d,False
test,test_000347,/home/arcturus/Desktop/old/thesis/rag-vqa-medical/Prototyping_reformat/DatasetAnalysis/HyperKvasir/0_dataset_prep/out/images/test/test_000347.jpg,5,dyed-lifted-polyps,529,628,"Question: What finding is shown? Answer: The colon is shown in the upper left quadrant of the image
",question what finding is shown answer the colon is shown in the upper left quadrant of the image,dyed-lifted-polyps,False,,False,esophagitis-b-d,False
test,test_000348,/home/arcturus/Desktop/old/thesis/rag-vqa-medical/Prototyping_reformat/DatasetAnalysis/HyperKvasir/0_dataset_prep/out/images/test/test_000348.jpg,5,dyed-lifted-polyps,531,633,"Question: What finding is shown? Answer: The location of the lesion
",question what finding is shown answer the location of the lesion,dyed-lifted-polyps,False,,False,dyed-lifted-polyps,True
test,test_000349,/home/arcturus/Desktop/old/thesis/rag-vqa-medical/Prototyping_reformat/DatasetAnalysis/HyperKvasir/0_dataset_prep/out/images/test/test_000349.jpg,5,dyed-lifted-polyps,531,633,"Question: What finding is shown? Answer: The location of the tumor
",question what finding is shown answer the location of the tumor,dyed-lifted-polyps,False,,False,dyed-lifted-polyps,True
test,test_000350,/home/arcturus/Desktop/old/thesis/rag-vqa-medical/Prototyping_reformat/DatasetAnalysis/HyperKvasir/0_dataset_prep/out/images/test/test_000350.jpg,5,dyed-lifted-polyps,548,635,"Question: What finding is shown? Answer: The location of the duodenal ulcer
",question what finding is shown answer the location of the duodenal ulcer,dyed-lifted-polyps,False,,False,esophagitis-b-d,False
test,test_000351,/home/arcturus/Desktop/old/thesis/rag-vqa-medical/Prototyping_reformat/DatasetAnalysis/HyperKvasir/0_dataset_prep/out/images/test/test_000351.jpg,5,dyed-lifted-polyps,547,635,"Question: What finding is shown? Answer: The location of the tumor
",question what finding is shown answer the location of the tumor,dyed-lifted-polyps,False,,False,dyed-lifted-polyps,True
test,test_000352,/home/arcturus/Desktop/old/thesis/rag-vqa-medical/Prototyping_reformat/DatasetAnalysis/HyperKvasir/0_dataset_prep/out/images/test/test_000352.jpg,5,dyed-lifted-polyps,530,622,"Question: What finding is shown? Answer: a large, round, white mass in the colon
",question what finding is shown answer a large round white mass in the colon,dyed-lifted-polyps,False,,False,ulcerative-colitis-grade-0-1,False
test,test_000353,/home/arcturus/Desktop/old/thesis/rag-vqa-medical/Prototyping_reformat/DatasetAnalysis/HyperKvasir/0_dataset_prep/out/images/test/test_000353.jpg,5,dyed-lifted-polyps,548,635,"Question: What finding is shown? Answer: The image shows the location of the gallbladder
",question what finding is shown answer the image shows the location of the gallbladder,dyed-lifted-polyps,False,,False,esophagitis-b-d,False
test,test_000354,/home/arcturus/Desktop/old/thesis/rag-vqa-medical/Prototyping_reformat/DatasetAnalysis/HyperKvasir/0_dataset_prep/out/images/test/test_000354.jpg,5,dyed-lifted-polyps,531,633,"Question: What finding is shown? Answer: The image shows the bladder and urethra
",question what finding is shown answer the image shows the bladder and urethra,dyed-lifted-polyps,False,,False,esophagitis-b-d,False
test,test_000355,/home/arcturus/Desktop/old/thesis/rag-vqa-medical/Prototyping_reformat/DatasetAnalysis/HyperKvasir/0_dataset_prep/out/images/test/test_000355.jpg,5,dyed-lifted-polyps,530,623,"Question: What finding is shown? Answer: The image shows the right side of the liver
",question what finding is shown answer the image shows the right side of the liver,dyed-lifted-polyps,False,,False,dyed-lifted-polyps,True
test,test_000356,/home/arcturus/Desktop/old/thesis/rag-vqa-medical/Prototyping_reformat/DatasetAnalysis/HyperKvasir/0_dataset_prep/out/images/test/test_000356.jpg,5,dyed-lifted-polyps,531,633,"Question: What finding is shown? Answer: The image shows the location of the gallbladder
",question what finding is shown answer the image shows the location of the gallbladder,dyed-lifted-polyps,False,,False,esophagitis-b-d,False
test,test_000357,/home/arcturus/Desktop/old/thesis/rag-vqa-medical/Prototyping_reformat/DatasetAnalysis/HyperKvasir/0_dataset_prep/out/images/test/test_000357.jpg,5,dyed-lifted-polyps,529,621,"Question: What finding is shown? Answer: The image shows the right side of the liver
",question what finding is shown answer the image shows the right side of the liver,dyed-lifted-polyps,False,,False,esophagitis-b-d,False
test,test_000358,/home/arcturus/Desktop/old/thesis/rag-vqa-medical/Prototyping_reformat/DatasetAnalysis/HyperKvasir/0_dataset_prep/out/images/test/test_000358.jpg,5,dyed-lifted-polyps,531,633,"Question: What finding is shown? Answer: The image shows the location of the tumor in the liver
",question what finding is shown answer the image shows the location of the tumor in the liver,dyed-lifted-polyps,False,,False,esophagitis-b-d,False
test,test_000359,/home/arcturus/Desktop/old/thesis/rag-vqa-medical/Prototyping_reformat/DatasetAnalysis/HyperKvasir/0_dataset_prep/out/images/test/test_000359.jpg,5,dyed-lifted-polyps,532,632,"Question: What finding is shown? Answer: The image shows the location of the tumor in the liver
",question what finding is shown answer the image shows the location of the tumor in the liver,dyed-lifted-polyps,False,,False,esophagitis-b-d,False
test,test_000360,/home/arcturus/Desktop/old/thesis/rag-vqa-medical/Prototyping_reformat/DatasetAnalysis/HyperKvasir/0_dataset_prep/out/images/test/test_000360.jpg,5,dyed-lifted-polyps,530,623,"Question: What finding is shown? Answer: The anterior chamber of the eye
",question what finding is shown answer the anterior chamber of the eye,dyed-lifted-polyps,False,,False,dyed-lifted-polyps,True
test,test_000361,/home/arcturus/Desktop/old/thesis/rag-vqa-medical/Prototyping_reformat/DatasetAnalysis/HyperKvasir/0_dataset_prep/out/images/test/test_000361.jpg,5,dyed-lifted-polyps,529,606,"Question: What finding is shown? Answer: a large, red, swollen, inflamed, and tender mass
",question what finding is shown answer a large red swollen inflamed and tender mass,dyed-lifted-polyps,False,,False,ulcerative-colitis-grade-0-1,False
test,test_000362,/home/arcturus/Desktop/old/thesis/rag-vqa-medical/Prototyping_reformat/DatasetAnalysis/HyperKvasir/0_dataset_prep/out/images/test/test_000362.jpg,5,dyed-lifted-polyps,430,586,"Question: What finding is shown? Answer: The location of the lesion
",question what finding is shown answer the location of the lesion,dyed-lifted-polyps,False,,False,dyed-lifted-polyps,True
test,test_000363,/home/arcturus/Desktop/old/thesis/rag-vqa-medical/Prototyping_reformat/DatasetAnalysis/HyperKvasir/0_dataset_prep/out/images/test/test_000363.jpg,5,dyed-lifted-polyps,521,617,"Question: What finding is shown? Answer: The image shows the colonic mucosa
",question what finding is shown answer the image shows the colonic mucosa,dyed-lifted-polyps,False,,False,dyed-lifted-polyps,True
test,test_000364,/home/arcturus/Desktop/old/thesis/rag-vqa-medical/Prototyping_reformat/DatasetAnalysis/HyperKvasir/0_dataset_prep/out/images/test/test_000364.jpg,5,dyed-lifted-polyps,531,633,"Question: What finding is shown? Answer: The colonic mucosa
",question what finding is shown answer the colonic mucosa,dyed-lifted-polyps,False,,False,dyed-lifted-polyps,True
test,test_000365,/home/arcturus/Desktop/old/thesis/rag-vqa-medical/Prototyping_reformat/DatasetAnalysis/HyperKvasir/0_dataset_prep/out/images/test/test_000365.jpg,5,dyed-lifted-polyps,529,616,"Question: What finding is shown? Answer: The image shows the location of the lesion in the kidney
",question what finding is shown answer the image shows the location of the lesion in the kidney,dyed-lifted-polyps,False,,False,dyed-lifted-polyps,True
test,test_000366,/home/arcturus/Desktop/old/thesis/rag-vqa-medical/Prototyping_reformat/DatasetAnalysis/HyperKvasir/0_dataset_prep/out/images/test/test_000366.jpg,5,dyed-lifted-polyps,532,623,"Question: What finding is shown? Answer: The image shows the colonic mucosa
",question what finding is shown answer the image shows the colonic mucosa,dyed-lifted-polyps,False,,False,esophagitis-b-d,False
test,test_000367,/home/arcturus/Desktop/old/thesis/rag-vqa-medical/Prototyping_reformat/DatasetAnalysis/HyperKvasir/0_dataset_prep/out/images/test/test_000367.jpg,5,dyed-lifted-polyps,531,597,"Question: What finding is shown? Answer: The location of the lesion
",question what finding is shown answer the location of the lesion,dyed-lifted-polyps,False,,False,esophagitis-b-d,False
test,test_000368,/home/arcturus/Desktop/old/thesis/rag-vqa-medical/Prototyping_reformat/DatasetAnalysis/HyperKvasir/0_dataset_prep/out/images/test/test_000368.jpg,5,dyed-lifted-polyps,531,621,"Question: What finding is shown? Answer: The colonic mucosa
",question what finding is shown answer the colonic mucosa,dyed-lifted-polyps,False,,False,esophagitis-b-d,False
test,test_000369,/home/arcturus/Desktop/old/thesis/rag-vqa-medical/Prototyping_reformat/DatasetAnalysis/HyperKvasir/0_dataset_prep/out/images/test/test_000369.jpg,5,dyed-lifted-polyps,514,425,"Question: What finding is shown? Answer: The image shows the location of the tumor in the liver
",question what finding is shown answer the image shows the location of the tumor in the liver,dyed-lifted-polyps,False,,False,esophagitis-b-d,False
test,test_000370,/home/arcturus/Desktop/old/thesis/rag-vqa-medical/Prototyping_reformat/DatasetAnalysis/HyperKvasir/0_dataset_prep/out/images/test/test_000370.jpg,5,dyed-lifted-polyps,530,623,"Question: What finding is shown? Answer: The white spot is a small, round, white, non-cancerous tumor
",question what finding is shown answer the white spot is a small round white non-cancerous tumor,dyed-lifted-polyps,False,,False,esophagitis-b-d,False
test,test_000371,/home/arcturus/Desktop/old/thesis/rag-vqa-medical/Prototyping_reformat/DatasetAnalysis/HyperKvasir/0_dataset_prep/out/images/test/test_000371.jpg,5,dyed-lifted-polyps,532,623,"Question: What finding is shown? Answer: The image shows the upper part of the colon
",question what finding is shown answer the image shows the upper part of the colon,dyed-lifted-polyps,False,,False,esophagitis-b-d,False
test,test_000372,/home/arcturus/Desktop/old/thesis/rag-vqa-medical/Prototyping_reformat/DatasetAnalysis/HyperKvasir/0_dataset_prep/out/images/test/test_000372.jpg,5,dyed-lifted-polyps,548,635,"Question: What finding is shown? Answer: The image shows the location of the lesion in the esophagus
",question what finding is shown answer the image shows the location of the lesion in the esophagus,dyed-lifted-polyps,False,,False,esophagitis-b-d,False
test,test_000373,/home/arcturus/Desktop/old/thesis/rag-vqa-medical/Prototyping_reformat/DatasetAnalysis/HyperKvasir/0_dataset_prep/out/images/test/test_000373.jpg,5,dyed-lifted-polyps,531,633,"Question: What finding is shown? Answer: The location of the lesion
",question what finding is shown answer the location of the lesion,dyed-lifted-polyps,False,,False,esophagitis-b-d,False
test,test_000374,/home/arcturus/Desktop/old/thesis/rag-vqa-medical/Prototyping_reformat/DatasetAnalysis/HyperKvasir/0_dataset_prep/out/images/test/test_000374.jpg,5,dyed-lifted-polyps,531,633,"Question: What finding is shown? Answer: The image shows the posterior part of the esophagus
",question what finding is shown answer the image shows the posterior part of the esophagus,dyed-lifted-polyps,False,,False,esophagitis-b-d,False
test,test_000375,/home/arcturus/Desktop/old/thesis/rag-vqa-medical/Prototyping_reformat/DatasetAnalysis/HyperKvasir/0_dataset_prep/out/images/test/test_000375.jpg,5,dyed-lifted-polyps,548,635,"Question: What finding is shown? Answer: The location of the esophageal sphincter
",question what finding is shown answer the location of the esophageal sphincter,dyed-lifted-polyps,False,,False,esophagitis-b-d,False
test,test_000376,/home/arcturus/Desktop/old/thesis/rag-vqa-medical/Prototyping_reformat/DatasetAnalysis/HyperKvasir/0_dataset_prep/out/images/test/test_000376.jpg,5,dyed-lifted-polyps,530,590,"Question: What finding is shown? Answer: The image shows the right side of the liver
",question what finding is shown answer the image shows the right side of the liver,dyed-lifted-polyps,False,,False,dyed-lifted-polyps,True
test,test_000377,/home/arcturus/Desktop/old/thesis/rag-vqa-medical/Prototyping_reformat/DatasetAnalysis/HyperKvasir/0_dataset_prep/out/images/test/test_000377.jpg,5,dyed-lifted-polyps,531,623,"Question: What finding is shown? Answer: The image shows the location of the lesion in the esophagus
",question what finding is shown answer the image shows the location of the lesion in the esophagus,dyed-lifted-polyps,False,,False,esophagitis-b-d,False
test,test_000378,/home/arcturus/Desktop/old/thesis/rag-vqa-medical/Prototyping_reformat/DatasetAnalysis/HyperKvasir/0_dataset_prep/out/images/test/test_000378.jpg,5,dyed-lifted-polyps,548,635,"Question: What finding is shown? Answer: The colon is shown in the upper left corner of the image
",question what finding is shown answer the colon is shown in the upper left corner of the image,dyed-lifted-polyps,False,,False,esophagitis-b-d,False
test,test_000379,/home/arcturus/Desktop/old/thesis/rag-vqa-medical/Prototyping_reformat/DatasetAnalysis/HyperKvasir/0_dataset_prep/out/images/test/test_000379.jpg,5,dyed-lifted-polyps,531,633,"Question: What finding is shown? Answer: The image shows the location of the duodenal ulcer
",question what finding is shown answer the image shows the location of the duodenal ulcer,dyed-lifted-polyps,False,,False,esophagitis-b-d,False
test,test_000380,/home/arcturus/Desktop/old/thesis/rag-vqa-medical/Prototyping_reformat/DatasetAnalysis/HyperKvasir/0_dataset_prep/out/images/test/test_000380.jpg,5,dyed-lifted-polyps,532,633,Question: What finding is shown? Answer: The image shows the anterior and posterior view of the anterior and posterior part of the anterior and posterior part,question what finding is shown answer the image shows the anterior and posterior view of the anterior and posterior part of the anterior and posterior part,dyed-lifted-polyps,False,,False,dyed-lifted-polyps,True
test,test_000381,/home/arcturus/Desktop/old/thesis/rag-vqa-medical/Prototyping_reformat/DatasetAnalysis/HyperKvasir/0_dataset_prep/out/images/test/test_000381.jpg,5,dyed-lifted-polyps,531,633,"Question: What finding is shown? Answer: The location of the lesion
",question what finding is shown answer the location of the lesion,dyed-lifted-polyps,False,,False,esophagitis-b-d,False
test,test_000382,/home/arcturus/Desktop/old/thesis/rag-vqa-medical/Prototyping_reformat/DatasetAnalysis/HyperKvasir/0_dataset_prep/out/images/test/test_000382.jpg,5,dyed-lifted-polyps,532,633,"Question: What finding is shown? Answer: The image shows the location of the tumor in the liver
",question what finding is shown answer the image shows the location of the tumor in the liver,dyed-lifted-polyps,False,,False,esophagitis-b-d,False
test,test_000383,/home/arcturus/Desktop/old/thesis/rag-vqa-medical/Prototyping_reformat/DatasetAnalysis/HyperKvasir/0_dataset_prep/out/images/test/test_000383.jpg,5,dyed-lifted-polyps,531,633,"Question: What finding is shown? Answer: The colonic mucosa
",question what finding is shown answer the colonic mucosa,dyed-lifted-polyps,False,,False,esophagitis-b-d,False
test,test_000384,/home/arcturus/Desktop/old/thesis/rag-vqa-medical/Prototyping_reformat/DatasetAnalysis/HyperKvasir/0_dataset_prep/out/images/test/test_000384.jpg,5,dyed-lifted-polyps,548,635,"Question: What finding is shown? Answer: The left side of the image shows the left side of the oesophagus, and the right",question what finding is shown answer the left side of the image shows the left side of the oesophagus and the right,dyed-lifted-polyps,False,,False,dyed-lifted-polyps,True
test,test_000385,/home/arcturus/Desktop/old/thesis/rag-vqa-medical/Prototyping_reformat/DatasetAnalysis/HyperKvasir/0_dataset_prep/out/images/test/test_000385.jpg,5,dyed-lifted-polyps,547,635,"Question: What finding is shown? Answer: The location of the tumor
",question what finding is shown answer the location of the tumor,dyed-lifted-polyps,False,,False,dyed-lifted-polyps,True
test,test_000386,/home/arcturus/Desktop/old/thesis/rag-vqa-medical/Prototyping_reformat/DatasetAnalysis/HyperKvasir/0_dataset_prep/out/images/test/test_000386.jpg,5,dyed-lifted-polyps,548,635,"Question: What finding is shown? Answer: The colonic mucosa
",question what finding is shown answer the colonic mucosa,dyed-lifted-polyps,False,,False,esophagitis-b-d,False
test,test_000387,/home/arcturus/Desktop/old/thesis/rag-vqa-medical/Prototyping_reformat/DatasetAnalysis/HyperKvasir/0_dataset_prep/out/images/test/test_000387.jpg,5,dyed-lifted-polyps,504,620,"Question: What finding is shown? Answer:
",question what finding is shown answer,dyed-lifted-polyps,False,,False,esophagitis-b-d,False
test,test_000388,/home/arcturus/Desktop/old/thesis/rag-vqa-medical/Prototyping_reformat/DatasetAnalysis/HyperKvasir/0_dataset_prep/out/images/test/test_000388.jpg,5,dyed-lifted-polyps,547,635,"Question: What finding is shown? Answer: The location of the lesion
",question what finding is shown answer the location of the lesion,dyed-lifted-polyps,False,,False,dyed-lifted-polyps,True
test,test_000389,/home/arcturus/Desktop/old/thesis/rag-vqa-medical/Prototyping_reformat/DatasetAnalysis/HyperKvasir/0_dataset_prep/out/images/test/test_000389.jpg,5,dyed-lifted-polyps,530,623,"Question: What finding is shown? Answer:
",question what finding is shown answer,dyed-lifted-polyps,False,,False,dyed-lifted-polyps,True
test,test_000390,/home/arcturus/Desktop/old/thesis/rag-vqa-medical/Prototyping_reformat/DatasetAnalysis/HyperKvasir/0_dataset_prep/out/images/test/test_000390.jpg,6,dyed-resection-margins,548,635,"Question: What finding is shown? Answer: The image shows the location of the lesion in the esophagus
",question what finding is shown answer the image shows the location of the lesion in the esophagus,dyed-resection-margins,False,,False,esophagitis-b-d,False
test,test_000391,/home/arcturus/Desktop/old/thesis/rag-vqa-medical/Prototyping_reformat/DatasetAnalysis/HyperKvasir/0_dataset_prep/out/images/test/test_000391.jpg,6,dyed-resection-margins,532,633,"Question: What finding is shown? Answer: The anterior chamber of the eye
",question what finding is shown answer the anterior chamber of the eye,dyed-resection-margins,False,,False,dyed-lifted-polyps,False
test,test_000392,/home/arcturus/Desktop/old/thesis/rag-vqa-medical/Prototyping_reformat/DatasetAnalysis/HyperKvasir/0_dataset_prep/out/images/test/test_000392.jpg,6,dyed-resection-margins,532,633,"Question: What finding is shown? Answer: The anterior chamber of the eye
",question what finding is shown answer the anterior chamber of the eye,dyed-resection-margins,False,,False,dyed-lifted-polyps,False
test,test_000393,/home/arcturus/Desktop/old/thesis/rag-vqa-medical/Prototyping_reformat/DatasetAnalysis/HyperKvasir/0_dataset_prep/out/images/test/test_000393.jpg,6,dyed-resection-margins,531,633,"Question: What finding is shown? Answer: The location of the lesion
",question what finding is shown answer the location of the lesion,dyed-resection-margins,False,,False,dyed-lifted-polyps,False
test,test_000394,/home/arcturus/Desktop/old/thesis/rag-vqa-medical/Prototyping_reformat/DatasetAnalysis/HyperKvasir/0_dataset_prep/out/images/test/test_000394.jpg,6,dyed-resection-margins,529,605,"Question: What finding is shown? Answer: The image shows the liver and the gallbladder
",question what finding is shown answer the image shows the liver and the gallbladder,dyed-resection-margins,False,,False,esophagitis-b-d,False
test,test_000395,/home/arcturus/Desktop/old/thesis/rag-vqa-medical/Prototyping_reformat/DatasetAnalysis/HyperKvasir/0_dataset_prep/out/images/test/test_000395.jpg,6,dyed-resection-margins,532,570,"Question: What finding is shown? Answer: The colon is shown in the upper left corner of the image
",question what finding is shown answer the colon is shown in the upper left corner of the image,dyed-resection-margins,False,,False,esophagitis-b-d,False
test,test_000396,/home/arcturus/Desktop/old/thesis/rag-vqa-medical/Prototyping_reformat/DatasetAnalysis/HyperKvasir/0_dataset_prep/out/images/test/test_000396.jpg,6,dyed-resection-margins,530,625,"Question: What finding is shown? Answer: The colonic mucosa is stained blue
",question what finding is shown answer the colonic mucosa is stained blue,dyed-resection-margins,False,,False,esophagitis-b-d,False
test,test_000397,/home/arcturus/Desktop/old/thesis/rag-vqa-medical/Prototyping_reformat/DatasetAnalysis/HyperKvasir/0_dataset_prep/out/images/test/test_000397.jpg,6,dyed-resection-margins,547,636,"Question: What finding is shown? Answer: the location of the tumor
",question what finding is shown answer the location of the tumor,dyed-resection-margins,False,,False,esophagitis-b-d,False
test,test_000398,/home/arcturus/Desktop/old/thesis/rag-vqa-medical/Prototyping_reformat/DatasetAnalysis/HyperKvasir/0_dataset_prep/out/images/test/test_000398.jpg,6,dyed-resection-margins,532,623,"Question: What finding is shown? Answer: The colon
",question what finding is shown answer the colon,dyed-resection-margins,False,,False,esophagitis-b-d,False
test,test_000399,/home/arcturus/Desktop/old/thesis/rag-vqa-medical/Prototyping_reformat/DatasetAnalysis/HyperKvasir/0_dataset_prep/out/images/test/test_000399.jpg,6,dyed-resection-margins,547,635,"Question: What finding is shown? Answer: the location of the tumor
",question what finding is shown answer the location of the tumor,dyed-resection-margins,False,,False,dyed-lifted-polyps,False
test,test_000400,/home/arcturus/Desktop/old/thesis/rag-vqa-medical/Prototyping_reformat/DatasetAnalysis/HyperKvasir/0_dataset_prep/out/images/test/test_000400.jpg,6,dyed-resection-margins,548,635,"Question: What finding is shown? Answer: The anterior chamber of the eye
",question what finding is shown answer the anterior chamber of the eye,dyed-resection-margins,False,,False,dyed-resection-margins,True
test,test_000401,/home/arcturus/Desktop/old/thesis/rag-vqa-medical/Prototyping_reformat/DatasetAnalysis/HyperKvasir/0_dataset_prep/out/images/test/test_000401.jpg,6,dyed-resection-margins,532,633,"Question: What finding is shown? Answer: The location of the lesion
",question what finding is shown answer the location of the lesion,dyed-resection-margins,False,,False,esophagitis-b-d,False
test,test_000402,/home/arcturus/Desktop/old/thesis/rag-vqa-medical/Prototyping_reformat/DatasetAnalysis/HyperKvasir/0_dataset_prep/out/images/test/test_000402.jpg,6,dyed-resection-margins,532,633,"Question: What finding is shown? Answer: The image shows the location of the lesion
",question what finding is shown answer the image shows the location of the lesion,dyed-resection-margins,False,,False,esophagitis-b-d,False
test,test_000403,/home/arcturus/Desktop/old/thesis/rag-vqa-medical/Prototyping_reformat/DatasetAnalysis/HyperKvasir/0_dataset_prep/out/images/test/test_000403.jpg,6,dyed-resection-margins,529,615,"Question: What finding is shown? Answer: The image shows the upper part of the duodenum, the first part of the small intestine
",question what finding is shown answer the image shows the upper part of the duodenum the first part of the small intestine,dyed-resection-margins,False,,False,esophagitis-b-d,False
test,test_000404,/home/arcturus/Desktop/old/thesis/rag-vqa-medical/Prototyping_reformat/DatasetAnalysis/HyperKvasir/0_dataset_prep/out/images/test/test_000404.jpg,6,dyed-resection-margins,547,635,"Question: What finding is shown? Answer: The location of the gallbladder
",question what finding is shown answer the location of the gallbladder,dyed-resection-margins,False,,False,dyed-lifted-polyps,False
test,test_000405,/home/arcturus/Desktop/old/thesis/rag-vqa-medical/Prototyping_reformat/DatasetAnalysis/HyperKvasir/0_dataset_prep/out/images/test/test_000405.jpg,6,dyed-resection-margins,531,633,"Question: What finding is shown? Answer: The image shows the location of the lesion
",question what finding is shown answer the image shows the location of the lesion,dyed-resection-margins,False,,False,dyed-lifted-polyps,False
test,test_000406,/home/arcturus/Desktop/old/thesis/rag-vqa-medical/Prototyping_reformat/DatasetAnalysis/HyperKvasir/0_dataset_prep/out/images/test/test_000406.jpg,6,dyed-resection-margins,531,633,"Question: What finding is shown? Answer: The location of the lesion
",question what finding is shown answer the location of the lesion,dyed-resection-margins,False,,False,esophagitis-b-d,False
test,test_000407,/home/arcturus/Desktop/old/thesis/rag-vqa-medical/Prototyping_reformat/DatasetAnalysis/HyperKvasir/0_dataset_prep/out/images/test/test_000407.jpg,6,dyed-resection-margins,530,623,"Question: What finding is shown? Answer: The right side of the image shows the right side of the esophagus
",question what finding is shown answer the right side of the image shows the right side of the esophagus,dyed-resection-margins,False,,False,esophagitis-b-d,False
test,test_000408,/home/arcturus/Desktop/old/thesis/rag-vqa-medical/Prototyping_reformat/DatasetAnalysis/HyperKvasir/0_dataset_prep/out/images/test/test_000408.jpg,6,dyed-resection-margins,548,622,"Question: What finding is shown? Answer: The anterior capsule of the eye
",question what finding is shown answer the anterior capsule of the eye,dyed-resection-margins,False,,False,esophagitis-b-d,False
test,test_000409,/home/arcturus/Desktop/old/thesis/rag-vqa-medical/Prototyping_reformat/DatasetAnalysis/HyperKvasir/0_dataset_prep/out/images/test/test_000409.jpg,6,dyed-resection-margins,531,633,"Question: What finding is shown? Answer: The location of the lesion is shown on the left side of the image
",question what finding is shown answer the location of the lesion is shown on the left side of the image,dyed-resection-margins,False,,False,dyed-lifted-polyps,False
test,test_000410,/home/arcturus/Desktop/old/thesis/rag-vqa-medical/Prototyping_reformat/DatasetAnalysis/HyperKvasir/0_dataset_prep/out/images/test/test_000410.jpg,6,dyed-resection-margins,531,633,"Question: What finding is shown? Answer: The image shows the location of the lesion
",question what finding is shown answer the image shows the location of the lesion,dyed-resection-margins,False,,False,dyed-lifted-polyps,False
test,test_000411,/home/arcturus/Desktop/old/thesis/rag-vqa-medical/Prototyping_reformat/DatasetAnalysis/HyperKvasir/0_dataset_prep/out/images/test/test_000411.jpg,6,dyed-resection-margins,531,622,"Question: What finding is shown? Answer: The location of the lesion
",question what finding is shown answer the location of the lesion,dyed-resection-margins,False,,False,dyed-lifted-polyps,False
test,test_000412,/home/arcturus/Desktop/old/thesis/rag-vqa-medical/Prototyping_reformat/DatasetAnalysis/HyperKvasir/0_dataset_prep/out/images/test/test_000412.jpg,6,dyed-resection-margins,548,635,"Question: What finding is shown? Answer: aortic dissection
",question what finding is shown answer aortic dissection,dyed-resection-margins,False,,False,esophagitis-b-d,False
test,test_000413,/home/arcturus/Desktop/old/thesis/rag-vqa-medical/Prototyping_reformat/DatasetAnalysis/HyperKvasir/0_dataset_prep/out/images/test/test_000413.jpg,6,dyed-resection-margins,530,581,"Question: What finding is shown? Answer: The image shows the right side of the liver
",question what finding is shown answer the image shows the right side of the liver,dyed-resection-margins,False,,False,esophagitis-b-d,False
test,test_000414,/home/arcturus/Desktop/old/thesis/rag-vqa-medical/Prototyping_reformat/DatasetAnalysis/HyperKvasir/0_dataset_prep/out/images/test/test_000414.jpg,6,dyed-resection-margins,548,636,"Question: What finding is shown? Answer: The image shows the right side of the stomach
",question what finding is shown answer the image shows the right side of the stomach,dyed-resection-margins,False,,False,dyed-lifted-polyps,False
test,test_000415,/home/arcturus/Desktop/old/thesis/rag-vqa-medical/Prototyping_reformat/DatasetAnalysis/HyperKvasir/0_dataset_prep/out/images/test/test_000415.jpg,6,dyed-resection-margins,529,623,"Question: What finding is shown? Answer: The right side of the image shows the right side of the esophagus
",question what finding is shown answer the right side of the image shows the right side of the esophagus,dyed-resection-margins,False,,False,esophagitis-b-d,False
test,test_000416,/home/arcturus/Desktop/old/thesis/rag-vqa-medical/Prototyping_reformat/DatasetAnalysis/HyperKvasir/0_dataset_prep/out/images/test/test_000416.jpg,6,dyed-resection-margins,532,633,"Question: What finding is shown? Answer: The location of the lesion
",question what finding is shown answer the location of the lesion,dyed-resection-margins,False,,False,esophagitis-b-d,False
test,test_000417,/home/arcturus/Desktop/old/thesis/rag-vqa-medical/Prototyping_reformat/DatasetAnalysis/HyperKvasir/0_dataset_prep/out/images/test/test_000417.jpg,6,dyed-resection-margins,531,630,"Question: What finding is shown? Answer: The location of the lesion
",question what finding is shown answer the location of the lesion,dyed-resection-margins,False,,False,dyed-lifted-polyps,False
test,test_000418,/home/arcturus/Desktop/old/thesis/rag-vqa-medical/Prototyping_reformat/DatasetAnalysis/HyperKvasir/0_dataset_prep/out/images/test/test_000418.jpg,6,dyed-resection-margins,488,633,"Question: What finding is shown? Answer: The image shows the location of the lesion in the esophagus
",question what finding is shown answer the image shows the location of the lesion in the esophagus,dyed-resection-margins,False,,False,esophagitis-b-d,False
test,test_000419,/home/arcturus/Desktop/old/thesis/rag-vqa-medical/Prototyping_reformat/DatasetAnalysis/HyperKvasir/0_dataset_prep/out/images/test/test_000419.jpg,6,dyed-resection-margins,529,624,"Question: What finding is shown? Answer: The image shows the right side of the colon
",question what finding is shown answer the image shows the right side of the colon,dyed-resection-margins,False,,False,esophagitis-b-d,False
test,test_000420,/home/arcturus/Desktop/old/thesis/rag-vqa-medical/Prototyping_reformat/DatasetAnalysis/HyperKvasir/0_dataset_prep/out/images/test/test_000420.jpg,6,dyed-resection-margins,531,633,"Question: What finding is shown? Answer: The anterior chamber of the eye
",question what finding is shown answer the anterior chamber of the eye,dyed-resection-margins,False,,False,dyed-lifted-polyps,False
test,test_000421,/home/arcturus/Desktop/old/thesis/rag-vqa-medical/Prototyping_reformat/DatasetAnalysis/HyperKvasir/0_dataset_prep/out/images/test/test_000421.jpg,6,dyed-resection-margins,530,623,"Question: What finding is shown? Answer: The image shows the upper part of the esophagus
",question what finding is shown answer the image shows the upper part of the esophagus,dyed-resection-margins,False,,False,esophagitis-b-d,False
test,test_000422,/home/arcturus/Desktop/old/thesis/rag-vqa-medical/Prototyping_reformat/DatasetAnalysis/HyperKvasir/0_dataset_prep/out/images/test/test_000422.jpg,6,dyed-resection-margins,531,560,"Question: What finding is shown? Answer: The image shows the location of the lesion in the right lobe of the liver
",question what finding is shown answer the image shows the location of the lesion in the right lobe of the liver,dyed-resection-margins,False,,False,dyed-lifted-polyps,False
test,test_000423,/home/arcturus/Desktop/old/thesis/rag-vqa-medical/Prototyping_reformat/DatasetAnalysis/HyperKvasir/0_dataset_prep/out/images/test/test_000423.jpg,6,dyed-resection-margins,530,633,"Question: What finding is shown? Answer: The anterior chamber of the eye
",question what finding is shown answer the anterior chamber of the eye,dyed-resection-margins,False,,False,esophagitis-b-d,False
test,test_000424,/home/arcturus/Desktop/old/thesis/rag-vqa-medical/Prototyping_reformat/DatasetAnalysis/HyperKvasir/0_dataset_prep/out/images/test/test_000424.jpg,6,dyed-resection-margins,547,627,"Question: What finding is shown? Answer: The anterior chamber of the eye is filled with fluid
",question what finding is shown answer the anterior chamber of the eye is filled with fluid,dyed-resection-margins,False,,False,dyed-lifted-polyps,False
test,test_000425,/home/arcturus/Desktop/old/thesis/rag-vqa-medical/Prototyping_reformat/DatasetAnalysis/HyperKvasir/0_dataset_prep/out/images/test/test_000425.jpg,6,dyed-resection-margins,514,571,"Question: What finding is shown? Answer: The image shows the colonic mucosa
",question what finding is shown answer the image shows the colonic mucosa,dyed-resection-margins,False,,False,dyed-lifted-polyps,False
test,test_000426,/home/arcturus/Desktop/old/thesis/rag-vqa-medical/Prototyping_reformat/DatasetAnalysis/HyperKvasir/0_dataset_prep/out/images/test/test_000426.jpg,6,dyed-resection-margins,532,633,"Question: What finding is shown? Answer: The anterior chamber of the eye is shown with the iris dilated and the pupil dilated
",question what finding is shown answer the anterior chamber of the eye is shown with the iris dilated and the pupil dilated,dyed-resection-margins,False,,False,esophagitis-b-d,False
test,test_000427,/home/arcturus/Desktop/old/thesis/rag-vqa-medical/Prototyping_reformat/DatasetAnalysis/HyperKvasir/0_dataset_prep/out/images/test/test_000427.jpg,6,dyed-resection-margins,531,614,"Question: What finding is shown? Answer: The location of the lesion
",question what finding is shown answer the location of the lesion,dyed-resection-margins,False,,False,dyed-lifted-polyps,False
test,test_000428,/home/arcturus/Desktop/old/thesis/rag-vqa-medical/Prototyping_reformat/DatasetAnalysis/HyperKvasir/0_dataset_prep/out/images/test/test_000428.jpg,6,dyed-resection-margins,548,635,"Question: What finding is shown? Answer: The location of the tumor
",question what finding is shown answer the location of the tumor,dyed-resection-margins,False,,False,ulcerative-colitis-grade-0-1,False
test,test_000429,/home/arcturus/Desktop/old/thesis/rag-vqa-medical/Prototyping_reformat/DatasetAnalysis/HyperKvasir/0_dataset_prep/out/images/test/test_000429.jpg,6,dyed-resection-margins,532,572,"Question: What finding is shown? Answer: The image shows the posterior part of the esophagus
",question what finding is shown answer the image shows the posterior part of the esophagus,dyed-resection-margins,False,,False,esophagitis-b-d,False
test,test_000430,/home/arcturus/Desktop/old/thesis/rag-vqa-medical/Prototyping_reformat/DatasetAnalysis/HyperKvasir/0_dataset_prep/out/images/test/test_000430.jpg,6,dyed-resection-margins,531,633,"Question: What finding is shown? Answer: The image shows the right side of the liver
",question what finding is shown answer the image shows the right side of the liver,dyed-resection-margins,False,,False,esophagitis-b-d,False
test,test_000431,/home/arcturus/Desktop/old/thesis/rag-vqa-medical/Prototyping_reformat/DatasetAnalysis/HyperKvasir/0_dataset_prep/out/images/test/test_000431.jpg,6,dyed-resection-margins,392,623,"Question: What finding is shown? Answer: The location of the tumor
",question what finding is shown answer the location of the tumor,dyed-resection-margins,False,,False,dyed-lifted-polyps,False
test,test_000432,/home/arcturus/Desktop/old/thesis/rag-vqa-medical/Prototyping_reformat/DatasetAnalysis/HyperKvasir/0_dataset_prep/out/images/test/test_000432.jpg,6,dyed-resection-margins,532,633,"Question: What finding is shown? Answer: The location of the lesion
",question what finding is shown answer the location of the lesion,dyed-resection-margins,False,,False,esophagitis-b-d,False
test,test_000433,/home/arcturus/Desktop/old/thesis/rag-vqa-medical/Prototyping_reformat/DatasetAnalysis/HyperKvasir/0_dataset_prep/out/images/test/test_000433.jpg,6,dyed-resection-margins,531,633,"Question: What finding is shown? Answer: The image shows the location of the tumor in the liver
",question what finding is shown answer the image shows the location of the tumor in the liver,dyed-resection-margins,False,,False,esophagitis-b-d,False
test,test_000434,/home/arcturus/Desktop/old/thesis/rag-vqa-medical/Prototyping_reformat/DatasetAnalysis/HyperKvasir/0_dataset_prep/out/images/test/test_000434.jpg,6,dyed-resection-margins,530,624,"Question: What finding is shown? Answer: The image shows the posterior part of the ureter
",question what finding is shown answer the image shows the posterior part of the ureter,dyed-resection-margins,False,,False,esophagitis-b-d,False
test,test_000435,/home/arcturus/Desktop/old/thesis/rag-vqa-medical/Prototyping_reformat/DatasetAnalysis/HyperKvasir/0_dataset_prep/out/images/test/test_000435.jpg,6,dyed-resection-margins,531,633,"Question: What finding is shown? Answer: The image shows the location of the tumor in the liver
",question what finding is shown answer the image shows the location of the tumor in the liver,dyed-resection-margins,False,,False,esophagitis-b-d,False
test,test_000436,/home/arcturus/Desktop/old/thesis/rag-vqa-medical/Prototyping_reformat/DatasetAnalysis/HyperKvasir/0_dataset_prep/out/images/test/test_000436.jpg,6,dyed-resection-margins,530,623,"Question: What finding is shown? Answer: a small, round, white, fluid-filled cyst
",question what finding is shown answer a small round white fluid-filled cyst,dyed-resection-margins,False,,False,dyed-lifted-polyps,False
test,test_000437,/home/arcturus/Desktop/old/thesis/rag-vqa-medical/Prototyping_reformat/DatasetAnalysis/HyperKvasir/0_dataset_prep/out/images/test/test_000437.jpg,6,dyed-resection-margins,532,626,"Question: What finding is shown? Answer: The location of the tumor
",question what finding is shown answer the location of the tumor,dyed-resection-margins,False,,False,dyed-lifted-polyps,False
test,test_000438,/home/arcturus/Desktop/old/thesis/rag-vqa-medical/Prototyping_reformat/DatasetAnalysis/HyperKvasir/0_dataset_prep/out/images/test/test_000438.jpg,6,dyed-resection-margins,547,635,"Question: What finding is shown? Answer: The location of the ocular nerve
",question what finding is shown answer the location of the ocular nerve,dyed-resection-margins,False,,False,esophagitis-b-d,False
test,test_000439,/home/arcturus/Desktop/old/thesis/rag-vqa-medical/Prototyping_reformat/DatasetAnalysis/HyperKvasir/0_dataset_prep/out/images/test/test_000439.jpg,6,dyed-resection-margins,530,623,"Question: What finding is shown? Answer: The left side of the image shows the left side of the liver, and the right side shows the",question what finding is shown answer the left side of the image shows the left side of the liver and the right side shows the,dyed-resection-margins,False,,False,dyed-lifted-polyps,False
test,test_000440,/home/arcturus/Desktop/old/thesis/rag-vqa-medical/Prototyping_reformat/DatasetAnalysis/HyperKvasir/0_dataset_prep/out/images/test/test_000440.jpg,6,dyed-resection-margins,548,635,"Question: What finding is shown? Answer: The location of the lesion
",question what finding is shown answer the location of the lesion,dyed-resection-margins,False,,False,esophagitis-b-d,False
test,test_000441,/home/arcturus/Desktop/old/thesis/rag-vqa-medical/Prototyping_reformat/DatasetAnalysis/HyperKvasir/0_dataset_prep/out/images/test/test_000441.jpg,6,dyed-resection-margins,531,633,"Question: What finding is shown? Answer: The anterior capsule of the eye
",question what finding is shown answer the anterior capsule of the eye,dyed-resection-margins,False,,False,dyed-lifted-polyps,False
test,test_000442,/home/arcturus/Desktop/old/thesis/rag-vqa-medical/Prototyping_reformat/DatasetAnalysis/HyperKvasir/0_dataset_prep/out/images/test/test_000442.jpg,6,dyed-resection-margins,529,612,"Question: What finding is shown? Answer: The image shows the posterior part of the oesophagus
",question what finding is shown answer the image shows the posterior part of the oesophagus,dyed-resection-margins,False,,False,dyed-lifted-polyps,False
test,test_000443,/home/arcturus/Desktop/old/thesis/rag-vqa-medical/Prototyping_reformat/DatasetAnalysis/HyperKvasir/0_dataset_prep/out/images/test/test_000443.jpg,6,dyed-resection-margins,532,623,"Question: What finding is shown? Answer: The location of the lesion is shown on the left side of the image
",question what finding is shown answer the location of the lesion is shown on the left side of the image,dyed-resection-margins,False,,False,esophagitis-b-d,False
test,test_000444,/home/arcturus/Desktop/old/thesis/rag-vqa-medical/Prototyping_reformat/DatasetAnalysis/HyperKvasir/0_dataset_prep/out/images/test/test_000444.jpg,6,dyed-resection-margins,531,633,"Question: What finding is shown? Answer: The location of the lesion
",question what finding is shown answer the location of the lesion,dyed-resection-margins,False,,False,dyed-lifted-polyps,False
test,test_000445,/home/arcturus/Desktop/old/thesis/rag-vqa-medical/Prototyping_reformat/DatasetAnalysis/HyperKvasir/0_dataset_prep/out/images/test/test_000445.jpg,6,dyed-resection-margins,532,633,"Question: What finding is shown? Answer: The location of the tumor
",question what finding is shown answer the location of the tumor,dyed-resection-margins,False,,False,dyed-lifted-polyps,False
test,test_000446,/home/arcturus/Desktop/old/thesis/rag-vqa-medical/Prototyping_reformat/DatasetAnalysis/HyperKvasir/0_dataset_prep/out/images/test/test_000446.jpg,6,dyed-resection-margins,528,633,"Question: What finding is shown? Answer: The location of the lesion
",question what finding is shown answer the location of the lesion,dyed-resection-margins,False,,False,esophagitis-a,False
test,test_000447,/home/arcturus/Desktop/old/thesis/rag-vqa-medical/Prototyping_reformat/DatasetAnalysis/HyperKvasir/0_dataset_prep/out/images/test/test_000447.jpg,6,dyed-resection-margins,531,623,"Question: What finding is shown? Answer: The image shows the location of the gallbladder
",question what finding is shown answer the image shows the location of the gallbladder,dyed-resection-margins,False,,False,esophagitis-b-d,False
test,test_000448,/home/arcturus/Desktop/old/thesis/rag-vqa-medical/Prototyping_reformat/DatasetAnalysis/HyperKvasir/0_dataset_prep/out/images/test/test_000448.jpg,6,dyed-resection-margins,531,633,"Question: What finding is shown? Answer: The location of the posterior foramen of the left lung
",question what finding is shown answer the location of the posterior foramen of the left lung,dyed-resection-margins,False,,False,dyed-lifted-polyps,False
test,test_000449,/home/arcturus/Desktop/old/thesis/rag-vqa-medical/Prototyping_reformat/DatasetAnalysis/HyperKvasir/0_dataset_prep/out/images/test/test_000449.jpg,6,dyed-resection-margins,531,633,"Question: What finding is shown? Answer: The image shows the location of the tumor in the liver
",question what finding is shown answer the image shows the location of the tumor in the liver,dyed-resection-margins,False,,False,esophagitis-b-d,False
test,test_000450,/home/arcturus/Desktop/old/thesis/rag-vqa-medical/Prototyping_reformat/DatasetAnalysis/HyperKvasir/0_dataset_prep/out/images/test/test_000450.jpg,6,dyed-resection-margins,531,633,"Question: What finding is shown? Answer: The location of the lesion
",question what finding is shown answer the location of the lesion,dyed-resection-margins,False,,False,esophagitis-b-d,False
test,test_000451,/home/arcturus/Desktop/old/thesis/rag-vqa-medical/Prototyping_reformat/DatasetAnalysis/HyperKvasir/0_dataset_prep/out/images/test/test_000451.jpg,6,dyed-resection-margins,548,635,"Question: What finding is shown? Answer: The image shows the location of the lesion in the colon
",question what finding is shown answer the image shows the location of the lesion in the colon,dyed-resection-margins,False,,False,esophagitis-b-d,False
test,test_000452,/home/arcturus/Desktop/old/thesis/rag-vqa-medical/Prototyping_reformat/DatasetAnalysis/HyperKvasir/0_dataset_prep/out/images/test/test_000452.jpg,6,dyed-resection-margins,531,571,"Question: What finding is shown? Answer: The image shows the right side of the liver
",question what finding is shown answer the image shows the right side of the liver,dyed-resection-margins,False,,False,dyed-lifted-polyps,False
test,test_000453,/home/arcturus/Desktop/old/thesis/rag-vqa-medical/Prototyping_reformat/DatasetAnalysis/HyperKvasir/0_dataset_prep/out/images/test/test_000453.jpg,6,dyed-resection-margins,532,633,"Question: What finding is shown? Answer: The image shows the location of the lesion in the liver
",question what finding is shown answer the image shows the location of the lesion in the liver,dyed-resection-margins,False,,False,esophagitis-b-d,False
test,test_000454,/home/arcturus/Desktop/old/thesis/rag-vqa-medical/Prototyping_reformat/DatasetAnalysis/HyperKvasir/0_dataset_prep/out/images/test/test_000454.jpg,6,dyed-resection-margins,547,626,"Question: What finding is shown? Answer: The image shows the posterior aspect of the right ear canal
",question what finding is shown answer the image shows the posterior aspect of the right ear canal,dyed-resection-margins,False,,False,esophagitis-b-d,False
test,test_000455,/home/arcturus/Desktop/old/thesis/rag-vqa-medical/Prototyping_reformat/DatasetAnalysis/HyperKvasir/0_dataset_prep/out/images/test/test_000455.jpg,6,dyed-resection-margins,530,623,"Question: What finding is shown? Answer: Abdominal pain
",question what finding is shown answer abdominal pain,dyed-resection-margins,False,,False,esophagitis-b-d,False
test,test_000456,/home/arcturus/Desktop/old/thesis/rag-vqa-medical/Prototyping_reformat/DatasetAnalysis/HyperKvasir/0_dataset_prep/out/images/test/test_000456.jpg,6,dyed-resection-margins,531,633,"Question: What finding is shown? Answer: The image shows the location of the lesion in the esophagus
",question what finding is shown answer the image shows the location of the lesion in the esophagus,dyed-resection-margins,False,,False,esophagitis-b-d,False
test,test_000457,/home/arcturus/Desktop/old/thesis/rag-vqa-medical/Prototyping_reformat/DatasetAnalysis/HyperKvasir/0_dataset_prep/out/images/test/test_000457.jpg,6,dyed-resection-margins,547,635,"Question: What finding is shown? Answer: The image shows the location of the lesion in the esophagus
",question what finding is shown answer the image shows the location of the lesion in the esophagus,dyed-resection-margins,False,,False,esophagitis-b-d,False
test,test_000458,/home/arcturus/Desktop/old/thesis/rag-vqa-medical/Prototyping_reformat/DatasetAnalysis/HyperKvasir/0_dataset_prep/out/images/test/test_000458.jpg,6,dyed-resection-margins,529,624,"Question: What finding is shown? Answer: The right side of the image shows the right side of the esophagus
",question what finding is shown answer the right side of the image shows the right side of the esophagus,dyed-resection-margins,False,,False,esophagitis-b-d,False
test,test_000459,/home/arcturus/Desktop/old/thesis/rag-vqa-medical/Prototyping_reformat/DatasetAnalysis/HyperKvasir/0_dataset_prep/out/images/test/test_000459.jpg,6,dyed-resection-margins,531,633,"Question: What finding is shown? Answer: The location of the lesion is shown on the left side of the image
",question what finding is shown answer the location of the lesion is shown on the left side of the image,dyed-resection-margins,False,,False,dyed-lifted-polyps,False
test,test_000460,/home/arcturus/Desktop/old/thesis/rag-vqa-medical/Prototyping_reformat/DatasetAnalysis/HyperKvasir/0_dataset_prep/out/images/test/test_000460.jpg,6,dyed-resection-margins,548,635,"Question: What finding is shown? Answer: The location of the lesion
",question what finding is shown answer the location of the lesion,dyed-resection-margins,False,,False,dyed-lifted-polyps,False
test,test_000461,/home/arcturus/Desktop/old/thesis/rag-vqa-medical/Prototyping_reformat/DatasetAnalysis/HyperKvasir/0_dataset_prep/out/images/test/test_000461.jpg,6,dyed-resection-margins,530,633,"Question: What finding is shown? Answer: The location of the lesion
",question what finding is shown answer the location of the lesion,dyed-resection-margins,False,,False,dyed-lifted-polyps,False
test,test_000462,/home/arcturus/Desktop/old/thesis/rag-vqa-medical/Prototyping_reformat/DatasetAnalysis/HyperKvasir/0_dataset_prep/out/images/test/test_000462.jpg,6,dyed-resection-margins,530,623,"Question: What finding is shown? Answer: The image shows the right side of the colon
",question what finding is shown answer the image shows the right side of the colon,dyed-resection-margins,False,,False,dyed-lifted-polyps,False
test,test_000463,/home/arcturus/Desktop/old/thesis/rag-vqa-medical/Prototyping_reformat/DatasetAnalysis/HyperKvasir/0_dataset_prep/out/images/test/test_000463.jpg,6,dyed-resection-margins,531,594,"Question: What finding is shown? Answer: The left side of the image shows the left side of the liver, and the right side shows the",question what finding is shown answer the left side of the image shows the left side of the liver and the right side shows the,dyed-resection-margins,False,,False,esophagitis-b-d,False
test,test_000464,/home/arcturus/Desktop/old/thesis/rag-vqa-medical/Prototyping_reformat/DatasetAnalysis/HyperKvasir/0_dataset_prep/out/images/test/test_000464.jpg,6,dyed-resection-margins,531,618,"Question: What finding is shown? Answer: The anterior chamber of the eye
",question what finding is shown answer the anterior chamber of the eye,dyed-resection-margins,False,,False,dyed-lifted-polyps,False
test,test_000465,/home/arcturus/Desktop/old/thesis/rag-vqa-medical/Prototyping_reformat/DatasetAnalysis/HyperKvasir/0_dataset_prep/out/images/test/test_000465.jpg,6,dyed-resection-margins,530,623,"Question: What finding is shown? Answer: The image shows the right side of the colon
",question what finding is shown answer the image shows the right side of the colon,dyed-resection-margins,False,,False,esophagitis-b-d,False
test,test_000466,/home/arcturus/Desktop/old/thesis/rag-vqa-medical/Prototyping_reformat/DatasetAnalysis/HyperKvasir/0_dataset_prep/out/images/test/test_000466.jpg,6,dyed-resection-margins,531,633,"Question: What finding is shown? Answer: The image shows the location of the lesion in the esophagus
",question what finding is shown answer the image shows the location of the lesion in the esophagus,dyed-resection-margins,False,,False,dyed-lifted-polyps,False
test,test_000467,/home/arcturus/Desktop/old/thesis/rag-vqa-medical/Prototyping_reformat/DatasetAnalysis/HyperKvasir/0_dataset_prep/out/images/test/test_000467.jpg,6,dyed-resection-margins,530,623,Question: What finding is shown? Answer: The cystoscope shows the cystoscope shows the cystoscope shows the cystoscope shows,question what finding is shown answer the cystoscope shows the cystoscope shows the cystoscope shows the cystoscope shows,dyed-resection-margins,False,,False,esophagitis-b-d,False
test,test_000468,/home/arcturus/Desktop/old/thesis/rag-vqa-medical/Prototyping_reformat/DatasetAnalysis/HyperKvasir/0_dataset_prep/out/images/test/test_000468.jpg,6,dyed-resection-margins,547,635,"Question: What finding is shown? Answer: The left side of the knee joint
",question what finding is shown answer the left side of the knee joint,dyed-resection-margins,False,,False,esophagitis-b-d,False
test,test_000469,/home/arcturus/Desktop/old/thesis/rag-vqa-medical/Prototyping_reformat/DatasetAnalysis/HyperKvasir/0_dataset_prep/out/images/test/test_000469.jpg,6,dyed-resection-margins,531,572,"Question: What finding is shown? Answer: The anterior capsule of the eye
",question what finding is shown answer the anterior capsule of the eye,dyed-resection-margins,False,,False,esophagitis-b-d,False
test,test_000470,/home/arcturus/Desktop/old/thesis/rag-vqa-medical/Prototyping_reformat/DatasetAnalysis/HyperKvasir/0_dataset_prep/out/images/test/test_000470.jpg,6,dyed-resection-margins,529,612,"Question: What finding is shown? Answer: The image shows a small, round, yellowish, yellowish-green, yellowish-green",question what finding is shown answer the image shows a small round yellowish yellowish-green yellowish-green,dyed-resection-margins,False,,False,dyed-lifted-polyps,False
test,test_000471,/home/arcturus/Desktop/old/thesis/rag-vqa-medical/Prototyping_reformat/DatasetAnalysis/HyperKvasir/0_dataset_prep/out/images/test/test_000471.jpg,6,dyed-resection-margins,531,621,"Question: What finding is shown? Answer: The location of the tumor
",question what finding is shown answer the location of the tumor,dyed-resection-margins,False,,False,dyed-lifted-polyps,False
test,test_000472,/home/arcturus/Desktop/old/thesis/rag-vqa-medical/Prototyping_reformat/DatasetAnalysis/HyperKvasir/0_dataset_prep/out/images/test/test_000472.jpg,6,dyed-resection-margins,531,633,"Question: What finding is shown? Answer: The image shows the left side of the liver
",question what finding is shown answer the image shows the left side of the liver,dyed-resection-margins,False,,False,dyed-lifted-polyps,False
test,test_000473,/home/arcturus/Desktop/old/thesis/rag-vqa-medical/Prototyping_reformat/DatasetAnalysis/HyperKvasir/0_dataset_prep/out/images/test/test_000473.jpg,6,dyed-resection-margins,531,633,"Question: What finding is shown? Answer: The image shows the location of the tumor in the liver
",question what finding is shown answer the image shows the location of the tumor in the liver,dyed-resection-margins,False,,False,dyed-lifted-polyps,False
test,test_000474,/home/arcturus/Desktop/old/thesis/rag-vqa-medical/Prototyping_reformat/DatasetAnalysis/HyperKvasir/0_dataset_prep/out/images/test/test_000474.jpg,6,dyed-resection-margins,532,633,"Question: What finding is shown? Answer: The image shows the location of the tumor
",question what finding is shown answer the image shows the location of the tumor,dyed-resection-margins,False,,False,esophagitis-b-d,False
test,test_000475,/home/arcturus/Desktop/old/thesis/rag-vqa-medical/Prototyping_reformat/DatasetAnalysis/HyperKvasir/0_dataset_prep/out/images/test/test_000475.jpg,6,dyed-resection-margins,532,633,"Question: What finding is shown? Answer: The image shows the right side of the esophagus
",question what finding is shown answer the image shows the right side of the esophagus,dyed-resection-margins,False,,False,dyed-lifted-polyps,False
test,test_000476,/home/arcturus/Desktop/old/thesis/rag-vqa-medical/Prototyping_reformat/DatasetAnalysis/HyperKvasir/0_dataset_prep/out/images/test/test_000476.jpg,6,dyed-resection-margins,530,623,"Question: What finding is shown? Answer: The colon is shown in the upper left quadrant of the image
",question what finding is shown answer the colon is shown in the upper left quadrant of the image,dyed-resection-margins,False,,False,esophagitis-b-d,False
test,test_000477,/home/arcturus/Desktop/old/thesis/rag-vqa-medical/Prototyping_reformat/DatasetAnalysis/HyperKvasir/0_dataset_prep/out/images/test/test_000477.jpg,6,dyed-resection-margins,529,623,"Question: What finding is shown? Answer: The anterior chamber of the eye is filled with a fluid called aqueous humor
",question what finding is shown answer the anterior chamber of the eye is filled with a fluid called aqueous humor,dyed-resection-margins,False,,False,dyed-lifted-polyps,False
test,test_000478,/home/arcturus/Desktop/old/thesis/rag-vqa-medical/Prototyping_reformat/DatasetAnalysis/HyperKvasir/0_dataset_prep/out/images/test/test_000478.jpg,6,dyed-resection-margins,532,633,"Question: What finding is shown? Answer: The image shows the location of the left upper quadrant of the liver
",question what finding is shown answer the image shows the location of the left upper quadrant of the liver,dyed-resection-margins,False,,False,esophagitis-b-d,False
test,test_000479,/home/arcturus/Desktop/old/thesis/rag-vqa-medical/Prototyping_reformat/DatasetAnalysis/HyperKvasir/0_dataset_prep/out/images/test/test_000479.jpg,6,dyed-resection-margins,530,622,"Question: What finding is shown? Answer: The colon is shown in the upper right quadrant of the image
",question what finding is shown answer the colon is shown in the upper right quadrant of the image,dyed-resection-margins,False,,False,esophagitis-b-d,False
test,test_000480,/home/arcturus/Desktop/old/thesis/rag-vqa-medical/Prototyping_reformat/DatasetAnalysis/HyperKvasir/0_dataset_prep/out/images/test/test_000480.jpg,6,dyed-resection-margins,548,635,"Question: What finding is shown? Answer: The anterior chamber of the eye
",question what finding is shown answer the anterior chamber of the eye,dyed-resection-margins,False,,False,dyed-lifted-polyps,False
test,test_000481,/home/arcturus/Desktop/old/thesis/rag-vqa-medical/Prototyping_reformat/DatasetAnalysis/HyperKvasir/0_dataset_prep/out/images/test/test_000481.jpg,6,dyed-resection-margins,547,635,"Question: What finding is shown? Answer: The location of the lesion
",question what finding is shown answer the location of the lesion,dyed-resection-margins,False,,False,esophagitis-b-d,False
test,test_000482,/home/arcturus/Desktop/old/thesis/rag-vqa-medical/Prototyping_reformat/DatasetAnalysis/HyperKvasir/0_dataset_prep/out/images/test/test_000482.jpg,6,dyed-resection-margins,532,633,"Question: What finding is shown? Answer: The colonic mucosa
",question what finding is shown answer the colonic mucosa,dyed-resection-margins,False,,False,dyed-lifted-polyps,False
test,test_000483,/home/arcturus/Desktop/old/thesis/rag-vqa-medical/Prototyping_reformat/DatasetAnalysis/HyperKvasir/0_dataset_prep/out/images/test/test_000483.jpg,6,dyed-resection-margins,529,623,"Question: What finding is shown? Answer: a large mass of fluid in the abdomen
",question what finding is shown answer a large mass of fluid in the abdomen,dyed-resection-margins,False,,False,esophagitis-b-d,False
test,test_000484,/home/arcturus/Desktop/old/thesis/rag-vqa-medical/Prototyping_reformat/DatasetAnalysis/HyperKvasir/0_dataset_prep/out/images/test/test_000484.jpg,6,dyed-resection-margins,530,623,"Question: What finding is shown? Answer: The image shows the right side of the esophagus
",question what finding is shown answer the image shows the right side of the esophagus,dyed-resection-margins,False,,False,esophagitis-b-d,False
test,test_000485,/home/arcturus/Desktop/old/thesis/rag-vqa-medical/Prototyping_reformat/DatasetAnalysis/HyperKvasir/0_dataset_prep/out/images/test/test_000485.jpg,6,dyed-resection-margins,530,616,"Question: What finding is shown? Answer: The colon is shown in the upper left quadrant of the image
",question what finding is shown answer the colon is shown in the upper left quadrant of the image,dyed-resection-margins,False,,False,dyed-lifted-polyps,False
test,test_000486,/home/arcturus/Desktop/old/thesis/rag-vqa-medical/Prototyping_reformat/DatasetAnalysis/HyperKvasir/0_dataset_prep/out/images/test/test_000486.jpg,6,dyed-resection-margins,530,606,"Question: What finding is shown? Answer: The image shows the location of the lesion in the liver
",question what finding is shown answer the image shows the location of the lesion in the liver,dyed-resection-margins,False,,False,dyed-lifted-polyps,False
test,test_000487,/home/arcturus/Desktop/old/thesis/rag-vqa-medical/Prototyping_reformat/DatasetAnalysis/HyperKvasir/0_dataset_prep/out/images/test/test_000487.jpg,6,dyed-resection-margins,531,611,"Question: What finding is shown? Answer: The location of the lesion
",question what finding is shown answer the location of the lesion,dyed-resection-margins,False,,False,dyed-lifted-polyps,False
test,test_000488,/home/arcturus/Desktop/old/thesis/rag-vqa-medical/Prototyping_reformat/DatasetAnalysis/HyperKvasir/0_dataset_prep/out/images/test/test_000488.jpg,6,dyed-resection-margins,548,635,"Question: What finding is shown? Answer: The image shows the posterior capsule of the eye
",question what finding is shown answer the image shows the posterior capsule of the eye,dyed-resection-margins,False,,False,dyed-lifted-polyps,False
test,test_000489,/home/arcturus/Desktop/old/thesis/rag-vqa-medical/Prototyping_reformat/DatasetAnalysis/HyperKvasir/0_dataset_prep/out/images/test/test_000489.jpg,7,esophagitis-a,1013,1225,"Question: What finding is shown? Answer: The right side of the image shows the right side of the esophagus
",question what finding is shown answer the right side of the image shows the right side of the esophagus,esophagitis-a,False,,False,esophagitis-a,True
test,test_000490,/home/arcturus/Desktop/old/thesis/rag-vqa-medical/Prototyping_reformat/DatasetAnalysis/HyperKvasir/0_dataset_prep/out/images/test/test_000490.jpg,7,esophagitis-a,1071,1349,"Question: What finding is shown? Answer: The left side of the image shows the left side of the esophagus, and the right side",question what finding is shown answer the left side of the image shows the left side of the esophagus and the right side,esophagitis-a,False,,False,esophagitis-a,True
test,test_000491,/home/arcturus/Desktop/old/thesis/rag-vqa-medical/Prototyping_reformat/DatasetAnalysis/HyperKvasir/0_dataset_prep/out/images/test/test_000491.jpg,7,esophagitis-a,1011,1221,"Question: What finding is shown? Answer: The white part of the esophagus is the stomach
",question what finding is shown answer the white part of the esophagus is the stomach,esophagitis-a,False,,False,esophagitis-a,True
test,test_000492,/home/arcturus/Desktop/old/thesis/rag-vqa-medical/Prototyping_reformat/DatasetAnalysis/HyperKvasir/0_dataset_prep/out/images/test/test_000492.jpg,7,esophagitis-a,1012,1221,"Question: What finding is shown? Answer: The white part of the oropharynx is the oropharynx
",question what finding is shown answer the white part of the oropharynx is the oropharynx,esophagitis-a,False,,False,esophagitis-a,True
test,test_000493,/home/arcturus/Desktop/old/thesis/rag-vqa-medical/Prototyping_reformat/DatasetAnalysis/HyperKvasir/0_dataset_prep/out/images/test/test_000493.jpg,7,esophagitis-a,1020,1221,"Question: What finding is shown? Answer: A large amount of mucus
",question what finding is shown answer a large amount of mucus,esophagitis-a,False,,False,ileum,False
test,test_000494,/home/arcturus/Desktop/old/thesis/rag-vqa-medical/Prototyping_reformat/DatasetAnalysis/HyperKvasir/0_dataset_prep/out/images/test/test_000494.jpg,7,esophagitis-a,1012,1221,"Question: What finding is shown? Answer: The right side of the image shows the right side of the esophagus
",question what finding is shown answer the right side of the image shows the right side of the esophagus,esophagitis-a,False,,False,esophagitis-a,True
test,test_000495,/home/arcturus/Desktop/old/thesis/rag-vqa-medical/Prototyping_reformat/DatasetAnalysis/HyperKvasir/0_dataset_prep/out/images/test/test_000495.jpg,7,esophagitis-a,1071,1349,"Question: What finding is shown? Answer: The left side of the image shows the left side of the esophagus, and the right side",question what finding is shown answer the left side of the image shows the left side of the esophagus and the right side,esophagitis-a,False,,False,esophagitis-a,True
test,test_000496,/home/arcturus/Desktop/old/thesis/rag-vqa-medical/Prototyping_reformat/DatasetAnalysis/HyperKvasir/0_dataset_prep/out/images/test/test_000496.jpg,7,esophagitis-a,1020,1221,"Question: What finding is shown? Answer: The right side of the image shows the right side of the esophagus
",question what finding is shown answer the right side of the image shows the right side of the esophagus,esophagitis-a,False,,False,polyps,False
test,test_000497,/home/arcturus/Desktop/old/thesis/rag-vqa-medical/Prototyping_reformat/DatasetAnalysis/HyperKvasir/0_dataset_prep/out/images/test/test_000497.jpg,7,esophagitis-a,523,613,"Question: What finding is shown? Answer: The right side of the image shows the right side of the tongue, and the left side shows the",question what finding is shown answer the right side of the image shows the right side of the tongue and the left side shows the,esophagitis-a,False,,False,esophagitis-a,True
test,test_000498,/home/arcturus/Desktop/old/thesis/rag-vqa-medical/Prototyping_reformat/DatasetAnalysis/HyperKvasir/0_dataset_prep/out/images/test/test_000498.jpg,7,esophagitis-a,1071,1349,"Question: What finding is shown? Answer: The white part of the esophagus is the esophagus
",question what finding is shown answer the white part of the esophagus is the esophagus,esophagitis-a,False,,False,esophagitis-a,True
test,test_000499,/home/arcturus/Desktop/old/thesis/rag-vqa-medical/Prototyping_reformat/DatasetAnalysis/HyperKvasir/0_dataset_prep/out/images/test/test_000499.jpg,7,esophagitis-a,1013,1221,"Question: What finding is shown? Answer: The right upper quadrant of the larynx is enlarged
",question what finding is shown answer the right upper quadrant of the larynx is enlarged,esophagitis-a,False,,False,esophagitis-a,True
test,test_000500,/home/arcturus/Desktop/old/thesis/rag-vqa-medical/Prototyping_reformat/DatasetAnalysis/HyperKvasir/0_dataset_prep/out/images/test/test_000500.jpg,7,esophagitis-a,1012,1221,"Question: What finding is shown? Answer: The right side of the image shows the right side of the esophagus
",question what finding is shown answer the right side of the image shows the right side of the esophagus,esophagitis-a,False,,False,esophagitis-a,True
test,test_000501,/home/arcturus/Desktop/old/thesis/rag-vqa-medical/Prototyping_reformat/DatasetAnalysis/HyperKvasir/0_dataset_prep/out/images/test/test_000501.jpg,7,esophagitis-a,1012,1221,"Question: What finding is shown? Answer: The right side of the image shows the right side of the esophagus
",question what finding is shown answer the right side of the image shows the right side of the esophagus,esophagitis-a,False,,False,esophagitis-a,True
test,test_000502,/home/arcturus/Desktop/old/thesis/rag-vqa-medical/Prototyping_reformat/DatasetAnalysis/HyperKvasir/0_dataset_prep/out/images/test/test_000502.jpg,7,esophagitis-a,1013,1225,"Question: What finding is shown? Answer: The right side of the image shows the right side of the ureter
",question what finding is shown answer the right side of the image shows the right side of the ureter,esophagitis-a,False,,False,esophagitis-a,True
test,test_000503,/home/arcturus/Desktop/old/thesis/rag-vqa-medical/Prototyping_reformat/DatasetAnalysis/HyperKvasir/0_dataset_prep/out/images/test/test_000503.jpg,7,esophagitis-a,524,613,"Question: What finding is shown? Answer: The left side of the image shows the left side of the ear
",question what finding is shown answer the left side of the image shows the left side of the ear,esophagitis-a,False,,False,esophagitis-a,True
test,test_000504,/home/arcturus/Desktop/old/thesis/rag-vqa-medical/Prototyping_reformat/DatasetAnalysis/HyperKvasir/0_dataset_prep/out/images/test/test_000504.jpg,7,esophagitis-a,1071,1349,"Question: What finding is shown? Answer: The ureteral wall
",question what finding is shown answer the ureteral wall,esophagitis-a,False,,False,esophagitis-a,True
test,test_000505,/home/arcturus/Desktop/old/thesis/rag-vqa-medical/Prototyping_reformat/DatasetAnalysis/HyperKvasir/0_dataset_prep/out/images/test/test_000505.jpg,7,esophagitis-a,1014,1221,"Question: What finding is shown? Answer: The right side of the image shows the right side of the esophagus
",question what finding is shown answer the right side of the image shows the right side of the esophagus,esophagitis-a,False,,False,esophagitis-a,True
test,test_000506,/home/arcturus/Desktop/old/thesis/rag-vqa-medical/Prototyping_reformat/DatasetAnalysis/HyperKvasir/0_dataset_prep/out/images/test/test_000506.jpg,7,esophagitis-a,1071,1349,"Question: What finding is shown? Answer: The white part of the esophagus is the stomach
",question what finding is shown answer the white part of the esophagus is the stomach,esophagitis-a,False,,False,esophagitis-a,True
test,test_000507,/home/arcturus/Desktop/old/thesis/rag-vqa-medical/Prototyping_reformat/DatasetAnalysis/HyperKvasir/0_dataset_prep/out/images/test/test_000507.jpg,7,esophagitis-a,1013,1225,"Question: What finding is shown? Answer: The image shows the ureteral tract
",question what finding is shown answer the image shows the ureteral tract,esophagitis-a,False,,False,esophagitis-a,True
test,test_000508,/home/arcturus/Desktop/old/thesis/rag-vqa-medical/Prototyping_reformat/DatasetAnalysis/HyperKvasir/0_dataset_prep/out/images/test/test_000508.jpg,7,esophagitis-a,1013,1221,"Question: What finding is shown? Answer: The right side of the image shows the right side of the esophagus
",question what finding is shown answer the right side of the image shows the right side of the esophagus,esophagitis-a,False,,False,esophagitis-a,True
test,test_000509,/home/arcturus/Desktop/old/thesis/rag-vqa-medical/Prototyping_reformat/DatasetAnalysis/HyperKvasir/0_dataset_prep/out/images/test/test_000509.jpg,7,esophagitis-a,524,613,"Question: What finding is shown? Answer: The ureteral wall
",question what finding is shown answer the ureteral wall,esophagitis-a,False,,False,esophagitis-a,True
test,test_000510,/home/arcturus/Desktop/old/thesis/rag-vqa-medical/Prototyping_reformat/DatasetAnalysis/HyperKvasir/0_dataset_prep/out/images/test/test_000510.jpg,7,esophagitis-a,1012,1221,"Question: What finding is shown? Answer: The right side of the image shows the right side of the esophagus
",question what finding is shown answer the right side of the image shows the right side of the esophagus,esophagitis-a,False,,False,esophagitis-a,True
test,test_000511,/home/arcturus/Desktop/old/thesis/rag-vqa-medical/Prototyping_reformat/DatasetAnalysis/HyperKvasir/0_dataset_prep/out/images/test/test_000511.jpg,7,esophagitis-a,1013,1221,"Question: What finding is shown? Answer: The colon
",question what finding is shown answer the colon,esophagitis-a,False,,False,esophagitis-a,True
test,test_000512,/home/arcturus/Desktop/old/thesis/rag-vqa-medical/Prototyping_reformat/DatasetAnalysis/HyperKvasir/0_dataset_prep/out/images/test/test_000512.jpg,7,esophagitis-a,1013,1225,"Question: What finding is shown? Answer: The right side of the image shows the right side of the tongue
",question what finding is shown answer the right side of the image shows the right side of the tongue,esophagitis-a,False,,False,ileum,False
test,test_000513,/home/arcturus/Desktop/old/thesis/rag-vqa-medical/Prototyping_reformat/DatasetAnalysis/HyperKvasir/0_dataset_prep/out/images/test/test_000513.jpg,7,esophagitis-a,1020,1221,"Question: What finding is shown? Answer: The image shows the posterior wall of the esophagus
",question what finding is shown answer the image shows the posterior wall of the esophagus,esophagitis-a,False,,False,polyps,False
test,test_000514,/home/arcturus/Desktop/old/thesis/rag-vqa-medical/Prototyping_reformat/DatasetAnalysis/HyperKvasir/0_dataset_prep/out/images/test/test_000514.jpg,7,esophagitis-a,1012,1221,"Question: What finding is shown? Answer: The white spot is the esophagus
",question what finding is shown answer the white spot is the esophagus,esophagitis-a,False,,False,esophagitis-a,True
test,test_000515,/home/arcturus/Desktop/old/thesis/rag-vqa-medical/Prototyping_reformat/DatasetAnalysis/HyperKvasir/0_dataset_prep/out/images/test/test_000515.jpg,7,esophagitis-a,1012,1221,"Question: What finding is shown? Answer: The right side of the image shows the right side of the esophagus
",question what finding is shown answer the right side of the image shows the right side of the esophagus,esophagitis-a,False,,False,esophagitis-a,True
test,test_000516,/home/arcturus/Desktop/old/thesis/rag-vqa-medical/Prototyping_reformat/DatasetAnalysis/HyperKvasir/0_dataset_prep/out/images/test/test_000516.jpg,7,esophagitis-a,1071,1349,"Question: What finding is shown? Answer: The left side of the image shows the left side of the tongue, and the right side shows the",question what finding is shown answer the left side of the image shows the left side of the tongue and the right side shows the,esophagitis-a,False,,False,esophagitis-a,True
test,test_000517,/home/arcturus/Desktop/old/thesis/rag-vqa-medical/Prototyping_reformat/DatasetAnalysis/HyperKvasir/0_dataset_prep/out/images/test/test_000517.jpg,7,esophagitis-a,1071,1349,"Question: What finding is shown? Answer: The left side of the image shows the left side of the esophagus, and the right side",question what finding is shown answer the left side of the image shows the left side of the esophagus and the right side,esophagitis-a,False,,False,esophagitis-a,True
test,test_000518,/home/arcturus/Desktop/old/thesis/rag-vqa-medical/Prototyping_reformat/DatasetAnalysis/HyperKvasir/0_dataset_prep/out/images/test/test_000518.jpg,7,esophagitis-a,524,613,"Question: What finding is shown? Answer: The right side of the image shows the right side of the esophagus
",question what finding is shown answer the right side of the image shows the right side of the esophagus,esophagitis-a,False,,False,esophagitis-a,True
test,test_000519,/home/arcturus/Desktop/old/thesis/rag-vqa-medical/Prototyping_reformat/DatasetAnalysis/HyperKvasir/0_dataset_prep/out/images/test/test_000519.jpg,7,esophagitis-a,1013,1225,"Question: What finding is shown? Answer: The left side of the image shows the left side of the esophagus
",question what finding is shown answer the left side of the image shows the left side of the esophagus,esophagitis-a,False,,False,esophagitis-a,True
test,test_000520,/home/arcturus/Desktop/old/thesis/rag-vqa-medical/Prototyping_reformat/DatasetAnalysis/HyperKvasir/0_dataset_prep/out/images/test/test_000520.jpg,7,esophagitis-a,1013,1225,"Question: What finding is shown? Answer: Anterior esophageal sphincter
",question what finding is shown answer anterior esophageal sphincter,esophagitis-a,False,,False,esophagitis-b-d,False
test,test_000521,/home/arcturus/Desktop/old/thesis/rag-vqa-medical/Prototyping_reformat/DatasetAnalysis/HyperKvasir/0_dataset_prep/out/images/test/test_000521.jpg,7,esophagitis-a,1071,1349,"Question: What finding is shown? Answer: The right side of the image shows the right side of the tongue, and the left side shows the",question what finding is shown answer the right side of the image shows the right side of the tongue and the left side shows the,esophagitis-a,False,,False,esophagitis-a,True
test,test_000522,/home/arcturus/Desktop/old/thesis/rag-vqa-medical/Prototyping_reformat/DatasetAnalysis/HyperKvasir/0_dataset_prep/out/images/test/test_000522.jpg,7,esophagitis-a,1071,1349,"Question: What finding is shown? Answer: The left side of the image shows the upper part of the esophagus, the right side shows",question what finding is shown answer the left side of the image shows the upper part of the esophagus the right side shows,esophagitis-a,False,,False,esophagitis-a,True
test,test_000523,/home/arcturus/Desktop/old/thesis/rag-vqa-medical/Prototyping_reformat/DatasetAnalysis/HyperKvasir/0_dataset_prep/out/images/test/test_000523.jpg,7,esophagitis-a,1012,1221,"Question: What finding is shown? Answer: The right side of the image shows the right side of the esophagus
",question what finding is shown answer the right side of the image shows the right side of the esophagus,esophagitis-a,False,,False,esophagitis-a,True
test,test_000524,/home/arcturus/Desktop/old/thesis/rag-vqa-medical/Prototyping_reformat/DatasetAnalysis/HyperKvasir/0_dataset_prep/out/images/test/test_000524.jpg,7,esophagitis-a,523,613,"Question: What finding is shown? Answer: The left side of the image shows the left side of the tongue, and the right side shows the",question what finding is shown answer the left side of the image shows the left side of the tongue and the right side shows the,esophagitis-a,False,,False,ileum,False
test,test_000525,/home/arcturus/Desktop/old/thesis/rag-vqa-medical/Prototyping_reformat/DatasetAnalysis/HyperKvasir/0_dataset_prep/out/images/test/test_000525.jpg,7,esophagitis-a,524,613,"Question: What finding is shown? Answer: The right ear
",question what finding is shown answer the right ear,esophagitis-a,False,,False,esophagitis-a,True
test,test_000526,/home/arcturus/Desktop/old/thesis/rag-vqa-medical/Prototyping_reformat/DatasetAnalysis/HyperKvasir/0_dataset_prep/out/images/test/test_000526.jpg,7,esophagitis-a,1012,1221,"Question: What finding is shown? Answer: The right side of the image shows the right side of the esophagus
",question what finding is shown answer the right side of the image shows the right side of the esophagus,esophagitis-a,False,,False,esophagitis-a,True
test,test_000527,/home/arcturus/Desktop/old/thesis/rag-vqa-medical/Prototyping_reformat/DatasetAnalysis/HyperKvasir/0_dataset_prep/out/images/test/test_000527.jpg,7,esophagitis-a,1013,1225,"Question: What finding is shown? Answer: The right side of the image shows the right side of the esophagus
",question what finding is shown answer the right side of the image shows the right side of the esophagus,esophagitis-a,False,,False,ileum,False
test,test_000528,/home/arcturus/Desktop/old/thesis/rag-vqa-medical/Prototyping_reformat/DatasetAnalysis/HyperKvasir/0_dataset_prep/out/images/test/test_000528.jpg,7,esophagitis-a,1013,1225,"Question: What finding is shown? Answer: The right side of the image shows the right side of the esophagus
",question what finding is shown answer the right side of the image shows the right side of the esophagus,esophagitis-a,False,,False,esophagitis-a,True
test,test_000529,/home/arcturus/Desktop/old/thesis/rag-vqa-medical/Prototyping_reformat/DatasetAnalysis/HyperKvasir/0_dataset_prep/out/images/test/test_000529.jpg,8,esophagitis-b-d,1012,1221,"Question: What finding is shown? Answer: The right side of the image shows the right side of the esophagus
",question what finding is shown answer the right side of the image shows the right side of the esophagus,esophagitis-b-d,False,,False,esophagitis-a,False
test,test_000530,/home/arcturus/Desktop/old/thesis/rag-vqa-medical/Prototyping_reformat/DatasetAnalysis/HyperKvasir/0_dataset_prep/out/images/test/test_000530.jpg,8,esophagitis-b-d,1012,1221,"Question: What finding is shown? Answer: The right side of the image shows the right side of the esophagus
",question what finding is shown answer the right side of the image shows the right side of the esophagus,esophagitis-b-d,False,,False,esophagitis-a,False
test,test_000531,/home/arcturus/Desktop/old/thesis/rag-vqa-medical/Prototyping_reformat/DatasetAnalysis/HyperKvasir/0_dataset_prep/out/images/test/test_000531.jpg,8,esophagitis-b-d,1015,1225,"Question: What finding is shown? Answer: The right side of the image shows the right side of the esophagus
",question what finding is shown answer the right side of the image shows the right side of the esophagus,esophagitis-b-d,False,,False,esophagitis-a,False
test,test_000532,/home/arcturus/Desktop/old/thesis/rag-vqa-medical/Prototyping_reformat/DatasetAnalysis/HyperKvasir/0_dataset_prep/out/images/test/test_000532.jpg,8,esophagitis-b-d,1071,1349,Question: What finding is shown? Answer: The upper left quadrant of the upper right quadrant of the upper left quadrant of the upper,question what finding is shown answer the upper left quadrant of the upper right quadrant of the upper left quadrant of the upper,esophagitis-b-d,False,,False,esophagitis-a,False
test,test_000533,/home/arcturus/Desktop/old/thesis/rag-vqa-medical/Prototyping_reformat/DatasetAnalysis/HyperKvasir/0_dataset_prep/out/images/test/test_000533.jpg,8,esophagitis-b-d,1071,1349,"Question: What finding is shown? Answer: The colon
",question what finding is shown answer the colon,esophagitis-b-d,False,,False,esophagitis-a,False
test,test_000534,/home/arcturus/Desktop/old/thesis/rag-vqa-medical/Prototyping_reformat/DatasetAnalysis/HyperKvasir/0_dataset_prep/out/images/test/test_000534.jpg,8,esophagitis-b-d,1012,1221,"Question: What finding is shown? Answer: The right side of the image shows the right side of the esophagus
",question what finding is shown answer the right side of the image shows the right side of the esophagus,esophagitis-b-d,False,,False,esophagitis-a,False
test,test_000535,/home/arcturus/Desktop/old/thesis/rag-vqa-medical/Prototyping_reformat/DatasetAnalysis/HyperKvasir/0_dataset_prep/out/images/test/test_000535.jpg,8,esophagitis-b-d,1012,1221,"Question: What finding is shown? Answer: The white spot is the mucosa of the esophagus
",question what finding is shown answer the white spot is the mucosa of the esophagus,esophagitis-b-d,False,,False,esophagitis-a,False
test,test_000536,/home/arcturus/Desktop/old/thesis/rag-vqa-medical/Prototyping_reformat/DatasetAnalysis/HyperKvasir/0_dataset_prep/out/images/test/test_000536.jpg,8,esophagitis-b-d,1013,1225,"Question: What finding is shown? Answer: The white spot is the esophagus
",question what finding is shown answer the white spot is the esophagus,esophagitis-b-d,False,,False,esophagitis-a,False
test,test_000537,/home/arcturus/Desktop/old/thesis/rag-vqa-medical/Prototyping_reformat/DatasetAnalysis/HyperKvasir/0_dataset_prep/out/images/test/test_000537.jpg,8,esophagitis-b-d,1071,1349,"Question: What finding is shown? Answer: The right side of the image shows the upper part of the esophagus, the lower part shows",question what finding is shown answer the right side of the image shows the upper part of the esophagus the lower part shows,esophagitis-b-d,False,,False,esophagitis-a,False
test,test_000538,/home/arcturus/Desktop/old/thesis/rag-vqa-medical/Prototyping_reformat/DatasetAnalysis/HyperKvasir/0_dataset_prep/out/images/test/test_000538.jpg,8,esophagitis-b-d,1015,1225,"Question: What finding is shown? Answer: The right side of the image shows the right side of the esophagus
",question what finding is shown answer the right side of the image shows the right side of the esophagus,esophagitis-b-d,False,,False,esophagitis-a,False
test,test_000539,/home/arcturus/Desktop/old/thesis/rag-vqa-medical/Prototyping_reformat/DatasetAnalysis/HyperKvasir/0_dataset_prep/out/images/test/test_000539.jpg,8,esophagitis-b-d,1071,1349,"Question: What finding is shown? Answer: a small, round, white, fluid-filled cyst
",question what finding is shown answer a small round white fluid-filled cyst,esophagitis-b-d,False,,False,esophagitis-a,False
test,test_000540,/home/arcturus/Desktop/old/thesis/rag-vqa-medical/Prototyping_reformat/DatasetAnalysis/HyperKvasir/0_dataset_prep/out/images/test/test_000540.jpg,8,esophagitis-b-d,1071,1349,"Question: What finding is shown? Answer: The image shows the upper part of the esophagus
",question what finding is shown answer the image shows the upper part of the esophagus,esophagitis-b-d,False,,False,esophagitis-a,False
test,test_000541,/home/arcturus/Desktop/old/thesis/rag-vqa-medical/Prototyping_reformat/DatasetAnalysis/HyperKvasir/0_dataset_prep/out/images/test/test_000541.jpg,8,esophagitis-b-d,1071,1349,"Question: What finding is shown? Answer: The left side of the image shows the left side of the larynx, the right side shows",question what finding is shown answer the left side of the image shows the left side of the larynx the right side shows,esophagitis-b-d,False,,False,esophagitis-a,False
test,test_000542,/home/arcturus/Desktop/old/thesis/rag-vqa-medical/Prototyping_reformat/DatasetAnalysis/HyperKvasir/0_dataset_prep/out/images/test/test_000542.jpg,8,esophagitis-b-d,1013,1225,"Question: What finding is shown? Answer: The right side of the image shows the right side of the esophagus
",question what finding is shown answer the right side of the image shows the right side of the esophagus,esophagitis-b-d,False,,False,esophagitis-a,False
test,test_000543,/home/arcturus/Desktop/old/thesis/rag-vqa-medical/Prototyping_reformat/DatasetAnalysis/HyperKvasir/0_dataset_prep/out/images/test/test_000543.jpg,8,esophagitis-b-d,1013,1225,"Question: What finding is shown? Answer: The right side of the image shows the right side of the esophagus
",question what finding is shown answer the right side of the image shows the right side of the esophagus,esophagitis-b-d,False,,False,esophagitis-b-d,True
test,test_000544,/home/arcturus/Desktop/old/thesis/rag-vqa-medical/Prototyping_reformat/DatasetAnalysis/HyperKvasir/0_dataset_prep/out/images/test/test_000544.jpg,8,esophagitis-b-d,1015,1225,"Question: What finding is shown? Answer: The right side of the image shows the right side of the esophagus
",question what finding is shown answer the right side of the image shows the right side of the esophagus,esophagitis-b-d,False,,False,esophagitis-a,False
test,test_000545,/home/arcturus/Desktop/old/thesis/rag-vqa-medical/Prototyping_reformat/DatasetAnalysis/HyperKvasir/0_dataset_prep/out/images/test/test_000545.jpg,8,esophagitis-b-d,1013,1221,"Question: What finding is shown? Answer: The right side of the image shows the right side of the esophagus
",question what finding is shown answer the right side of the image shows the right side of the esophagus,esophagitis-b-d,False,,False,esophagitis-a,False
test,test_000546,/home/arcturus/Desktop/old/thesis/rag-vqa-medical/Prototyping_reformat/DatasetAnalysis/HyperKvasir/0_dataset_prep/out/images/test/test_000546.jpg,8,esophagitis-b-d,1071,1349,"Question: What finding is shown? Answer: The right side of the image shows the right side of the esophagus
",question what finding is shown answer the right side of the image shows the right side of the esophagus,esophagitis-b-d,False,,False,esophagitis-a,False
test,test_000547,/home/arcturus/Desktop/old/thesis/rag-vqa-medical/Prototyping_reformat/DatasetAnalysis/HyperKvasir/0_dataset_prep/out/images/test/test_000547.jpg,8,esophagitis-b-d,1071,1349,"Question: What finding is shown? Answer: The left side of the image shows the left side of the esophagus, and the right side",question what finding is shown answer the left side of the image shows the left side of the esophagus and the right side,esophagitis-b-d,False,,False,esophagitis-a,False
test,test_000548,/home/arcturus/Desktop/old/thesis/rag-vqa-medical/Prototyping_reformat/DatasetAnalysis/HyperKvasir/0_dataset_prep/out/images/test/test_000548.jpg,8,esophagitis-b-d,1013,1225,"Question: What finding is shown? Answer: The right side of the image shows the right side of the esophagus
",question what finding is shown answer the right side of the image shows the right side of the esophagus,esophagitis-b-d,False,,False,esophagitis-a,False
test,test_000549,/home/arcturus/Desktop/old/thesis/rag-vqa-medical/Prototyping_reformat/DatasetAnalysis/HyperKvasir/0_dataset_prep/out/images/test/test_000549.jpg,8,esophagitis-b-d,1013,1225,"Question: What finding is shown? Answer: The right side of the image shows the right side of the esophagus
",question what finding is shown answer the right side of the image shows the right side of the esophagus,esophagitis-b-d,False,,False,esophagitis-a,False
test,test_000550,/home/arcturus/Desktop/old/thesis/rag-vqa-medical/Prototyping_reformat/DatasetAnalysis/HyperKvasir/0_dataset_prep/out/images/test/test_000550.jpg,8,esophagitis-b-d,1012,1221,"Question: What finding is shown? Answer: The white part of the esophagus is the stomach
",question what finding is shown answer the white part of the esophagus is the stomach,esophagitis-b-d,False,,False,esophagitis-a,False
test,test_000551,/home/arcturus/Desktop/old/thesis/rag-vqa-medical/Prototyping_reformat/DatasetAnalysis/HyperKvasir/0_dataset_prep/out/images/test/test_000551.jpg,8,esophagitis-b-d,1071,1349,"Question: What finding is shown? Answer: The right side of the image shows the right side of the esophagus
",question what finding is shown answer the right side of the image shows the right side of the esophagus,esophagitis-b-d,False,,False,esophagitis-a,False
test,test_000552,/home/arcturus/Desktop/old/thesis/rag-vqa-medical/Prototyping_reformat/DatasetAnalysis/HyperKvasir/0_dataset_prep/out/images/test/test_000552.jpg,8,esophagitis-b-d,1012,1221,"Question: What finding is shown? Answer: a small, round, pinkish-white mass in the middle of the right upper quadrant of",question what finding is shown answer a small round pinkish-white mass in the middle of the right upper quadrant of,esophagitis-b-d,False,,False,esophagitis-a,False
test,test_000553,/home/arcturus/Desktop/old/thesis/rag-vqa-medical/Prototyping_reformat/DatasetAnalysis/HyperKvasir/0_dataset_prep/out/images/test/test_000553.jpg,8,esophagitis-b-d,1071,1349,"Question: What finding is shown? Answer: The colon
",question what finding is shown answer the colon,esophagitis-b-d,False,,False,esophagitis-a,False
test,test_000554,/home/arcturus/Desktop/old/thesis/rag-vqa-medical/Prototyping_reformat/DatasetAnalysis/HyperKvasir/0_dataset_prep/out/images/test/test_000554.jpg,8,esophagitis-b-d,1021,1221,"Question: What finding is shown? Answer: The right side of the image shows the right side of the esophagus
",question what finding is shown answer the right side of the image shows the right side of the esophagus,esophagitis-b-d,False,,False,esophagitis-a,False
test,test_000555,/home/arcturus/Desktop/old/thesis/rag-vqa-medical/Prototyping_reformat/DatasetAnalysis/HyperKvasir/0_dataset_prep/out/images/test/test_000555.jpg,9,hemorrhoids,532,633,"Question: What finding is shown? Answer: The image shows the location of the lesion in the esophagus
",question what finding is shown answer the image shows the location of the lesion in the esophagus,hemorrhoids,False,,False,ileum,False
test,test_000556,/home/arcturus/Desktop/old/thesis/rag-vqa-medical/Prototyping_reformat/DatasetAnalysis/HyperKvasir/0_dataset_prep/out/images/test/test_000556.jpg,10,ileum,529,628,"Question: What finding is shown? Answer: The colon is shown in the upper left quadrant of the image
",question what finding is shown answer the colon is shown in the upper left quadrant of the image,ileum,False,,False,esophagitis-b-d,False
test,test_000557,/home/arcturus/Desktop/old/thesis/rag-vqa-medical/Prototyping_reformat/DatasetAnalysis/HyperKvasir/0_dataset_prep/out/images/test/test_000557.jpg,11,impacted-stool,531,633,"Question: What finding is shown? Answer: The colonic mucosa
",question what finding is shown answer the colonic mucosa,impacted-stool,False,,False,esophagitis-b-d,False
test,test_000558,/home/arcturus/Desktop/old/thesis/rag-vqa-medical/Prototyping_reformat/DatasetAnalysis/HyperKvasir/0_dataset_prep/out/images/test/test_000558.jpg,11,impacted-stool,532,633,"Question: What finding is shown? Answer: The colonic mucosa is stained with a fluorescent dye
",question what finding is shown answer the colonic mucosa is stained with a fluorescent dye,impacted-stool,False,,False,esophagitis-a,False
test,test_000559,/home/arcturus/Desktop/old/thesis/rag-vqa-medical/Prototyping_reformat/DatasetAnalysis/HyperKvasir/0_dataset_prep/out/images/test/test_000559.jpg,11,impacted-stool,532,633,"Question: What finding is shown? Answer: The colonic mucosa
",question what finding is shown answer the colonic mucosa,impacted-stool,False,,False,esophagitis-b-d,False
test,test_000560,/home/arcturus/Desktop/old/thesis/rag-vqa-medical/Prototyping_reformat/DatasetAnalysis/HyperKvasir/0_dataset_prep/out/images/test/test_000560.jpg,11,impacted-stool,530,633,"Question: What finding is shown? Answer: The location of the lesion is shown on the left side of the image
",question what finding is shown answer the location of the lesion is shown on the left side of the image,impacted-stool,False,,False,esophagitis-b-d,False
test,test_000561,/home/arcturus/Desktop/old/thesis/rag-vqa-medical/Prototyping_reformat/DatasetAnalysis/HyperKvasir/0_dataset_prep/out/images/test/test_000561.jpg,11,impacted-stool,530,633,"Question: What finding is shown? Answer: The colonic mucosa is stained with hematoxylin and eosin
",question what finding is shown answer the colonic mucosa is stained with hematoxylin and eosin,impacted-stool,False,,False,esophagitis-b-d,False
test,test_000562,/home/arcturus/Desktop/old/thesis/rag-vqa-medical/Prototyping_reformat/DatasetAnalysis/HyperKvasir/0_dataset_prep/out/images/test/test_000562.jpg,11,impacted-stool,531,633,"Question: What finding is shown? Answer: The colon is shown with a colonoscopy
",question what finding is shown answer the colon is shown with a colonoscopy,impacted-stool,False,,False,esophagitis-b-d,False
test,test_000563,/home/arcturus/Desktop/old/thesis/rag-vqa-medical/Prototyping_reformat/DatasetAnalysis/HyperKvasir/0_dataset_prep/out/images/test/test_000563.jpg,11,impacted-stool,531,633,"Question: What finding is shown? Answer: The colonic mucosa
",question what finding is shown answer the colonic mucosa,impacted-stool,False,,False,esophagitis-b-d,False
test,test_000564,/home/arcturus/Desktop/old/thesis/rag-vqa-medical/Prototyping_reformat/DatasetAnalysis/HyperKvasir/0_dataset_prep/out/images/test/test_000564.jpg,11,impacted-stool,531,633,"Question: What finding is shown? Answer: The colon is empty
",question what finding is shown answer the colon is empty,impacted-stool,False,,False,esophagitis-b-d,False
test,test_000565,/home/arcturus/Desktop/old/thesis/rag-vqa-medical/Prototyping_reformat/DatasetAnalysis/HyperKvasir/0_dataset_prep/out/images/test/test_000565.jpg,11,impacted-stool,531,633,"Question: What finding is shown? Answer: The colon is shown in the upper left quadrant of the image
",question what finding is shown answer the colon is shown in the upper left quadrant of the image,impacted-stool,False,,False,esophagitis-b-d,False
test,test_000566,/home/arcturus/Desktop/old/thesis/rag-vqa-medical/Prototyping_reformat/DatasetAnalysis/HyperKvasir/0_dataset_prep/out/images/test/test_000566.jpg,11,impacted-stool,531,633,"Question: What finding is shown? Answer: The colon is shown with a colonoscopy
",question what finding is shown answer the colon is shown with a colonoscopy,impacted-stool,False,,False,esophagitis-b-d,False
test,test_000567,/home/arcturus/Desktop/old/thesis/rag-vqa-medical/Prototyping_reformat/DatasetAnalysis/HyperKvasir/0_dataset_prep/out/images/test/test_000567.jpg,11,impacted-stool,531,633,"Question: What finding is shown? Answer: The image shows the location of the gallbladder
",question what finding is shown answer the image shows the location of the gallbladder,impacted-stool,False,,False,esophagitis-b-d,False
test,test_000568,/home/arcturus/Desktop/old/thesis/rag-vqa-medical/Prototyping_reformat/DatasetAnalysis/HyperKvasir/0_dataset_prep/out/images/test/test_000568.jpg,11,impacted-stool,532,633,"Question: What finding is shown? Answer: The colonic mucosa is stained with a green dye
",question what finding is shown answer the colonic mucosa is stained with a green dye,impacted-stool,False,,False,esophagitis-b-d,False
test,test_000569,/home/arcturus/Desktop/old/thesis/rag-vqa-medical/Prototyping_reformat/DatasetAnalysis/HyperKvasir/0_dataset_prep/out/images/test/test_000569.jpg,11,impacted-stool,532,633,"Question: What finding is shown? Answer: The colon is empty
",question what finding is shown answer the colon is empty,impacted-stool,False,,False,esophagitis-a,False
test,test_000570,/home/arcturus/Desktop/old/thesis/rag-vqa-medical/Prototyping_reformat/DatasetAnalysis/HyperKvasir/0_dataset_prep/out/images/test/test_000570.jpg,12,polyps,546,626,"Question: What finding is shown? Answer: The image shows the upper part of the stomach
",question what finding is shown answer the image shows the upper part of the stomach,polyps,False,,False,esophagitis-b-d,False
test,test_000571,/home/arcturus/Desktop/old/thesis/rag-vqa-medical/Prototyping_reformat/DatasetAnalysis/HyperKvasir/0_dataset_prep/out/images/test/test_000571.jpg,12,polyps,529,616,"Question: What finding is shown? Answer: The colon is shown in the upper left corner of the image
",question what finding is shown answer the colon is shown in the upper left corner of the image,polyps,False,,False,esophagitis-b-d,False
test,test_000572,/home/arcturus/Desktop/old/thesis/rag-vqa-medical/Prototyping_reformat/DatasetAnalysis/HyperKvasir/0_dataset_prep/out/images/test/test_000572.jpg,12,polyps,530,590,"Question: What finding is shown? Answer: The liver
",question what finding is shown answer the liver,polyps,False,,False,esophagitis-b-d,False
test,test_000573,/home/arcturus/Desktop/old/thesis/rag-vqa-medical/Prototyping_reformat/DatasetAnalysis/HyperKvasir/0_dataset_prep/out/images/test/test_000573.jpg,12,polyps,531,621,"Question: What finding is shown? Answer: The image shows the location of the esophageal sphincter
",question what finding is shown answer the image shows the location of the esophageal sphincter,polyps,False,,False,esophagitis-b-d,False
test,test_000574,/home/arcturus/Desktop/old/thesis/rag-vqa-medical/Prototyping_reformat/DatasetAnalysis/HyperKvasir/0_dataset_prep/out/images/test/test_000574.jpg,12,polyps,530,576,"Question: What finding is shown? Answer: The location of the lesion
",question what finding is shown answer the location of the lesion,polyps,False,,False,esophagitis-a,False
test,test_000575,/home/arcturus/Desktop/old/thesis/rag-vqa-medical/Prototyping_reformat/DatasetAnalysis/HyperKvasir/0_dataset_prep/out/images/test/test_000575.jpg,12,polyps,1070,1348,"Question: What finding is shown? Answer:
",question what finding is shown answer,polyps,False,,False,ulcerative-colitis-grade-2,False
test,test_000576,/home/arcturus/Desktop/old/thesis/rag-vqa-medical/Prototyping_reformat/DatasetAnalysis/HyperKvasir/0_dataset_prep/out/images/test/test_000576.jpg,12,polyps,530,570,"Question: What finding is shown? Answer: The white spot is a small, round, white, fluid-filled cyst
",question what finding is shown answer the white spot is a small round white fluid-filled cyst,polyps,False,,False,ulcerative-colitis-grade-2,False
test,test_000577,/home/arcturus/Desktop/old/thesis/rag-vqa-medical/Prototyping_reformat/DatasetAnalysis/HyperKvasir/0_dataset_prep/out/images/test/test_000577.jpg,12,polyps,530,451,"Question: What finding is shown? Answer: The image shows the upper part of the esophagus
",question what finding is shown answer the image shows the upper part of the esophagus,polyps,False,,False,esophagitis-b-d,False
test,test_000578,/home/arcturus/Desktop/old/thesis/rag-vqa-medical/Prototyping_reformat/DatasetAnalysis/HyperKvasir/0_dataset_prep/out/images/test/test_000578.jpg,12,polyps,530,622,"Question: What finding is shown? Answer: The image shows the location of the esophageal sphincter
",question what finding is shown answer the image shows the location of the esophageal sphincter,polyps,False,,False,esophagitis-b-d,False
test,test_000579,/home/arcturus/Desktop/old/thesis/rag-vqa-medical/Prototyping_reformat/DatasetAnalysis/HyperKvasir/0_dataset_prep/out/images/test/test_000579.jpg,12,polyps,529,623,"Question: What finding is shown? Answer: The right side of the image shows the right side of the esophagus
",question what finding is shown answer the right side of the image shows the right side of the esophagus,polyps,False,,False,esophagitis-b-d,False
test,test_000580,/home/arcturus/Desktop/old/thesis/rag-vqa-medical/Prototyping_reformat/DatasetAnalysis/HyperKvasir/0_dataset_prep/out/images/test/test_000580.jpg,12,polyps,531,622,"Question: What finding is shown? Answer: The image shows the location of the gallbladder
",question what finding is shown answer the image shows the location of the gallbladder,polyps,False,,False,esophagitis-a,False
test,test_000581,/home/arcturus/Desktop/old/thesis/rag-vqa-medical/Prototyping_reformat/DatasetAnalysis/HyperKvasir/0_dataset_prep/out/images/test/test_000581.jpg,12,polyps,529,622,"Question: What finding is shown? Answer: The image shows the upper part of the stomach
",question what finding is shown answer the image shows the upper part of the stomach,polyps,False,,False,esophagitis-b-d,False
test,test_000582,/home/arcturus/Desktop/old/thesis/rag-vqa-medical/Prototyping_reformat/DatasetAnalysis/HyperKvasir/0_dataset_prep/out/images/test/test_000582.jpg,12,polyps,458,474,"Question: What finding is shown? Answer: The ureteric stone
",question what finding is shown answer the ureteric stone,polyps,False,,False,esophagitis-b-d,False
test,test_000583,/home/arcturus/Desktop/old/thesis/rag-vqa-medical/Prototyping_reformat/DatasetAnalysis/HyperKvasir/0_dataset_prep/out/images/test/test_000583.jpg,12,polyps,528,622,"Question: What finding is shown? Answer: The white part of the esophagus is the stomach
",question what finding is shown answer the white part of the esophagus is the stomach,polyps,False,,False,esophagitis-a,False
test,test_000584,/home/arcturus/Desktop/old/thesis/rag-vqa-medical/Prototyping_reformat/DatasetAnalysis/HyperKvasir/0_dataset_prep/out/images/test/test_000584.jpg,12,polyps,528,617,"Question: What finding is shown? Answer: The colon
",question what finding is shown answer the colon,polyps,False,,False,esophagitis-b-d,False
test,test_000585,/home/arcturus/Desktop/old/thesis/rag-vqa-medical/Prototyping_reformat/DatasetAnalysis/HyperKvasir/0_dataset_prep/out/images/test/test_000585.jpg,12,polyps,1009,1220,"Question: What finding is shown? Answer: The colon
",question what finding is shown answer the colon,polyps,False,,False,esophagitis-a,False
test,test_000586,/home/arcturus/Desktop/old/thesis/rag-vqa-medical/Prototyping_reformat/DatasetAnalysis/HyperKvasir/0_dataset_prep/out/images/test/test_000586.jpg,12,polyps,523,370,"Question: What finding is shown? Answer: The liver is shown in the upper left quadrant of the image
",question what finding is shown answer the liver is shown in the upper left quadrant of the image,polyps,False,,False,polyps,True
test,test_000587,/home/arcturus/Desktop/old/thesis/rag-vqa-medical/Prototyping_reformat/DatasetAnalysis/HyperKvasir/0_dataset_prep/out/images/test/test_000587.jpg,12,polyps,529,623,"Question: What finding is shown? Answer:
",question what finding is shown answer,polyps,False,,False,esophagitis-b-d,False
test,test_000588,/home/arcturus/Desktop/old/thesis/rag-vqa-medical/Prototyping_reformat/DatasetAnalysis/HyperKvasir/0_dataset_prep/out/images/test/test_000588.jpg,12,polyps,546,626,"Question: What finding is shown? Answer: The location of the esophageal sphincter
",question what finding is shown answer the location of the esophageal sphincter,polyps,False,,False,esophagitis-a,False
test,test_000589,/home/arcturus/Desktop/old/thesis/rag-vqa-medical/Prototyping_reformat/DatasetAnalysis/HyperKvasir/0_dataset_prep/out/images/test/test_000589.jpg,12,polyps,529,622,"Question: What finding is shown? Answer:
",question what finding is shown answer,polyps,False,,False,ulcerative-colitis-grade-2,False
test,test_000590,/home/arcturus/Desktop/old/thesis/rag-vqa-medical/Prototyping_reformat/DatasetAnalysis/HyperKvasir/0_dataset_prep/out/images/test/test_000590.jpg,12,polyps,531,622,"Question: What finding is shown? Answer: The white spot is a small, round, non-cancerous lesion in the right upper quad",question what finding is shown answer the white spot is a small round non-cancerous lesion in the right upper quad,polyps,False,,False,esophagitis-a,False
test,test_000591,/home/arcturus/Desktop/old/thesis/rag-vqa-medical/Prototyping_reformat/DatasetAnalysis/HyperKvasir/0_dataset_prep/out/images/test/test_000591.jpg,12,polyps,547,619,"Question: What finding is shown? Answer: The right side of the image shows the right side of the esophagus
",question what finding is shown answer the right side of the image shows the right side of the esophagus,polyps,False,,False,esophagitis-b-d,False
test,test_000592,/home/arcturus/Desktop/old/thesis/rag-vqa-medical/Prototyping_reformat/DatasetAnalysis/HyperKvasir/0_dataset_prep/out/images/test/test_000592.jpg,12,polyps,531,570,"Question: What finding is shown? Answer: The colon is shown in the upper left quadrant of the image
",question what finding is shown answer the colon is shown in the upper left quadrant of the image,polyps,False,,False,esophagitis-b-d,False
test,test_000593,/home/arcturus/Desktop/old/thesis/rag-vqa-medical/Prototyping_reformat/DatasetAnalysis/HyperKvasir/0_dataset_prep/out/images/test/test_000593.jpg,12,polyps,530,588,"Question: What finding is shown? Answer: The image shows the location of the lesion
",question what finding is shown answer the image shows the location of the lesion,polyps,False,,False,esophagitis-b-d,False
test,test_000594,/home/arcturus/Desktop/old/thesis/rag-vqa-medical/Prototyping_reformat/DatasetAnalysis/HyperKvasir/0_dataset_prep/out/images/test/test_000594.jpg,12,polyps,531,570,"Question: What finding is shown? Answer:
",question what finding is shown answer,polyps,False,,False,esophagitis-b-d,False
test,test_000595,/home/arcturus/Desktop/old/thesis/rag-vqa-medical/Prototyping_reformat/DatasetAnalysis/HyperKvasir/0_dataset_prep/out/images/test/test_000595.jpg,12,polyps,531,570,"Question: What finding is shown? Answer: The colon is shown in the upper right quadrant of the image
",question what finding is shown answer the colon is shown in the upper right quadrant of the image,polyps,False,,False,esophagitis-b-d,False
test,test_000596,/home/arcturus/Desktop/old/thesis/rag-vqa-medical/Prototyping_reformat/DatasetAnalysis/HyperKvasir/0_dataset_prep/out/images/test/test_000596.jpg,12,polyps,527,622,"Question: What finding is shown? Answer:
",question what finding is shown answer,polyps,False,,False,esophagitis-b-d,False
test,test_000597,/home/arcturus/Desktop/old/thesis/rag-vqa-medical/Prototyping_reformat/DatasetAnalysis/HyperKvasir/0_dataset_prep/out/images/test/test_000597.jpg,12,polyps,529,622,"Question: What finding is shown? Answer: The image shows the upper part of the esophagus
",question what finding is shown answer the image shows the upper part of the esophagus,polyps,False,,False,esophagitis-b-d,False
test,test_000598,/home/arcturus/Desktop/old/thesis/rag-vqa-medical/Prototyping_reformat/DatasetAnalysis/HyperKvasir/0_dataset_prep/out/images/test/test_000598.jpg,12,polyps,531,622,"Question: What finding is shown? Answer: The image shows the upper part of the stomach
",question what finding is shown answer the image shows the upper part of the stomach,polyps,False,,False,esophagitis-a,False
test,test_000599,/home/arcturus/Desktop/old/thesis/rag-vqa-medical/Prototyping_reformat/DatasetAnalysis/HyperKvasir/0_dataset_prep/out/images/test/test_000599.jpg,12,polyps,530,571,"Question: What finding is shown? Answer: The image shows the upper part of the stomach
",question what finding is shown answer the image shows the upper part of the stomach,polyps,False,,False,esophagitis-b-d,False
test,test_000600,/home/arcturus/Desktop/old/thesis/rag-vqa-medical/Prototyping_reformat/DatasetAnalysis/HyperKvasir/0_dataset_prep/out/images/test/test_000600.jpg,12,polyps,529,622,"Question: What finding is shown? Answer: The image shows the upper part of the esophagus
",question what finding is shown answer the image shows the upper part of the esophagus,polyps,False,,False,esophagitis-a,False
test,test_000601,/home/arcturus/Desktop/old/thesis/rag-vqa-medical/Prototyping_reformat/DatasetAnalysis/HyperKvasir/0_dataset_prep/out/images/test/test_000601.jpg,12,polyps,482,592,"Question: What finding is shown? Answer: The right side of the image shows the right side of the esophagus
",question what finding is shown answer the right side of the image shows the right side of the esophagus,polyps,False,,False,ulcerative-colitis-grade-2,False
test,test_000602,/home/arcturus/Desktop/old/thesis/rag-vqa-medical/Prototyping_reformat/DatasetAnalysis/HyperKvasir/0_dataset_prep/out/images/test/test_000602.jpg,12,polyps,529,597,"Question: What finding is shown? Answer: The area of the liver is enlarged
",question what finding is shown answer the area of the liver is enlarged,polyps,False,,False,esophagitis-b-d,False
test,test_000603,/home/arcturus/Desktop/old/thesis/rag-vqa-medical/Prototyping_reformat/DatasetAnalysis/HyperKvasir/0_dataset_prep/out/images/test/test_000603.jpg,12,polyps,530,615,"Question: What finding is shown? Answer: The image shows the upper part of the stomach
",question what finding is shown answer the image shows the upper part of the stomach,polyps,False,,False,esophagitis-a,False
test,test_000604,/home/arcturus/Desktop/old/thesis/rag-vqa-medical/Prototyping_reformat/DatasetAnalysis/HyperKvasir/0_dataset_prep/out/images/test/test_000604.jpg,12,polyps,546,626,"Question: What finding is shown? Answer:
",question what finding is shown answer,polyps,False,,False,ulcerative-colitis-grade-3,False
test,test_000605,/home/arcturus/Desktop/old/thesis/rag-vqa-medical/Prototyping_reformat/DatasetAnalysis/HyperKvasir/0_dataset_prep/out/images/test/test_000605.jpg,12,polyps,531,621,"Question: What finding is shown? Answer: The image shows the location of the esophageal sphincter
",question what finding is shown answer the image shows the location of the esophageal sphincter,polyps,False,,False,esophagitis-a,False
test,test_000606,/home/arcturus/Desktop/old/thesis/rag-vqa-medical/Prototyping_reformat/DatasetAnalysis/HyperKvasir/0_dataset_prep/out/images/test/test_000606.jpg,12,polyps,522,621,"Question: What finding is shown? Answer: The right side of the image shows the right side of the esophagus
",question what finding is shown answer the right side of the image shows the right side of the esophagus,polyps,False,,False,esophagitis-a,False
test,test_000607,/home/arcturus/Desktop/old/thesis/rag-vqa-medical/Prototyping_reformat/DatasetAnalysis/HyperKvasir/0_dataset_prep/out/images/test/test_000607.jpg,12,polyps,531,558,"Question: What finding is shown? Answer: The image shows the location of the lesion
",question what finding is shown answer the image shows the location of the lesion,polyps,False,,False,esophagitis-b-d,False
test,test_000608,/home/arcturus/Desktop/old/thesis/rag-vqa-medical/Prototyping_reformat/DatasetAnalysis/HyperKvasir/0_dataset_prep/out/images/test/test_000608.jpg,12,polyps,531,599,"Question: What finding is shown? Answer: The colon is shown in the upper right quadrant of the image
",question what finding is shown answer the colon is shown in the upper right quadrant of the image,polyps,False,,False,ulcerative-colitis-grade-2,False
test,test_000609,/home/arcturus/Desktop/old/thesis/rag-vqa-medical/Prototyping_reformat/DatasetAnalysis/HyperKvasir/0_dataset_prep/out/images/test/test_000609.jpg,12,polyps,1070,1348,"Question: What finding is shown? Answer: The left side of the image shows the left side of the esophagus, and the right side",question what finding is shown answer the left side of the image shows the left side of the esophagus and the right side,polyps,False,,False,esophagitis-a,False
test,test_000610,/home/arcturus/Desktop/old/thesis/rag-vqa-medical/Prototyping_reformat/DatasetAnalysis/HyperKvasir/0_dataset_prep/out/images/test/test_000610.jpg,12,polyps,529,600,"Question: What finding is shown? Answer: The image shows the upper part of the stomach
",question what finding is shown answer the image shows the upper part of the stomach,polyps,False,,False,esophagitis-b-d,False
test,test_000611,/home/arcturus/Desktop/old/thesis/rag-vqa-medical/Prototyping_reformat/DatasetAnalysis/HyperKvasir/0_dataset_prep/out/images/test/test_000611.jpg,12,polyps,531,622,"Question: What finding is shown? Answer: The image shows the upper part of the stomach
",question what finding is shown answer the image shows the upper part of the stomach,polyps,False,,False,esophagitis-b-d,False
test,test_000612,/home/arcturus/Desktop/old/thesis/rag-vqa-medical/Prototyping_reformat/DatasetAnalysis/HyperKvasir/0_dataset_prep/out/images/test/test_000612.jpg,12,polyps,530,605,"Question: What finding is shown? Answer: The colon is shown in the upper right quadrant of the image
",question what finding is shown answer the colon is shown in the upper right quadrant of the image,polyps,False,,False,esophagitis-b-d,False
test,test_000613,/home/arcturus/Desktop/old/thesis/rag-vqa-medical/Prototyping_reformat/DatasetAnalysis/HyperKvasir/0_dataset_prep/out/images/test/test_000613.jpg,12,polyps,494,618,"Question: What finding is shown? Answer: The white spot is a small, round, yellowish-white mass in the upper right quadrant",question what finding is shown answer the white spot is a small round yellowish-white mass in the upper right quadrant,polyps,False,,False,esophagitis-b-d,False
test,test_000614,/home/arcturus/Desktop/old/thesis/rag-vqa-medical/Prototyping_reformat/DatasetAnalysis/HyperKvasir/0_dataset_prep/out/images/test/test_000614.jpg,12,polyps,528,623,"Question: What finding is shown? Answer: The image shows the upper part of the stomach
",question what finding is shown answer the image shows the upper part of the stomach,polyps,False,,False,esophagitis-b-d,False
test,test_000615,/home/arcturus/Desktop/old/thesis/rag-vqa-medical/Prototyping_reformat/DatasetAnalysis/HyperKvasir/0_dataset_prep/out/images/test/test_000615.jpg,12,polyps,546,585,"Question: What finding is shown? Answer: The colon is shown with a colonoscopy
",question what finding is shown answer the colon is shown with a colonoscopy,polyps,False,,False,esophagitis-b-d,False
test,test_000616,/home/arcturus/Desktop/old/thesis/rag-vqa-medical/Prototyping_reformat/DatasetAnalysis/HyperKvasir/0_dataset_prep/out/images/test/test_000616.jpg,12,polyps,547,621,"Question: What finding is shown? Answer: The colon is shown in the upper right quadrant of the image
",question what finding is shown answer the colon is shown in the upper right quadrant of the image,polyps,False,,False,esophagitis-a,False
test,test_000617,/home/arcturus/Desktop/old/thesis/rag-vqa-medical/Prototyping_reformat/DatasetAnalysis/HyperKvasir/0_dataset_prep/out/images/test/test_000617.jpg,12,polyps,430,569,Question: What finding is shown? Answer: The right upper quadrant of the upper right quadrant of the upper right quadrant of the upper,question what finding is shown answer the right upper quadrant of the upper right quadrant of the upper right quadrant of the upper,polyps,False,,False,esophagitis-a,False
test,test_000618,/home/arcturus/Desktop/old/thesis/rag-vqa-medical/Prototyping_reformat/DatasetAnalysis/HyperKvasir/0_dataset_prep/out/images/test/test_000618.jpg,12,polyps,530,622,"Question: What finding is shown? Answer: The location of the lesion is shown in the image
",question what finding is shown answer the location of the lesion is shown in the image,polyps,False,,False,esophagitis-a,False
test,test_000619,/home/arcturus/Desktop/old/thesis/rag-vqa-medical/Prototyping_reformat/DatasetAnalysis/HyperKvasir/0_dataset_prep/out/images/test/test_000619.jpg,12,polyps,546,626,"Question: What finding is shown? Answer: The image shows the location of the lesion
",question what finding is shown answer the image shows the location of the lesion,polyps,False,,False,esophagitis-b-d,False
test,test_000620,/home/arcturus/Desktop/old/thesis/rag-vqa-medical/Prototyping_reformat/DatasetAnalysis/HyperKvasir/0_dataset_prep/out/images/test/test_000620.jpg,12,polyps,530,564,"Question: What finding is shown? Answer: The image shows the location of the tumor
",question what finding is shown answer the image shows the location of the tumor,polyps,False,,False,esophagitis-b-d,False
test,test_000621,/home/arcturus/Desktop/old/thesis/rag-vqa-medical/Prototyping_reformat/DatasetAnalysis/HyperKvasir/0_dataset_prep/out/images/test/test_000621.jpg,12,polyps,528,622,"Question: What finding is shown? Answer:
",question what finding is shown answer,polyps,False,,False,ulcerative-colitis-grade-3,False
test,test_000622,/home/arcturus/Desktop/old/thesis/rag-vqa-medical/Prototyping_reformat/DatasetAnalysis/HyperKvasir/0_dataset_prep/out/images/test/test_000622.jpg,12,polyps,530,570,"Question: What finding is shown? Answer: The colon is shown in the upper right quadrant of the image
",question what finding is shown answer the colon is shown in the upper right quadrant of the image,polyps,False,,False,esophagitis-b-d,False
test,test_000623,/home/arcturus/Desktop/old/thesis/rag-vqa-medical/Prototyping_reformat/DatasetAnalysis/HyperKvasir/0_dataset_prep/out/images/test/test_000623.jpg,12,polyps,1010,1205,"Question: What finding is shown? Answer: The colon
",question what finding is shown answer the colon,polyps,False,,False,esophagitis-a,False
test,test_000624,/home/arcturus/Desktop/old/thesis/rag-vqa-medical/Prototyping_reformat/DatasetAnalysis/HyperKvasir/0_dataset_prep/out/images/test/test_000624.jpg,12,polyps,528,622,"Question: What finding is shown? Answer: The image shows the upper part of the esophagus
",question what finding is shown answer the image shows the upper part of the esophagus,polyps,False,,False,esophagitis-a,False
test,test_000625,/home/arcturus/Desktop/old/thesis/rag-vqa-medical/Prototyping_reformat/DatasetAnalysis/HyperKvasir/0_dataset_prep/out/images/test/test_000625.jpg,12,polyps,530,622,"Question: What finding is shown? Answer: The image shows the location of the ureter in the kidney
",question what finding is shown answer the image shows the location of the ureter in the kidney,polyps,False,,False,polyps,True
test,test_000626,/home/arcturus/Desktop/old/thesis/rag-vqa-medical/Prototyping_reformat/DatasetAnalysis/HyperKvasir/0_dataset_prep/out/images/test/test_000626.jpg,12,polyps,528,622,"Question: What finding is shown? Answer: The cyst is a cyst that is filled with fluid
",question what finding is shown answer the cyst is a cyst that is filled with fluid,polyps,False,,False,esophagitis-b-d,False
test,test_000627,/home/arcturus/Desktop/old/thesis/rag-vqa-medical/Prototyping_reformat/DatasetAnalysis/HyperKvasir/0_dataset_prep/out/images/test/test_000627.jpg,12,polyps,529,611,"Question: What finding is shown? Answer: The image shows the location of the cyst
",question what finding is shown answer the image shows the location of the cyst,polyps,False,,False,esophagitis-b-d,False
test,test_000628,/home/arcturus/Desktop/old/thesis/rag-vqa-medical/Prototyping_reformat/DatasetAnalysis/HyperKvasir/0_dataset_prep/out/images/test/test_000628.jpg,12,polyps,530,553,"Question: What finding is shown? Answer: The white spot is a small, round, white, fluid-filled cyst
",question what finding is shown answer the white spot is a small round white fluid-filled cyst,polyps,False,,False,esophagitis-b-d,False
test,test_000629,/home/arcturus/Desktop/old/thesis/rag-vqa-medical/Prototyping_reformat/DatasetAnalysis/HyperKvasir/0_dataset_prep/out/images/test/test_000629.jpg,12,polyps,547,627,"Question: What finding is shown? Answer: The image shows the location of the cyst
",question what finding is shown answer the image shows the location of the cyst,polyps,False,,False,esophagitis-b-d,False
test,test_000630,/home/arcturus/Desktop/old/thesis/rag-vqa-medical/Prototyping_reformat/DatasetAnalysis/HyperKvasir/0_dataset_prep/out/images/test/test_000630.jpg,12,polyps,530,612,"Question: What finding is shown? Answer:
",question what finding is shown answer,polyps,False,,False,esophagitis-b-d,False
test,test_000631,/home/arcturus/Desktop/old/thesis/rag-vqa-medical/Prototyping_reformat/DatasetAnalysis/HyperKvasir/0_dataset_prep/out/images/test/test_000631.jpg,12,polyps,531,605,"Question: What finding is shown? Answer: The colon is shown in the upper left quadrant of the image
",question what finding is shown answer the colon is shown in the upper left quadrant of the image,polyps,False,,False,esophagitis-b-d,False
test,test_000632,/home/arcturus/Desktop/old/thesis/rag-vqa-medical/Prototyping_reformat/DatasetAnalysis/HyperKvasir/0_dataset_prep/out/images/test/test_000632.jpg,12,polyps,528,621,"Question: What finding is shown? Answer:
",question what finding is shown answer,polyps,False,,False,ulcerative-colitis-grade-2,False
test,test_000633,/home/arcturus/Desktop/old/thesis/rag-vqa-medical/Prototyping_reformat/DatasetAnalysis/HyperKvasir/0_dataset_prep/out/images/test/test_000633.jpg,12,polyps,527,621,"Question: What finding is shown? Answer: The image shows the upper part of the stomach
",question what finding is shown answer the image shows the upper part of the stomach,polyps,False,,False,esophagitis-b-d,False
test,test_000634,/home/arcturus/Desktop/old/thesis/rag-vqa-medical/Prototyping_reformat/DatasetAnalysis/HyperKvasir/0_dataset_prep/out/images/test/test_000634.jpg,12,polyps,531,595,"Question: What finding is shown? Answer: The white spot is a small, round, non-cancerous tumor
",question what finding is shown answer the white spot is a small round non-cancerous tumor,polyps,False,,False,esophagitis-b-d,False
test,test_000635,/home/arcturus/Desktop/old/thesis/rag-vqa-medical/Prototyping_reformat/DatasetAnalysis/HyperKvasir/0_dataset_prep/out/images/test/test_000635.jpg,12,polyps,511,605,"Question: What finding is shown? Answer: The image shows the upper part of the esophagus
",question what finding is shown answer the image shows the upper part of the esophagus,polyps,False,,False,ulcerative-colitis-grade-2,False
test,test_000636,/home/arcturus/Desktop/old/thesis/rag-vqa-medical/Prototyping_reformat/DatasetAnalysis/HyperKvasir/0_dataset_prep/out/images/test/test_000636.jpg,12,polyps,502,562,"Question: What finding is shown? Answer: The colon is shown in the upper right quadrant of the image
",question what finding is shown answer the colon is shown in the upper right quadrant of the image,polyps,False,,False,esophagitis-b-d,False
test,test_000637,/home/arcturus/Desktop/old/thesis/rag-vqa-medical/Prototyping_reformat/DatasetAnalysis/HyperKvasir/0_dataset_prep/out/images/test/test_000637.jpg,12,polyps,530,622,"Question: What finding is shown? Answer: The image shows the location of the lesion in the esophagus
",question what finding is shown answer the image shows the location of the lesion in the esophagus,polyps,False,,False,esophagitis-b-d,False
test,test_000638,/home/arcturus/Desktop/old/thesis/rag-vqa-medical/Prototyping_reformat/DatasetAnalysis/HyperKvasir/0_dataset_prep/out/images/test/test_000638.jpg,12,polyps,547,626,"Question: What finding is shown? Answer: The image shows the location of the gallbladder
",question what finding is shown answer the image shows the location of the gallbladder,polyps,False,,False,esophagitis-a,False
test,test_000639,/home/arcturus/Desktop/old/thesis/rag-vqa-medical/Prototyping_reformat/DatasetAnalysis/HyperKvasir/0_dataset_prep/out/images/test/test_000639.jpg,12,polyps,546,612,"Question: What finding is shown? Answer: The image shows the location of the esophageal sphincter
",question what finding is shown answer the image shows the location of the esophageal sphincter,polyps,False,,False,esophagitis-b-d,False
test,test_000640,/home/arcturus/Desktop/old/thesis/rag-vqa-medical/Prototyping_reformat/DatasetAnalysis/HyperKvasir/0_dataset_prep/out/images/test/test_000640.jpg,12,polyps,529,622,"Question: What finding is shown? Answer:
",question what finding is shown answer,polyps,False,,False,esophagitis-b-d,False
test,test_000641,/home/arcturus/Desktop/old/thesis/rag-vqa-medical/Prototyping_reformat/DatasetAnalysis/HyperKvasir/0_dataset_prep/out/images/test/test_000641.jpg,12,polyps,480,622,"Question: What finding is shown? Answer: The image shows the location of the gallbladder
",question what finding is shown answer the image shows the location of the gallbladder,polyps,False,,False,ileum,False
test,test_000642,/home/arcturus/Desktop/old/thesis/rag-vqa-medical/Prototyping_reformat/DatasetAnalysis/HyperKvasir/0_dataset_prep/out/images/test/test_000642.jpg,12,polyps,525,465,"Question: What finding is shown? Answer:
",question what finding is shown answer,polyps,False,,False,esophagitis-b-d,False
test,test_000643,/home/arcturus/Desktop/old/thesis/rag-vqa-medical/Prototyping_reformat/DatasetAnalysis/HyperKvasir/0_dataset_prep/out/images/test/test_000643.jpg,12,polyps,530,570,"Question: What finding is shown? Answer: The image shows the right side of the liver
",question what finding is shown answer the image shows the right side of the liver,polyps,False,,False,esophagitis-b-d,False
test,test_000644,/home/arcturus/Desktop/old/thesis/rag-vqa-medical/Prototyping_reformat/DatasetAnalysis/HyperKvasir/0_dataset_prep/out/images/test/test_000644.jpg,12,polyps,530,622,"Question: What finding is shown? Answer: The image shows the location of the gallbladder
",question what finding is shown answer the image shows the location of the gallbladder,polyps,False,,False,esophagitis-b-d,False
test,test_000645,/home/arcturus/Desktop/old/thesis/rag-vqa-medical/Prototyping_reformat/DatasetAnalysis/HyperKvasir/0_dataset_prep/out/images/test/test_000645.jpg,12,polyps,520,615,"Question: What finding is shown? Answer: The image shows the upper part of the esophagus
",question what finding is shown answer the image shows the upper part of the esophagus,polyps,False,,False,esophagitis-a,False
test,test_000646,/home/arcturus/Desktop/old/thesis/rag-vqa-medical/Prototyping_reformat/DatasetAnalysis/HyperKvasir/0_dataset_prep/out/images/test/test_000646.jpg,12,polyps,530,570,"Question: What finding is shown? Answer: The location of the lesion is shown on the left side of the image
",question what finding is shown answer the location of the lesion is shown on the left side of the image,polyps,False,,False,esophagitis-a,False
test,test_000647,/home/arcturus/Desktop/old/thesis/rag-vqa-medical/Prototyping_reformat/DatasetAnalysis/HyperKvasir/0_dataset_prep/out/images/test/test_000647.jpg,12,polyps,528,528,"Question: What finding is shown? Answer: The image shows the location of the gallbladder
",question what finding is shown answer the image shows the location of the gallbladder,polyps,False,,False,esophagitis-b-d,False
test,test_000648,/home/arcturus/Desktop/old/thesis/rag-vqa-medical/Prototyping_reformat/DatasetAnalysis/HyperKvasir/0_dataset_prep/out/images/test/test_000648.jpg,12,polyps,530,494,"Question: What finding is shown? Answer: A cyst
",question what finding is shown answer a cyst,polyps,False,,False,esophagitis-b-d,False
test,test_000649,/home/arcturus/Desktop/old/thesis/rag-vqa-medical/Prototyping_reformat/DatasetAnalysis/HyperKvasir/0_dataset_prep/out/images/test/test_000649.jpg,12,polyps,424,560,"Question: What finding is shown? Answer: The image shows the colonic mucosa
",question what finding is shown answer the image shows the colonic mucosa,polyps,False,,False,ulcerative-colitis-grade-2,False
test,test_000650,/home/arcturus/Desktop/old/thesis/rag-vqa-medical/Prototyping_reformat/DatasetAnalysis/HyperKvasir/0_dataset_prep/out/images/test/test_000650.jpg,12,polyps,528,618,"Question: What finding is shown? Answer: The image shows the ureteral tract
",question what finding is shown answer the image shows the ureteral tract,polyps,False,,False,esophagitis-b-d,False
test,test_000651,/home/arcturus/Desktop/old/thesis/rag-vqa-medical/Prototyping_reformat/DatasetAnalysis/HyperKvasir/0_dataset_prep/out/images/test/test_000651.jpg,12,polyps,430,551,"Question: What finding is shown? Answer: The white spot is a small, round, non-cancerous tumor
",question what finding is shown answer the white spot is a small round non-cancerous tumor,polyps,False,,False,esophagitis-b-d,False
test,test_000652,/home/arcturus/Desktop/old/thesis/rag-vqa-medical/Prototyping_reformat/DatasetAnalysis/HyperKvasir/0_dataset_prep/out/images/test/test_000652.jpg,12,polyps,482,612,"Question: What finding is shown? Answer:
",question what finding is shown answer,polyps,False,,False,esophagitis-b-d,False
test,test_000653,/home/arcturus/Desktop/old/thesis/rag-vqa-medical/Prototyping_reformat/DatasetAnalysis/HyperKvasir/0_dataset_prep/out/images/test/test_000653.jpg,12,polyps,531,622,"Question: What finding is shown? Answer: The image shows the location of the gallbladder
",question what finding is shown answer the image shows the location of the gallbladder,polyps,False,,False,esophagitis-a,False
test,test_000654,/home/arcturus/Desktop/old/thesis/rag-vqa-medical/Prototyping_reformat/DatasetAnalysis/HyperKvasir/0_dataset_prep/out/images/test/test_000654.jpg,12,polyps,531,622,"Question: What finding is shown? Answer: The image shows the upper part of the esophagus
",question what finding is shown answer the image shows the upper part of the esophagus,polyps,False,,False,esophagitis-b-d,False
test,test_000655,/home/arcturus/Desktop/old/thesis/rag-vqa-medical/Prototyping_reformat/DatasetAnalysis/HyperKvasir/0_dataset_prep/out/images/test/test_000655.jpg,12,polyps,529,621,"Question: What finding is shown? Answer:
",question what finding is shown answer,polyps,False,,False,esophagitis-b-d,False
test,test_000656,/home/arcturus/Desktop/old/thesis/rag-vqa-medical/Prototyping_reformat/DatasetAnalysis/HyperKvasir/0_dataset_prep/out/images/test/test_000656.jpg,12,polyps,531,618,"Question: What finding is shown? Answer: The image shows the location of the esophageal sphincter
",question what finding is shown answer the image shows the location of the esophageal sphincter,polyps,False,,False,esophagitis-a,False
test,test_000657,/home/arcturus/Desktop/old/thesis/rag-vqa-medical/Prototyping_reformat/DatasetAnalysis/HyperKvasir/0_dataset_prep/out/images/test/test_000657.jpg,12,polyps,531,622,"Question: What finding is shown? Answer: The colon is shown in the upper left quadrant of the image
",question what finding is shown answer the colon is shown in the upper left quadrant of the image,polyps,False,,False,esophagitis-b-d,False
test,test_000658,/home/arcturus/Desktop/old/thesis/rag-vqa-medical/Prototyping_reformat/DatasetAnalysis/HyperKvasir/0_dataset_prep/out/images/test/test_000658.jpg,12,polyps,528,616,"Question: What finding is shown? Answer: The image shows the location of the lesion
",question what finding is shown answer the image shows the location of the lesion,polyps,False,,False,esophagitis-b-d,False
test,test_000659,/home/arcturus/Desktop/old/thesis/rag-vqa-medical/Prototyping_reformat/DatasetAnalysis/HyperKvasir/0_dataset_prep/out/images/test/test_000659.jpg,12,polyps,435,593,"Question: What finding is shown? Answer: The image shows the location of the lesion
",question what finding is shown answer the image shows the location of the lesion,polyps,False,,False,esophagitis-b-d,False
test,test_000660,/home/arcturus/Desktop/old/thesis/rag-vqa-medical/Prototyping_reformat/DatasetAnalysis/HyperKvasir/0_dataset_prep/out/images/test/test_000660.jpg,12,polyps,530,570,"Question: What finding is shown? Answer:
",question what finding is shown answer,polyps,False,,False,esophagitis-b-d,False
test,test_000661,/home/arcturus/Desktop/old/thesis/rag-vqa-medical/Prototyping_reformat/DatasetAnalysis/HyperKvasir/0_dataset_prep/out/images/test/test_000661.jpg,12,polyps,531,622,"Question: What finding is shown? Answer: The image shows the location of the lesion in the esophagus
",question what finding is shown answer the image shows the location of the lesion in the esophagus,polyps,False,,False,esophagitis-a,False
test,test_000662,/home/arcturus/Desktop/old/thesis/rag-vqa-medical/Prototyping_reformat/DatasetAnalysis/HyperKvasir/0_dataset_prep/out/images/test/test_000662.jpg,12,polyps,546,598,"Question: What finding is shown? Answer: The liver is enlarged and the liver is enlarged
",question what finding is shown answer the liver is enlarged and the liver is enlarged,polyps,False,,False,esophagitis-b-d,False
test,test_000663,/home/arcturus/Desktop/old/thesis/rag-vqa-medical/Prototyping_reformat/DatasetAnalysis/HyperKvasir/0_dataset_prep/out/images/test/test_000663.jpg,12,polyps,530,561,"Question: What finding is shown? Answer: The colon is shown in the upper left quadrant of the image
",question what finding is shown answer the colon is shown in the upper left quadrant of the image,polyps,False,,False,esophagitis-b-d,False
test,test_000664,/home/arcturus/Desktop/old/thesis/rag-vqa-medical/Prototyping_reformat/DatasetAnalysis/HyperKvasir/0_dataset_prep/out/images/test/test_000664.jpg,12,polyps,547,626,"Question: What finding is shown? Answer: The white spot is a small, white, fluid-filled cyst
",question what finding is shown answer the white spot is a small white fluid-filled cyst,polyps,False,,False,esophagitis-b-d,False
test,test_000665,/home/arcturus/Desktop/old/thesis/rag-vqa-medical/Prototyping_reformat/DatasetAnalysis/HyperKvasir/0_dataset_prep/out/images/test/test_000665.jpg,12,polyps,530,570,"Question: What finding is shown? Answer:
",question what finding is shown answer,polyps,False,,False,esophagitis-b-d,False
test,test_000666,/home/arcturus/Desktop/old/thesis/rag-vqa-medical/Prototyping_reformat/DatasetAnalysis/HyperKvasir/0_dataset_prep/out/images/test/test_000666.jpg,12,polyps,530,621,"Question: What finding is shown? Answer: The image shows the upper part of the esophagus
",question what finding is shown answer the image shows the upper part of the esophagus,polyps,False,,False,esophagitis-b-d,False
test,test_000667,/home/arcturus/Desktop/old/thesis/rag-vqa-medical/Prototyping_reformat/DatasetAnalysis/HyperKvasir/0_dataset_prep/out/images/test/test_000667.jpg,12,polyps,531,622,"Question: What finding is shown? Answer: The image shows the upper part of the stomach
",question what finding is shown answer the image shows the upper part of the stomach,polyps,False,,False,esophagitis-b-d,False
test,test_000668,/home/arcturus/Desktop/old/thesis/rag-vqa-medical/Prototyping_reformat/DatasetAnalysis/HyperKvasir/0_dataset_prep/out/images/test/test_000668.jpg,12,polyps,546,626,"Question: What finding is shown? Answer: The image shows the location of the ureter in the kidney
",question what finding is shown answer the image shows the location of the ureter in the kidney,polyps,False,,False,esophagitis-b-d,False
test,test_000669,/home/arcturus/Desktop/old/thesis/rag-vqa-medical/Prototyping_reformat/DatasetAnalysis/HyperKvasir/0_dataset_prep/out/images/test/test_000669.jpg,12,polyps,530,616,"Question: What finding is shown? Answer: The image shows the location of the gallbladder
",question what finding is shown answer the image shows the location of the gallbladder,polyps,False,,False,esophagitis-b-d,False
test,test_000670,/home/arcturus/Desktop/old/thesis/rag-vqa-medical/Prototyping_reformat/DatasetAnalysis/HyperKvasir/0_dataset_prep/out/images/test/test_000670.jpg,12,polyps,528,623,"Question: What finding is shown? Answer:
",question what finding is shown answer,polyps,False,,False,esophagitis-b-d,False
test,test_000671,/home/arcturus/Desktop/old/thesis/rag-vqa-medical/Prototyping_reformat/DatasetAnalysis/HyperKvasir/0_dataset_prep/out/images/test/test_000671.jpg,12,polyps,530,623,"Question: What finding is shown? Answer: The image shows the right side of the esophagus
",question what finding is shown answer the image shows the right side of the esophagus,polyps,False,,False,esophagitis-b-d,False
test,test_000672,/home/arcturus/Desktop/old/thesis/rag-vqa-medical/Prototyping_reformat/DatasetAnalysis/HyperKvasir/0_dataset_prep/out/images/test/test_000672.jpg,12,polyps,433,545,"Question: What finding is shown? Answer: The image shows the location of the lesion
",question what finding is shown answer the image shows the location of the lesion,polyps,False,,False,esophagitis-b-d,False
test,test_000673,/home/arcturus/Desktop/old/thesis/rag-vqa-medical/Prototyping_reformat/DatasetAnalysis/HyperKvasir/0_dataset_prep/out/images/test/test_000673.jpg,13,pylorus,1011,1221,"Question: What finding is shown? Answer: The image shows the posterior wall of the esophagus
",question what finding is shown answer the image shows the posterior wall of the esophagus,pylorus,False,,False,esophagitis-a,False
test,test_000674,/home/arcturus/Desktop/old/thesis/rag-vqa-medical/Prototyping_reformat/DatasetAnalysis/HyperKvasir/0_dataset_prep/out/images/test/test_000674.jpg,13,pylorus,1015,1225,"Question: What finding is shown? Answer: The white spot is a cyst
",question what finding is shown answer the white spot is a cyst,pylorus,False,,False,esophagitis-a,False
test,test_000675,/home/arcturus/Desktop/old/thesis/rag-vqa-medical/Prototyping_reformat/DatasetAnalysis/HyperKvasir/0_dataset_prep/out/images/test/test_000675.jpg,13,pylorus,1013,1225,"Question: What finding is shown? Answer: The white spot is the mucous membrane of the upper respiratory tract
",question what finding is shown answer the white spot is the mucous membrane of the upper respiratory tract,pylorus,False,,False,esophagitis-a,False
test,test_000676,/home/arcturus/Desktop/old/thesis/rag-vqa-medical/Prototyping_reformat/DatasetAnalysis/HyperKvasir/0_dataset_prep/out/images/test/test_000676.jpg,13,pylorus,1013,1221,"Question: What finding is shown? Answer: The image shows the upper part of the esophagus
",question what finding is shown answer the image shows the upper part of the esophagus,pylorus,False,,False,esophagitis-b-d,False
test,test_000677,/home/arcturus/Desktop/old/thesis/rag-vqa-medical/Prototyping_reformat/DatasetAnalysis/HyperKvasir/0_dataset_prep/out/images/test/test_000677.jpg,13,pylorus,1013,1225,"Question: What finding is shown? Answer: A small amount of blood in the upper part of the oropharynx
",question what finding is shown answer a small amount of blood in the upper part of the oropharynx,pylorus,False,,False,esophagitis-a,False
test,test_000678,/home/arcturus/Desktop/old/thesis/rag-vqa-medical/Prototyping_reformat/DatasetAnalysis/HyperKvasir/0_dataset_prep/out/images/test/test_000678.jpg,13,pylorus,1020,1221,"Question: What finding is shown? Answer: The white area is the rectum
",question what finding is shown answer the white area is the rectum,pylorus,False,,False,dyed-lifted-polyps,False
test,test_000679,/home/arcturus/Desktop/old/thesis/rag-vqa-medical/Prototyping_reformat/DatasetAnalysis/HyperKvasir/0_dataset_prep/out/images/test/test_000679.jpg,13,pylorus,1011,1221,"Question: What finding is shown? Answer: The upper part of the esophagus is shown
",question what finding is shown answer the upper part of the esophagus is shown,pylorus,False,,False,esophagitis-a,False
test,test_000680,/home/arcturus/Desktop/old/thesis/rag-vqa-medical/Prototyping_reformat/DatasetAnalysis/HyperKvasir/0_dataset_prep/out/images/test/test_000680.jpg,13,pylorus,1011,1221,"Question: What finding is shown? Answer: The image shows the upper part of the esophagus
",question what finding is shown answer the image shows the upper part of the esophagus,pylorus,False,,False,esophagitis-a,False
test,test_000681,/home/arcturus/Desktop/old/thesis/rag-vqa-medical/Prototyping_reformat/DatasetAnalysis/HyperKvasir/0_dataset_prep/out/images/test/test_000681.jpg,13,pylorus,1012,1221,"Question: What finding is shown? Answer: The white area is the esophagus
",question what finding is shown answer the white area is the esophagus,pylorus,False,,False,esophagitis-a,False
test,test_000682,/home/arcturus/Desktop/old/thesis/rag-vqa-medical/Prototyping_reformat/DatasetAnalysis/HyperKvasir/0_dataset_prep/out/images/test/test_000682.jpg,13,pylorus,1011,1221,"Question: What finding is shown? Answer: The white spot is a small, round, non-cancerous tumor
",question what finding is shown answer the white spot is a small round non-cancerous tumor,pylorus,False,,False,esophagitis-a,False
test,test_000683,/home/arcturus/Desktop/old/thesis/rag-vqa-medical/Prototyping_reformat/DatasetAnalysis/HyperKvasir/0_dataset_prep/out/images/test/test_000683.jpg,13,pylorus,1021,1221,"Question: What finding is shown? Answer: A small amount of blood in the stool
",question what finding is shown answer a small amount of blood in the stool,pylorus,False,,False,esophagitis-b-d,False
test,test_000684,/home/arcturus/Desktop/old/thesis/rag-vqa-medical/Prototyping_reformat/DatasetAnalysis/HyperKvasir/0_dataset_prep/out/images/test/test_000684.jpg,13,pylorus,1071,1349,"Question: What finding is shown? Answer:
",question what finding is shown answer,pylorus,False,,False,esophagitis-a,False
test,test_000685,/home/arcturus/Desktop/old/thesis/rag-vqa-medical/Prototyping_reformat/DatasetAnalysis/HyperKvasir/0_dataset_prep/out/images/test/test_000685.jpg,13,pylorus,1020,1221,"Question: What finding is shown? Answer: The image shows the upper part of the esophagus
",question what finding is shown answer the image shows the upper part of the esophagus,pylorus,False,,False,esophagitis-b-d,False
test,test_000686,/home/arcturus/Desktop/old/thesis/rag-vqa-medical/Prototyping_reformat/DatasetAnalysis/HyperKvasir/0_dataset_prep/out/images/test/test_000686.jpg,13,pylorus,1013,1225,"Question: What finding is shown? Answer: The image shows the posterior wall of the oropharynx
",question what finding is shown answer the image shows the posterior wall of the oropharynx,pylorus,False,,False,esophagitis-a,False
test,test_000687,/home/arcturus/Desktop/old/thesis/rag-vqa-medical/Prototyping_reformat/DatasetAnalysis/HyperKvasir/0_dataset_prep/out/images/test/test_000687.jpg,13,pylorus,1071,1349,"Question: What finding is shown? Answer: The location of the lesion is shown
",question what finding is shown answer the location of the lesion is shown,pylorus,False,,False,esophagitis-a,False
test,test_000688,/home/arcturus/Desktop/old/thesis/rag-vqa-medical/Prototyping_reformat/DatasetAnalysis/HyperKvasir/0_dataset_prep/out/images/test/test_000688.jpg,13,pylorus,1011,1221,"Question: What finding is shown? Answer: a small, round, white, fluid-filled cyst
",question what finding is shown answer a small round white fluid-filled cyst,pylorus,False,,False,esophagitis-a,False
test,test_000689,/home/arcturus/Desktop/old/thesis/rag-vqa-medical/Prototyping_reformat/DatasetAnalysis/HyperKvasir/0_dataset_prep/out/images/test/test_000689.jpg,13,pylorus,1015,1225,"Question: What finding is shown? Answer: A small, round, white, oval-shaped object
",question what finding is shown answer a small round white oval-shaped object,pylorus,False,,False,esophagitis-a,False
test,test_000690,/home/arcturus/Desktop/old/thesis/rag-vqa-medical/Prototyping_reformat/DatasetAnalysis/HyperKvasir/0_dataset_prep/out/images/test/test_000690.jpg,13,pylorus,1011,1221,"Question: What finding is shown? Answer: A cyst
",question what finding is shown answer a cyst,pylorus,False,,False,esophagitis-a,False
test,test_000691,/home/arcturus/Desktop/old/thesis/rag-vqa-medical/Prototyping_reformat/DatasetAnalysis/HyperKvasir/0_dataset_prep/out/images/test/test_000691.jpg,13,pylorus,523,613,"Question: What finding is shown? Answer: The image shows the right side of the esophagus
",question what finding is shown answer the image shows the right side of the esophagus,pylorus,False,,False,polyps,False
test,test_000692,/home/arcturus/Desktop/old/thesis/rag-vqa-medical/Prototyping_reformat/DatasetAnalysis/HyperKvasir/0_dataset_prep/out/images/test/test_000692.jpg,13,pylorus,1015,1225,Question: What finding is shown? Answer: The white part of the upper right quadrant of the upper right quadrant of the upper right quad,question what finding is shown answer the white part of the upper right quadrant of the upper right quadrant of the upper right quad,pylorus,False,,False,esophagitis-a,False
test,test_000693,/home/arcturus/Desktop/old/thesis/rag-vqa-medical/Prototyping_reformat/DatasetAnalysis/HyperKvasir/0_dataset_prep/out/images/test/test_000693.jpg,13,pylorus,1011,1221,"Question: What finding is shown? Answer: The white spot is the white part of the tongue
",question what finding is shown answer the white spot is the white part of the tongue,pylorus,False,,False,esophagitis-a,False
test,test_000694,/home/arcturus/Desktop/old/thesis/rag-vqa-medical/Prototyping_reformat/DatasetAnalysis/HyperKvasir/0_dataset_prep/out/images/test/test_000694.jpg,13,pylorus,1071,1349,"Question: What finding is shown? Answer: The mucosa of the esophagus
",question what finding is shown answer the mucosa of the esophagus,pylorus,False,,False,esophagitis-b-d,False
test,test_000695,/home/arcturus/Desktop/old/thesis/rag-vqa-medical/Prototyping_reformat/DatasetAnalysis/HyperKvasir/0_dataset_prep/out/images/test/test_000695.jpg,13,pylorus,1013,1225,"Question: What finding is shown? Answer: Abdominal pain
",question what finding is shown answer abdominal pain,pylorus,False,,False,esophagitis-a,False
test,test_000696,/home/arcturus/Desktop/old/thesis/rag-vqa-medical/Prototyping_reformat/DatasetAnalysis/HyperKvasir/0_dataset_prep/out/images/test/test_000696.jpg,13,pylorus,1015,1225,"Question: What finding is shown? Answer: The image shows the right side of the stomach
",question what finding is shown answer the image shows the right side of the stomach,pylorus,False,,False,esophagitis-b-d,False
test,test_000697,/home/arcturus/Desktop/old/thesis/rag-vqa-medical/Prototyping_reformat/DatasetAnalysis/HyperKvasir/0_dataset_prep/out/images/test/test_000697.jpg,13,pylorus,1071,1349,"Question: What finding is shown? Answer: The right side of the image shows the upper part of the esophagus, the left side shows",question what finding is shown answer the right side of the image shows the upper part of the esophagus the left side shows,pylorus,False,,False,esophagitis-a,False
test,test_000698,/home/arcturus/Desktop/old/thesis/rag-vqa-medical/Prototyping_reformat/DatasetAnalysis/HyperKvasir/0_dataset_prep/out/images/test/test_000698.jpg,13,pylorus,1011,1221,"Question: What finding is shown? Answer: The white part of the esophagus is the stomach
",question what finding is shown answer the white part of the esophagus is the stomach,pylorus,False,,False,esophagitis-a,False
test,test_000699,/home/arcturus/Desktop/old/thesis/rag-vqa-medical/Prototyping_reformat/DatasetAnalysis/HyperKvasir/0_dataset_prep/out/images/test/test_000699.jpg,13,pylorus,1071,1349,"Question: What finding is shown? Answer: The white spot is the ureter, the black spot is the ureteral wall
",question what finding is shown answer the white spot is the ureter the black spot is the ureteral wall,pylorus,False,,False,esophagitis-a,False
test,test_000700,/home/arcturus/Desktop/old/thesis/rag-vqa-medical/Prototyping_reformat/DatasetAnalysis/HyperKvasir/0_dataset_prep/out/images/test/test_000700.jpg,13,pylorus,1071,1349,"Question: What finding is shown? Answer:
",question what finding is shown answer,pylorus,False,,False,ulcerative-colitis-grade-2,False
test,test_000701,/home/arcturus/Desktop/old/thesis/rag-vqa-medical/Prototyping_reformat/DatasetAnalysis/HyperKvasir/0_dataset_prep/out/images/test/test_000701.jpg,13,pylorus,524,613,"Question: What finding is shown? Answer: The right side of the image shows the right side of the esophagus
",question what finding is shown answer the right side of the image shows the right side of the esophagus,pylorus,False,,False,esophagitis-a,False
test,test_000702,/home/arcturus/Desktop/old/thesis/rag-vqa-medical/Prototyping_reformat/DatasetAnalysis/HyperKvasir/0_dataset_prep/out/images/test/test_000702.jpg,13,pylorus,1012,1221,"Question: What finding is shown? Answer: The image shows the location of the lesion
",question what finding is shown answer the image shows the location of the lesion,pylorus,False,,False,esophagitis-a,False
test,test_000703,/home/arcturus/Desktop/old/thesis/rag-vqa-medical/Prototyping_reformat/DatasetAnalysis/HyperKvasir/0_dataset_prep/out/images/test/test_000703.jpg,13,pylorus,1013,1225,"Question: What finding is shown? Answer: The right side of the tongue is showing a small amount of mucus
",question what finding is shown answer the right side of the tongue is showing a small amount of mucus,pylorus,False,,False,esophagitis-b-d,False
test,test_000704,/home/arcturus/Desktop/old/thesis/rag-vqa-medical/Prototyping_reformat/DatasetAnalysis/HyperKvasir/0_dataset_prep/out/images/test/test_000704.jpg,13,pylorus,1012,1221,"Question: What finding is shown? Answer: The image shows the upper part of the esophagus
",question what finding is shown answer the image shows the upper part of the esophagus,pylorus,False,,False,esophagitis-b-d,False
test,test_000705,/home/arcturus/Desktop/old/thesis/rag-vqa-medical/Prototyping_reformat/DatasetAnalysis/HyperKvasir/0_dataset_prep/out/images/test/test_000705.jpg,13,pylorus,1012,1221,"Question: What finding is shown? Answer: The white spot is the cyst
",question what finding is shown answer the white spot is the cyst,pylorus,False,,False,esophagitis-a,False
test,test_000706,/home/arcturus/Desktop/old/thesis/rag-vqa-medical/Prototyping_reformat/DatasetAnalysis/HyperKvasir/0_dataset_prep/out/images/test/test_000706.jpg,13,pylorus,1011,1221,"Question: What finding is shown? Answer: The mucosa of the upper esophagus
",question what finding is shown answer the mucosa of the upper esophagus,pylorus,False,,False,esophagitis-a,False
test,test_000707,/home/arcturus/Desktop/old/thesis/rag-vqa-medical/Prototyping_reformat/DatasetAnalysis/HyperKvasir/0_dataset_prep/out/images/test/test_000707.jpg,13,pylorus,1020,1221,"Question: What finding is shown? Answer: The white spot is the mucosa of the esophagus
",question what finding is shown answer the white spot is the mucosa of the esophagus,pylorus,False,,False,polyps,False
test,test_000708,/home/arcturus/Desktop/old/thesis/rag-vqa-medical/Prototyping_reformat/DatasetAnalysis/HyperKvasir/0_dataset_prep/out/images/test/test_000708.jpg,13,pylorus,1012,1221,"Question: What finding is shown? Answer: An abscess
",question what finding is shown answer an abscess,pylorus,False,,False,esophagitis-a,False
test,test_000709,/home/arcturus/Desktop/old/thesis/rag-vqa-medical/Prototyping_reformat/DatasetAnalysis/HyperKvasir/0_dataset_prep/out/images/test/test_000709.jpg,13,pylorus,1013,1225,"Question: What finding is shown? Answer: A small, round, white spot
",question what finding is shown answer a small round white spot,pylorus,False,,False,esophagitis-a,False
test,test_000710,/home/arcturus/Desktop/old/thesis/rag-vqa-medical/Prototyping_reformat/DatasetAnalysis/HyperKvasir/0_dataset_prep/out/images/test/test_000710.jpg,13,pylorus,1013,1221,"Question: What finding is shown? Answer:
",question what finding is shown answer,pylorus,False,,False,esophagitis-a,False
test,test_000711,/home/arcturus/Desktop/old/thesis/rag-vqa-medical/Prototyping_reformat/DatasetAnalysis/HyperKvasir/0_dataset_prep/out/images/test/test_000711.jpg,13,pylorus,1015,1225,Question: What finding is shown? Answer: The upper right quadrant of the upper right quadrant of the upper right quadrant of the upper,question what finding is shown answer the upper right quadrant of the upper right quadrant of the upper right quadrant of the upper,pylorus,False,,False,esophagitis-a,False
test,test_000712,/home/arcturus/Desktop/old/thesis/rag-vqa-medical/Prototyping_reformat/DatasetAnalysis/HyperKvasir/0_dataset_prep/out/images/test/test_000712.jpg,13,pylorus,1071,1349,"Question: What finding is shown? Answer: The mucosa of the esophagus
",question what finding is shown answer the mucosa of the esophagus,pylorus,False,,False,esophagitis-a,False
test,test_000713,/home/arcturus/Desktop/old/thesis/rag-vqa-medical/Prototyping_reformat/DatasetAnalysis/HyperKvasir/0_dataset_prep/out/images/test/test_000713.jpg,13,pylorus,1012,1221,"Question: What finding is shown? Answer: The white spot is the area of the oropharynx
",question what finding is shown answer the white spot is the area of the oropharynx,pylorus,False,,False,esophagitis-a,False
test,test_000714,/home/arcturus/Desktop/old/thesis/rag-vqa-medical/Prototyping_reformat/DatasetAnalysis/HyperKvasir/0_dataset_prep/out/images/test/test_000714.jpg,13,pylorus,1012,1221,"Question: What finding is shown? Answer: The white spot is a small, round, non-cancerous tumor
",question what finding is shown answer the white spot is a small round non-cancerous tumor,pylorus,False,,False,esophagitis-a,False
test,test_000715,/home/arcturus/Desktop/old/thesis/rag-vqa-medical/Prototyping_reformat/DatasetAnalysis/HyperKvasir/0_dataset_prep/out/images/test/test_000715.jpg,13,pylorus,1011,1221,"Question: What finding is shown? Answer: a small, round, white spot in the upper left quadrant of the upper right quadrant of",question what finding is shown answer a small round white spot in the upper left quadrant of the upper right quadrant of,pylorus,False,,False,polyps,False
test,test_000716,/home/arcturus/Desktop/old/thesis/rag-vqa-medical/Prototyping_reformat/DatasetAnalysis/HyperKvasir/0_dataset_prep/out/images/test/test_000716.jpg,13,pylorus,1012,1221,"Question: What finding is shown? Answer:
",question what finding is shown answer,pylorus,False,,False,esophagitis-a,False
test,test_000717,/home/arcturus/Desktop/old/thesis/rag-vqa-medical/Prototyping_reformat/DatasetAnalysis/HyperKvasir/0_dataset_prep/out/images/test/test_000717.jpg,13,pylorus,1071,1349,"Question: What finding is shown? Answer: The white part of the esophagus is the stomach
",question what finding is shown answer the white part of the esophagus is the stomach,pylorus,False,,False,esophagitis-a,False
test,test_000718,/home/arcturus/Desktop/old/thesis/rag-vqa-medical/Prototyping_reformat/DatasetAnalysis/HyperKvasir/0_dataset_prep/out/images/test/test_000718.jpg,13,pylorus,1071,1349,"Question: What finding is shown? Answer: The right side of the image shows the right side of the tongue, and the left side shows the",question what finding is shown answer the right side of the image shows the right side of the tongue and the left side shows the,pylorus,False,,False,esophagitis-a,False
test,test_000719,/home/arcturus/Desktop/old/thesis/rag-vqa-medical/Prototyping_reformat/DatasetAnalysis/HyperKvasir/0_dataset_prep/out/images/test/test_000719.jpg,13,pylorus,1012,1221,"Question: What finding is shown? Answer: The ureteral catheter
",question what finding is shown answer the ureteral catheter,pylorus,False,,False,esophagitis-a,False
test,test_000720,/home/arcturus/Desktop/old/thesis/rag-vqa-medical/Prototyping_reformat/DatasetAnalysis/HyperKvasir/0_dataset_prep/out/images/test/test_000720.jpg,13,pylorus,1012,1221,"Question: What finding is shown? Answer: The white spot is the ureter
",question what finding is shown answer the white spot is the ureter,pylorus,False,,False,esophagitis-b-d,False
test,test_000721,/home/arcturus/Desktop/old/thesis/rag-vqa-medical/Prototyping_reformat/DatasetAnalysis/HyperKvasir/0_dataset_prep/out/images/test/test_000721.jpg,13,pylorus,1071,1349,"Question: What finding is shown? Answer: The image shows the upper part of the stomach
",question what finding is shown answer the image shows the upper part of the stomach,pylorus,False,,False,esophagitis-a,False
test,test_000722,/home/arcturus/Desktop/old/thesis/rag-vqa-medical/Prototyping_reformat/DatasetAnalysis/HyperKvasir/0_dataset_prep/out/images/test/test_000722.jpg,13,pylorus,1013,1225,"Question: What finding is shown? Answer: An abscess
",question what finding is shown answer an abscess,pylorus,False,,False,esophagitis-b-d,False
test,test_000723,/home/arcturus/Desktop/old/thesis/rag-vqa-medical/Prototyping_reformat/DatasetAnalysis/HyperKvasir/0_dataset_prep/out/images/test/test_000723.jpg,13,pylorus,1013,1221,"Question: What finding is shown? Answer: The left ear canal is shown
",question what finding is shown answer the left ear canal is shown,pylorus,False,,False,esophagitis-a,False
test,test_000724,/home/arcturus/Desktop/old/thesis/rag-vqa-medical/Prototyping_reformat/DatasetAnalysis/HyperKvasir/0_dataset_prep/out/images/test/test_000724.jpg,13,pylorus,1020,1221,"Question: What finding is shown? Answer: A cyst
",question what finding is shown answer a cyst,pylorus,False,,False,esophagitis-b-d,False
test,test_000725,/home/arcturus/Desktop/old/thesis/rag-vqa-medical/Prototyping_reformat/DatasetAnalysis/HyperKvasir/0_dataset_prep/out/images/test/test_000725.jpg,13,pylorus,1015,1225,"Question: What finding is shown? Answer: The area of the liver is enlarged
",question what finding is shown answer the area of the liver is enlarged,pylorus,False,,False,ulcerative-colitis-grade-2,False
test,test_000726,/home/arcturus/Desktop/old/thesis/rag-vqa-medical/Prototyping_reformat/DatasetAnalysis/HyperKvasir/0_dataset_prep/out/images/test/test_000726.jpg,13,pylorus,1071,1349,"Question: What finding is shown? Answer: The location of the esophageal varices
",question what finding is shown answer the location of the esophageal varices,pylorus,False,,False,esophagitis-a,False
test,test_000727,/home/arcturus/Desktop/old/thesis/rag-vqa-medical/Prototyping_reformat/DatasetAnalysis/HyperKvasir/0_dataset_prep/out/images/test/test_000727.jpg,13,pylorus,1013,1225,"Question: What finding is shown? Answer: A small, round, black, circular lesion
",question what finding is shown answer a small round black circular lesion,pylorus,False,,False,esophagitis-b-d,False
test,test_000728,/home/arcturus/Desktop/old/thesis/rag-vqa-medical/Prototyping_reformat/DatasetAnalysis/HyperKvasir/0_dataset_prep/out/images/test/test_000728.jpg,13,pylorus,1012,1221,"Question: What finding is shown? Answer: a small, round, black object
",question what finding is shown answer a small round black object,pylorus,False,,False,esophagitis-a,False
test,test_000729,/home/arcturus/Desktop/old/thesis/rag-vqa-medical/Prototyping_reformat/DatasetAnalysis/HyperKvasir/0_dataset_prep/out/images/test/test_000729.jpg,13,pylorus,1012,1221,"Question: What finding is shown? Answer: The left ear canal is filled with fluid
",question what finding is shown answer the left ear canal is filled with fluid,pylorus,False,,False,esophagitis-a,False
test,test_000730,/home/arcturus/Desktop/old/thesis/rag-vqa-medical/Prototyping_reformat/DatasetAnalysis/HyperKvasir/0_dataset_prep/out/images/test/test_000730.jpg,13,pylorus,1012,1221,"Question: What finding is shown? Answer: The left side of the image shows the left side of the tongue, and the right side shows the",question what finding is shown answer the left side of the image shows the left side of the tongue and the right side shows the,pylorus,False,,False,esophagitis-a,False
test,test_000731,/home/arcturus/Desktop/old/thesis/rag-vqa-medical/Prototyping_reformat/DatasetAnalysis/HyperKvasir/0_dataset_prep/out/images/test/test_000731.jpg,13,pylorus,1071,1349,"Question: What finding is shown? Answer: The left side of the tongue is the most common site of oral cancer
",question what finding is shown answer the left side of the tongue is the most common site of oral cancer,pylorus,False,,False,esophagitis-a,False
test,test_000732,/home/arcturus/Desktop/old/thesis/rag-vqa-medical/Prototyping_reformat/DatasetAnalysis/HyperKvasir/0_dataset_prep/out/images/test/test_000732.jpg,13,pylorus,1013,1225,"Question: What finding is shown? Answer: The white spot is the white part of the tongue
",question what finding is shown answer the white spot is the white part of the tongue,pylorus,False,,False,esophagitis-a,False
test,test_000733,/home/arcturus/Desktop/old/thesis/rag-vqa-medical/Prototyping_reformat/DatasetAnalysis/HyperKvasir/0_dataset_prep/out/images/test/test_000733.jpg,13,pylorus,1023,1279,"Question: What finding is shown? Answer: The mucosa of the esophagus
",question what finding is shown answer the mucosa of the esophagus,pylorus,False,,False,esophagitis-a,False
test,test_000734,/home/arcturus/Desktop/old/thesis/rag-vqa-medical/Prototyping_reformat/DatasetAnalysis/HyperKvasir/0_dataset_prep/out/images/test/test_000734.jpg,13,pylorus,1012,1221,"Question: What finding is shown? Answer: The white spot is the ureter
",question what finding is shown answer the white spot is the ureter,pylorus,False,,False,esophagitis-a,False
test,test_000735,/home/arcturus/Desktop/old/thesis/rag-vqa-medical/Prototyping_reformat/DatasetAnalysis/HyperKvasir/0_dataset_prep/out/images/test/test_000735.jpg,13,pylorus,1012,1221,"Question: What finding is shown? Answer: The right side of the image shows the right side of the tongue
",question what finding is shown answer the right side of the image shows the right side of the tongue,pylorus,False,,False,esophagitis-b-d,False
test,test_000736,/home/arcturus/Desktop/old/thesis/rag-vqa-medical/Prototyping_reformat/DatasetAnalysis/HyperKvasir/0_dataset_prep/out/images/test/test_000736.jpg,13,pylorus,1012,1225,"Question: What finding is shown? Answer: The white spot is the mucus in the esophagus
",question what finding is shown answer the white spot is the mucus in the esophagus,pylorus,False,,False,esophagitis-a,False
test,test_000737,/home/arcturus/Desktop/old/thesis/rag-vqa-medical/Prototyping_reformat/DatasetAnalysis/HyperKvasir/0_dataset_prep/out/images/test/test_000737.jpg,13,pylorus,1013,1225,"Question: What finding is shown? Answer: The image shows the posterior wall of the oropharynx
",question what finding is shown answer the image shows the posterior wall of the oropharynx,pylorus,False,,False,esophagitis-a,False
test,test_000738,/home/arcturus/Desktop/old/thesis/rag-vqa-medical/Prototyping_reformat/DatasetAnalysis/HyperKvasir/0_dataset_prep/out/images/test/test_000738.jpg,13,pylorus,523,613,"Question: What finding is shown? Answer: The left ear canal is filled with fluid
",question what finding is shown answer the left ear canal is filled with fluid,pylorus,False,,False,esophagitis-a,False
test,test_000739,/home/arcturus/Desktop/old/thesis/rag-vqa-medical/Prototyping_reformat/DatasetAnalysis/HyperKvasir/0_dataset_prep/out/images/test/test_000739.jpg,13,pylorus,1013,1225,"Question: What finding is shown? Answer: Abdominal pain
",question what finding is shown answer abdominal pain,pylorus,False,,False,esophagitis-a,False
test,test_000740,/home/arcturus/Desktop/old/thesis/rag-vqa-medical/Prototyping_reformat/DatasetAnalysis/HyperKvasir/0_dataset_prep/out/images/test/test_000740.jpg,13,pylorus,1071,1349,"Question: What finding is shown? Answer: The right side of the image shows the right side of the esophagus
",question what finding is shown answer the right side of the image shows the right side of the esophagus,pylorus,False,,False,esophagitis-a,False
test,test_000741,/home/arcturus/Desktop/old/thesis/rag-vqa-medical/Prototyping_reformat/DatasetAnalysis/HyperKvasir/0_dataset_prep/out/images/test/test_000741.jpg,13,pylorus,1014,1225,"Question: What finding is shown? Answer: The image shows the upper part of the esophagus
",question what finding is shown answer the image shows the upper part of the esophagus,pylorus,False,,False,dyed-lifted-polyps,False
test,test_000742,/home/arcturus/Desktop/old/thesis/rag-vqa-medical/Prototyping_reformat/DatasetAnalysis/HyperKvasir/0_dataset_prep/out/images/test/test_000742.jpg,13,pylorus,1015,1225,"Question: What finding is shown? Answer: The colon
",question what finding is shown answer the colon,pylorus,False,,False,esophagitis-b-d,False
test,test_000743,/home/arcturus/Desktop/old/thesis/rag-vqa-medical/Prototyping_reformat/DatasetAnalysis/HyperKvasir/0_dataset_prep/out/images/test/test_000743.jpg,13,pylorus,1012,1221,"Question: What finding is shown? Answer:
",question what finding is shown answer,pylorus,False,,False,esophagitis-a,False
test,test_000744,/home/arcturus/Desktop/old/thesis/rag-vqa-medical/Prototyping_reformat/DatasetAnalysis/HyperKvasir/0_dataset_prep/out/images/test/test_000744.jpg,13,pylorus,1012,1221,"Question: What finding is shown? Answer: The white spot is the mucous membrane of the esophagus
",question what finding is shown answer the white spot is the mucous membrane of the esophagus,pylorus,False,,False,esophagitis-a,False
test,test_000745,/home/arcturus/Desktop/old/thesis/rag-vqa-medical/Prototyping_reformat/DatasetAnalysis/HyperKvasir/0_dataset_prep/out/images/test/test_000745.jpg,13,pylorus,1013,1221,"Question: What finding is shown? Answer: The right side of the image shows the right side of the esophagus
",question what finding is shown answer the right side of the image shows the right side of the esophagus,pylorus,False,,False,esophagitis-a,False
test,test_000746,/home/arcturus/Desktop/old/thesis/rag-vqa-medical/Prototyping_reformat/DatasetAnalysis/HyperKvasir/0_dataset_prep/out/images/test/test_000746.jpg,13,pylorus,1014,1225,"Question: What finding is shown? Answer: A small, round, black object
",question what finding is shown answer a small round black object,pylorus,False,,False,esophagitis-a,False
test,test_000747,/home/arcturus/Desktop/old/thesis/rag-vqa-medical/Prototyping_reformat/DatasetAnalysis/HyperKvasir/0_dataset_prep/out/images/test/test_000747.jpg,13,pylorus,1012,1221,"Question: What finding is shown? Answer: The white spot is the lesion
",question what finding is shown answer the white spot is the lesion,pylorus,False,,False,esophagitis-a,False
test,test_000748,/home/arcturus/Desktop/old/thesis/rag-vqa-medical/Prototyping_reformat/DatasetAnalysis/HyperKvasir/0_dataset_prep/out/images/test/test_000748.jpg,13,pylorus,1012,1221,"Question: What finding is shown? Answer: The image shows the right side of the esophagus
",question what finding is shown answer the image shows the right side of the esophagus,pylorus,False,,False,dyed-lifted-polyps,False
test,test_000749,/home/arcturus/Desktop/old/thesis/rag-vqa-medical/Prototyping_reformat/DatasetAnalysis/HyperKvasir/0_dataset_prep/out/images/test/test_000749.jpg,13,pylorus,1012,1221,"Question: What finding is shown? Answer: The white spot is the ureter
",question what finding is shown answer the white spot is the ureter,pylorus,False,,False,esophagitis-a,False
test,test_000750,/home/arcturus/Desktop/old/thesis/rag-vqa-medical/Prototyping_reformat/DatasetAnalysis/HyperKvasir/0_dataset_prep/out/images/test/test_000750.jpg,13,pylorus,1012,1221,"Question: What finding is shown? Answer: The white area is the area of the rectum
",question what finding is shown answer the white area is the area of the rectum,pylorus,False,,False,ulcerative-colitis-grade-2,False
test,test_000751,/home/arcturus/Desktop/old/thesis/rag-vqa-medical/Prototyping_reformat/DatasetAnalysis/HyperKvasir/0_dataset_prep/out/images/test/test_000751.jpg,13,pylorus,1012,1221,"Question: What finding is shown? Answer: The white spot is the ureter
",question what finding is shown answer the white spot is the ureter,pylorus,False,,False,dyed-lifted-polyps,False
test,test_000752,/home/arcturus/Desktop/old/thesis/rag-vqa-medical/Prototyping_reformat/DatasetAnalysis/HyperKvasir/0_dataset_prep/out/images/test/test_000752.jpg,13,pylorus,1071,1349,"Question: What finding is shown? Answer:
",question what finding is shown answer,pylorus,False,,False,esophagitis-a,False
test,test_000753,/home/arcturus/Desktop/old/thesis/rag-vqa-medical/Prototyping_reformat/DatasetAnalysis/HyperKvasir/0_dataset_prep/out/images/test/test_000753.jpg,13,pylorus,1071,1349,"Question: What finding is shown? Answer: The image shows the upper part of the esophagus
",question what finding is shown answer the image shows the upper part of the esophagus,pylorus,False,,False,esophagitis-b-d,False
test,test_000754,/home/arcturus/Desktop/old/thesis/rag-vqa-medical/Prototyping_reformat/DatasetAnalysis/HyperKvasir/0_dataset_prep/out/images/test/test_000754.jpg,13,pylorus,1013,1225,"Question: What finding is shown? Answer: An abscess
",question what finding is shown answer an abscess,pylorus,False,,False,dyed-lifted-polyps,False
test,test_000755,/home/arcturus/Desktop/old/thesis/rag-vqa-medical/Prototyping_reformat/DatasetAnalysis/HyperKvasir/0_dataset_prep/out/images/test/test_000755.jpg,13,pylorus,1015,1225,"Question: What finding is shown? Answer: The white spot is the ureter
",question what finding is shown answer the white spot is the ureter,pylorus,False,,False,esophagitis-a,False
test,test_000756,/home/arcturus/Desktop/old/thesis/rag-vqa-medical/Prototyping_reformat/DatasetAnalysis/HyperKvasir/0_dataset_prep/out/images/test/test_000756.jpg,13,pylorus,1071,1349,"Question: What finding is shown? Answer: The image shows the upper part of the esophagus
",question what finding is shown answer the image shows the upper part of the esophagus,pylorus,False,,False,esophagitis-b-d,False
test,test_000757,/home/arcturus/Desktop/old/thesis/rag-vqa-medical/Prototyping_reformat/DatasetAnalysis/HyperKvasir/0_dataset_prep/out/images/test/test_000757.jpg,13,pylorus,1011,1221,"Question: What finding is shown? Answer:
",question what finding is shown answer,pylorus,False,,False,esophagitis-a,False
test,test_000758,/home/arcturus/Desktop/old/thesis/rag-vqa-medical/Prototyping_reformat/DatasetAnalysis/HyperKvasir/0_dataset_prep/out/images/test/test_000758.jpg,13,pylorus,1071,1349,"Question: What finding is shown? Answer: The left side of the image shows the left side of the tongue, and the right side shows the",question what finding is shown answer the left side of the image shows the left side of the tongue and the right side shows the,pylorus,False,,False,esophagitis-a,False
test,test_000759,/home/arcturus/Desktop/old/thesis/rag-vqa-medical/Prototyping_reformat/DatasetAnalysis/HyperKvasir/0_dataset_prep/out/images/test/test_000759.jpg,13,pylorus,1071,1349,"Question: What finding is shown? Answer: The right side of the image shows the right side of the esophagus
",question what finding is shown answer the right side of the image shows the right side of the esophagus,pylorus,False,,False,esophagitis-a,False
test,test_000760,/home/arcturus/Desktop/old/thesis/rag-vqa-medical/Prototyping_reformat/DatasetAnalysis/HyperKvasir/0_dataset_prep/out/images/test/test_000760.jpg,13,pylorus,1012,1221,"Question: What finding is shown? Answer: The right side of the image shows the right side of the esophagus
",question what finding is shown answer the right side of the image shows the right side of the esophagus,pylorus,False,,False,esophagitis-a,False
test,test_000761,/home/arcturus/Desktop/old/thesis/rag-vqa-medical/Prototyping_reformat/DatasetAnalysis/HyperKvasir/0_dataset_prep/out/images/test/test_000761.jpg,13,pylorus,1011,1221,"Question: What finding is shown? Answer:
",question what finding is shown answer,pylorus,False,,False,esophagitis-a,False
test,test_000762,/home/arcturus/Desktop/old/thesis/rag-vqa-medical/Prototyping_reformat/DatasetAnalysis/HyperKvasir/0_dataset_prep/out/images/test/test_000762.jpg,13,pylorus,1013,1225,"Question: What finding is shown? Answer: The right side of the image shows the right side of the esophagus
",question what finding is shown answer the right side of the image shows the right side of the esophagus,pylorus,False,,False,esophagitis-b-d,False
test,test_000763,/home/arcturus/Desktop/old/thesis/rag-vqa-medical/Prototyping_reformat/DatasetAnalysis/HyperKvasir/0_dataset_prep/out/images/test/test_000763.jpg,13,pylorus,1012,1221,"Question: What finding is shown? Answer: The white spot is the oropharyngeal cavity
",question what finding is shown answer the white spot is the oropharyngeal cavity,pylorus,False,,False,esophagitis-a,False
test,test_000764,/home/arcturus/Desktop/old/thesis/rag-vqa-medical/Prototyping_reformat/DatasetAnalysis/HyperKvasir/0_dataset_prep/out/images/test/test_000764.jpg,13,pylorus,1012,1221,"Question: What finding is shown? Answer: The white spot is the area of the oropharynx
",question what finding is shown answer the white spot is the area of the oropharynx,pylorus,False,,False,esophagitis-b-d,False
test,test_000765,/home/arcturus/Desktop/old/thesis/rag-vqa-medical/Prototyping_reformat/DatasetAnalysis/HyperKvasir/0_dataset_prep/out/images/test/test_000765.jpg,13,pylorus,1015,1225,Question: What finding is shown? Answer: The white part of the upper right quadrant of the upper right quadrant of the upper right quad,question what finding is shown answer the white part of the upper right quadrant of the upper right quadrant of the upper right quad,pylorus,False,,False,esophagitis-a,False
test,test_000766,/home/arcturus/Desktop/old/thesis/rag-vqa-medical/Prototyping_reformat/DatasetAnalysis/HyperKvasir/0_dataset_prep/out/images/test/test_000766.jpg,13,pylorus,1012,1221,"Question: What finding is shown? Answer: The right side of the image shows the right side of the esophagus
",question what finding is shown answer the right side of the image shows the right side of the esophagus,pylorus,False,,False,esophagitis-b-d,False
test,test_000767,/home/arcturus/Desktop/old/thesis/rag-vqa-medical/Prototyping_reformat/DatasetAnalysis/HyperKvasir/0_dataset_prep/out/images/test/test_000767.jpg,13,pylorus,1012,1221,"Question: What finding is shown? Answer: The right side of the image shows the right side of the tongue, and the left side shows the",question what finding is shown answer the right side of the image shows the right side of the tongue and the left side shows the,pylorus,False,,False,esophagitis-a,False
test,test_000768,/home/arcturus/Desktop/old/thesis/rag-vqa-medical/Prototyping_reformat/DatasetAnalysis/HyperKvasir/0_dataset_prep/out/images/test/test_000768.jpg,13,pylorus,1012,1221,"Question: What finding is shown? Answer: The area of the liver is enlarged
",question what finding is shown answer the area of the liver is enlarged,pylorus,False,,False,ulcerative-colitis-grade-2,False
test,test_000769,/home/arcturus/Desktop/old/thesis/rag-vqa-medical/Prototyping_reformat/DatasetAnalysis/HyperKvasir/0_dataset_prep/out/images/test/test_000769.jpg,13,pylorus,1014,1225,"Question: What finding is shown? Answer: The white part of the esophagus is the stomach
",question what finding is shown answer the white part of the esophagus is the stomach,pylorus,False,,False,esophagitis-a,False
test,test_000770,/home/arcturus/Desktop/old/thesis/rag-vqa-medical/Prototyping_reformat/DatasetAnalysis/HyperKvasir/0_dataset_prep/out/images/test/test_000770.jpg,13,pylorus,1013,1221,"Question: What finding is shown? Answer: The white part of the esophagus is the stomach
",question what finding is shown answer the white part of the esophagus is the stomach,pylorus,False,,False,esophagitis-a,False
test,test_000771,/home/arcturus/Desktop/old/thesis/rag-vqa-medical/Prototyping_reformat/DatasetAnalysis/HyperKvasir/0_dataset_prep/out/images/test/test_000771.jpg,13,pylorus,1015,1225,"Question: What finding is shown? Answer: The image shows the upper part of the colon
",question what finding is shown answer the image shows the upper part of the colon,pylorus,False,,False,esophagitis-a,False
test,test_000772,/home/arcturus/Desktop/old/thesis/rag-vqa-medical/Prototyping_reformat/DatasetAnalysis/HyperKvasir/0_dataset_prep/out/images/test/test_000772.jpg,13,pylorus,1071,1349,"Question: What finding is shown? Answer:
",question what finding is shown answer,pylorus,False,,False,ulcerative-colitis-grade-2,False
test,test_000773,/home/arcturus/Desktop/old/thesis/rag-vqa-medical/Prototyping_reformat/DatasetAnalysis/HyperKvasir/0_dataset_prep/out/images/test/test_000773.jpg,14,retroflex-rectum,532,633,"Question: What finding is shown? Answer: The location of the lesion
",question what finding is shown answer the location of the lesion,retroflex-rectum,False,,False,esophagitis-b-d,False
test,test_000774,/home/arcturus/Desktop/old/thesis/rag-vqa-medical/Prototyping_reformat/DatasetAnalysis/HyperKvasir/0_dataset_prep/out/images/test/test_000774.jpg,14,retroflex-rectum,532,572,"Question: What finding is shown? Answer: The image shows the upper part of the esophagus
",question what finding is shown answer the image shows the upper part of the esophagus,retroflex-rectum,False,,False,esophagitis-a,False
test,test_000775,/home/arcturus/Desktop/old/thesis/rag-vqa-medical/Prototyping_reformat/DatasetAnalysis/HyperKvasir/0_dataset_prep/out/images/test/test_000775.jpg,14,retroflex-rectum,530,624,"Question: What finding is shown? Answer: The image shows the upper part of the esophagus
",question what finding is shown answer the image shows the upper part of the esophagus,retroflex-rectum,False,,False,esophagitis-b-d,False
test,test_000776,/home/arcturus/Desktop/old/thesis/rag-vqa-medical/Prototyping_reformat/DatasetAnalysis/HyperKvasir/0_dataset_prep/out/images/test/test_000776.jpg,14,retroflex-rectum,530,623,"Question: What finding is shown? Answer: The right side of the image shows the right side of the esophagus
",question what finding is shown answer the right side of the image shows the right side of the esophagus,retroflex-rectum,False,,False,esophagitis-b-d,False
test,test_000777,/home/arcturus/Desktop/old/thesis/rag-vqa-medical/Prototyping_reformat/DatasetAnalysis/HyperKvasir/0_dataset_prep/out/images/test/test_000777.jpg,14,retroflex-rectum,532,572,"Question: What finding is shown? Answer: The right side of the image shows the right side of the esophagus
",question what finding is shown answer the right side of the image shows the right side of the esophagus,retroflex-rectum,False,,False,ulcerative-colitis-grade-2,False
test,test_000778,/home/arcturus/Desktop/old/thesis/rag-vqa-medical/Prototyping_reformat/DatasetAnalysis/HyperKvasir/0_dataset_prep/out/images/test/test_000778.jpg,14,retroflex-rectum,529,623,"Question: What finding is shown? Answer: The image shows the location of the lesion in the esophagus
",question what finding is shown answer the image shows the location of the lesion in the esophagus,retroflex-rectum,False,,False,esophagitis-b-d,False
test,test_000779,/home/arcturus/Desktop/old/thesis/rag-vqa-medical/Prototyping_reformat/DatasetAnalysis/HyperKvasir/0_dataset_prep/out/images/test/test_000779.jpg,14,retroflex-rectum,532,633,"Question: What finding is shown? Answer: The image shows the location of the lesion
",question what finding is shown answer the image shows the location of the lesion,retroflex-rectum,False,,False,ulcerative-colitis-grade-2,False
test,test_000780,/home/arcturus/Desktop/old/thesis/rag-vqa-medical/Prototyping_reformat/DatasetAnalysis/HyperKvasir/0_dataset_prep/out/images/test/test_000780.jpg,14,retroflex-rectum,530,622,"Question: What finding is shown? Answer: The image shows the upper part of the esophagus
",question what finding is shown answer the image shows the upper part of the esophagus,retroflex-rectum,False,,False,esophagitis-a,False
test,test_000781,/home/arcturus/Desktop/old/thesis/rag-vqa-medical/Prototyping_reformat/DatasetAnalysis/HyperKvasir/0_dataset_prep/out/images/test/test_000781.jpg,14,retroflex-rectum,548,635,"Question: What finding is shown? Answer: The image shows the location of the lesion in the esophagus
",question what finding is shown answer the image shows the location of the lesion in the esophagus,retroflex-rectum,False,,False,esophagitis-b-d,False
test,test_000782,/home/arcturus/Desktop/old/thesis/rag-vqa-medical/Prototyping_reformat/DatasetAnalysis/HyperKvasir/0_dataset_prep/out/images/test/test_000782.jpg,14,retroflex-rectum,530,622,"Question: What finding is shown? Answer: The image shows the upper part of the esophagus
",question what finding is shown answer the image shows the upper part of the esophagus,retroflex-rectum,False,,False,esophagitis-a,False
test,test_000783,/home/arcturus/Desktop/old/thesis/rag-vqa-medical/Prototyping_reformat/DatasetAnalysis/HyperKvasir/0_dataset_prep/out/images/test/test_000783.jpg,14,retroflex-rectum,532,617,"Question: What finding is shown? Answer: The image shows the location of the lesion in the esophagus
",question what finding is shown answer the image shows the location of the lesion in the esophagus,retroflex-rectum,False,,False,esophagitis-a,False
test,test_000784,/home/arcturus/Desktop/old/thesis/rag-vqa-medical/Prototyping_reformat/DatasetAnalysis/HyperKvasir/0_dataset_prep/out/images/test/test_000784.jpg,14,retroflex-rectum,532,572,"Question: What finding is shown? Answer: The right side of the image shows the left side of the tongue
",question what finding is shown answer the right side of the image shows the left side of the tongue,retroflex-rectum,False,,False,esophagitis-b-d,False
test,test_000785,/home/arcturus/Desktop/old/thesis/rag-vqa-medical/Prototyping_reformat/DatasetAnalysis/HyperKvasir/0_dataset_prep/out/images/test/test_000785.jpg,14,retroflex-rectum,529,623,"Question: What finding is shown? Answer: The image shows the distal end of the colon
",question what finding is shown answer the image shows the distal end of the colon,retroflex-rectum,False,,False,esophagitis-b-d,False
test,test_000786,/home/arcturus/Desktop/old/thesis/rag-vqa-medical/Prototyping_reformat/DatasetAnalysis/HyperKvasir/0_dataset_prep/out/images/test/test_000786.jpg,14,retroflex-rectum,530,622,"Question: What finding is shown? Answer: The image shows the upper part of the esophagus
",question what finding is shown answer the image shows the upper part of the esophagus,retroflex-rectum,False,,False,esophagitis-b-d,False
test,test_000787,/home/arcturus/Desktop/old/thesis/rag-vqa-medical/Prototyping_reformat/DatasetAnalysis/HyperKvasir/0_dataset_prep/out/images/test/test_000787.jpg,14,retroflex-rectum,532,572,"Question: What finding is shown? Answer: The image shows the right side of the esophagus
",question what finding is shown answer the image shows the right side of the esophagus,retroflex-rectum,False,,False,esophagitis-b-d,False
test,test_000788,/home/arcturus/Desktop/old/thesis/rag-vqa-medical/Prototyping_reformat/DatasetAnalysis/HyperKvasir/0_dataset_prep/out/images/test/test_000788.jpg,14,retroflex-rectum,532,633,"Question: What finding is shown? Answer: The location of the lesion
",question what finding is shown answer the location of the lesion,retroflex-rectum,False,,False,esophagitis-b-d,False
test,test_000789,/home/arcturus/Desktop/old/thesis/rag-vqa-medical/Prototyping_reformat/DatasetAnalysis/HyperKvasir/0_dataset_prep/out/images/test/test_000789.jpg,14,retroflex-rectum,530,618,"Question: What finding is shown? Answer: The image shows the right side of the esophagus
",question what finding is shown answer the image shows the right side of the esophagus,retroflex-rectum,False,,False,esophagitis-b-d,False
test,test_000790,/home/arcturus/Desktop/old/thesis/rag-vqa-medical/Prototyping_reformat/DatasetAnalysis/HyperKvasir/0_dataset_prep/out/images/test/test_000790.jpg,14,retroflex-rectum,532,623,"Question: What finding is shown? Answer: The image shows the right side of the esophagus
",question what finding is shown answer the image shows the right side of the esophagus,retroflex-rectum,False,,False,esophagitis-a,False
test,test_000791,/home/arcturus/Desktop/old/thesis/rag-vqa-medical/Prototyping_reformat/DatasetAnalysis/HyperKvasir/0_dataset_prep/out/images/test/test_000791.jpg,14,retroflex-rectum,531,633,"Question: What finding is shown? Answer: The image shows the location of the lesion
",question what finding is shown answer the image shows the location of the lesion,retroflex-rectum,False,,False,ulcerative-colitis-grade-2,False
test,test_000792,/home/arcturus/Desktop/old/thesis/rag-vqa-medical/Prototyping_reformat/DatasetAnalysis/HyperKvasir/0_dataset_prep/out/images/test/test_000792.jpg,14,retroflex-rectum,530,624,"Question: What finding is shown? Answer: The image shows the right side of the esophagus
",question what finding is shown answer the image shows the right side of the esophagus,retroflex-rectum,False,,False,esophagitis-b-d,False
test,test_000793,/home/arcturus/Desktop/old/thesis/rag-vqa-medical/Prototyping_reformat/DatasetAnalysis/HyperKvasir/0_dataset_prep/out/images/test/test_000793.jpg,14,retroflex-rectum,529,592,"Question: What finding is shown? Answer: The image shows the location of the lesion in the esophagus
",question what finding is shown answer the image shows the location of the lesion in the esophagus,retroflex-rectum,False,,False,esophagitis-b-d,False
test,test_000794,/home/arcturus/Desktop/old/thesis/rag-vqa-medical/Prototyping_reformat/DatasetAnalysis/HyperKvasir/0_dataset_prep/out/images/test/test_000794.jpg,14,retroflex-rectum,531,633,"Question: What finding is shown? Answer: The image shows the location of the lesion in the esophagus
",question what finding is shown answer the image shows the location of the lesion in the esophagus,retroflex-rectum,False,,False,esophagitis-b-d,False
test,test_000795,/home/arcturus/Desktop/old/thesis/rag-vqa-medical/Prototyping_reformat/DatasetAnalysis/HyperKvasir/0_dataset_prep/out/images/test/test_000795.jpg,14,retroflex-rectum,531,572,"Question: What finding is shown? Answer: The right side of the image shows the right side of the esophagus
",question what finding is shown answer the right side of the image shows the right side of the esophagus,retroflex-rectum,False,,False,esophagitis-b-d,False
test,test_000796,/home/arcturus/Desktop/old/thesis/rag-vqa-medical/Prototyping_reformat/DatasetAnalysis/HyperKvasir/0_dataset_prep/out/images/test/test_000796.jpg,14,retroflex-rectum,530,624,"Question: What finding is shown? Answer: The image shows the upper part of the esophagus
",question what finding is shown answer the image shows the upper part of the esophagus,retroflex-rectum,False,,False,ulcerative-colitis-grade-2,False
test,test_000797,/home/arcturus/Desktop/old/thesis/rag-vqa-medical/Prototyping_reformat/DatasetAnalysis/HyperKvasir/0_dataset_prep/out/images/test/test_000797.jpg,14,retroflex-rectum,530,620,"Question: What finding is shown? Answer: The image shows the location of the lesion
",question what finding is shown answer the image shows the location of the lesion,retroflex-rectum,False,,False,esophagitis-a,False
test,test_000798,/home/arcturus/Desktop/old/thesis/rag-vqa-medical/Prototyping_reformat/DatasetAnalysis/HyperKvasir/0_dataset_prep/out/images/test/test_000798.jpg,14,retroflex-rectum,530,622,"Question: What finding is shown? Answer:
",question what finding is shown answer,retroflex-rectum,False,,False,esophagitis-b-d,False
test,test_000799,/home/arcturus/Desktop/old/thesis/rag-vqa-medical/Prototyping_reformat/DatasetAnalysis/HyperKvasir/0_dataset_prep/out/images/test/test_000799.jpg,14,retroflex-rectum,532,572,"Question: What finding is shown? Answer: The image shows the upper part of the stomach
",question what finding is shown answer the image shows the upper part of the stomach,retroflex-rectum,False,,False,esophagitis-b-d,False
test,test_000800,/home/arcturus/Desktop/old/thesis/rag-vqa-medical/Prototyping_reformat/DatasetAnalysis/HyperKvasir/0_dataset_prep/out/images/test/test_000800.jpg,14,retroflex-rectum,532,630,"Question: What finding is shown? Answer: The image shows the location of the lesion
",question what finding is shown answer the image shows the location of the lesion,retroflex-rectum,False,,False,esophagitis-b-d,False
test,test_000801,/home/arcturus/Desktop/old/thesis/rag-vqa-medical/Prototyping_reformat/DatasetAnalysis/HyperKvasir/0_dataset_prep/out/images/test/test_000801.jpg,14,retroflex-rectum,530,624,"Question: What finding is shown? Answer: The image shows the right side of the esophagus
",question what finding is shown answer the image shows the right side of the esophagus,retroflex-rectum,False,,False,dyed-lifted-polyps,False
test,test_000802,/home/arcturus/Desktop/old/thesis/rag-vqa-medical/Prototyping_reformat/DatasetAnalysis/HyperKvasir/0_dataset_prep/out/images/test/test_000802.jpg,14,retroflex-rectum,530,624,"Question: What finding is shown? Answer: The image shows the upper part of the esophagus
",question what finding is shown answer the image shows the upper part of the esophagus,retroflex-rectum,False,,False,esophagitis-b-d,False
test,test_000803,/home/arcturus/Desktop/old/thesis/rag-vqa-medical/Prototyping_reformat/DatasetAnalysis/HyperKvasir/0_dataset_prep/out/images/test/test_000803.jpg,14,retroflex-rectum,532,623,"Question: What finding is shown? Answer: The location of the lesion
",question what finding is shown answer the location of the lesion,retroflex-rectum,False,,False,esophagitis-a,False
test,test_000804,/home/arcturus/Desktop/old/thesis/rag-vqa-medical/Prototyping_reformat/DatasetAnalysis/HyperKvasir/0_dataset_prep/out/images/test/test_000804.jpg,14,retroflex-rectum,530,624,"Question: What finding is shown? Answer: The left side of the image shows the left side of the esophagus, and the right side",question what finding is shown answer the left side of the image shows the left side of the esophagus and the right side,retroflex-rectum,False,,False,esophagitis-b-d,False
test,test_000805,/home/arcturus/Desktop/old/thesis/rag-vqa-medical/Prototyping_reformat/DatasetAnalysis/HyperKvasir/0_dataset_prep/out/images/test/test_000805.jpg,14,retroflex-rectum,532,633,"Question: What finding is shown? Answer: The image shows the location of the esophageal sphincter
",question what finding is shown answer the image shows the location of the esophageal sphincter,retroflex-rectum,False,,False,esophagitis-b-d,False
test,test_000806,/home/arcturus/Desktop/old/thesis/rag-vqa-medical/Prototyping_reformat/DatasetAnalysis/HyperKvasir/0_dataset_prep/out/images/test/test_000806.jpg,14,retroflex-rectum,530,623,"Question: What finding is shown? Answer: The image shows the upper part of the stomach
",question what finding is shown answer the image shows the upper part of the stomach,retroflex-rectum,False,,False,ulcerative-colitis-grade-2,False
test,test_000807,/home/arcturus/Desktop/old/thesis/rag-vqa-medical/Prototyping_reformat/DatasetAnalysis/HyperKvasir/0_dataset_prep/out/images/test/test_000807.jpg,14,retroflex-rectum,548,635,"Question: What finding is shown? Answer: The location of the lesion is shown on the left side of the image
",question what finding is shown answer the location of the lesion is shown on the left side of the image,retroflex-rectum,False,,False,esophagitis-b-d,False
test,test_000808,/home/arcturus/Desktop/old/thesis/rag-vqa-medical/Prototyping_reformat/DatasetAnalysis/HyperKvasir/0_dataset_prep/out/images/test/test_000808.jpg,14,retroflex-rectum,530,623,"Question: What finding is shown? Answer:
",question what finding is shown answer,retroflex-rectum,False,,False,ulcerative-colitis-grade-2,False
test,test_000809,/home/arcturus/Desktop/old/thesis/rag-vqa-medical/Prototyping_reformat/DatasetAnalysis/HyperKvasir/0_dataset_prep/out/images/test/test_000809.jpg,14,retroflex-rectum,522,571,"Question: What finding is shown? Answer: The left side of the image shows the left side of the tongue, and the right side shows the",question what finding is shown answer the left side of the image shows the left side of the tongue and the right side shows the,retroflex-rectum,False,,False,esophagitis-b-d,False
test,test_000810,/home/arcturus/Desktop/old/thesis/rag-vqa-medical/Prototyping_reformat/DatasetAnalysis/HyperKvasir/0_dataset_prep/out/images/test/test_000810.jpg,14,retroflex-rectum,548,635,"Question: What finding is shown? Answer: The image shows the location of the lesion
",question what finding is shown answer the image shows the location of the lesion,retroflex-rectum,False,,False,esophagitis-b-d,False
test,test_000811,/home/arcturus/Desktop/old/thesis/rag-vqa-medical/Prototyping_reformat/DatasetAnalysis/HyperKvasir/0_dataset_prep/out/images/test/test_000811.jpg,14,retroflex-rectum,524,629,"Question: What finding is shown? Answer: The image shows the location of the lesion in the liver
",question what finding is shown answer the image shows the location of the lesion in the liver,retroflex-rectum,False,,False,esophagitis-b-d,False
test,test_000812,/home/arcturus/Desktop/old/thesis/rag-vqa-medical/Prototyping_reformat/DatasetAnalysis/HyperKvasir/0_dataset_prep/out/images/test/test_000812.jpg,15,retroflex-stomach,1012,1225,"Question: What finding is shown? Answer: The white area is the esophagus
",question what finding is shown answer the white area is the esophagus,retroflex-stomach,False,,False,esophagitis-a,False
test,test_000813,/home/arcturus/Desktop/old/thesis/rag-vqa-medical/Prototyping_reformat/DatasetAnalysis/HyperKvasir/0_dataset_prep/out/images/test/test_000813.jpg,15,retroflex-stomach,1014,1225,"Question: What finding is shown? Answer: The image shows the upper part of the stomach
",question what finding is shown answer the image shows the upper part of the stomach,retroflex-stomach,False,,False,esophagitis-a,False
test,test_000814,/home/arcturus/Desktop/old/thesis/rag-vqa-medical/Prototyping_reformat/DatasetAnalysis/HyperKvasir/0_dataset_prep/out/images/test/test_000814.jpg,15,retroflex-stomach,1012,1221,"Question: What finding is shown? Answer: The colon
",question what finding is shown answer the colon,retroflex-stomach,False,,False,esophagitis-b-d,False
test,test_000815,/home/arcturus/Desktop/old/thesis/rag-vqa-medical/Prototyping_reformat/DatasetAnalysis/HyperKvasir/0_dataset_prep/out/images/test/test_000815.jpg,15,retroflex-stomach,1013,1225,"Question: What finding is shown? Answer: A small, round, black spot
",question what finding is shown answer a small round black spot,retroflex-stomach,False,,False,esophagitis-a,False
test,test_000816,/home/arcturus/Desktop/old/thesis/rag-vqa-medical/Prototyping_reformat/DatasetAnalysis/HyperKvasir/0_dataset_prep/out/images/test/test_000816.jpg,15,retroflex-stomach,1071,1349,"Question: What finding is shown? Answer: The colon is shown in the upper right quadrant of the image
",question what finding is shown answer the colon is shown in the upper right quadrant of the image,retroflex-stomach,False,,False,esophagitis-b-d,False
test,test_000817,/home/arcturus/Desktop/old/thesis/rag-vqa-medical/Prototyping_reformat/DatasetAnalysis/HyperKvasir/0_dataset_prep/out/images/test/test_000817.jpg,15,retroflex-stomach,1012,1221,"Question: What finding is shown? Answer: The colon
",question what finding is shown answer the colon,retroflex-stomach,False,,False,esophagitis-a,False
test,test_000818,/home/arcturus/Desktop/old/thesis/rag-vqa-medical/Prototyping_reformat/DatasetAnalysis/HyperKvasir/0_dataset_prep/out/images/test/test_000818.jpg,15,retroflex-stomach,1071,1349,"Question: What finding is shown? Answer: The image shows the upper part of the esophagus
",question what finding is shown answer the image shows the upper part of the esophagus,retroflex-stomach,False,,False,esophagitis-a,False
test,test_000819,/home/arcturus/Desktop/old/thesis/rag-vqa-medical/Prototyping_reformat/DatasetAnalysis/HyperKvasir/0_dataset_prep/out/images/test/test_000819.jpg,15,retroflex-stomach,1071,1349,"Question: What finding is shown? Answer: The image shows the upper part of the esophagus
",question what finding is shown answer the image shows the upper part of the esophagus,retroflex-stomach,False,,False,esophagitis-a,False
test,test_000820,/home/arcturus/Desktop/old/thesis/rag-vqa-medical/Prototyping_reformat/DatasetAnalysis/HyperKvasir/0_dataset_prep/out/images/test/test_000820.jpg,15,retroflex-stomach,1010,1221,"Question: What finding is shown? Answer: The colon
",question what finding is shown answer the colon,retroflex-stomach,False,,False,dyed-lifted-polyps,False
test,test_000821,/home/arcturus/Desktop/old/thesis/rag-vqa-medical/Prototyping_reformat/DatasetAnalysis/HyperKvasir/0_dataset_prep/out/images/test/test_000821.jpg,15,retroflex-stomach,1013,1225,"Question: What finding is shown? Answer: The right side of the image shows the right side of the esophagus
",question what finding is shown answer the right side of the image shows the right side of the esophagus,retroflex-stomach,False,,False,esophagitis-b-d,False
test,test_000822,/home/arcturus/Desktop/old/thesis/rag-vqa-medical/Prototyping_reformat/DatasetAnalysis/HyperKvasir/0_dataset_prep/out/images/test/test_000822.jpg,15,retroflex-stomach,1012,1221,"Question: What finding is shown? Answer: The right side of the image shows the right side of the tongue
",question what finding is shown answer the right side of the image shows the right side of the tongue,retroflex-stomach,False,,False,esophagitis-b-d,False
test,test_000823,/home/arcturus/Desktop/old/thesis/rag-vqa-medical/Prototyping_reformat/DatasetAnalysis/HyperKvasir/0_dataset_prep/out/images/test/test_000823.jpg,15,retroflex-stomach,1012,1221,"Question: What finding is shown? Answer: The white part of the esophagus is the stomach
",question what finding is shown answer the white part of the esophagus is the stomach,retroflex-stomach,False,,False,esophagitis-b-d,False
test,test_000824,/home/arcturus/Desktop/old/thesis/rag-vqa-medical/Prototyping_reformat/DatasetAnalysis/HyperKvasir/0_dataset_prep/out/images/test/test_000824.jpg,15,retroflex-stomach,524,613,"Question: What finding is shown? Answer: The image shows the upper part of the esophagus
",question what finding is shown answer the image shows the upper part of the esophagus,retroflex-stomach,False,,False,esophagitis-a,False
test,test_000825,/home/arcturus/Desktop/old/thesis/rag-vqa-medical/Prototyping_reformat/DatasetAnalysis/HyperKvasir/0_dataset_prep/out/images/test/test_000825.jpg,15,retroflex-stomach,1013,1225,"Question: What finding is shown? Answer: The image shows the distal end of the colon
",question what finding is shown answer the image shows the distal end of the colon,retroflex-stomach,False,,False,dyed-lifted-polyps,False
test,test_000826,/home/arcturus/Desktop/old/thesis/rag-vqa-medical/Prototyping_reformat/DatasetAnalysis/HyperKvasir/0_dataset_prep/out/images/test/test_000826.jpg,15,retroflex-stomach,1023,1279,"Question: What finding is shown? Answer: The colon is empty
",question what finding is shown answer the colon is empty,retroflex-stomach,False,,False,dyed-lifted-polyps,False
test,test_000827,/home/arcturus/Desktop/old/thesis/rag-vqa-medical/Prototyping_reformat/DatasetAnalysis/HyperKvasir/0_dataset_prep/out/images/test/test_000827.jpg,15,retroflex-stomach,1015,1225,"Question: What finding is shown? Answer: The image shows the upper part of the esophagus
",question what finding is shown answer the image shows the upper part of the esophagus,retroflex-stomach,False,,False,esophagitis-a,False
test,test_000828,/home/arcturus/Desktop/old/thesis/rag-vqa-medical/Prototyping_reformat/DatasetAnalysis/HyperKvasir/0_dataset_prep/out/images/test/test_000828.jpg,15,retroflex-stomach,1012,1221,"Question: What finding is shown? Answer: The right side of the image shows the left side of the tongue
",question what finding is shown answer the right side of the image shows the left side of the tongue,retroflex-stomach,False,,False,dyed-lifted-polyps,False
test,test_000829,/home/arcturus/Desktop/old/thesis/rag-vqa-medical/Prototyping_reformat/DatasetAnalysis/HyperKvasir/0_dataset_prep/out/images/test/test_000829.jpg,15,retroflex-stomach,1013,1225,"Question: What finding is shown? Answer: The right side of the image shows the left side of the patient's abdomen
",question what finding is shown answer the right side of the image shows the left side of the patients abdomen,retroflex-stomach,False,,False,esophagitis-b-d,False
test,test_000830,/home/arcturus/Desktop/old/thesis/rag-vqa-medical/Prototyping_reformat/DatasetAnalysis/HyperKvasir/0_dataset_prep/out/images/test/test_000830.jpg,15,retroflex-stomach,1009,1221,"Question: What finding is shown? Answer: The image shows the area of the esophagus
",question what finding is shown answer the image shows the area of the esophagus,retroflex-stomach,False,,False,dyed-lifted-polyps,False
test,test_000831,/home/arcturus/Desktop/old/thesis/rag-vqa-medical/Prototyping_reformat/DatasetAnalysis/HyperKvasir/0_dataset_prep/out/images/test/test_000831.jpg,15,retroflex-stomach,1012,1221,"Question: What finding is shown? Answer: The right side of the image shows the right side of the esophagus
",question what finding is shown answer the right side of the image shows the right side of the esophagus,retroflex-stomach,False,,False,esophagitis-b-d,False
test,test_000832,/home/arcturus/Desktop/old/thesis/rag-vqa-medical/Prototyping_reformat/DatasetAnalysis/HyperKvasir/0_dataset_prep/out/images/test/test_000832.jpg,15,retroflex-stomach,1012,1221,"Question: What finding is shown? Answer: The image shows the right side of the esophagus
",question what finding is shown answer the image shows the right side of the esophagus,retroflex-stomach,False,,False,esophagitis-a,False
test,test_000833,/home/arcturus/Desktop/old/thesis/rag-vqa-medical/Prototyping_reformat/DatasetAnalysis/HyperKvasir/0_dataset_prep/out/images/test/test_000833.jpg,15,retroflex-stomach,1012,1221,"Question: What finding is shown? Answer: The white spot in the upper right quadrant of the image is the esophagus
",question what finding is shown answer the white spot in the upper right quadrant of the image is the esophagus,retroflex-stomach,False,,False,esophagitis-a,False
test,test_000834,/home/arcturus/Desktop/old/thesis/rag-vqa-medical/Prototyping_reformat/DatasetAnalysis/HyperKvasir/0_dataset_prep/out/images/test/test_000834.jpg,15,retroflex-stomach,1012,1221,"Question: What finding is shown? Answer: The colon is empty
",question what finding is shown answer the colon is empty,retroflex-stomach,False,,False,esophagitis-a,False
test,test_000835,/home/arcturus/Desktop/old/thesis/rag-vqa-medical/Prototyping_reformat/DatasetAnalysis/HyperKvasir/0_dataset_prep/out/images/test/test_000835.jpg,15,retroflex-stomach,1071,1349,"Question: What finding is shown? Answer: The image shows the upper part of the esophagus
",question what finding is shown answer the image shows the upper part of the esophagus,retroflex-stomach,False,,False,esophagitis-a,False
test,test_000836,/home/arcturus/Desktop/old/thesis/rag-vqa-medical/Prototyping_reformat/DatasetAnalysis/HyperKvasir/0_dataset_prep/out/images/test/test_000836.jpg,15,retroflex-stomach,1019,1220,"Question: What finding is shown? Answer: The colon
",question what finding is shown answer the colon,retroflex-stomach,False,,False,esophagitis-b-d,False
test,test_000837,/home/arcturus/Desktop/old/thesis/rag-vqa-medical/Prototyping_reformat/DatasetAnalysis/HyperKvasir/0_dataset_prep/out/images/test/test_000837.jpg,15,retroflex-stomach,523,613,"Question: What finding is shown? Answer: The image shows the upper part of the stomach
",question what finding is shown answer the image shows the upper part of the stomach,retroflex-stomach,False,,False,esophagitis-a,False
test,test_000838,/home/arcturus/Desktop/old/thesis/rag-vqa-medical/Prototyping_reformat/DatasetAnalysis/HyperKvasir/0_dataset_prep/out/images/test/test_000838.jpg,15,retroflex-stomach,1011,1221,"Question: What finding is shown? Answer: The image shows the right side of the esophagus
",question what finding is shown answer the image shows the right side of the esophagus,retroflex-stomach,False,,False,esophagitis-b-d,False
test,test_000839,/home/arcturus/Desktop/old/thesis/rag-vqa-medical/Prototyping_reformat/DatasetAnalysis/HyperKvasir/0_dataset_prep/out/images/test/test_000839.jpg,15,retroflex-stomach,1012,1221,"Question: What finding is shown? Answer: The right side of the image shows the right side of the esophagus
",question what finding is shown answer the right side of the image shows the right side of the esophagus,retroflex-stomach,False,,False,esophagitis-b-d,False
test,test_000840,/home/arcturus/Desktop/old/thesis/rag-vqa-medical/Prototyping_reformat/DatasetAnalysis/HyperKvasir/0_dataset_prep/out/images/test/test_000840.jpg,15,retroflex-stomach,1071,1349,"Question: What finding is shown? Answer: The right side of the image shows the left side of the esophagus
",question what finding is shown answer the right side of the image shows the left side of the esophagus,retroflex-stomach,False,,False,esophagitis-b-d,False
test,test_000841,/home/arcturus/Desktop/old/thesis/rag-vqa-medical/Prototyping_reformat/DatasetAnalysis/HyperKvasir/0_dataset_prep/out/images/test/test_000841.jpg,15,retroflex-stomach,1011,1221,"Question: What finding is shown? Answer: The image shows the upper part of the esophagus
",question what finding is shown answer the image shows the upper part of the esophagus,retroflex-stomach,False,,False,esophagitis-b-d,False
test,test_000842,/home/arcturus/Desktop/old/thesis/rag-vqa-medical/Prototyping_reformat/DatasetAnalysis/HyperKvasir/0_dataset_prep/out/images/test/test_000842.jpg,15,retroflex-stomach,524,612,"Question: What finding is shown? Answer: The colon is shown in the colonoscope
",question what finding is shown answer the colon is shown in the colonoscope,retroflex-stomach,False,,False,esophagitis-b-d,False
test,test_000843,/home/arcturus/Desktop/old/thesis/rag-vqa-medical/Prototyping_reformat/DatasetAnalysis/HyperKvasir/0_dataset_prep/out/images/test/test_000843.jpg,15,retroflex-stomach,1012,1221,"Question: What finding is shown? Answer: The left side of the image shows the left side of the esophagus
",question what finding is shown answer the left side of the image shows the left side of the esophagus,retroflex-stomach,False,,False,dyed-lifted-polyps,False
test,test_000844,/home/arcturus/Desktop/old/thesis/rag-vqa-medical/Prototyping_reformat/DatasetAnalysis/HyperKvasir/0_dataset_prep/out/images/test/test_000844.jpg,15,retroflex-stomach,1011,1221,"Question: What finding is shown? Answer: The white part of the tongue is the tongue
",question what finding is shown answer the white part of the tongue is the tongue,retroflex-stomach,False,,False,esophagitis-a,False
test,test_000845,/home/arcturus/Desktop/old/thesis/rag-vqa-medical/Prototyping_reformat/DatasetAnalysis/HyperKvasir/0_dataset_prep/out/images/test/test_000845.jpg,15,retroflex-stomach,1011,1221,"Question: What finding is shown? Answer: The image shows the right side of the esophagus
",question what finding is shown answer the image shows the right side of the esophagus,retroflex-stomach,False,,False,esophagitis-a,False
test,test_000846,/home/arcturus/Desktop/old/thesis/rag-vqa-medical/Prototyping_reformat/DatasetAnalysis/HyperKvasir/0_dataset_prep/out/images/test/test_000846.jpg,15,retroflex-stomach,1071,1349,"Question: What finding is shown? Answer: The image shows the upper part of the stomach
",question what finding is shown answer the image shows the upper part of the stomach,retroflex-stomach,False,,False,dyed-lifted-polyps,False
test,test_000847,/home/arcturus/Desktop/old/thesis/rag-vqa-medical/Prototyping_reformat/DatasetAnalysis/HyperKvasir/0_dataset_prep/out/images/test/test_000847.jpg,15,retroflex-stomach,1071,1349,"Question: What finding is shown? Answer: The colon is empty
",question what finding is shown answer the colon is empty,retroflex-stomach,False,,False,esophagitis-a,False
test,test_000848,/home/arcturus/Desktop/old/thesis/rag-vqa-medical/Prototyping_reformat/DatasetAnalysis/HyperKvasir/0_dataset_prep/out/images/test/test_000848.jpg,15,retroflex-stomach,1071,1349,"Question: What finding is shown? Answer: The colon is empty
",question what finding is shown answer the colon is empty,retroflex-stomach,False,,False,esophagitis-a,False
test,test_000849,/home/arcturus/Desktop/old/thesis/rag-vqa-medical/Prototyping_reformat/DatasetAnalysis/HyperKvasir/0_dataset_prep/out/images/test/test_000849.jpg,15,retroflex-stomach,1013,1221,"Question: What finding is shown? Answer: The colon is shown in this image
",question what finding is shown answer the colon is shown in this image,retroflex-stomach,False,,False,esophagitis-a,False
test,test_000850,/home/arcturus/Desktop/old/thesis/rag-vqa-medical/Prototyping_reformat/DatasetAnalysis/HyperKvasir/0_dataset_prep/out/images/test/test_000850.jpg,15,retroflex-stomach,1012,1221,"Question: What finding is shown? Answer: The colon is empty
",question what finding is shown answer the colon is empty,retroflex-stomach,False,,False,esophagitis-a,False
test,test_000851,/home/arcturus/Desktop/old/thesis/rag-vqa-medical/Prototyping_reformat/DatasetAnalysis/HyperKvasir/0_dataset_prep/out/images/test/test_000851.jpg,15,retroflex-stomach,1012,1221,"Question: What finding is shown? Answer: The image shows the upper part of the colon
",question what finding is shown answer the image shows the upper part of the colon,retroflex-stomach,False,,False,esophagitis-b-d,False
test,test_000852,/home/arcturus/Desktop/old/thesis/rag-vqa-medical/Prototyping_reformat/DatasetAnalysis/HyperKvasir/0_dataset_prep/out/images/test/test_000852.jpg,15,retroflex-stomach,1013,1225,"Question: What finding is shown? Answer: The image shows the upper part of the stomach
",question what finding is shown answer the image shows the upper part of the stomach,retroflex-stomach,False,,False,esophagitis-a,False
test,test_000853,/home/arcturus/Desktop/old/thesis/rag-vqa-medical/Prototyping_reformat/DatasetAnalysis/HyperKvasir/0_dataset_prep/out/images/test/test_000853.jpg,15,retroflex-stomach,1071,1349,"Question: What finding is shown? Answer: The image shows the upper part of the esophagus
",question what finding is shown answer the image shows the upper part of the esophagus,retroflex-stomach,False,,False,ileum,False
test,test_000854,/home/arcturus/Desktop/old/thesis/rag-vqa-medical/Prototyping_reformat/DatasetAnalysis/HyperKvasir/0_dataset_prep/out/images/test/test_000854.jpg,15,retroflex-stomach,1071,1349,"Question: What finding is shown? Answer: The colon is empty
",question what finding is shown answer the colon is empty,retroflex-stomach,False,,False,esophagitis-a,False
test,test_000855,/home/arcturus/Desktop/old/thesis/rag-vqa-medical/Prototyping_reformat/DatasetAnalysis/HyperKvasir/0_dataset_prep/out/images/test/test_000855.jpg,15,retroflex-stomach,524,613,"Question: What finding is shown? Answer: The colon is empty
",question what finding is shown answer the colon is empty,retroflex-stomach,False,,False,esophagitis-a,False
test,test_000856,/home/arcturus/Desktop/old/thesis/rag-vqa-medical/Prototyping_reformat/DatasetAnalysis/HyperKvasir/0_dataset_prep/out/images/test/test_000856.jpg,15,retroflex-stomach,1013,1221,Question: What finding is shown? Answer: The white spot is the area of the esophagus where the esophageal sphinct,question what finding is shown answer the white spot is the area of the esophagus where the esophageal sphinct,retroflex-stomach,False,,False,esophagitis-a,False
test,test_000857,/home/arcturus/Desktop/old/thesis/rag-vqa-medical/Prototyping_reformat/DatasetAnalysis/HyperKvasir/0_dataset_prep/out/images/test/test_000857.jpg,15,retroflex-stomach,1011,1221,"Question: What finding is shown? Answer: The image shows the upper part of the esophagus
",question what finding is shown answer the image shows the upper part of the esophagus,retroflex-stomach,False,,False,esophagitis-b-d,False
test,test_000858,/home/arcturus/Desktop/old/thesis/rag-vqa-medical/Prototyping_reformat/DatasetAnalysis/HyperKvasir/0_dataset_prep/out/images/test/test_000858.jpg,15,retroflex-stomach,1012,1221,"Question: What finding is shown? Answer: The right side of the image shows the left side of the esophagus
",question what finding is shown answer the right side of the image shows the left side of the esophagus,retroflex-stomach,False,,False,esophagitis-b-d,False
test,test_000859,/home/arcturus/Desktop/old/thesis/rag-vqa-medical/Prototyping_reformat/DatasetAnalysis/HyperKvasir/0_dataset_prep/out/images/test/test_000859.jpg,15,retroflex-stomach,1071,1349,"Question: What finding is shown? Answer: The colon is empty
",question what finding is shown answer the colon is empty,retroflex-stomach,False,,False,esophagitis-a,False
test,test_000860,/home/arcturus/Desktop/old/thesis/rag-vqa-medical/Prototyping_reformat/DatasetAnalysis/HyperKvasir/0_dataset_prep/out/images/test/test_000860.jpg,15,retroflex-stomach,1013,1225,"Question: What finding is shown? Answer: Intestinal perforation
",question what finding is shown answer intestinal perforation,retroflex-stomach,False,,False,esophagitis-a,False
test,test_000861,/home/arcturus/Desktop/old/thesis/rag-vqa-medical/Prototyping_reformat/DatasetAnalysis/HyperKvasir/0_dataset_prep/out/images/test/test_000861.jpg,15,retroflex-stomach,1014,1225,"Question: What finding is shown? Answer: The white spot is the mucosa of the urethra
",question what finding is shown answer the white spot is the mucosa of the urethra,retroflex-stomach,False,,False,esophagitis-a,False
test,test_000862,/home/arcturus/Desktop/old/thesis/rag-vqa-medical/Prototyping_reformat/DatasetAnalysis/HyperKvasir/0_dataset_prep/out/images/test/test_000862.jpg,15,retroflex-stomach,1015,1225,"Question: What finding is shown? Answer: The image shows the upper part of the stomach
",question what finding is shown answer the image shows the upper part of the stomach,retroflex-stomach,False,,False,esophagitis-a,False
test,test_000863,/home/arcturus/Desktop/old/thesis/rag-vqa-medical/Prototyping_reformat/DatasetAnalysis/HyperKvasir/0_dataset_prep/out/images/test/test_000863.jpg,15,retroflex-stomach,1071,1349,"Question: What finding is shown? Answer: The image shows the upper part of the esophagus
",question what finding is shown answer the image shows the upper part of the esophagus,retroflex-stomach,False,,False,esophagitis-a,False
test,test_000864,/home/arcturus/Desktop/old/thesis/rag-vqa-medical/Prototyping_reformat/DatasetAnalysis/HyperKvasir/0_dataset_prep/out/images/test/test_000864.jpg,15,retroflex-stomach,1010,1221,"Question: What finding is shown? Answer: The image shows the upper part of the esophagus
",question what finding is shown answer the image shows the upper part of the esophagus,retroflex-stomach,False,,False,esophagitis-b-d,False
test,test_000865,/home/arcturus/Desktop/old/thesis/rag-vqa-medical/Prototyping_reformat/DatasetAnalysis/HyperKvasir/0_dataset_prep/out/images/test/test_000865.jpg,15,retroflex-stomach,1011,1221,"Question: What finding is shown? Answer: The image shows the upper part of the esophagus
",question what finding is shown answer the image shows the upper part of the esophagus,retroflex-stomach,False,,False,esophagitis-a,False
test,test_000866,/home/arcturus/Desktop/old/thesis/rag-vqa-medical/Prototyping_reformat/DatasetAnalysis/HyperKvasir/0_dataset_prep/out/images/test/test_000866.jpg,15,retroflex-stomach,1013,1225,"Question: What finding is shown? Answer: The colon
",question what finding is shown answer the colon,retroflex-stomach,False,,False,esophagitis-a,False
test,test_000867,/home/arcturus/Desktop/old/thesis/rag-vqa-medical/Prototyping_reformat/DatasetAnalysis/HyperKvasir/0_dataset_prep/out/images/test/test_000867.jpg,15,retroflex-stomach,1011,1221,"Question: What finding is shown? Answer: The image shows the upper part of the esophagus
",question what finding is shown answer the image shows the upper part of the esophagus,retroflex-stomach,False,,False,esophagitis-a,False
test,test_000868,/home/arcturus/Desktop/old/thesis/rag-vqa-medical/Prototyping_reformat/DatasetAnalysis/HyperKvasir/0_dataset_prep/out/images/test/test_000868.jpg,15,retroflex-stomach,1012,1221,"Question: What finding is shown? Answer: The image shows the upper part of the stomach
",question what finding is shown answer the image shows the upper part of the stomach,retroflex-stomach,False,,False,esophagitis-a,False
test,test_000869,/home/arcturus/Desktop/old/thesis/rag-vqa-medical/Prototyping_reformat/DatasetAnalysis/HyperKvasir/0_dataset_prep/out/images/test/test_000869.jpg,15,retroflex-stomach,1071,1349,"Question: What finding is shown? Answer: The colon is shown in the image
",question what finding is shown answer the colon is shown in the image,retroflex-stomach,False,,False,esophagitis-a,False
test,test_000870,/home/arcturus/Desktop/old/thesis/rag-vqa-medical/Prototyping_reformat/DatasetAnalysis/HyperKvasir/0_dataset_prep/out/images/test/test_000870.jpg,15,retroflex-stomach,1012,1221,"Question: What finding is shown? Answer: The colon is shown in the image
",question what finding is shown answer the colon is shown in the image,retroflex-stomach,False,,False,dyed-lifted-polyps,False
test,test_000871,/home/arcturus/Desktop/old/thesis/rag-vqa-medical/Prototyping_reformat/DatasetAnalysis/HyperKvasir/0_dataset_prep/out/images/test/test_000871.jpg,15,retroflex-stomach,1071,1349,"Question: What finding is shown? Answer: The right side of the image shows the right side of the esophagus
",question what finding is shown answer the right side of the image shows the right side of the esophagus,retroflex-stomach,False,,False,esophagitis-a,False
test,test_000872,/home/arcturus/Desktop/old/thesis/rag-vqa-medical/Prototyping_reformat/DatasetAnalysis/HyperKvasir/0_dataset_prep/out/images/test/test_000872.jpg,15,retroflex-stomach,1023,1279,"Question: What finding is shown? Answer: The left side of the image shows the left side of the esophagus
",question what finding is shown answer the left side of the image shows the left side of the esophagus,retroflex-stomach,False,,False,esophagitis-a,False
test,test_000873,/home/arcturus/Desktop/old/thesis/rag-vqa-medical/Prototyping_reformat/DatasetAnalysis/HyperKvasir/0_dataset_prep/out/images/test/test_000873.jpg,15,retroflex-stomach,1071,1349,"Question: What finding is shown? Answer: The colon is shown with a colonoscope
",question what finding is shown answer the colon is shown with a colonoscope,retroflex-stomach,False,,False,esophagitis-a,False
test,test_000874,/home/arcturus/Desktop/old/thesis/rag-vqa-medical/Prototyping_reformat/DatasetAnalysis/HyperKvasir/0_dataset_prep/out/images/test/test_000874.jpg,15,retroflex-stomach,1012,1221,"Question: What finding is shown? Answer: The colon
",question what finding is shown answer the colon,retroflex-stomach,False,,False,dyed-lifted-polyps,False
test,test_000875,/home/arcturus/Desktop/old/thesis/rag-vqa-medical/Prototyping_reformat/DatasetAnalysis/HyperKvasir/0_dataset_prep/out/images/test/test_000875.jpg,15,retroflex-stomach,1071,1349,"Question: What finding is shown? Answer: The colon is shown in this image
",question what finding is shown answer the colon is shown in this image,retroflex-stomach,False,,False,ileum,False
test,test_000876,/home/arcturus/Desktop/old/thesis/rag-vqa-medical/Prototyping_reformat/DatasetAnalysis/HyperKvasir/0_dataset_prep/out/images/test/test_000876.jpg,15,retroflex-stomach,1011,1221,"Question: What finding is shown? Answer: The image shows the distal end of the ureter
",question what finding is shown answer the image shows the distal end of the ureter,retroflex-stomach,False,,False,esophagitis-a,False
test,test_000877,/home/arcturus/Desktop/old/thesis/rag-vqa-medical/Prototyping_reformat/DatasetAnalysis/HyperKvasir/0_dataset_prep/out/images/test/test_000877.jpg,15,retroflex-stomach,1013,1225,"Question: What finding is shown? Answer: The colon
",question what finding is shown answer the colon,retroflex-stomach,False,,False,esophagitis-b-d,False
test,test_000878,/home/arcturus/Desktop/old/thesis/rag-vqa-medical/Prototyping_reformat/DatasetAnalysis/HyperKvasir/0_dataset_prep/out/images/test/test_000878.jpg,15,retroflex-stomach,1023,1279,"Question: What finding is shown? Answer: The colon
",question what finding is shown answer the colon,retroflex-stomach,False,,False,dyed-lifted-polyps,False
test,test_000879,/home/arcturus/Desktop/old/thesis/rag-vqa-medical/Prototyping_reformat/DatasetAnalysis/HyperKvasir/0_dataset_prep/out/images/test/test_000879.jpg,15,retroflex-stomach,1013,1225,"Question: What finding is shown? Answer: The colon is empty
",question what finding is shown answer the colon is empty,retroflex-stomach,False,,False,esophagitis-a,False
test,test_000880,/home/arcturus/Desktop/old/thesis/rag-vqa-medical/Prototyping_reformat/DatasetAnalysis/HyperKvasir/0_dataset_prep/out/images/test/test_000880.jpg,15,retroflex-stomach,1071,1349,"Question: What finding is shown? Answer: The image shows the upper part of the esophagus
",question what finding is shown answer the image shows the upper part of the esophagus,retroflex-stomach,False,,False,esophagitis-a,False
test,test_000881,/home/arcturus/Desktop/old/thesis/rag-vqa-medical/Prototyping_reformat/DatasetAnalysis/HyperKvasir/0_dataset_prep/out/images/test/test_000881.jpg,15,retroflex-stomach,1013,1225,"Question: What finding is shown? Answer: Abdominal wall
",question what finding is shown answer abdominal wall,retroflex-stomach,False,,False,esophagitis-a,False
test,test_000882,/home/arcturus/Desktop/old/thesis/rag-vqa-medical/Prototyping_reformat/DatasetAnalysis/HyperKvasir/0_dataset_prep/out/images/test/test_000882.jpg,15,retroflex-stomach,1010,1221,"Question: What finding is shown? Answer: The colon is shown in the image
",question what finding is shown answer the colon is shown in the image,retroflex-stomach,False,,False,esophagitis-b-d,False
test,test_000883,/home/arcturus/Desktop/old/thesis/rag-vqa-medical/Prototyping_reformat/DatasetAnalysis/HyperKvasir/0_dataset_prep/out/images/test/test_000883.jpg,15,retroflex-stomach,523,613,"Question: What finding is shown? Answer: The colon is empty
",question what finding is shown answer the colon is empty,retroflex-stomach,False,,False,esophagitis-a,False
test,test_000884,/home/arcturus/Desktop/old/thesis/rag-vqa-medical/Prototyping_reformat/DatasetAnalysis/HyperKvasir/0_dataset_prep/out/images/test/test_000884.jpg,15,retroflex-stomach,1071,1349,"Question: What finding is shown? Answer: The colon is empty
",question what finding is shown answer the colon is empty,retroflex-stomach,False,,False,esophagitis-a,False
test,test_000885,/home/arcturus/Desktop/old/thesis/rag-vqa-medical/Prototyping_reformat/DatasetAnalysis/HyperKvasir/0_dataset_prep/out/images/test/test_000885.jpg,15,retroflex-stomach,1012,1221,"Question: What finding is shown? Answer: The colon is empty
",question what finding is shown answer the colon is empty,retroflex-stomach,False,,False,esophagitis-b-d,False
test,test_000886,/home/arcturus/Desktop/old/thesis/rag-vqa-medical/Prototyping_reformat/DatasetAnalysis/HyperKvasir/0_dataset_prep/out/images/test/test_000886.jpg,15,retroflex-stomach,523,614,"Question: What finding is shown? Answer: The image shows the upper part of the esophagus
",question what finding is shown answer the image shows the upper part of the esophagus,retroflex-stomach,False,,False,esophagitis-a,False
test,test_000887,/home/arcturus/Desktop/old/thesis/rag-vqa-medical/Prototyping_reformat/DatasetAnalysis/HyperKvasir/0_dataset_prep/out/images/test/test_000887.jpg,15,retroflex-stomach,1011,1221,"Question: What finding is shown? Answer: The image shows the upper part of the esophagus
",question what finding is shown answer the image shows the upper part of the esophagus,retroflex-stomach,False,,False,esophagitis-b-d,False
test,test_000888,/home/arcturus/Desktop/old/thesis/rag-vqa-medical/Prototyping_reformat/DatasetAnalysis/HyperKvasir/0_dataset_prep/out/images/test/test_000888.jpg,16,ulcerative-colitis-grade-0-1,530,617,"Question: What finding is shown? Answer: The image shows the right side of the esophagus
",question what finding is shown answer the image shows the right side of the esophagus,ulcerative-colitis-grade-0-1,False,,False,esophagitis-b-d,False
test,test_000889,/home/arcturus/Desktop/old/thesis/rag-vqa-medical/Prototyping_reformat/DatasetAnalysis/HyperKvasir/0_dataset_prep/out/images/test/test_000889.jpg,16,ulcerative-colitis-grade-0-1,531,571,"Question: What finding is shown? Answer: The image shows the upper part of the esophagus
",question what finding is shown answer the image shows the upper part of the esophagus,ulcerative-colitis-grade-0-1,False,,False,esophagitis-b-d,False
test,test_000890,/home/arcturus/Desktop/old/thesis/rag-vqa-medical/Prototyping_reformat/DatasetAnalysis/HyperKvasir/0_dataset_prep/out/images/test/test_000890.jpg,16,ulcerative-colitis-grade-0-1,532,572,"Question: What finding is shown? Answer: The image shows the upper part of the esophagus
",question what finding is shown answer the image shows the upper part of the esophagus,ulcerative-colitis-grade-0-1,False,,False,esophagitis-b-d,False
test,test_000891,/home/arcturus/Desktop/old/thesis/rag-vqa-medical/Prototyping_reformat/DatasetAnalysis/HyperKvasir/0_dataset_prep/out/images/test/test_000891.jpg,17,ulcerative-colitis-grade-1,532,616,"Question: What finding is shown? Answer: The location of the lesion
",question what finding is shown answer the location of the lesion,ulcerative-colitis-grade-1,False,,False,ulcerative-colitis-grade-0-1,False
test,test_000892,/home/arcturus/Desktop/old/thesis/rag-vqa-medical/Prototyping_reformat/DatasetAnalysis/HyperKvasir/0_dataset_prep/out/images/test/test_000892.jpg,17,ulcerative-colitis-grade-1,547,635,"Question: What finding is shown? Answer: The location of the lesion
",question what finding is shown answer the location of the lesion,ulcerative-colitis-grade-1,False,,False,ulcerative-colitis-grade-2,False
test,test_000893,/home/arcturus/Desktop/old/thesis/rag-vqa-medical/Prototyping_reformat/DatasetAnalysis/HyperKvasir/0_dataset_prep/out/images/test/test_000893.jpg,17,ulcerative-colitis-grade-1,529,605,"Question: What finding is shown? Answer: The image shows the location of the lesion
",question what finding is shown answer the image shows the location of the lesion,ulcerative-colitis-grade-1,False,,False,ulcerative-colitis-grade-2,False
test,test_000894,/home/arcturus/Desktop/old/thesis/rag-vqa-medical/Prototyping_reformat/DatasetAnalysis/HyperKvasir/0_dataset_prep/out/images/test/test_000894.jpg,17,ulcerative-colitis-grade-1,479,615,"Question: What finding is shown? Answer: The image shows the upper part of the esophagus
",question what finding is shown answer the image shows the upper part of the esophagus,ulcerative-colitis-grade-1,False,,False,esophagitis-b-d,False
test,test_000895,/home/arcturus/Desktop/old/thesis/rag-vqa-medical/Prototyping_reformat/DatasetAnalysis/HyperKvasir/0_dataset_prep/out/images/test/test_000895.jpg,17,ulcerative-colitis-grade-1,529,623,"Question: What finding is shown? Answer:
",question what finding is shown answer,ulcerative-colitis-grade-1,False,,False,esophagitis-b-d,False
test,test_000896,/home/arcturus/Desktop/old/thesis/rag-vqa-medical/Prototyping_reformat/DatasetAnalysis/HyperKvasir/0_dataset_prep/out/images/test/test_000896.jpg,17,ulcerative-colitis-grade-1,529,585,"Question: What finding is shown? Answer: The image shows the location of the lesion in the right ear
",question what finding is shown answer the image shows the location of the lesion in the right ear,ulcerative-colitis-grade-1,False,,False,esophagitis-b-d,False
test,test_000897,/home/arcturus/Desktop/old/thesis/rag-vqa-medical/Prototyping_reformat/DatasetAnalysis/HyperKvasir/0_dataset_prep/out/images/test/test_000897.jpg,17,ulcerative-colitis-grade-1,530,622,"Question: What finding is shown? Answer: The image shows the location of the lesion
",question what finding is shown answer the image shows the location of the lesion,ulcerative-colitis-grade-1,False,,False,esophagitis-b-d,False
test,test_000898,/home/arcturus/Desktop/old/thesis/rag-vqa-medical/Prototyping_reformat/DatasetAnalysis/HyperKvasir/0_dataset_prep/out/images/test/test_000898.jpg,17,ulcerative-colitis-grade-1,531,616,"Question: What finding is shown? Answer: The image shows the location of the lesion in the liver
",question what finding is shown answer the image shows the location of the lesion in the liver,ulcerative-colitis-grade-1,False,,False,dyed-lifted-polyps,False
test,test_000899,/home/arcturus/Desktop/old/thesis/rag-vqa-medical/Prototyping_reformat/DatasetAnalysis/HyperKvasir/0_dataset_prep/out/images/test/test_000899.jpg,17,ulcerative-colitis-grade-1,532,572,"Question: What finding is shown? Answer: The colon is shown in this image
",question what finding is shown answer the colon is shown in this image,ulcerative-colitis-grade-1,False,,False,esophagitis-b-d,False
test,test_000900,/home/arcturus/Desktop/old/thesis/rag-vqa-medical/Prototyping_reformat/DatasetAnalysis/HyperKvasir/0_dataset_prep/out/images/test/test_000900.jpg,17,ulcerative-colitis-grade-1,531,571,"Question: What finding is shown? Answer:
",question what finding is shown answer,ulcerative-colitis-grade-1,False,,False,esophagitis-b-d,False
test,test_000901,/home/arcturus/Desktop/old/thesis/rag-vqa-medical/Prototyping_reformat/DatasetAnalysis/HyperKvasir/0_dataset_prep/out/images/test/test_000901.jpg,17,ulcerative-colitis-grade-1,530,623,"Question: What finding is shown? Answer: The image shows the upper part of the esophagus
",question what finding is shown answer the image shows the upper part of the esophagus,ulcerative-colitis-grade-1,False,,False,esophagitis-b-d,False
test,test_000902,/home/arcturus/Desktop/old/thesis/rag-vqa-medical/Prototyping_reformat/DatasetAnalysis/HyperKvasir/0_dataset_prep/out/images/test/test_000902.jpg,17,ulcerative-colitis-grade-1,532,603,"Question: What finding is shown? Answer: The colon
",question what finding is shown answer the colon,ulcerative-colitis-grade-1,False,,False,esophagitis-b-d,False
test,test_000903,/home/arcturus/Desktop/old/thesis/rag-vqa-medical/Prototyping_reformat/DatasetAnalysis/HyperKvasir/0_dataset_prep/out/images/test/test_000903.jpg,17,ulcerative-colitis-grade-1,547,635,"Question: What finding is shown? Answer: The location of the lesion
",question what finding is shown answer the location of the lesion,ulcerative-colitis-grade-1,False,,False,esophagitis-b-d,False
test,test_000904,/home/arcturus/Desktop/old/thesis/rag-vqa-medical/Prototyping_reformat/DatasetAnalysis/HyperKvasir/0_dataset_prep/out/images/test/test_000904.jpg,17,ulcerative-colitis-grade-1,529,623,"Question: What finding is shown? Answer: The colon is shown in the upper left quadrant of the image
",question what finding is shown answer the colon is shown in the upper left quadrant of the image,ulcerative-colitis-grade-1,False,,False,esophagitis-b-d,False
test,test_000905,/home/arcturus/Desktop/old/thesis/rag-vqa-medical/Prototyping_reformat/DatasetAnalysis/HyperKvasir/0_dataset_prep/out/images/test/test_000905.jpg,17,ulcerative-colitis-grade-1,530,603,"Question: What finding is shown? Answer: The image shows the location of the lesion
",question what finding is shown answer the image shows the location of the lesion,ulcerative-colitis-grade-1,False,,False,esophagitis-b-d,False
test,test_000906,/home/arcturus/Desktop/old/thesis/rag-vqa-medical/Prototyping_reformat/DatasetAnalysis/HyperKvasir/0_dataset_prep/out/images/test/test_000906.jpg,17,ulcerative-colitis-grade-1,531,617,"Question: What finding is shown? Answer: The location of the lesion is shown in the image
",question what finding is shown answer the location of the lesion is shown in the image,ulcerative-colitis-grade-1,False,,False,dyed-lifted-polyps,False
test,test_000907,/home/arcturus/Desktop/old/thesis/rag-vqa-medical/Prototyping_reformat/DatasetAnalysis/HyperKvasir/0_dataset_prep/out/images/test/test_000907.jpg,17,ulcerative-colitis-grade-1,530,623,"Question: What finding is shown? Answer: The image shows the upper part of the colon
",question what finding is shown answer the image shows the upper part of the colon,ulcerative-colitis-grade-1,False,,False,esophagitis-b-d,False
test,test_000908,/home/arcturus/Desktop/old/thesis/rag-vqa-medical/Prototyping_reformat/DatasetAnalysis/HyperKvasir/0_dataset_prep/out/images/test/test_000908.jpg,17,ulcerative-colitis-grade-1,548,635,"Question: What finding is shown? Answer: The image shows the right side of the esophagus
",question what finding is shown answer the image shows the right side of the esophagus,ulcerative-colitis-grade-1,False,,False,esophagitis-b-d,False
test,test_000909,/home/arcturus/Desktop/old/thesis/rag-vqa-medical/Prototyping_reformat/DatasetAnalysis/HyperKvasir/0_dataset_prep/out/images/test/test_000909.jpg,17,ulcerative-colitis-grade-1,531,572,"Question: What finding is shown? Answer: The image shows the upper part of the esophagus
",question what finding is shown answer the image shows the upper part of the esophagus,ulcerative-colitis-grade-1,False,,False,esophagitis-b-d,False
test,test_000910,/home/arcturus/Desktop/old/thesis/rag-vqa-medical/Prototyping_reformat/DatasetAnalysis/HyperKvasir/0_dataset_prep/out/images/test/test_000910.jpg,17,ulcerative-colitis-grade-1,547,635,"Question: What finding is shown? Answer: The location of the lesion
",question what finding is shown answer the location of the lesion,ulcerative-colitis-grade-1,False,,False,ulcerative-colitis-grade-3,False
test,test_000911,/home/arcturus/Desktop/old/thesis/rag-vqa-medical/Prototyping_reformat/DatasetAnalysis/HyperKvasir/0_dataset_prep/out/images/test/test_000911.jpg,18,ulcerative-colitis-grade-1-2,531,571,"Question: What finding is shown? Answer: The image shows the upper part of the esophagus
",question what finding is shown answer the image shows the upper part of the esophagus,ulcerative-colitis-grade-1-2,False,,False,esophagitis-b-d,False
test,test_000912,/home/arcturus/Desktop/old/thesis/rag-vqa-medical/Prototyping_reformat/DatasetAnalysis/HyperKvasir/0_dataset_prep/out/images/test/test_000912.jpg,19,ulcerative-colitis-grade-2,532,585,"Question: What finding is shown? Answer: The image shows the colonic mucosa
",question what finding is shown answer the image shows the colonic mucosa,ulcerative-colitis-grade-2,False,,False,esophagitis-b-d,False
test,test_000913,/home/arcturus/Desktop/old/thesis/rag-vqa-medical/Prototyping_reformat/DatasetAnalysis/HyperKvasir/0_dataset_prep/out/images/test/test_000913.jpg,19,ulcerative-colitis-grade-2,532,617,"Question: What finding is shown? Answer: The image shows the location of the esophageal sphincter
",question what finding is shown answer the image shows the location of the esophageal sphincter,ulcerative-colitis-grade-2,False,,False,esophagitis-b-d,False
test,test_000914,/home/arcturus/Desktop/old/thesis/rag-vqa-medical/Prototyping_reformat/DatasetAnalysis/HyperKvasir/0_dataset_prep/out/images/test/test_000914.jpg,19,ulcerative-colitis-grade-2,533,635,"Question: What finding is shown? Answer: The location of the lesion
",question what finding is shown answer the location of the lesion,ulcerative-colitis-grade-2,False,,False,esophagitis-b-d,False
test,test_000915,/home/arcturus/Desktop/old/thesis/rag-vqa-medical/Prototyping_reformat/DatasetAnalysis/HyperKvasir/0_dataset_prep/out/images/test/test_000915.jpg,19,ulcerative-colitis-grade-2,530,622,"Question: What finding is shown? Answer: The image shows the right side of the liver
",question what finding is shown answer the image shows the right side of the liver,ulcerative-colitis-grade-2,False,,False,esophagitis-b-d,False
test,test_000916,/home/arcturus/Desktop/old/thesis/rag-vqa-medical/Prototyping_reformat/DatasetAnalysis/HyperKvasir/0_dataset_prep/out/images/test/test_000916.jpg,19,ulcerative-colitis-grade-2,531,571,"Question: What finding is shown? Answer:
",question what finding is shown answer,ulcerative-colitis-grade-2,False,,False,esophagitis-b-d,False
test,test_000917,/home/arcturus/Desktop/old/thesis/rag-vqa-medical/Prototyping_reformat/DatasetAnalysis/HyperKvasir/0_dataset_prep/out/images/test/test_000917.jpg,19,ulcerative-colitis-grade-2,548,635,"Question: What finding is shown? Answer: The location of the esophageal varices
",question what finding is shown answer the location of the esophageal varices,ulcerative-colitis-grade-2,False,,False,esophagitis-b-d,False
test,test_000918,/home/arcturus/Desktop/old/thesis/rag-vqa-medical/Prototyping_reformat/DatasetAnalysis/HyperKvasir/0_dataset_prep/out/images/test/test_000918.jpg,19,ulcerative-colitis-grade-2,532,633,"Question: What finding is shown? Answer: The location of the lesion
",question what finding is shown answer the location of the lesion,ulcerative-colitis-grade-2,False,,False,ulcerative-colitis-grade-0-1,False
test,test_000919,/home/arcturus/Desktop/old/thesis/rag-vqa-medical/Prototyping_reformat/DatasetAnalysis/HyperKvasir/0_dataset_prep/out/images/test/test_000919.jpg,19,ulcerative-colitis-grade-2,548,635,"Question: What finding is shown? Answer: The location of the lesion
",question what finding is shown answer the location of the lesion,ulcerative-colitis-grade-2,False,,False,esophagitis-b-d,False
test,test_000920,/home/arcturus/Desktop/old/thesis/rag-vqa-medical/Prototyping_reformat/DatasetAnalysis/HyperKvasir/0_dataset_prep/out/images/test/test_000920.jpg,19,ulcerative-colitis-grade-2,529,628,"Question: What finding is shown? Answer: The image shows the location of the lesion in the liver
",question what finding is shown answer the image shows the location of the lesion in the liver,ulcerative-colitis-grade-2,False,,False,esophagitis-b-d,False
test,test_000921,/home/arcturus/Desktop/old/thesis/rag-vqa-medical/Prototyping_reformat/DatasetAnalysis/HyperKvasir/0_dataset_prep/out/images/test/test_000921.jpg,19,ulcerative-colitis-grade-2,532,572,"Question: What finding is shown? Answer: The image shows the upper part of the esophagus
",question what finding is shown answer the image shows the upper part of the esophagus,ulcerative-colitis-grade-2,False,,False,esophagitis-b-d,False
test,test_000922,/home/arcturus/Desktop/old/thesis/rag-vqa-medical/Prototyping_reformat/DatasetAnalysis/HyperKvasir/0_dataset_prep/out/images/test/test_000922.jpg,19,ulcerative-colitis-grade-2,532,572,"Question: What finding is shown? Answer: The image shows the right side of the esophagus
",question what finding is shown answer the image shows the right side of the esophagus,ulcerative-colitis-grade-2,False,,False,esophagitis-b-d,False
test,test_000923,/home/arcturus/Desktop/old/thesis/rag-vqa-medical/Prototyping_reformat/DatasetAnalysis/HyperKvasir/0_dataset_prep/out/images/test/test_000923.jpg,19,ulcerative-colitis-grade-2,531,607,"Question: What finding is shown? Answer: The location of the lesion
",question what finding is shown answer the location of the lesion,ulcerative-colitis-grade-2,False,,False,dyed-lifted-polyps,False
test,test_000924,/home/arcturus/Desktop/old/thesis/rag-vqa-medical/Prototyping_reformat/DatasetAnalysis/HyperKvasir/0_dataset_prep/out/images/test/test_000924.jpg,19,ulcerative-colitis-grade-2,531,572,"Question: What finding is shown? Answer:
",question what finding is shown answer,ulcerative-colitis-grade-2,False,,False,esophagitis-b-d,False
test,test_000925,/home/arcturus/Desktop/old/thesis/rag-vqa-medical/Prototyping_reformat/DatasetAnalysis/HyperKvasir/0_dataset_prep/out/images/test/test_000925.jpg,19,ulcerative-colitis-grade-2,531,571,"Question: What finding is shown? Answer: The image shows the liver
",question what finding is shown answer the image shows the liver,ulcerative-colitis-grade-2,False,,False,esophagitis-b-d,False
test,test_000926,/home/arcturus/Desktop/old/thesis/rag-vqa-medical/Prototyping_reformat/DatasetAnalysis/HyperKvasir/0_dataset_prep/out/images/test/test_000926.jpg,19,ulcerative-colitis-grade-2,547,635,"Question: What finding is shown? Answer: The location of the lesion
",question what finding is shown answer the location of the lesion,ulcerative-colitis-grade-2,False,,False,esophagitis-b-d,False
test,test_000927,/home/arcturus/Desktop/old/thesis/rag-vqa-medical/Prototyping_reformat/DatasetAnalysis/HyperKvasir/0_dataset_prep/out/images/test/test_000927.jpg,19,ulcerative-colitis-grade-2,531,603,"Question: What finding is shown? Answer: The image shows the upper part of the esophagus
",question what finding is shown answer the image shows the upper part of the esophagus,ulcerative-colitis-grade-2,False,,False,esophagitis-b-d,False
test,test_000928,/home/arcturus/Desktop/old/thesis/rag-vqa-medical/Prototyping_reformat/DatasetAnalysis/HyperKvasir/0_dataset_prep/out/images/test/test_000928.jpg,19,ulcerative-colitis-grade-2,528,554,"Question: What finding is shown? Answer: The image shows the upper part of the esophagus
",question what finding is shown answer the image shows the upper part of the esophagus,ulcerative-colitis-grade-2,False,,False,esophagitis-b-d,False
test,test_000929,/home/arcturus/Desktop/old/thesis/rag-vqa-medical/Prototyping_reformat/DatasetAnalysis/HyperKvasir/0_dataset_prep/out/images/test/test_000929.jpg,19,ulcerative-colitis-grade-2,530,628,"Question: What finding is shown? Answer: The image shows the upper part of the esophagus
",question what finding is shown answer the image shows the upper part of the esophagus,ulcerative-colitis-grade-2,False,,False,esophagitis-b-d,False
test,test_000930,/home/arcturus/Desktop/old/thesis/rag-vqa-medical/Prototyping_reformat/DatasetAnalysis/HyperKvasir/0_dataset_prep/out/images/test/test_000930.jpg,19,ulcerative-colitis-grade-2,532,572,"Question: What finding is shown? Answer: The image shows the right side of the esophagus
",question what finding is shown answer the image shows the right side of the esophagus,ulcerative-colitis-grade-2,False,,False,esophagitis-b-d,False
test,test_000931,/home/arcturus/Desktop/old/thesis/rag-vqa-medical/Prototyping_reformat/DatasetAnalysis/HyperKvasir/0_dataset_prep/out/images/test/test_000931.jpg,19,ulcerative-colitis-grade-2,547,627,"Question: What finding is shown? Answer: The image shows the location of the esophageal sphincter
",question what finding is shown answer the image shows the location of the esophageal sphincter,ulcerative-colitis-grade-2,False,,False,esophagitis-b-d,False
test,test_000932,/home/arcturus/Desktop/old/thesis/rag-vqa-medical/Prototyping_reformat/DatasetAnalysis/HyperKvasir/0_dataset_prep/out/images/test/test_000932.jpg,19,ulcerative-colitis-grade-2,530,629,"Question: What finding is shown? Answer: The colon
",question what finding is shown answer the colon,ulcerative-colitis-grade-2,False,,False,esophagitis-b-d,False
test,test_000933,/home/arcturus/Desktop/old/thesis/rag-vqa-medical/Prototyping_reformat/DatasetAnalysis/HyperKvasir/0_dataset_prep/out/images/test/test_000933.jpg,19,ulcerative-colitis-grade-2,530,623,"Question: What finding is shown? Answer:
",question what finding is shown answer,ulcerative-colitis-grade-2,False,,False,esophagitis-b-d,False
test,test_000934,/home/arcturus/Desktop/old/thesis/rag-vqa-medical/Prototyping_reformat/DatasetAnalysis/HyperKvasir/0_dataset_prep/out/images/test/test_000934.jpg,19,ulcerative-colitis-grade-2,531,572,"Question: What finding is shown? Answer: The right side of the image shows the right side of the esophagus
",question what finding is shown answer the right side of the image shows the right side of the esophagus,ulcerative-colitis-grade-2,False,,False,esophagitis-b-d,False
test,test_000935,/home/arcturus/Desktop/old/thesis/rag-vqa-medical/Prototyping_reformat/DatasetAnalysis/HyperKvasir/0_dataset_prep/out/images/test/test_000935.jpg,19,ulcerative-colitis-grade-2,530,624,"Question: What finding is shown? Answer: The image shows the right side of the esophagus
",question what finding is shown answer the image shows the right side of the esophagus,ulcerative-colitis-grade-2,False,,False,esophagitis-b-d,False
test,test_000936,/home/arcturus/Desktop/old/thesis/rag-vqa-medical/Prototyping_reformat/DatasetAnalysis/HyperKvasir/0_dataset_prep/out/images/test/test_000936.jpg,19,ulcerative-colitis-grade-2,529,583,"Question: What finding is shown? Answer: The image shows the upper part of the esophagus
",question what finding is shown answer the image shows the upper part of the esophagus,ulcerative-colitis-grade-2,False,,False,esophagitis-b-d,False
test,test_000937,/home/arcturus/Desktop/old/thesis/rag-vqa-medical/Prototyping_reformat/DatasetAnalysis/HyperKvasir/0_dataset_prep/out/images/test/test_000937.jpg,19,ulcerative-colitis-grade-2,530,628,"Question: What finding is shown? Answer: The location of the esophageal varices
",question what finding is shown answer the location of the esophageal varices,ulcerative-colitis-grade-2,False,,False,esophagitis-b-d,False
test,test_000938,/home/arcturus/Desktop/old/thesis/rag-vqa-medical/Prototyping_reformat/DatasetAnalysis/HyperKvasir/0_dataset_prep/out/images/test/test_000938.jpg,19,ulcerative-colitis-grade-2,531,571,"Question: What finding is shown? Answer: The image shows the location of the lesion
",question what finding is shown answer the image shows the location of the lesion,ulcerative-colitis-grade-2,False,,False,esophagitis-b-d,False
test,test_000939,/home/arcturus/Desktop/old/thesis/rag-vqa-medical/Prototyping_reformat/DatasetAnalysis/HyperKvasir/0_dataset_prep/out/images/test/test_000939.jpg,19,ulcerative-colitis-grade-2,529,623,"Question: What finding is shown? Answer:
",question what finding is shown answer,ulcerative-colitis-grade-2,False,,False,esophagitis-b-d,False
test,test_000940,/home/arcturus/Desktop/old/thesis/rag-vqa-medical/Prototyping_reformat/DatasetAnalysis/HyperKvasir/0_dataset_prep/out/images/test/test_000940.jpg,19,ulcerative-colitis-grade-2,532,633,"Question: What finding is shown? Answer: The location of the duodenal ulcer
",question what finding is shown answer the location of the duodenal ulcer,ulcerative-colitis-grade-2,False,,False,esophagitis-b-d,False
test,test_000941,/home/arcturus/Desktop/old/thesis/rag-vqa-medical/Prototyping_reformat/DatasetAnalysis/HyperKvasir/0_dataset_prep/out/images/test/test_000941.jpg,19,ulcerative-colitis-grade-2,548,635,"Question: What finding is shown? Answer: The image shows the location of the esophageal sphincter
",question what finding is shown answer the image shows the location of the esophageal sphincter,ulcerative-colitis-grade-2,False,,False,esophagitis-b-d,False
test,test_000942,/home/arcturus/Desktop/old/thesis/rag-vqa-medical/Prototyping_reformat/DatasetAnalysis/HyperKvasir/0_dataset_prep/out/images/test/test_000942.jpg,19,ulcerative-colitis-grade-2,532,623,"Question: What finding is shown? Answer: The image shows the right side of the esophagus
",question what finding is shown answer the image shows the right side of the esophagus,ulcerative-colitis-grade-2,False,,False,esophagitis-b-d,False
test,test_000943,/home/arcturus/Desktop/old/thesis/rag-vqa-medical/Prototyping_reformat/DatasetAnalysis/HyperKvasir/0_dataset_prep/out/images/test/test_000943.jpg,19,ulcerative-colitis-grade-2,531,572,"Question: What finding is shown? Answer: The image shows the right side of the liver
",question what finding is shown answer the image shows the right side of the liver,ulcerative-colitis-grade-2,False,,False,esophagitis-b-d,False
test,test_000944,/home/arcturus/Desktop/old/thesis/rag-vqa-medical/Prototyping_reformat/DatasetAnalysis/HyperKvasir/0_dataset_prep/out/images/test/test_000944.jpg,19,ulcerative-colitis-grade-2,530,623,"Question: What finding is shown? Answer: The colon is shown in this image
",question what finding is shown answer the colon is shown in this image,ulcerative-colitis-grade-2,False,,False,esophagitis-b-d,False
test,test_000945,/home/arcturus/Desktop/old/thesis/rag-vqa-medical/Prototyping_reformat/DatasetAnalysis/HyperKvasir/0_dataset_prep/out/images/test/test_000945.jpg,19,ulcerative-colitis-grade-2,532,572,"Question: What finding is shown? Answer: The colon is shown in the upper right corner of the image
",question what finding is shown answer the colon is shown in the upper right corner of the image,ulcerative-colitis-grade-2,False,,False,esophagitis-b-d,False
test,test_000946,/home/arcturus/Desktop/old/thesis/rag-vqa-medical/Prototyping_reformat/DatasetAnalysis/HyperKvasir/0_dataset_prep/out/images/test/test_000946.jpg,19,ulcerative-colitis-grade-2,529,628,"Question: What finding is shown? Answer: The left side of the image shows the left side of the esophagus, and the right side",question what finding is shown answer the left side of the image shows the left side of the esophagus and the right side,ulcerative-colitis-grade-2,False,,False,esophagitis-b-d,False
test,test_000947,/home/arcturus/Desktop/old/thesis/rag-vqa-medical/Prototyping_reformat/DatasetAnalysis/HyperKvasir/0_dataset_prep/out/images/test/test_000947.jpg,19,ulcerative-colitis-grade-2,531,571,"Question: What finding is shown? Answer: The colon is shown in the upper right quadrant of the image
",question what finding is shown answer the colon is shown in the upper right quadrant of the image,ulcerative-colitis-grade-2,False,,False,esophagitis-b-d,False
test,test_000948,/home/arcturus/Desktop/old/thesis/rag-vqa-medical/Prototyping_reformat/DatasetAnalysis/HyperKvasir/0_dataset_prep/out/images/test/test_000948.jpg,19,ulcerative-colitis-grade-2,530,628,"Question: What finding is shown? Answer: The colon is shown with a colonoscope
",question what finding is shown answer the colon is shown with a colonoscope,ulcerative-colitis-grade-2,False,,False,esophagitis-b-d,False
test,test_000949,/home/arcturus/Desktop/old/thesis/rag-vqa-medical/Prototyping_reformat/DatasetAnalysis/HyperKvasir/0_dataset_prep/out/images/test/test_000949.jpg,19,ulcerative-colitis-grade-2,530,623,"Question: What finding is shown? Answer: The image shows the right side of the esophagus
",question what finding is shown answer the image shows the right side of the esophagus,ulcerative-colitis-grade-2,False,,False,esophagitis-b-d,False
test,test_000950,/home/arcturus/Desktop/old/thesis/rag-vqa-medical/Prototyping_reformat/DatasetAnalysis/HyperKvasir/0_dataset_prep/out/images/test/test_000950.jpg,19,ulcerative-colitis-grade-2,529,623,"Question: What finding is shown? Answer: a small, round, brownish-yellow, non-cancerous polyp
",question what finding is shown answer a small round brownish-yellow non-cancerous polyp,ulcerative-colitis-grade-2,False,,False,ulcerative-colitis-grade-2,True
test,test_000951,/home/arcturus/Desktop/old/thesis/rag-vqa-medical/Prototyping_reformat/DatasetAnalysis/HyperKvasir/0_dataset_prep/out/images/test/test_000951.jpg,19,ulcerative-colitis-grade-2,548,635,"Question: What finding is shown? Answer: The location of the esophageal sphincter
",question what finding is shown answer the location of the esophageal sphincter,ulcerative-colitis-grade-2,False,,False,esophagitis-b-d,False
test,test_000952,/home/arcturus/Desktop/old/thesis/rag-vqa-medical/Prototyping_reformat/DatasetAnalysis/HyperKvasir/0_dataset_prep/out/images/test/test_000952.jpg,19,ulcerative-colitis-grade-2,548,635,"Question: What finding is shown? Answer: The image shows the location of the lesion in the esophagus
",question what finding is shown answer the image shows the location of the lesion in the esophagus,ulcerative-colitis-grade-2,False,,False,esophagitis-b-d,False
test,test_000953,/home/arcturus/Desktop/old/thesis/rag-vqa-medical/Prototyping_reformat/DatasetAnalysis/HyperKvasir/0_dataset_prep/out/images/test/test_000953.jpg,19,ulcerative-colitis-grade-2,531,589,"Question: What finding is shown? Answer: The image shows the right side of the liver
",question what finding is shown answer the image shows the right side of the liver,ulcerative-colitis-grade-2,False,,False,esophagitis-b-d,False
test,test_000954,/home/arcturus/Desktop/old/thesis/rag-vqa-medical/Prototyping_reformat/DatasetAnalysis/HyperKvasir/0_dataset_prep/out/images/test/test_000954.jpg,19,ulcerative-colitis-grade-2,530,623,"Question: What finding is shown? Answer: The right side of the image shows the right side of the esophagus
",question what finding is shown answer the right side of the image shows the right side of the esophagus,ulcerative-colitis-grade-2,False,,False,esophagitis-b-d,False
test,test_000955,/home/arcturus/Desktop/old/thesis/rag-vqa-medical/Prototyping_reformat/DatasetAnalysis/HyperKvasir/0_dataset_prep/out/images/test/test_000955.jpg,19,ulcerative-colitis-grade-2,532,572,"Question: What finding is shown? Answer: The image shows the upper part of the esophagus
",question what finding is shown answer the image shows the upper part of the esophagus,ulcerative-colitis-grade-2,False,,False,esophagitis-b-d,False
test,test_000956,/home/arcturus/Desktop/old/thesis/rag-vqa-medical/Prototyping_reformat/DatasetAnalysis/HyperKvasir/0_dataset_prep/out/images/test/test_000956.jpg,20,ulcerative-colitis-grade-2-3,532,572,"Question: What finding is shown? Answer: The image shows the upper part of the esophagus
",question what finding is shown answer the image shows the upper part of the esophagus,ulcerative-colitis-grade-2-3,False,,False,esophagitis-b-d,False
test,test_000957,/home/arcturus/Desktop/old/thesis/rag-vqa-medical/Prototyping_reformat/DatasetAnalysis/HyperKvasir/0_dataset_prep/out/images/test/test_000957.jpg,20,ulcerative-colitis-grade-2-3,548,626,"Question: What finding is shown? Answer: The location of the esophageal varices
",question what finding is shown answer the location of the esophageal varices,ulcerative-colitis-grade-2-3,False,,False,esophagitis-b-d,False
test,test_000958,/home/arcturus/Desktop/old/thesis/rag-vqa-medical/Prototyping_reformat/DatasetAnalysis/HyperKvasir/0_dataset_prep/out/images/test/test_000958.jpg,20,ulcerative-colitis-grade-2-3,548,627,"Question: What finding is shown? Answer: The colon
",question what finding is shown answer the colon,ulcerative-colitis-grade-2-3,False,,False,esophagitis-b-d,False
test,test_000959,/home/arcturus/Desktop/old/thesis/rag-vqa-medical/Prototyping_reformat/DatasetAnalysis/HyperKvasir/0_dataset_prep/out/images/test/test_000959.jpg,21,ulcerative-colitis-grade-3,548,636,"Question: What finding is shown? Answer: The location of the esophageal sphincter
",question what finding is shown answer the location of the esophageal sphincter,ulcerative-colitis-grade-3,False,,False,esophagitis-b-d,False
test,test_000960,/home/arcturus/Desktop/old/thesis/rag-vqa-medical/Prototyping_reformat/DatasetAnalysis/HyperKvasir/0_dataset_prep/out/images/test/test_000960.jpg,21,ulcerative-colitis-grade-3,532,603,"Question: What finding is shown? Answer: a small, round, red, blood-filled cyst
",question what finding is shown answer a small round red blood-filled cyst,ulcerative-colitis-grade-3,False,,False,esophagitis-a,False
test,test_000961,/home/arcturus/Desktop/old/thesis/rag-vqa-medical/Prototyping_reformat/DatasetAnalysis/HyperKvasir/0_dataset_prep/out/images/test/test_000961.jpg,21,ulcerative-colitis-grade-3,529,623,"Question: What finding is shown? Answer:
",question what finding is shown answer,ulcerative-colitis-grade-3,False,,False,ulcerative-colitis-grade-2,False
test,test_000962,/home/arcturus/Desktop/old/thesis/rag-vqa-medical/Prototyping_reformat/DatasetAnalysis/HyperKvasir/0_dataset_prep/out/images/test/test_000962.jpg,21,ulcerative-colitis-grade-3,532,571,"Question: What finding is shown? Answer: The colon is shown in the upper right quadrant of the image
",question what finding is shown answer the colon is shown in the upper right quadrant of the image,ulcerative-colitis-grade-3,False,,False,esophagitis-b-d,False
test,test_000963,/home/arcturus/Desktop/old/thesis/rag-vqa-medical/Prototyping_reformat/DatasetAnalysis/HyperKvasir/0_dataset_prep/out/images/test/test_000963.jpg,21,ulcerative-colitis-grade-3,530,623,"Question: What finding is shown? Answer: The image shows the right side of the esophagus
",question what finding is shown answer the image shows the right side of the esophagus,ulcerative-colitis-grade-3,False,,False,esophagitis-b-d,False
test,test_000964,/home/arcturus/Desktop/old/thesis/rag-vqa-medical/Prototyping_reformat/DatasetAnalysis/HyperKvasir/0_dataset_prep/out/images/test/test_000964.jpg,21,ulcerative-colitis-grade-3,530,617,"Question: What finding is shown? Answer: a small, round, white, oval-shaped, non-cancerous polyp
",question what finding is shown answer a small round white oval-shaped non-cancerous polyp,ulcerative-colitis-grade-3,False,,False,esophagitis-b-d,False
test,test_000965,/home/arcturus/Desktop/old/thesis/rag-vqa-medical/Prototyping_reformat/DatasetAnalysis/HyperKvasir/0_dataset_prep/out/images/test/test_000965.jpg,21,ulcerative-colitis-grade-3,531,617,"Question: What finding is shown? Answer: The image shows the location of the lesion in the esophagus
",question what finding is shown answer the image shows the location of the lesion in the esophagus,ulcerative-colitis-grade-3,False,,False,dyed-lifted-polyps,False
test,test_000966,/home/arcturus/Desktop/old/thesis/rag-vqa-medical/Prototyping_reformat/DatasetAnalysis/HyperKvasir/0_dataset_prep/out/images/test/test_000966.jpg,21,ulcerative-colitis-grade-3,531,633,"Question: What finding is shown? Answer: The colonic mucosa
",question what finding is shown answer the colonic mucosa,ulcerative-colitis-grade-3,False,,False,esophagitis-b-d,False
test,test_000967,/home/arcturus/Desktop/old/thesis/rag-vqa-medical/Prototyping_reformat/DatasetAnalysis/HyperKvasir/0_dataset_prep/out/images/test/test_000967.jpg,21,ulcerative-colitis-grade-3,548,635,"Question: What finding is shown? Answer: The image shows the location of the esophageal sphincter
",question what finding is shown answer the image shows the location of the esophageal sphincter,ulcerative-colitis-grade-3,False,,False,esophagitis-b-d,False
test,test_000968,/home/arcturus/Desktop/old/thesis/rag-vqa-medical/Prototyping_reformat/DatasetAnalysis/HyperKvasir/0_dataset_prep/out/images/test/test_000968.jpg,21,ulcerative-colitis-grade-3,530,623,"Question: What finding is shown? Answer:
",question what finding is shown answer,ulcerative-colitis-grade-3,False,,False,esophagitis-b-d,False
test,test_000969,/home/arcturus/Desktop/old/thesis/rag-vqa-medical/Prototyping_reformat/DatasetAnalysis/HyperKvasir/0_dataset_prep/out/images/test/test_000969.jpg,21,ulcerative-colitis-grade-3,548,635,"Question: What finding is shown? Answer: The location of the lesion
",question what finding is shown answer the location of the lesion,ulcerative-colitis-grade-3,False,,False,esophagitis-b-d,False
test,test_000970,/home/arcturus/Desktop/old/thesis/rag-vqa-medical/Prototyping_reformat/DatasetAnalysis/HyperKvasir/0_dataset_prep/out/images/test/test_000970.jpg,21,ulcerative-colitis-grade-3,531,571,"Question: What finding is shown? Answer: The colon is shown in the colonoscopy image
",question what finding is shown answer the colon is shown in the colonoscopy image,ulcerative-colitis-grade-3,False,,False,esophagitis-b-d,False
test,test_000971,/home/arcturus/Desktop/old/thesis/rag-vqa-medical/Prototyping_reformat/DatasetAnalysis/HyperKvasir/0_dataset_prep/out/images/test/test_000971.jpg,21,ulcerative-colitis-grade-3,530,624,"Question: What finding is shown? Answer: The colon
",question what finding is shown answer the colon,ulcerative-colitis-grade-3,False,,False,esophagitis-b-d,False
test,test_000972,/home/arcturus/Desktop/old/thesis/rag-vqa-medical/Prototyping_reformat/DatasetAnalysis/HyperKvasir/0_dataset_prep/out/images/test/test_000972.jpg,22,z-line,1015,1195,"Question: What finding is shown? Answer: The right side of the image shows the right side of the tongue
",question what finding is shown answer the right side of the image shows the right side of the tongue,z-line,False,,False,esophagitis-a,False
test,test_000973,/home/arcturus/Desktop/old/thesis/rag-vqa-medical/Prototyping_reformat/DatasetAnalysis/HyperKvasir/0_dataset_prep/out/images/test/test_000973.jpg,22,z-line,1071,1349,"Question: What finding is shown? Answer: The left side of the image shows the left side of the tongue, and the right side shows the",question what finding is shown answer the left side of the image shows the left side of the tongue and the right side shows the,z-line,False,,False,esophagitis-a,False
test,test_000974,/home/arcturus/Desktop/old/thesis/rag-vqa-medical/Prototyping_reformat/DatasetAnalysis/HyperKvasir/0_dataset_prep/out/images/test/test_000974.jpg,22,z-line,1011,1221,"Question: What finding is shown? Answer: The white area is the area of the oropharynx
",question what finding is shown answer the white area is the area of the oropharynx,z-line,False,,False,esophagitis-a,False
test,test_000975,/home/arcturus/Desktop/old/thesis/rag-vqa-medical/Prototyping_reformat/DatasetAnalysis/HyperKvasir/0_dataset_prep/out/images/test/test_000975.jpg,22,z-line,1012,1221,"Question: What finding is shown? Answer: The right side of the image shows the right side of the esophagus
",question what finding is shown answer the right side of the image shows the right side of the esophagus,z-line,False,,False,esophagitis-b-d,False
test,test_000976,/home/arcturus/Desktop/old/thesis/rag-vqa-medical/Prototyping_reformat/DatasetAnalysis/HyperKvasir/0_dataset_prep/out/images/test/test_000976.jpg,22,z-line,1020,1221,"Question: What finding is shown? Answer: The mucosa of the esophagus
",question what finding is shown answer the mucosa of the esophagus,z-line,False,,False,esophagitis-b-d,False
test,test_000977,/home/arcturus/Desktop/old/thesis/rag-vqa-medical/Prototyping_reformat/DatasetAnalysis/HyperKvasir/0_dataset_prep/out/images/test/test_000977.jpg,22,z-line,1013,1225,"Question: What finding is shown? Answer: The right side of the image shows the right side of the esophagus
",question what finding is shown answer the right side of the image shows the right side of the esophagus,z-line,False,,False,esophagitis-a,False
test,test_000978,/home/arcturus/Desktop/old/thesis/rag-vqa-medical/Prototyping_reformat/DatasetAnalysis/HyperKvasir/0_dataset_prep/out/images/test/test_000978.jpg,22,z-line,1012,1221,Question: What finding is shown? Answer: The right upper quadrant of the oropharynx is enlarged and has a large amount of muc,question what finding is shown answer the right upper quadrant of the oropharynx is enlarged and has a large amount of muc,z-line,False,,False,esophagitis-a,False
test,test_000979,/home/arcturus/Desktop/old/thesis/rag-vqa-medical/Prototyping_reformat/DatasetAnalysis/HyperKvasir/0_dataset_prep/out/images/test/test_000979.jpg,22,z-line,1013,1225,"Question: What finding is shown? Answer: The right side of the image shows the right side of the tongue
",question what finding is shown answer the right side of the image shows the right side of the tongue,z-line,False,,False,esophagitis-a,False
test,test_000980,/home/arcturus/Desktop/old/thesis/rag-vqa-medical/Prototyping_reformat/DatasetAnalysis/HyperKvasir/0_dataset_prep/out/images/test/test_000980.jpg,22,z-line,1015,1225,"Question: What finding is shown? Answer: The right side of the image shows the left side of the tongue
",question what finding is shown answer the right side of the image shows the left side of the tongue,z-line,False,,False,esophagitis-a,False
test,test_000981,/home/arcturus/Desktop/old/thesis/rag-vqa-medical/Prototyping_reformat/DatasetAnalysis/HyperKvasir/0_dataset_prep/out/images/test/test_000981.jpg,22,z-line,1013,1225,"Question: What finding is shown? Answer: The right side of the image shows the right side of the esophagus
",question what finding is shown answer the right side of the image shows the right side of the esophagus,z-line,False,,False,esophagitis-a,False
test,test_000982,/home/arcturus/Desktop/old/thesis/rag-vqa-medical/Prototyping_reformat/DatasetAnalysis/HyperKvasir/0_dataset_prep/out/images/test/test_000982.jpg,22,z-line,1012,1221,"Question: What finding is shown? Answer: The white spot is the area of the lung that is affected by the infection
",question what finding is shown answer the white spot is the area of the lung that is affected by the infection,z-line,False,,False,esophagitis-a,False
test,test_000983,/home/arcturus/Desktop/old/thesis/rag-vqa-medical/Prototyping_reformat/DatasetAnalysis/HyperKvasir/0_dataset_prep/out/images/test/test_000983.jpg,22,z-line,1012,1221,"Question: What finding is shown? Answer: The white part of the tongue is the tongue
",question what finding is shown answer the white part of the tongue is the tongue,z-line,False,,False,dyed-lifted-polyps,False
test,test_000984,/home/arcturus/Desktop/old/thesis/rag-vqa-medical/Prototyping_reformat/DatasetAnalysis/HyperKvasir/0_dataset_prep/out/images/test/test_000984.jpg,22,z-line,524,613,"Question: What finding is shown? Answer: The right side of the image shows the right side of the tongue
",question what finding is shown answer the right side of the image shows the right side of the tongue,z-line,False,,False,esophagitis-a,False
test,test_000985,/home/arcturus/Desktop/old/thesis/rag-vqa-medical/Prototyping_reformat/DatasetAnalysis/HyperKvasir/0_dataset_prep/out/images/test/test_000985.jpg,22,z-line,1013,1225,"Question: What finding is shown? Answer: The white spot is the oropharyngeal cavity
",question what finding is shown answer the white spot is the oropharyngeal cavity,z-line,False,,False,esophagitis-a,False
test,test_000986,/home/arcturus/Desktop/old/thesis/rag-vqa-medical/Prototyping_reformat/DatasetAnalysis/HyperKvasir/0_dataset_prep/out/images/test/test_000986.jpg,22,z-line,1012,1225,"Question: What finding is shown? Answer: The mucosa of the urethra
",question what finding is shown answer the mucosa of the urethra,z-line,False,,False,esophagitis-a,False
test,test_000987,/home/arcturus/Desktop/old/thesis/rag-vqa-medical/Prototyping_reformat/DatasetAnalysis/HyperKvasir/0_dataset_prep/out/images/test/test_000987.jpg,22,z-line,1013,1225,"Question: What finding is shown? Answer: The right ear
",question what finding is shown answer the right ear,z-line,False,,False,esophagitis-a,False
test,test_000988,/home/arcturus/Desktop/old/thesis/rag-vqa-medical/Prototyping_reformat/DatasetAnalysis/HyperKvasir/0_dataset_prep/out/images/test/test_000988.jpg,22,z-line,523,613,"Question: What finding is shown? Answer: The right side of the image shows the right side of the tongue, and the left side shows the",question what finding is shown answer the right side of the image shows the right side of the tongue and the left side shows the,z-line,False,,False,esophagitis-a,False
test,test_000989,/home/arcturus/Desktop/old/thesis/rag-vqa-medical/Prototyping_reformat/DatasetAnalysis/HyperKvasir/0_dataset_prep/out/images/test/test_000989.jpg,22,z-line,1071,1349,"Question: What finding is shown? Answer: The left side of the tongue is the most common site of oral cancer
",question what finding is shown answer the left side of the tongue is the most common site of oral cancer,z-line,False,,False,esophagitis-a,False
test,test_000990,/home/arcturus/Desktop/old/thesis/rag-vqa-medical/Prototyping_reformat/DatasetAnalysis/HyperKvasir/0_dataset_prep/out/images/test/test_000990.jpg,22,z-line,1071,1349,"Question: What finding is shown? Answer: The left side of the image shows the left side of the larynx, the right side shows",question what finding is shown answer the left side of the image shows the left side of the larynx the right side shows,z-line,False,,False,esophagitis-a,False
test,test_000991,/home/arcturus/Desktop/old/thesis/rag-vqa-medical/Prototyping_reformat/DatasetAnalysis/HyperKvasir/0_dataset_prep/out/images/test/test_000991.jpg,22,z-line,1071,1349,"Question: What finding is shown? Answer: The left side of the image shows the left side of the esophagus, and the right side",question what finding is shown answer the left side of the image shows the left side of the esophagus and the right side,z-line,False,,False,esophagitis-a,False
test,test_000992,/home/arcturus/Desktop/old/thesis/rag-vqa-medical/Prototyping_reformat/DatasetAnalysis/HyperKvasir/0_dataset_prep/out/images/test/test_000992.jpg,22,z-line,1071,1349,"Question: What finding is shown? Answer: The image shows the upper part of the esophagus
",question what finding is shown answer the image shows the upper part of the esophagus,z-line,False,,False,esophagitis-a,False
test,test_000993,/home/arcturus/Desktop/old/thesis/rag-vqa-medical/Prototyping_reformat/DatasetAnalysis/HyperKvasir/0_dataset_prep/out/images/test/test_000993.jpg,22,z-line,1012,1221,"Question: What finding is shown? Answer: The left side of the image shows the left side of the tongue, and the right side shows the",question what finding is shown answer the left side of the image shows the left side of the tongue and the right side shows the,z-line,False,,False,esophagitis-a,False
test,test_000994,/home/arcturus/Desktop/old/thesis/rag-vqa-medical/Prototyping_reformat/DatasetAnalysis/HyperKvasir/0_dataset_prep/out/images/test/test_000994.jpg,22,z-line,1020,1221,"Question: What finding is shown? Answer: a large, round, red, inflamed area
",question what finding is shown answer a large round red inflamed area,z-line,False,,False,dyed-lifted-polyps,False
test,test_000995,/home/arcturus/Desktop/old/thesis/rag-vqa-medical/Prototyping_reformat/DatasetAnalysis/HyperKvasir/0_dataset_prep/out/images/test/test_000995.jpg,22,z-line,1014,1225,"Question: What finding is shown? Answer: The white part of the esophagus is the stomach
",question what finding is shown answer the white part of the esophagus is the stomach,z-line,False,,False,esophagitis-a,False
test,test_000996,/home/arcturus/Desktop/old/thesis/rag-vqa-medical/Prototyping_reformat/DatasetAnalysis/HyperKvasir/0_dataset_prep/out/images/test/test_000996.jpg,22,z-line,1071,1349,"Question: What finding is shown? Answer: The white patch is the mucosa of the esophagus
",question what finding is shown answer the white patch is the mucosa of the esophagus,z-line,False,,False,esophagitis-a,False
test,test_000997,/home/arcturus/Desktop/old/thesis/rag-vqa-medical/Prototyping_reformat/DatasetAnalysis/HyperKvasir/0_dataset_prep/out/images/test/test_000997.jpg,22,z-line,1012,1221,"Question: What finding is shown? Answer: The image shows the upper part of the esophagus
",question what finding is shown answer the image shows the upper part of the esophagus,z-line,False,,False,polyps,False
test,test_000998,/home/arcturus/Desktop/old/thesis/rag-vqa-medical/Prototyping_reformat/DatasetAnalysis/HyperKvasir/0_dataset_prep/out/images/test/test_000998.jpg,22,z-line,1013,1225,"Question: What finding is shown? Answer: The right side of the image shows the right side of the esophagus
",question what finding is shown answer the right side of the image shows the right side of the esophagus,z-line,False,,False,esophagitis-b-d,False
test,test_000999,/home/arcturus/Desktop/old/thesis/rag-vqa-medical/Prototyping_reformat/DatasetAnalysis/HyperKvasir/0_dataset_prep/out/images/test/test_000999.jpg,22,z-line,524,613,"Question: What finding is shown? Answer: The right side of the image shows the left side of the tongue
",question what finding is shown answer the right side of the image shows the left side of the tongue,z-line,False,,False,esophagitis-b-d,False
test,test_001000,/home/arcturus/Desktop/old/thesis/rag-vqa-medical/Prototyping_reformat/DatasetAnalysis/HyperKvasir/0_dataset_prep/out/images/test/test_001000.jpg,22,z-line,524,613,"Question: What finding is shown? Answer: The right side of the image shows the left side of the larynx
",question what finding is shown answer the right side of the image shows the left side of the larynx,z-line,False,,False,ileum,False
test,test_001001,/home/arcturus/Desktop/old/thesis/rag-vqa-medical/Prototyping_reformat/DatasetAnalysis/HyperKvasir/0_dataset_prep/out/images/test/test_001001.jpg,22,z-line,1071,1349,"Question: What finding is shown? Answer: The location of the lesion is shown
",question what finding is shown answer the location of the lesion is shown,z-line,False,,False,esophagitis-a,False
test,test_001002,/home/arcturus/Desktop/old/thesis/rag-vqa-medical/Prototyping_reformat/DatasetAnalysis/HyperKvasir/0_dataset_prep/out/images/test/test_001002.jpg,22,z-line,1014,1225,"Question: What finding is shown? Answer: The white part of the esophagus is the stomach
",question what finding is shown answer the white part of the esophagus is the stomach,z-line,False,,False,esophagitis-b-d,False
test,test_001003,/home/arcturus/Desktop/old/thesis/rag-vqa-medical/Prototyping_reformat/DatasetAnalysis/HyperKvasir/0_dataset_prep/out/images/test/test_001003.jpg,22,z-line,1020,1221,"Question: What finding is shown? Answer: The left side of the image shows the left side of the oropharynx
",question what finding is shown answer the left side of the image shows the left side of the oropharynx,z-line,False,,False,esophagitis-a,False
test,test_001004,/home/arcturus/Desktop/old/thesis/rag-vqa-medical/Prototyping_reformat/DatasetAnalysis/HyperKvasir/0_dataset_prep/out/images/test/test_001004.jpg,22,z-line,1012,1225,"Question: What finding is shown? Answer: The white area is the esophagus
",question what finding is shown answer the white area is the esophagus,z-line,False,,False,dyed-lifted-polyps,False
test,test_001005,/home/arcturus/Desktop/old/thesis/rag-vqa-medical/Prototyping_reformat/DatasetAnalysis/HyperKvasir/0_dataset_prep/out/images/test/test_001005.jpg,22,z-line,1012,1221,"Question: What finding is shown? Answer: The right side of the image shows the right side of the esophagus
",question what finding is shown answer the right side of the image shows the right side of the esophagus,z-line,False,,False,esophagitis-a,False
test,test_001006,/home/arcturus/Desktop/old/thesis/rag-vqa-medical/Prototyping_reformat/DatasetAnalysis/HyperKvasir/0_dataset_prep/out/images/test/test_001006.jpg,22,z-line,1071,1349,"Question: What finding is shown? Answer: The right side of the image shows the right side of the esophagus
",question what finding is shown answer the right side of the image shows the right side of the esophagus,z-line,False,,False,esophagitis-a,False
test,test_001007,/home/arcturus/Desktop/old/thesis/rag-vqa-medical/Prototyping_reformat/DatasetAnalysis/HyperKvasir/0_dataset_prep/out/images/test/test_001007.jpg,22,z-line,1071,1349,"Question: What finding is shown? Answer: The left side of the image shows the left side of the tongue, and the right side shows the",question what finding is shown answer the left side of the image shows the left side of the tongue and the right side shows the,z-line,False,,False,esophagitis-a,False
test,test_001008,/home/arcturus/Desktop/old/thesis/rag-vqa-medical/Prototyping_reformat/DatasetAnalysis/HyperKvasir/0_dataset_prep/out/images/test/test_001008.jpg,22,z-line,1071,1349,"Question: What finding is shown? Answer: The right side of the image shows the right side of the esophagus
",question what finding is shown answer the right side of the image shows the right side of the esophagus,z-line,False,,False,ileum,False
test,test_001009,/home/arcturus/Desktop/old/thesis/rag-vqa-medical/Prototyping_reformat/DatasetAnalysis/HyperKvasir/0_dataset_prep/out/images/test/test_001009.jpg,22,z-line,1012,1221,"Question: What finding is shown? Answer: The image shows the upper part of the esophagus
",question what finding is shown answer the image shows the upper part of the esophagus,z-line,False,,False,polyps,False
test,test_001010,/home/arcturus/Desktop/old/thesis/rag-vqa-medical/Prototyping_reformat/DatasetAnalysis/HyperKvasir/0_dataset_prep/out/images/test/test_001010.jpg,22,z-line,1011,1221,"Question: What finding is shown? Answer: The white spot is the esophagus
",question what finding is shown answer the white spot is the esophagus,z-line,False,,False,esophagitis-a,False
test,test_001011,/home/arcturus/Desktop/old/thesis/rag-vqa-medical/Prototyping_reformat/DatasetAnalysis/HyperKvasir/0_dataset_prep/out/images/test/test_001011.jpg,22,z-line,1014,1225,"Question: What finding is shown? Answer: The right side of the image shows the right side of the esophagus
",question what finding is shown answer the right side of the image shows the right side of the esophagus,z-line,False,,False,esophagitis-a,False
test,test_001012,/home/arcturus/Desktop/old/thesis/rag-vqa-medical/Prototyping_reformat/DatasetAnalysis/HyperKvasir/0_dataset_prep/out/images/test/test_001012.jpg,22,z-line,1012,1221,"Question: What finding is shown? Answer: The ureteral catheter
",question what finding is shown answer the ureteral catheter,z-line,False,,False,esophagitis-a,False
test,test_001013,/home/arcturus/Desktop/old/thesis/rag-vqa-medical/Prototyping_reformat/DatasetAnalysis/HyperKvasir/0_dataset_prep/out/images/test/test_001013.jpg,22,z-line,524,613,"Question: What finding is shown? Answer: The left side of the image shows the left side of the tongue, and the right side shows the",question what finding is shown answer the left side of the image shows the left side of the tongue and the right side shows the,z-line,False,,False,esophagitis-a,False
test,test_001014,/home/arcturus/Desktop/old/thesis/rag-vqa-medical/Prototyping_reformat/DatasetAnalysis/HyperKvasir/0_dataset_prep/out/images/test/test_001014.jpg,22,z-line,1071,1349,"Question: What finding is shown? Answer: The left side of the image shows the upper part of the esophagus, the right side shows",question what finding is shown answer the left side of the image shows the upper part of the esophagus the right side shows,z-line,False,,False,esophagitis-a,False
test,test_001015,/home/arcturus/Desktop/old/thesis/rag-vqa-medical/Prototyping_reformat/DatasetAnalysis/HyperKvasir/0_dataset_prep/out/images/test/test_001015.jpg,22,z-line,1071,1349,"Question: What finding is shown? Answer: The left side of the tongue is the most common site of oral cancer
",question what finding is shown answer the left side of the tongue is the most common site of oral cancer,z-line,False,,False,esophagitis-a,False
test,test_001016,/home/arcturus/Desktop/old/thesis/rag-vqa-medical/Prototyping_reformat/DatasetAnalysis/HyperKvasir/0_dataset_prep/out/images/test/test_001016.jpg,22,z-line,1012,1221,"Question: What finding is shown? Answer: The left ear
",question what finding is shown answer the left ear,z-line,False,,False,esophagitis-a,False
test,test_001017,/home/arcturus/Desktop/old/thesis/rag-vqa-medical/Prototyping_reformat/DatasetAnalysis/HyperKvasir/0_dataset_prep/out/images/test/test_001017.jpg,22,z-line,1014,1225,"Question: What finding is shown? Answer: The white spot is the ureter
",question what finding is shown answer the white spot is the ureter,z-line,False,,False,esophagitis-a,False
test,test_001018,/home/arcturus/Desktop/old/thesis/rag-vqa-medical/Prototyping_reformat/DatasetAnalysis/HyperKvasir/0_dataset_prep/out/images/test/test_001018.jpg,22,z-line,1012,1221,"Question: What finding is shown? Answer: The right side of the tongue is the most common site of oral cancer
",question what finding is shown answer the right side of the tongue is the most common site of oral cancer,z-line,False,,False,esophagitis-a,False
test,test_001019,/home/arcturus/Desktop/old/thesis/rag-vqa-medical/Prototyping_reformat/DatasetAnalysis/HyperKvasir/0_dataset_prep/out/images/test/test_001019.jpg,22,z-line,1071,1349,"Question: What finding is shown? Answer: The ureteral wall
",question what finding is shown answer the ureteral wall,z-line,False,,False,esophagitis-a,False
test,test_001020,/home/arcturus/Desktop/old/thesis/rag-vqa-medical/Prototyping_reformat/DatasetAnalysis/HyperKvasir/0_dataset_prep/out/images/test/test_001020.jpg,22,z-line,1012,1221,"Question: What finding is shown? Answer: The white part of the ureter is the ureter
",question what finding is shown answer the white part of the ureter is the ureter,z-line,False,,False,esophagitis-a,False
test,test_001021,/home/arcturus/Desktop/old/thesis/rag-vqa-medical/Prototyping_reformat/DatasetAnalysis/HyperKvasir/0_dataset_prep/out/images/test/test_001021.jpg,22,z-line,1020,1221,"Question: What finding is shown? Answer: The left side of the image shows the left side of the tongue, and the right side shows the",question what finding is shown answer the left side of the image shows the left side of the tongue and the right side shows the,z-line,False,,False,polyps,False
test,test_001022,/home/arcturus/Desktop/old/thesis/rag-vqa-medical/Prototyping_reformat/DatasetAnalysis/HyperKvasir/0_dataset_prep/out/images/test/test_001022.jpg,22,z-line,524,613,"Question: What finding is shown? Answer: The right side of the image shows the right side of the esophagus
",question what finding is shown answer the right side of the image shows the right side of the esophagus,z-line,False,,False,esophagitis-b-d,False
test,test_001023,/home/arcturus/Desktop/old/thesis/rag-vqa-medical/Prototyping_reformat/DatasetAnalysis/HyperKvasir/0_dataset_prep/out/images/test/test_001023.jpg,22,z-line,1013,1225,"Question: What finding is shown? Answer: The right side of the image shows the right side of the tongue
",question what finding is shown answer the right side of the image shows the right side of the tongue,z-line,False,,False,esophagitis-a,False
test,test_001024,/home/arcturus/Desktop/old/thesis/rag-vqa-medical/Prototyping_reformat/DatasetAnalysis/HyperKvasir/0_dataset_prep/out/images/test/test_001024.jpg,22,z-line,1013,1225,"Question: What finding is shown? Answer: The right side of the image shows the left side of the tongue
",question what finding is shown answer the right side of the image shows the left side of the tongue,z-line,False,,False,esophagitis-a,False
test,test_001025,/home/arcturus/Desktop/old/thesis/rag-vqa-medical/Prototyping_reformat/DatasetAnalysis/HyperKvasir/0_dataset_prep/out/images/test/test_001025.jpg,22,z-line,1015,1225,"Question: What finding is shown? Answer: The right side of the image shows the right side of the esophagus
",question what finding is shown answer the right side of the image shows the right side of the esophagus,z-line,False,,False,esophagitis-a,False
test,test_001026,/home/arcturus/Desktop/old/thesis/rag-vqa-medical/Prototyping_reformat/DatasetAnalysis/HyperKvasir/0_dataset_prep/out/images/test/test_001026.jpg,22,z-line,1071,1349,"Question: What finding is shown? Answer: The right side of the image shows the right side of the esophagus
",question what finding is shown answer the right side of the image shows the right side of the esophagus,z-line,False,,False,esophagitis-a,False
test,test_001027,/home/arcturus/Desktop/old/thesis/rag-vqa-medical/Prototyping_reformat/DatasetAnalysis/HyperKvasir/0_dataset_prep/out/images/test/test_001027.jpg,22,z-line,1012,1221,"Question: What finding is shown? Answer: The white part of the tongue is the tongue
",question what finding is shown answer the white part of the tongue is the tongue,z-line,False,,False,esophagitis-a,False
test,test_001028,/home/arcturus/Desktop/old/thesis/rag-vqa-medical/Prototyping_reformat/DatasetAnalysis/HyperKvasir/0_dataset_prep/out/images/test/test_001028.jpg,22,z-line,1012,1221,"Question: What finding is shown? Answer: The white spot is a lesion
",question what finding is shown answer the white spot is a lesion,z-line,False,,False,esophagitis-a,False
test,test_001029,/home/arcturus/Desktop/old/thesis/rag-vqa-medical/Prototyping_reformat/DatasetAnalysis/HyperKvasir/0_dataset_prep/out/images/test/test_001029.jpg,22,z-line,1013,1221,"Question: What finding is shown? Answer: The right side of the image shows the right side of the esophagus
",question what finding is shown answer the right side of the image shows the right side of the esophagus,z-line,False,,False,esophagitis-b-d,False
test,test_001030,/home/arcturus/Desktop/old/thesis/rag-vqa-medical/Prototyping_reformat/DatasetAnalysis/HyperKvasir/0_dataset_prep/out/images/test/test_001030.jpg,22,z-line,524,613,"Question: What finding is shown? Answer: The left ear canal is filled with fluid
",question what finding is shown answer the left ear canal is filled with fluid,z-line,False,,False,esophagitis-a,False
test,test_001031,/home/arcturus/Desktop/old/thesis/rag-vqa-medical/Prototyping_reformat/DatasetAnalysis/HyperKvasir/0_dataset_prep/out/images/test/test_001031.jpg,22,z-line,1071,1349,"Question: What finding is shown? Answer: The right side of the image shows the right side of the esophagus
",question what finding is shown answer the right side of the image shows the right side of the esophagus,z-line,False,,False,ileum,False
test,test_001032,/home/arcturus/Desktop/old/thesis/rag-vqa-medical/Prototyping_reformat/DatasetAnalysis/HyperKvasir/0_dataset_prep/out/images/test/test_001032.jpg,22,z-line,1071,1349,"Question: What finding is shown? Answer: The left side of the image shows the left side of the esophagus, and the right side",question what finding is shown answer the left side of the image shows the left side of the esophagus and the right side,z-line,False,,False,ileum,False
test,test_001033,/home/arcturus/Desktop/old/thesis/rag-vqa-medical/Prototyping_reformat/DatasetAnalysis/HyperKvasir/0_dataset_prep/out/images/test/test_001033.jpg,22,z-line,1012,1221,"Question: What finding is shown? Answer: The right side of the image shows the right side of the esophagus
",question what finding is shown answer the right side of the image shows the right side of the esophagus,z-line,False,,False,esophagitis-a,False
test,test_001034,/home/arcturus/Desktop/old/thesis/rag-vqa-medical/Prototyping_reformat/DatasetAnalysis/HyperKvasir/0_dataset_prep/out/images/test/test_001034.jpg,22,z-line,1012,1221,"Question: What finding is shown? Answer: The white spot is a small, round, non-cancerous lesion in the right upper quad",question what finding is shown answer the white spot is a small round non-cancerous lesion in the right upper quad,z-line,False,,False,esophagitis-a,False
test,test_001035,/home/arcturus/Desktop/old/thesis/rag-vqa-medical/Prototyping_reformat/DatasetAnalysis/HyperKvasir/0_dataset_prep/out/images/test/test_001035.jpg,22,z-line,1012,1221,"Question: What finding is shown? Answer: The white spot is a small, round, non-cancerous tumor
",question what finding is shown answer the white spot is a small round non-cancerous tumor,z-line,False,,False,esophagitis-a,False
test,test_001036,/home/arcturus/Desktop/old/thesis/rag-vqa-medical/Prototyping_reformat/DatasetAnalysis/HyperKvasir/0_dataset_prep/out/images/test/test_001036.jpg,22,z-line,1015,1225,"Question: What finding is shown? Answer: The right side of the image shows the right side of the tongue
",question what finding is shown answer the right side of the image shows the right side of the tongue,z-line,False,,False,esophagitis-a,False
test,test_001037,/home/arcturus/Desktop/old/thesis/rag-vqa-medical/Prototyping_reformat/DatasetAnalysis/HyperKvasir/0_dataset_prep/out/images/test/test_001037.jpg,22,z-line,1013,1225,"Question: What finding is shown? Answer: The right side of the image shows the right side of the tongue
",question what finding is shown answer the right side of the image shows the right side of the tongue,z-line,False,,False,esophagitis-b-d,False
test,test_001038,/home/arcturus/Desktop/old/thesis/rag-vqa-medical/Prototyping_reformat/DatasetAnalysis/HyperKvasir/0_dataset_prep/out/images/test/test_001038.jpg,22,z-line,524,613,"Question: What finding is shown? Answer: The white spot is the eardrum
",question what finding is shown answer the white spot is the eardrum,z-line,False,,False,esophagitis-b-d,False
test,test_001039,/home/arcturus/Desktop/old/thesis/rag-vqa-medical/Prototyping_reformat/DatasetAnalysis/HyperKvasir/0_dataset_prep/out/images/test/test_001039.jpg,22,z-line,1012,1221,"Question: What finding is shown? Answer: The white patch is the epithelium of the uvula
",question what finding is shown answer the white patch is the epithelium of the uvula,z-line,False,,False,esophagitis-a,False
test,test_001040,/home/arcturus/Desktop/old/thesis/rag-vqa-medical/Prototyping_reformat/DatasetAnalysis/HyperKvasir/0_dataset_prep/out/images/test/test_001040.jpg,22,z-line,524,613,"Question: What finding is shown? Answer: The right side of the image shows the right side of the esophagus
",question what finding is shown answer the right side of the image shows the right side of the esophagus,z-line,False,,False,esophagitis-a,False
test,test_001041,/home/arcturus/Desktop/old/thesis/rag-vqa-medical/Prototyping_reformat/DatasetAnalysis/HyperKvasir/0_dataset_prep/out/images/test/test_001041.jpg,22,z-line,1013,1225,"Question: What finding is shown? Answer: The right side of the image shows the right side of the esophagus
",question what finding is shown answer the right side of the image shows the right side of the esophagus,z-line,False,,False,esophagitis-a,False
test,test_001042,/home/arcturus/Desktop/old/thesis/rag-vqa-medical/Prototyping_reformat/DatasetAnalysis/HyperKvasir/0_dataset_prep/out/images/test/test_001042.jpg,22,z-line,1012,1221,"Question: What finding is shown? Answer: The right side of the image shows the right side of the esophagus
",question what finding is shown answer the right side of the image shows the right side of the esophagus,z-line,False,,False,esophagitis-b-d,False
test,test_001043,/home/arcturus/Desktop/old/thesis/rag-vqa-medical/Prototyping_reformat/DatasetAnalysis/HyperKvasir/0_dataset_prep/out/images/test/test_001043.jpg,22,z-line,1012,1221,"Question: What finding is shown? Answer: The white part of the tongue is the tongue
",question what finding is shown answer the white part of the tongue is the tongue,z-line,False,,False,esophagitis-a,False
test,test_001044,/home/arcturus/Desktop/old/thesis/rag-vqa-medical/Prototyping_reformat/DatasetAnalysis/HyperKvasir/0_dataset_prep/out/images/test/test_001044.jpg,22,z-line,1013,1225,"Question: What finding is shown? Answer: The left side of the image shows the left side of the tongue, and the right side shows the",question what finding is shown answer the left side of the image shows the left side of the tongue and the right side shows the,z-line,False,,False,esophagitis-a,False
test,test_001045,/home/arcturus/Desktop/old/thesis/rag-vqa-medical/Prototyping_reformat/DatasetAnalysis/HyperKvasir/0_dataset_prep/out/images/test/test_001045.jpg,22,z-line,1012,1221,"Question: What finding is shown? Answer: The left side of the image shows the left side of the tongue
",question what finding is shown answer the left side of the image shows the left side of the tongue,z-line,False,,False,esophagitis-a,False
test,test_001046,/home/arcturus/Desktop/old/thesis/rag-vqa-medical/Prototyping_reformat/DatasetAnalysis/HyperKvasir/0_dataset_prep/out/images/test/test_001046.jpg,22,z-line,1071,1349,"Question: What finding is shown? Answer: The right side of the lung is enlarged
",question what finding is shown answer the right side of the lung is enlarged,z-line,False,,False,esophagitis-a,False
test,test_001047,/home/arcturus/Desktop/old/thesis/rag-vqa-medical/Prototyping_reformat/DatasetAnalysis/HyperKvasir/0_dataset_prep/out/images/test/test_001047.jpg,22,z-line,1015,1225,"Question: What finding is shown? Answer: The right side of the image shows the right side of the tongue
",question what finding is shown answer the right side of the image shows the right side of the tongue,z-line,False,,False,esophagitis-a,False
test,test_001048,/home/arcturus/Desktop/old/thesis/rag-vqa-medical/Prototyping_reformat/DatasetAnalysis/HyperKvasir/0_dataset_prep/out/images/test/test_001048.jpg,22,z-line,1012,1221,"Question: What finding is shown? Answer: The right side of the image shows the right side of the oropharynx
",question what finding is shown answer the right side of the image shows the right side of the oropharynx,z-line,False,,False,esophagitis-b-d,False
test,test_001049,/home/arcturus/Desktop/old/thesis/rag-vqa-medical/Prototyping_reformat/DatasetAnalysis/HyperKvasir/0_dataset_prep/out/images/test/test_001049.jpg,22,z-line,1013,1225,"Question: What finding is shown? Answer: The right side of the image shows the right side of the esophagus
",question what finding is shown answer the right side of the image shows the right side of the esophagus,z-line,False,,False,esophagitis-b-d,False
test,test_001050,/home/arcturus/Desktop/old/thesis/rag-vqa-medical/Prototyping_reformat/DatasetAnalysis/HyperKvasir/0_dataset_prep/out/images/test/test_001050.jpg,22,z-line,1012,1221,"Question: What finding is shown? Answer: The white spot is a small, round, white, fluid-filled cyst
",question what finding is shown answer the white spot is a small round white fluid-filled cyst,z-line,False,,False,esophagitis-a,False
test,test_001051,/home/arcturus/Desktop/old/thesis/rag-vqa-medical/Prototyping_reformat/DatasetAnalysis/HyperKvasir/0_dataset_prep/out/images/test/test_001051.jpg,22,z-line,1071,1349,"Question: What finding is shown? Answer: The right side of the image shows the right side of the esophagus
",question what finding is shown answer the right side of the image shows the right side of the esophagus,z-line,False,,False,esophagitis-a,False
test,test_001052,/home/arcturus/Desktop/old/thesis/rag-vqa-medical/Prototyping_reformat/DatasetAnalysis/HyperKvasir/0_dataset_prep/out/images/test/test_001052.jpg,22,z-line,524,613,"Question: What finding is shown? Answer: The right side of the image shows the left side of the tongue
",question what finding is shown answer the right side of the image shows the left side of the tongue,z-line,False,,False,esophagitis-a,False
test,test_001053,/home/arcturus/Desktop/old/thesis/rag-vqa-medical/Prototyping_reformat/DatasetAnalysis/HyperKvasir/0_dataset_prep/out/images/test/test_001053.jpg,22,z-line,1012,1221,"Question: What finding is shown? Answer: The white spot is the area of the lung that is affected by the infection
",question what finding is shown answer the white spot is the area of the lung that is affected by the infection,z-line,False,,False,ileum,False
test,test_001054,/home/arcturus/Desktop/old/thesis/rag-vqa-medical/Prototyping_reformat/DatasetAnalysis/HyperKvasir/0_dataset_prep/out/images/test/test_001054.jpg,22,z-line,524,613,"Question: What finding is shown? Answer: The right side of the image shows the right side of the esophagus
",question what finding is shown answer the right side of the image shows the right side of the esophagus,z-line,False,,False,ileum,False
test,test_001055,/home/arcturus/Desktop/old/thesis/rag-vqa-medical/Prototyping_reformat/DatasetAnalysis/HyperKvasir/0_dataset_prep/out/images/test/test_001055.jpg,22,z-line,1020,1221,"Question: What finding is shown? Answer: a small, round, white, fluid-filled cyst
",question what finding is shown answer a small round white fluid-filled cyst,z-line,False,,False,esophagitis-b-d,False
test,test_001056,/home/arcturus/Desktop/old/thesis/rag-vqa-medical/Prototyping_reformat/DatasetAnalysis/HyperKvasir/0_dataset_prep/out/images/test/test_001056.jpg,22,z-line,1013,1225,"Question: What finding is shown? Answer:
",question what finding is shown answer,z-line,False,,False,esophagitis-a,False
test,test_001057,/home/arcturus/Desktop/old/thesis/rag-vqa-medical/Prototyping_reformat/DatasetAnalysis/HyperKvasir/0_dataset_prep/out/images/test/test_001057.jpg,22,z-line,1071,1349,"Question: What finding is shown? Answer: The left side of the image shows the left side of the esophagus, and the right side",question what finding is shown answer the left side of the image shows the left side of the esophagus and the right side,z-line,False,,False,ileum,False
test,test_001058,/home/arcturus/Desktop/old/thesis/rag-vqa-medical/Prototyping_reformat/DatasetAnalysis/HyperKvasir/0_dataset_prep/out/images/test/test_001058.jpg,22,z-line,1012,1221,"Question: What finding is shown? Answer: The white part of the tongue is the tongue
",question what finding is shown answer the white part of the tongue is the tongue,z-line,False,,False,esophagitis-a,False
test,test_001059,/home/arcturus/Desktop/old/thesis/rag-vqa-medical/Prototyping_reformat/DatasetAnalysis/HyperKvasir/0_dataset_prep/out/images/test/test_001059.jpg,22,z-line,1011,1221,"Question: What finding is shown? Answer: The right side of the image shows the right side of the tongue
",question what finding is shown answer the right side of the image shows the right side of the tongue,z-line,False,,False,esophagitis-b-d,False
test,test_001060,/home/arcturus/Desktop/old/thesis/rag-vqa-medical/Prototyping_reformat/DatasetAnalysis/HyperKvasir/0_dataset_prep/out/images/test/test_001060.jpg,22,z-line,1013,1225,"Question: What finding is shown? Answer: The left side of the image shows the left side of the tongue, and the right side shows the",question what finding is shown answer the left side of the image shows the left side of the tongue and the right side shows the,z-line,False,,False,esophagitis-a,False
test,test_001061,/home/arcturus/Desktop/old/thesis/rag-vqa-medical/Prototyping_reformat/DatasetAnalysis/HyperKvasir/0_dataset_prep/out/images/test/test_001061.jpg,22,z-line,1013,1225,"Question: What finding is shown? Answer: The ureteral catheter
",question what finding is shown answer the ureteral catheter,z-line,False,,False,esophagitis-a,False
test,test_001062,/home/arcturus/Desktop/old/thesis/rag-vqa-medical/Prototyping_reformat/DatasetAnalysis/HyperKvasir/0_dataset_prep/out/images/test/test_001062.jpg,22,z-line,1012,1221,"Question: What finding is shown? Answer: The right side of the image shows the right side of the esophagus
",question what finding is shown answer the right side of the image shows the right side of the esophagus,z-line,False,,False,esophagitis-a,False
test,test_001063,/home/arcturus/Desktop/old/thesis/rag-vqa-medical/Prototyping_reformat/DatasetAnalysis/HyperKvasir/0_dataset_prep/out/images/test/test_001063.jpg,22,z-line,1071,1349,"Question: What finding is shown? Answer: The right side of the image shows the right side of the esophagus
",question what finding is shown answer the right side of the image shows the right side of the esophagus,z-line,False,,False,esophagitis-a,False
test,test_001064,/home/arcturus/Desktop/old/thesis/rag-vqa-medical/Prototyping_reformat/DatasetAnalysis/HyperKvasir/0_dataset_prep/out/images/test/test_001064.jpg,22,z-line,1012,1221,"Question: What finding is shown? Answer: The white part of the esophagus is the stomach
",question what finding is shown answer the white part of the esophagus is the stomach,z-line,False,,False,esophagitis-a,False
