split,img_id,image_path,question,answer,question_type,answer_type,orig_height,orig_width,pred_blip_yesno
validation,cla820gl1s3pv071u6kb331te,out/images/raw/cla820gl1s3pv071u6kb331te.jpg,Is this finding easy to detect?,yes,,,576,720,no
validation,cla820gl1s3pv071u6kb331te,out/images/raw/cla820gl1s3pv071u6kb331te.jpg,Is there text?,no,,,576,720,yes
validation,cla820gl1s3pv071u6kb331te,out/images/raw/cla820gl1s3pv071u6kb331te.jpg,Is there a green/black box artefact?,yes,,,576,720,yes
validation,cla820gl2s3rn071u23tn2cc2,out/images/raw/cla820gl2s3rn071u23tn2cc2.jpg,Is this finding easy to detect?,yes,,,576,720,no
validation,cla820gl2s3rn071u23tn2cc2,out/images/raw/cla820gl2s3rn071u23tn2cc2.jpg,Is there a green/black box artefact?,no,,,576,720,no
validation,cla820gl2s3rn071u23tn2cc2,out/images/raw/cla820gl2s3rn071u23tn2cc2.jpg,Is there text?,yes,,,576,720,yes
validation,cla820gl3s3rv071u464g37xw,out/images/raw/cla820gl3s3rv071u464g37xw.jpg,Is there a green/black box artefact?,no,,,576,720,yes
validation,cla820gl3s3rv071u464g37xw,out/images/raw/cla820gl3s3rv071u464g37xw.jpg,Is there text?,yes,,,576,720,yes
validation,cla820gl3s3rv071u464g37xw,out/images/raw/cla820gl3s3rv071u464g37xw.jpg,Is this finding easy to detect?,yes,,,576,720,no
validation,cla820gl3s3sv071u3qhw492a,out/images/raw/cla820gl3s3sv071u3qhw492a.jpg,Is this finding easy to detect?,yes,,,576,720,yes
validation,cla820gl3s3sv071u3qhw492a,out/images/raw/cla820gl3s3sv071u3qhw492a.jpg,Is there text?,yes,,,576,720,yes
validation,cla820gl3s3sv071u3qhw492a,out/images/raw/cla820gl3s3sv071u3qhw492a.jpg,Is there a green/black box artefact?,yes,,,576,720,yes
validation,cla820gl5s3vz071ua6uggyz6,out/images/raw/cla820gl5s3vz071ua6uggyz6.jpg,Is this finding easy to detect?,yes,,,576,720,yes
validation,cla820gl5s3vz071ua6uggyz6,out/images/raw/cla820gl5s3vz071ua6uggyz6.jpg,Is there text?,yes,,,576,720,yes
validation,cla820gl5s3vz071ua6uggyz6,out/images/raw/cla820gl5s3vz071ua6uggyz6.jpg,Is there a green/black box artefact?,no,,,576,720,yes
validation,cla820gl6s3y3071u6gxs1pgc,out/images/raw/cla820gl6s3y3071u6gxs1pgc.jpg,Is there text?,yes,,,576,720,yes
validation,cla820gl6s3y3071u6gxs1pgc,out/images/raw/cla820gl6s3y3071u6gxs1pgc.jpg,Is this finding easy to detect?,yes,,,576,720,no
validation,cla820gl6s3y3071u6gxs1pgc,out/images/raw/cla820gl6s3y3071u6gxs1pgc.jpg,Is there a green/black box artefact?,no,,,576,720,yes
validation,cla820gl7s407071u0j1bd6ly,out/images/raw/cla820gl7s407071u0j1bd6ly.jpg,Is there text?,yes,,,576,720,yes
validation,cla820gl7s407071u0j1bd6ly,out/images/raw/cla820gl7s407071u0j1bd6ly.jpg,Is this finding easy to detect?,yes,,,576,720,no
validation,cla820gl7s407071u0j1bd6ly,out/images/raw/cla820gl7s407071u0j1bd6ly.jpg,Is there a green/black box artefact?,no,,,576,720,no
validation,cla820gl8s40z071u0iu04nv7,out/images/raw/cla820gl8s40z071u0iu04nv7.jpg,Is there text?,yes,,,576,720,yes
validation,cla820gl8s40z071u0iu04nv7,out/images/raw/cla820gl8s40z071u0iu04nv7.jpg,Is this finding easy to detect?,yes,,,576,720,no
validation,cla820gl8s40z071u0iu04nv7,out/images/raw/cla820gl8s40z071u0iu04nv7.jpg,Is there a green/black box artefact?,no,,,576,720,no
validation,cla820glbs467071ufumlfdwb,out/images/raw/cla820glbs467071ufumlfdwb.jpg,Is there a green/black box artefact?,yes,,,576,720,yes
validation,cla820glbs467071ufumlfdwb,out/images/raw/cla820glbs467071ufumlfdwb.jpg,Is there text?,yes,,,576,720,yes
validation,cla820glbs467071ufumlfdwb,out/images/raw/cla820glbs467071ufumlfdwb.jpg,Is this finding easy to detect?,yes,,,576,720,yes
validation,cla820glbs46z071ue1ct0nh8,out/images/raw/cla820glbs46z071ue1ct0nh8.jpg,Is this finding easy to detect?,yes,,,576,720,no
validation,cla820glbs46z071ue1ct0nh8,out/images/raw/cla820glbs46z071ue1ct0nh8.jpg,Is there text?,no,,,576,720,yes
validation,cla820glbs46z071ue1ct0nh8,out/images/raw/cla820glbs46z071ue1ct0nh8.jpg,Is there a green/black box artefact?,yes,,,576,720,yes
validation,cla820glcs47v071u0n7i11qa,out/images/raw/cla820glcs47v071u0n7i11qa.jpg,Is there text?,yes,,,576,720,yes
validation,cla820glcs47v071u0n7i11qa,out/images/raw/cla820glcs47v071u0n7i11qa.jpg,Is this finding easy to detect?,yes,,,576,720,no
validation,cla820glcs47v071u0n7i11qa,out/images/raw/cla820glcs47v071u0n7i11qa.jpg,Is there a green/black box artefact?,no,,,576,720,yes
validation,cla820glcs48b071ueoc59q55,out/images/raw/cla820glcs48b071ueoc59q55.jpg,Is there text?,yes,,,576,720,yes
validation,cla820glcs48b071ueoc59q55,out/images/raw/cla820glcs48b071ueoc59q55.jpg,Is there a green/black box artefact?,no,,,576,720,yes
validation,cla820glcs48b071ueoc59q55,out/images/raw/cla820glcs48b071ueoc59q55.jpg,Is this finding easy to detect?,yes,,,576,720,no
validation,cla820glds497071u4nznh6kl,out/images/raw/cla820glds497071u4nznh6kl.jpg,Is this finding easy to detect?,yes,,,576,720,yes
validation,cla820glds497071u4nznh6kl,out/images/raw/cla820glds497071u4nznh6kl.jpg,Is there a green/black box artefact?,yes,,,576,720,yes
validation,cla820glds497071u4nznh6kl,out/images/raw/cla820glds497071u4nznh6kl.jpg,Is there text?,yes,,,576,720,yes
validation,cla820gles4bz071u8fr012hd,out/images/raw/cla820gles4bz071u8fr012hd.jpg,Is this finding easy to detect?,yes,,,576,720,yes
validation,cla820gles4bz071u8fr012hd,out/images/raw/cla820gles4bz071u8fr012hd.jpg,Is there text?,yes,,,576,720,yes
validation,cla820gles4bz071u8fr012hd,out/images/raw/cla820gles4bz071u8fr012hd.jpg,Is there a green/black box artefact?,yes,,,576,720,yes
validation,cla820gles4cb071u30p914fw,out/images/raw/cla820gles4cb071u30p914fw.jpg,Is there text?,yes,,,576,720,yes
validation,cla820gles4cb071u30p914fw,out/images/raw/cla820gles4cb071u30p914fw.jpg,Is this finding easy to detect?,yes,,,576,720,no
validation,cla820gles4cb071u30p914fw,out/images/raw/cla820gles4cb071u30p914fw.jpg,Is there a green/black box artefact?,no,,,576,720,yes
validation,cla820glfs4cj071u5kek6b66,out/images/raw/cla820glfs4cj071u5kek6b66.jpg,Is there a green/black box artefact?,yes,,,576,720,yes
validation,cla820glfs4cj071u5kek6b66,out/images/raw/cla820glfs4cj071u5kek6b66.jpg,Is there text?,yes,,,576,720,yes
validation,cla820glfs4cj071u5kek6b66,out/images/raw/cla820glfs4cj071u5kek6b66.jpg,Is this finding easy to detect?,yes,,,576,720,yes
validation,cla820glfs4dz071u4zz3h11m,out/images/raw/cla820glfs4dz071u4zz3h11m.jpg,Is there text?,yes,,,1072,1920,yes
validation,cla820glfs4dz071u4zz3h11m,out/images/raw/cla820glfs4dz071u4zz3h11m.jpg,Is this finding easy to detect?,yes,,,1072,1920,yes
validation,cla820glfs4dz071u4zz3h11m,out/images/raw/cla820glfs4dz071u4zz3h11m.jpg,Is there a green/black box artefact?,no,,,1072,1920,no
validation,cla820glgs4er071udnzn4r9b,out/images/raw/cla820glgs4er071udnzn4r9b.jpg,Is there a green/black box artefact?,no,,,576,720,yes
validation,cla820glgs4er071udnzn4r9b,out/images/raw/cla820glgs4er071udnzn4r9b.jpg,Is this finding easy to detect?,yes,,,576,720,no
validation,cla820glgs4er071udnzn4r9b,out/images/raw/cla820glgs4er071udnzn4r9b.jpg,Is there text?,yes,,,576,720,yes
validation,cla820glgs4f7071u3pow4akf,out/images/raw/cla820glgs4f7071u3pow4akf.jpg,Is there a green/black box artefact?,yes,,,576,720,yes
validation,cla820glgs4f7071u3pow4akf,out/images/raw/cla820glgs4f7071u3pow4akf.jpg,Is there text?,no,,,576,720,yes
validation,cla820glgs4f7071u3pow4akf,out/images/raw/cla820glgs4f7071u3pow4akf.jpg,Is this finding easy to detect?,yes,,,576,720,no
validation,cla820glgs4ff071u8us5dw3j,out/images/raw/cla820glgs4ff071u8us5dw3j.jpg,Is there text?,yes,,,576,720,yes
validation,cla820glgs4ff071u8us5dw3j,out/images/raw/cla820glgs4ff071u8us5dw3j.jpg,Is this finding easy to detect?,yes,,,576,720,no
validation,cla820glgs4ff071u8us5dw3j,out/images/raw/cla820glgs4ff071u8us5dw3j.jpg,Is there a green/black box artefact?,yes,,,576,720,yes
validation,cla820glgs4fr071u8va312m9,out/images/raw/cla820glgs4fr071u8va312m9.jpg,Is there text?,yes,,,576,720,yes
validation,cla820glgs4fr071u8va312m9,out/images/raw/cla820glgs4fr071u8va312m9.jpg,Is this finding easy to detect?,yes,,,576,720,no
validation,cla820glgs4fr071u8va312m9,out/images/raw/cla820glgs4fr071u8va312m9.jpg,Is there a green/black box artefact?,yes,,,576,720,yes
validation,cla820glgs4fz071ucke45065,out/images/raw/cla820glgs4fz071ucke45065.jpg,Is there text?,no,,,576,720,yes
validation,cla820glgs4fz071ucke45065,out/images/raw/cla820glgs4fz071ucke45065.jpg,Is this finding easy to detect?,yes,,,576,720,yes
validation,cla820glgs4fz071ucke45065,out/images/raw/cla820glgs4fz071ucke45065.jpg,Is there a green/black box artefact?,yes,,,576,720,yes
validation,cla820glhs4gv071uhfx8hwoo,out/images/raw/cla820glhs4gv071uhfx8hwoo.jpg,Is there text?,yes,,,576,720,yes
validation,cla820glhs4gv071uhfx8hwoo,out/images/raw/cla820glhs4gv071uhfx8hwoo.jpg,Is there a green/black box artefact?,no,,,576,720,yes
validation,cla820glhs4gv071uhfx8hwoo,out/images/raw/cla820glhs4gv071uhfx8hwoo.jpg,Is this finding easy to detect?,yes,,,576,720,no
validation,cla820glhs4h7071ufsvccrv7,out/images/raw/cla820glhs4h7071ufsvccrv7.jpg,Is there a green/black box artefact?,no,,,576,720,yes
validation,cla820glhs4h7071ufsvccrv7,out/images/raw/cla820glhs4h7071ufsvccrv7.jpg,Is there text?,yes,,,576,720,yes
validation,cla820glhs4h7071ufsvccrv7,out/images/raw/cla820glhs4h7071ufsvccrv7.jpg,Is this finding easy to detect?,yes,,,576,720,no
validation,cla820glis4j7071u8wd17ygy,out/images/raw/cla820glis4j7071u8wd17ygy.jpg,Is there text?,yes,,,576,720,yes
validation,cla820glis4j7071u8wd17ygy,out/images/raw/cla820glis4j7071u8wd17ygy.jpg,Is this finding easy to detect?,yes,,,576,720,yes
validation,cla820glis4j7071u8wd17ygy,out/images/raw/cla820glis4j7071u8wd17ygy.jpg,Is there a green/black box artefact?,no,,,576,720,yes
validation,cla820glis4jn071ubfw9bdud,out/images/raw/cla820glis4jn071ubfw9bdud.jpg,Is this finding easy to detect?,yes,,,576,720,no
validation,cla820glis4jn071ubfw9bdud,out/images/raw/cla820glis4jn071ubfw9bdud.jpg,Is there text?,yes,,,576,720,yes
validation,cla820glis4jn071ubfw9bdud,out/images/raw/cla820glis4jn071ubfw9bdud.jpg,Is there a green/black box artefact?,no,,,576,720,yes
validation,cla820gljs4kj071ufgaectxo,out/images/raw/cla820gljs4kj071ufgaectxo.jpg,Is there text?,yes,,,576,720,yes
validation,cla820gljs4kj071ufgaectxo,out/images/raw/cla820gljs4kj071ufgaectxo.jpg,Is there a green/black box artefact?,no,,,576,720,yes
validation,cla820gljs4kj071ufgaectxo,out/images/raw/cla820gljs4kj071ufgaectxo.jpg,Is this finding easy to detect?,yes,,,576,720,no
validation,cla820gljs4kv071ugpko5fhz,out/images/raw/cla820gljs4kv071ugpko5fhz.jpg,Is there text?,yes,,,576,720,yes
validation,cla820gljs4kv071ugpko5fhz,out/images/raw/cla820gljs4kv071ugpko5fhz.jpg,Is there a green/black box artefact?,no,,,576,720,yes
validation,cla820gljs4kv071ugpko5fhz,out/images/raw/cla820gljs4kv071ugpko5fhz.jpg,Is this finding easy to detect?,yes,,,576,720,no
validation,cla820glks4lj071ubi733tn9,out/images/raw/cla820glks4lj071ubi733tn9.jpg,Is this finding easy to detect?,yes,,,576,720,no
validation,cla820glks4lj071ubi733tn9,out/images/raw/cla820glks4lj071ubi733tn9.jpg,Is there a green/black box artefact?,yes,,,576,720,yes
validation,cla820glks4lj071ubi733tn9,out/images/raw/cla820glks4lj071ubi733tn9.jpg,Is there text?,no,,,576,720,yes
validation,cla820glls4n3071ub1dx9cxn,out/images/raw/cla820glls4n3071ub1dx9cxn.jpg,Is there text?,yes,,,576,720,yes
validation,cla820glls4n3071ub1dx9cxn,out/images/raw/cla820glls4n3071ub1dx9cxn.jpg,Is there a green/black box artefact?,no,,,576,720,no
validation,cla820glls4n3071ub1dx9cxn,out/images/raw/cla820glls4n3071ub1dx9cxn.jpg,Is this finding easy to detect?,yes,,,576,720,no
validation,cla820glns4pr071u1pnkdizs,out/images/raw/cla820glns4pr071u1pnkdizs.jpg,Is this finding easy to detect?,yes,,,576,720,no
validation,cla820glns4pr071u1pnkdizs,out/images/raw/cla820glns4pr071u1pnkdizs.jpg,Is there text?,yes,,,576,720,yes
validation,cla820glns4pr071u1pnkdizs,out/images/raw/cla820glns4pr071u1pnkdizs.jpg,Is there a green/black box artefact?,no,,,576,720,no
validation,cla820glos4rr071u0ozt8mdm,out/images/raw/cla820glos4rr071u0ozt8mdm.jpg,Is this finding easy to detect?,yes,,,576,720,no
validation,cla820glos4rr071u0ozt8mdm,out/images/raw/cla820glos4rr071u0ozt8mdm.jpg,Is there text?,no,,,576,720,yes
validation,cla820glos4rr071u0ozt8mdm,out/images/raw/cla820glos4rr071u0ozt8mdm.jpg,Is there a green/black box artefact?,yes,,,576,720,yes
validation,cla820glqs4tf071uebf256qf,out/images/raw/cla820glqs4tf071uebf256qf.jpg,Is this finding easy to detect?,yes,,,576,720,no
validation,cla820glqs4tf071uebf256qf,out/images/raw/cla820glqs4tf071uebf256qf.jpg,Is there text?,yes,,,576,720,yes
validation,cla820glqs4tf071uebf256qf,out/images/raw/cla820glqs4tf071uebf256qf.jpg,Is there a green/black box artefact?,no,,,576,720,yes
validation,cla820glrs4vf071u1j3n0v9l,out/images/raw/cla820glrs4vf071u1j3n0v9l.jpg,Is there text?,no,,,576,720,yes
validation,cla820glrs4vf071u1j3n0v9l,out/images/raw/cla820glrs4vf071u1j3n0v9l.jpg,Is this finding easy to detect?,yes,,,576,720,no
validation,cla820glrs4vf071u1j3n0v9l,out/images/raw/cla820glrs4vf071u1j3n0v9l.jpg,Is there a green/black box artefact?,yes,,,576,720,yes
validation,cla820glus4yv071u40q92273,out/images/raw/cla820glus4yv071u40q92273.jpg,Is there a green/black box artefact?,no,,,576,720,yes
validation,cla820glus4yv071u40q92273,out/images/raw/cla820glus4yv071u40q92273.jpg,Is this finding easy to detect?,yes,,,576,720,yes
validation,cla820glus4yv071u40q92273,out/images/raw/cla820glus4yv071u40q92273.jpg,Is there text?,yes,,,576,720,yes
validation,cla820glvs503071ufonj6f1j,out/images/raw/cla820glvs503071ufonj6f1j.jpg,Is there a green/black box artefact?,no,,,576,720,no
validation,cla820glvs503071ufonj6f1j,out/images/raw/cla820glvs503071ufonj6f1j.jpg,Is this finding easy to detect?,no,,,576,720,no
validation,cla820glvs503071ufonj6f1j,out/images/raw/cla820glvs503071ufonj6f1j.jpg,Is there text?,yes,,,576,720,yes
validation,cla820glvs507071u1r6khfwv,out/images/raw/cla820glvs507071u1r6khfwv.jpg,Is this finding easy to detect?,yes,,,576,720,no
validation,cla820glvs507071u1r6khfwv,out/images/raw/cla820glvs507071u1r6khfwv.jpg,Is there text?,yes,,,576,720,yes
validation,cla820glvs507071u1r6khfwv,out/images/raw/cla820glvs507071u1r6khfwv.jpg,Is there a green/black box artefact?,no,,,576,720,yes
validation,cla820glws50r071ucawv6lg5,out/images/raw/cla820glws50r071ucawv6lg5.jpg,Is this finding easy to detect?,yes,,,576,720,no
validation,cla820glws50r071ucawv6lg5,out/images/raw/cla820glws50r071ucawv6lg5.jpg,Is there text?,yes,,,576,720,yes
validation,cla820glws50r071ucawv6lg5,out/images/raw/cla820glws50r071ucawv6lg5.jpg,Is there a green/black box artefact?,no,,,576,720,yes
validation,cla820glws50z071u300wha1x,out/images/raw/cla820glws50z071u300wha1x.jpg,Is there text?,yes,,,576,720,yes
validation,cla820glws50z071u300wha1x,out/images/raw/cla820glws50z071u300wha1x.jpg,Is there a green/black box artefact?,no,,,576,720,yes
validation,cla820glws50z071u300wha1x,out/images/raw/cla820glws50z071u300wha1x.jpg,Is this finding easy to detect?,yes,,,576,720,no
validation,cla820glzs54n071u2ojhbs6l,out/images/raw/cla820glzs54n071u2ojhbs6l.jpg,Is this finding easy to detect?,yes,,,576,720,no
validation,cla820glzs54n071u2ojhbs6l,out/images/raw/cla820glzs54n071u2ojhbs6l.jpg,Is there text?,yes,,,576,720,yes
validation,cla820glzs54n071u2ojhbs6l,out/images/raw/cla820glzs54n071u2ojhbs6l.jpg,Is there a green/black box artefact?,no,,,576,720,yes
validation,cla820gm0s55v071u4c586lps,out/images/raw/cla820gm0s55v071u4c586lps.jpg,Is there a green/black box artefact?,yes,,,576,720,yes
validation,cla820gm0s55v071u4c586lps,out/images/raw/cla820gm0s55v071u4c586lps.jpg,Is there text?,yes,,,576,720,yes
validation,cla820gm0s55v071u4c586lps,out/images/raw/cla820gm0s55v071u4c586lps.jpg,Is this finding easy to detect?,yes,,,576,720,no
validation,cla820gm0s563071u1wfnfv5i,out/images/raw/cla820gm0s563071u1wfnfv5i.jpg,Is there a green/black box artefact?,yes,,,576,720,yes
validation,cla820gm0s563071u1wfnfv5i,out/images/raw/cla820gm0s563071u1wfnfv5i.jpg,Is there text?,no,,,576,720,no
validation,cla820gm0s563071u1wfnfv5i,out/images/raw/cla820gm0s563071u1wfnfv5i.jpg,Is this finding easy to detect?,yes,,,576,720,no
validation,cla820gm0s567071u1ep0fwvf,out/images/raw/cla820gm0s567071u1ep0fwvf.jpg,Is there text?,yes,,,576,720,yes
validation,cla820gm0s567071u1ep0fwvf,out/images/raw/cla820gm0s567071u1ep0fwvf.jpg,Is this finding easy to detect?,yes,,,576,720,yes
validation,cla820gm0s567071u1ep0fwvf,out/images/raw/cla820gm0s567071u1ep0fwvf.jpg,Is there a green/black box artefact?,no,,,576,720,yes
validation,cla820gm2s58j071udmuf4j00,out/images/raw/cla820gm2s58j071udmuf4j00.jpg,Is there text?,yes,,,576,720,yes
validation,cla820gm2s58j071udmuf4j00,out/images/raw/cla820gm2s58j071udmuf4j00.jpg,Is there a green/black box artefact?,no,,,576,720,yes
validation,cla820gm2s58j071udmuf4j00,out/images/raw/cla820gm2s58j071udmuf4j00.jpg,Is this finding easy to detect?,yes,,,576,720,no
validation,cla820gm3s597071ugbnr1100,out/images/raw/cla820gm3s597071ugbnr1100.jpg,Is there text?,yes,,,576,720,yes
validation,cla820gm3s597071ugbnr1100,out/images/raw/cla820gm3s597071ugbnr1100.jpg,Is this finding easy to detect?,yes,,,576,720,no
validation,cla820gm3s597071ugbnr1100,out/images/raw/cla820gm3s597071ugbnr1100.jpg,Is there a green/black box artefact?,no,,,576,720,yes
validation,cla820gm5s5bf071u6yppfvdo,out/images/raw/cla820gm5s5bf071u6yppfvdo.jpg,Is there text?,yes,,,576,720,yes
validation,cla820gm5s5bf071u6yppfvdo,out/images/raw/cla820gm5s5bf071u6yppfvdo.jpg,Is this finding easy to detect?,yes,,,576,720,no
validation,cla820gm5s5bf071u6yppfvdo,out/images/raw/cla820gm5s5bf071u6yppfvdo.jpg,Is there a green/black box artefact?,no,,,576,720,yes
validation,cla820gm6s5cf071u06wmfvg9,out/images/raw/cla820gm6s5cf071u06wmfvg9.jpg,Is this finding easy to detect?,yes,,,576,720,yes
validation,cla820gm6s5cf071u06wmfvg9,out/images/raw/cla820gm6s5cf071u06wmfvg9.jpg,Is there a green/black box artefact?,no,,,576,720,yes
validation,cla820gm6s5cf071u06wmfvg9,out/images/raw/cla820gm6s5cf071u06wmfvg9.jpg,Is there text?,yes,,,576,720,yes
validation,cla820gm7s5e7071u45cwfvua,out/images/raw/cla820gm7s5e7071u45cwfvua.jpg,Is there a green/black box artefact?,yes,,,1072,1920,no
validation,cla820gm7s5e7071u45cwfvua,out/images/raw/cla820gm7s5e7071u45cwfvua.jpg,Is there text?,yes,,,1072,1920,yes
validation,cla820gm7s5e7071u45cwfvua,out/images/raw/cla820gm7s5e7071u45cwfvua.jpg,Is this finding easy to detect?,yes,,,1072,1920,yes
validation,cla820gm8s5en071u9fhm2284,out/images/raw/cla820gm8s5en071u9fhm2284.jpg,Is there text?,yes,,,576,720,yes
validation,cla820gm8s5en071u9fhm2284,out/images/raw/cla820gm8s5en071u9fhm2284.jpg,Is this finding easy to detect?,yes,,,576,720,no
validation,cla820gm8s5en071u9fhm2284,out/images/raw/cla820gm8s5en071u9fhm2284.jpg,Is there a green/black box artefact?,yes,,,576,720,yes
validation,cla820gm9s5fz071u2kapfby0,out/images/raw/cla820gm9s5fz071u2kapfby0.jpg,Is there a green/black box artefact?,yes,,,576,720,yes
validation,cla820gm9s5fz071u2kapfby0,out/images/raw/cla820gm9s5fz071u2kapfby0.jpg,Is there text?,no,,,576,720,yes
validation,cla820gm9s5fz071u2kapfby0,out/images/raw/cla820gm9s5fz071u2kapfby0.jpg,Is this finding easy to detect?,yes,,,576,720,no
validation,cla820gmas5hf071u8wl4hv2g,out/images/raw/cla820gmas5hf071u8wl4hv2g.jpg,Is there a green/black box artefact?,no,,,576,720,no
validation,cla820gmas5hf071u8wl4hv2g,out/images/raw/cla820gmas5hf071u8wl4hv2g.jpg,Is this finding easy to detect?,yes,,,576,720,no
validation,cla820gmas5hf071u8wl4hv2g,out/images/raw/cla820gmas5hf071u8wl4hv2g.jpg,Is there text?,yes,,,576,720,yes
validation,cla820gmcs5kr071ubtem3zb1,out/images/raw/cla820gmcs5kr071ubtem3zb1.jpg,Is this finding easy to detect?,yes,,,576,720,yes
validation,cla820gmcs5kr071ubtem3zb1,out/images/raw/cla820gmcs5kr071ubtem3zb1.jpg,Is there a green/black box artefact?,yes,,,576,720,yes
validation,cla820gmcs5kr071ubtem3zb1,out/images/raw/cla820gmcs5kr071ubtem3zb1.jpg,Is there text?,no,,,576,720,no
validation,cla820gmds5l7071ucfhi2562,out/images/raw/cla820gmds5l7071ucfhi2562.jpg,Is this finding easy to detect?,yes,,,576,720,no
validation,cla820gmds5l7071ucfhi2562,out/images/raw/cla820gmds5l7071ucfhi2562.jpg,Is there a green/black box artefact?,no,,,576,720,no
validation,cla820gmds5l7071ucfhi2562,out/images/raw/cla820gmds5l7071ucfhi2562.jpg,Is there text?,yes,,,576,720,yes
validation,cla820gmds5m7071uciyxc0uh,out/images/raw/cla820gmds5m7071uciyxc0uh.jpg,Is there a green/black box artefact?,no,,,576,720,yes
validation,cla820gmds5m7071uciyxc0uh,out/images/raw/cla820gmds5m7071uciyxc0uh.jpg,Is there text?,yes,,,576,720,yes
validation,cla820gmds5m7071uciyxc0uh,out/images/raw/cla820gmds5m7071uciyxc0uh.jpg,Is this finding easy to detect?,yes,,,576,720,no
validation,cla820gmis5sz071u81qe9qny,out/images/raw/cla820gmis5sz071u81qe9qny.jpg,Is this finding easy to detect?,yes,,,576,720,no
validation,cla820gmis5sz071u81qe9qny,out/images/raw/cla820gmis5sz071u81qe9qny.jpg,Is there a green/black box artefact?,no,,,576,720,yes
validation,cla820gmis5sz071u81qe9qny,out/images/raw/cla820gmis5sz071u81qe9qny.jpg,Is there text?,yes,,,576,720,yes
validation,cla820gmjs5tv071u60pj46dt,out/images/raw/cla820gmjs5tv071u60pj46dt.jpg,Is there text?,yes,,,576,720,yes
validation,cla820gmjs5tv071u60pj46dt,out/images/raw/cla820gmjs5tv071u60pj46dt.jpg,Is this finding easy to detect?,yes,,,576,720,yes
validation,cla820gmjs5tv071u60pj46dt,out/images/raw/cla820gmjs5tv071u60pj46dt.jpg,Is there a green/black box artefact?,yes,,,576,720,yes
validation,cla820gmls5xb071u9njcamwn,out/images/raw/cla820gmls5xb071u9njcamwn.jpg,Is there a green/black box artefact?,yes,,,576,720,yes
validation,cla820gmls5xb071u9njcamwn,out/images/raw/cla820gmls5xb071u9njcamwn.jpg,Is there text?,yes,,,576,720,yes
validation,cla820gmls5xb071u9njcamwn,out/images/raw/cla820gmls5xb071u9njcamwn.jpg,Is this finding easy to detect?,yes,,,576,720,yes
validation,cla820gmls5xr071uhyv8887o,out/images/raw/cla820gmls5xr071uhyv8887o.jpg,Is there text?,yes,,,576,720,yes
validation,cla820gmls5xr071uhyv8887o,out/images/raw/cla820gmls5xr071uhyv8887o.jpg,Is this finding easy to detect?,yes,,,576,720,no
validation,cla820gmls5xr071uhyv8887o,out/images/raw/cla820gmls5xr071uhyv8887o.jpg,Is there a green/black box artefact?,no,,,576,720,no
validation,cla820gmms5zf071udvkw936t,out/images/raw/cla820gmms5zf071udvkw936t.jpg,Is this finding easy to detect?,yes,,,576,720,no
validation,cla820gmms5zf071udvkw936t,out/images/raw/cla820gmms5zf071udvkw936t.jpg,Is there a green/black box artefact?,no,,,576,720,yes
validation,cla820gmms5zf071udvkw936t,out/images/raw/cla820gmms5zf071udvkw936t.jpg,Is there text?,yes,,,576,720,yes
validation,cla820gmns61n071u81lr2utd,out/images/raw/cla820gmns61n071u81lr2utd.jpg,Is there a green/black box artefact?,no,,,576,720,yes
validation,cla820gmns61n071u81lr2utd,out/images/raw/cla820gmns61n071u81lr2utd.jpg,Is this finding easy to detect?,yes,,,576,720,no
validation,cla820gmns61n071u81lr2utd,out/images/raw/cla820gmns61n071u81lr2utd.jpg,Is there text?,yes,,,576,720,yes
validation,cla820gmos633071u2s5l5lpm,out/images/raw/cla820gmos633071u2s5l5lpm.jpg,Is this finding easy to detect?,yes,,,576,720,no
validation,cla820gmos633071u2s5l5lpm,out/images/raw/cla820gmos633071u2s5l5lpm.jpg,Is there a green/black box artefact?,yes,,,576,720,yes
validation,cla820gmos633071u2s5l5lpm,out/images/raw/cla820gmos633071u2s5l5lpm.jpg,Is there text?,yes,,,576,720,yes
validation,cla820gmps63v071u5ir39wzu,out/images/raw/cla820gmps63v071u5ir39wzu.jpg,Is there a green/black box artefact?,no,,,576,720,yes
validation,cla820gmps63v071u5ir39wzu,out/images/raw/cla820gmps63v071u5ir39wzu.jpg,Is there text?,yes,,,576,720,yes
validation,cla820gmps63v071u5ir39wzu,out/images/raw/cla820gmps63v071u5ir39wzu.jpg,Is this finding easy to detect?,yes,,,576,720,no
validation,cla820gmps643071ucbbke1k5,out/images/raw/cla820gmps643071ucbbke1k5.jpg,Is there a green/black box artefact?,no,,,576,720,yes
validation,cla820gmps643071ucbbke1k5,out/images/raw/cla820gmps643071ucbbke1k5.jpg,Is there text?,yes,,,576,720,yes
validation,cla820gmps643071ucbbke1k5,out/images/raw/cla820gmps643071ucbbke1k5.jpg,Is this finding easy to detect?,yes,,,576,720,yes
validation,cla820gmps64f071uanz7g9ta,out/images/raw/cla820gmps64f071uanz7g9ta.jpg,Is this finding easy to detect?,yes,,,576,720,yes
validation,cla820gmps64f071uanz7g9ta,out/images/raw/cla820gmps64f071uanz7g9ta.jpg,Is there a green/black box artefact?,no,,,576,720,yes
validation,cla820gmps64f071uanz7g9ta,out/images/raw/cla820gmps64f071uanz7g9ta.jpg,Is there text?,yes,,,576,720,yes
validation,cla820gmqs65f071ubmlm8ia9,out/images/raw/cla820gmqs65f071ubmlm8ia9.jpg,Is this finding easy to detect?,yes,,,576,720,no
validation,cla820gmqs65f071ubmlm8ia9,out/images/raw/cla820gmqs65f071ubmlm8ia9.jpg,Is there text?,yes,,,576,720,yes
validation,cla820gmqs65f071ubmlm8ia9,out/images/raw/cla820gmqs65f071ubmlm8ia9.jpg,Is there a green/black box artefact?,no,,,576,720,yes
validation,cla820gmrs66f071u2e0m0unl,out/images/raw/cla820gmrs66f071u2e0m0unl.jpg,Is there text?,no,,,576,720,yes
validation,cla820gmrs66f071u2e0m0unl,out/images/raw/cla820gmrs66f071u2e0m0unl.jpg,Is this finding easy to detect?,yes,,,576,720,no
validation,cla820gmrs66f071u2e0m0unl,out/images/raw/cla820gmrs66f071u2e0m0unl.jpg,Is there a green/black box artefact?,yes,,,576,720,yes
validation,cla820gmts68r071u3rz09961,out/images/raw/cla820gmts68r071u3rz09961.jpg,Is there a green/black box artefact?,yes,,,576,720,no
validation,cla820gmts68r071u3rz09961,out/images/raw/cla820gmts68r071u3rz09961.jpg,Is this finding easy to detect?,yes,,,576,720,no
validation,cla820gmts68r071u3rz09961,out/images/raw/cla820gmts68r071u3rz09961.jpg,Is there text?,yes,,,576,720,yes
validation,cla820gmts69b071uhpl3dyhl,out/images/raw/cla820gmts69b071uhpl3dyhl.jpg,Is there text?,yes,,,576,720,yes
validation,cla820gmts69b071uhpl3dyhl,out/images/raw/cla820gmts69b071uhpl3dyhl.jpg,Is there a green/black box artefact?,no,,,576,720,no
validation,cla820gmts69b071uhpl3dyhl,out/images/raw/cla820gmts69b071uhpl3dyhl.jpg,Is this finding easy to detect?,yes,,,576,720,no
validation,cla820gmus6a3071uezzm8dac,out/images/raw/cla820gmus6a3071uezzm8dac.jpg,Is this finding easy to detect?,yes,,,576,720,no
validation,cla820gmus6a3071uezzm8dac,out/images/raw/cla820gmus6a3071uezzm8dac.jpg,Is there a green/black box artefact?,no,,,576,720,yes
validation,cla820gmus6a3071uezzm8dac,out/images/raw/cla820gmus6a3071uezzm8dac.jpg,Is there text?,yes,,,576,720,yes
validation,cla820gmvs6br071u3o1vggjr,out/images/raw/cla820gmvs6br071u3o1vggjr.jpg,Is this finding easy to detect?,yes,,,576,720,yes
validation,cla820gmvs6br071u3o1vggjr,out/images/raw/cla820gmvs6br071u3o1vggjr.jpg,Is there text?,yes,,,576,720,yes
validation,cla820gmvs6br071u3o1vggjr,out/images/raw/cla820gmvs6br071u3o1vggjr.jpg,Is there a green/black box artefact?,yes,,,576,720,yes
validation,cla820gmxs6ej071u0wzqg505,out/images/raw/cla820gmxs6ej071u0wzqg505.jpg,Is this finding easy to detect?,yes,,,576,720,no
validation,cla820gmxs6ej071u0wzqg505,out/images/raw/cla820gmxs6ej071u0wzqg505.jpg,Is there text?,yes,,,576,720,yes
validation,cla820gmxs6ej071u0wzqg505,out/images/raw/cla820gmxs6ej071u0wzqg505.jpg,Is there a green/black box artefact?,no,,,576,720,yes
validation,cla820gmys6f7071u4py0f9we,out/images/raw/cla820gmys6f7071u4py0f9we.jpg,Is there a green/black box artefact?,yes,,,576,720,yes
validation,cla820gmys6f7071u4py0f9we,out/images/raw/cla820gmys6f7071u4py0f9we.jpg,Is this finding easy to detect?,yes,,,576,720,no
validation,cla820gmys6f7071u4py0f9we,out/images/raw/cla820gmys6f7071u4py0f9we.jpg,Is there text?,no,,,576,720,yes
validation,cla820gmys6ff071u838uem5s,out/images/raw/cla820gmys6ff071u838uem5s.jpg,Is there a green/black box artefact?,yes,,,576,720,yes
validation,cla820gmys6ff071u838uem5s,out/images/raw/cla820gmys6ff071u838uem5s.jpg,Is there text?,yes,,,576,720,yes
validation,cla820gmys6ff071u838uem5s,out/images/raw/cla820gmys6ff071u838uem5s.jpg,Is this finding easy to detect?,yes,,,576,720,yes
validation,cla820gmys6g3071ubra6dfgr,out/images/raw/cla820gmys6g3071ubra6dfgr.jpg,Is there a green/black box artefact?,yes,,,576,720,yes
validation,cla820gmys6g3071ubra6dfgr,out/images/raw/cla820gmys6g3071ubra6dfgr.jpg,Is this finding easy to detect?,yes,,,576,720,yes
validation,cla820gmys6g3071ubra6dfgr,out/images/raw/cla820gmys6g3071ubra6dfgr.jpg,Is there text?,yes,,,576,720,yes
validation,cla820gmzs6h7071u78aw3et5,out/images/raw/cla820gmzs6h7071u78aw3et5.jpg,Is this finding easy to detect?,yes,,,576,720,no
validation,cla820gmzs6h7071u78aw3et5,out/images/raw/cla820gmzs6h7071u78aw3et5.jpg,Is there a green/black box artefact?,no,,,576,720,yes
validation,cla820gmzs6h7071u78aw3et5,out/images/raw/cla820gmzs6h7071u78aw3et5.jpg,Is there text?,yes,,,576,720,yes
validation,cla820gn2s6hb071u8wnnh6cc,out/images/raw/cla820gn2s6hb071u8wnnh6cc.jpg,Is there text?,yes,,,576,720,yes
validation,cla820gn2s6hb071u8wnnh6cc,out/images/raw/cla820gn2s6hb071u8wnnh6cc.jpg,Is there a green/black box artefact?,no,,,576,720,yes
validation,cla820gn2s6hb071u8wnnh6cc,out/images/raw/cla820gn2s6hb071u8wnnh6cc.jpg,Is this finding easy to detect?,yes,,,576,720,no
validation,cla820gn3s6i3071u7ohg3qbj,out/images/raw/cla820gn3s6i3071u7ohg3qbj.jpg,Is there text?,yes,,,576,720,yes
validation,cla820gn3s6i3071u7ohg3qbj,out/images/raw/cla820gn3s6i3071u7ohg3qbj.jpg,Is this finding easy to detect?,yes,,,576,720,yes
validation,cla820gn3s6i3071u7ohg3qbj,out/images/raw/cla820gn3s6i3071u7ohg3qbj.jpg,Is there a green/black box artefact?,no,,,576,720,yes
validation,cla820gn3s6if071u2efz098u,out/images/raw/cla820gn3s6if071u2efz098u.jpg,Is there a green/black box artefact?,no,,,576,720,yes
validation,cla820gn3s6if071u2efz098u,out/images/raw/cla820gn3s6if071u2efz098u.jpg,Is this finding easy to detect?,yes,,,576,720,no
validation,cla820gn3s6if071u2efz098u,out/images/raw/cla820gn3s6if071u2efz098u.jpg,Is there text?,yes,,,576,720,yes
validation,cla820gn5s6kn071u8pacbjav,out/images/raw/cla820gn5s6kn071u8pacbjav.jpg,Is this finding easy to detect?,yes,,,576,720,no
validation,cla820gn5s6kn071u8pacbjav,out/images/raw/cla820gn5s6kn071u8pacbjav.jpg,Is there a green/black box artefact?,no,,,576,720,yes
validation,cla820gn5s6kn071u8pacbjav,out/images/raw/cla820gn5s6kn071u8pacbjav.jpg,Is there text?,yes,,,576,720,yes
validation,cla820gn6s6lv071u6ibw16sz,out/images/raw/cla820gn6s6lv071u6ibw16sz.jpg,Is there text?,yes,,,576,720,yes
validation,cla820gn6s6lv071u6ibw16sz,out/images/raw/cla820gn6s6lv071u6ibw16sz.jpg,Is this finding easy to detect?,yes,,,576,720,yes
validation,cla820gn6s6lv071u6ibw16sz,out/images/raw/cla820gn6s6lv071u6ibw16sz.jpg,Is there a green/black box artefact?,no,,,576,720,yes
validation,cla820gn6s6m3071uc9mp6sji,out/images/raw/cla820gn6s6m3071uc9mp6sji.jpg,Is there a green/black box artefact?,no,,,576,720,no
validation,cla820gn6s6m3071uc9mp6sji,out/images/raw/cla820gn6s6m3071uc9mp6sji.jpg,Is this finding easy to detect?,yes,,,576,720,no
validation,cla820gn6s6m3071uc9mp6sji,out/images/raw/cla820gn6s6m3071uc9mp6sji.jpg,Is there text?,yes,,,576,720,yes
validation,cla820gn6s6mf071uftqbgg3l,out/images/raw/cla820gn6s6mf071uftqbgg3l.jpg,Is this finding easy to detect?,yes,,,576,720,no
validation,cla820gn6s6mf071uftqbgg3l,out/images/raw/cla820gn6s6mf071uftqbgg3l.jpg,Is there a green/black box artefact?,no,,,576,720,yes
validation,cla820gn6s6mf071uftqbgg3l,out/images/raw/cla820gn6s6mf071uftqbgg3l.jpg,Is there text?,yes,,,576,720,yes
validation,cla820gn6s6mj071ufu065dcx,out/images/raw/cla820gn6s6mj071ufu065dcx.jpg,Is this finding easy to detect?,yes,,,576,720,yes
validation,cla820gn6s6mj071ufu065dcx,out/images/raw/cla820gn6s6mj071ufu065dcx.jpg,Is there a green/black box artefact?,no,,,576,720,yes
validation,cla820gn6s6mj071ufu065dcx,out/images/raw/cla820gn6s6mj071ufu065dcx.jpg,Is there text?,yes,,,576,720,yes
validation,cla820gn7s6mz071u3ofuh8bs,out/images/raw/cla820gn7s6mz071u3ofuh8bs.jpg,Is there a green/black box artefact?,no,,,576,720,yes
validation,cla820gn7s6mz071u3ofuh8bs,out/images/raw/cla820gn7s6mz071u3ofuh8bs.jpg,Is there text?,yes,,,576,720,yes
validation,cla820gn7s6mz071u3ofuh8bs,out/images/raw/cla820gn7s6mz071u3ofuh8bs.jpg,Is this finding easy to detect?,yes,,,576,720,yes
validation,cla820gn7s6nf071u7txg9xwi,out/images/raw/cla820gn7s6nf071u7txg9xwi.jpg,Is there text?,yes,,,576,720,yes
validation,cla820gn7s6nf071u7txg9xwi,out/images/raw/cla820gn7s6nf071u7txg9xwi.jpg,Is this finding easy to detect?,yes,,,576,720,yes
validation,cla820gn7s6nf071u7txg9xwi,out/images/raw/cla820gn7s6nf071u7txg9xwi.jpg,Is there a green/black box artefact?,no,,,576,720,yes
validation,cla820gn7s6nv071udtpk00fo,out/images/raw/cla820gn7s6nv071udtpk00fo.jpg,Is there a green/black box artefact?,no,,,576,720,yes
validation,cla820gn7s6nv071udtpk00fo,out/images/raw/cla820gn7s6nv071udtpk00fo.jpg,Is there text?,yes,,,576,720,yes
validation,cla820gn7s6nv071udtpk00fo,out/images/raw/cla820gn7s6nv071udtpk00fo.jpg,Is this finding easy to detect?,yes,,,576,720,yes
validation,cla820gn8s6of071u5bae3ift,out/images/raw/cla820gn8s6of071u5bae3ift.jpg,Is this finding easy to detect?,yes,,,576,720,no
validation,cla820gn8s6of071u5bae3ift,out/images/raw/cla820gn8s6of071u5bae3ift.jpg,Is there text?,yes,,,576,720,yes
validation,cla820gn8s6of071u5bae3ift,out/images/raw/cla820gn8s6of071u5bae3ift.jpg,Is there a green/black box artefact?,no,,,576,720,yes
validation,cla820gn8s6pr071uaw0qdq4x,out/images/raw/cla820gn8s6pr071uaw0qdq4x.jpg,Is there a green/black box artefact?,no,,,576,720,no
validation,cla820gn8s6pr071uaw0qdq4x,out/images/raw/cla820gn8s6pr071uaw0qdq4x.jpg,Is there text?,yes,,,576,720,yes
validation,cla820gn8s6pr071uaw0qdq4x,out/images/raw/cla820gn8s6pr071uaw0qdq4x.jpg,Is this finding easy to detect?,yes,,,576,720,no
validation,cla820gn9s6q7071u0z5ifasv,out/images/raw/cla820gn9s6q7071u0z5ifasv.jpg,Is there text?,yes,,,576,720,yes
validation,cla820gn9s6q7071u0z5ifasv,out/images/raw/cla820gn9s6q7071u0z5ifasv.jpg,Is this finding easy to detect?,yes,,,576,720,yes
validation,cla820gn9s6q7071u0z5ifasv,out/images/raw/cla820gn9s6q7071u0z5ifasv.jpg,Is there a green/black box artefact?,no,,,576,720,yes
validation,cla820gn9s6qj071u0dyq6axe,out/images/raw/cla820gn9s6qj071u0dyq6axe.jpg,Is there a green/black box artefact?,yes,,,576,720,yes
validation,cla820gn9s6qj071u0dyq6axe,out/images/raw/cla820gn9s6qj071u0dyq6axe.jpg,Is there text?,no,,,576,720,yes
validation,cla820gn9s6qj071u0dyq6axe,out/images/raw/cla820gn9s6qj071u0dyq6axe.jpg,Is this finding easy to detect?,yes,,,576,720,no
validation,cla820gn9s6qn071u6imo4s20,out/images/raw/cla820gn9s6qn071u6imo4s20.jpg,Is this finding easy to detect?,yes,,,576,720,no
validation,cla820gn9s6qn071u6imo4s20,out/images/raw/cla820gn9s6qn071u6imo4s20.jpg,Is there text?,no,,,576,720,yes
validation,cla820gn9s6qn071u6imo4s20,out/images/raw/cla820gn9s6qn071u6imo4s20.jpg,Is there a green/black box artefact?,yes,,,576,720,yes
validation,cl8k2u1pn1dx708328o6h7alj,out/images/raw/cl8k2u1pn1dx708328o6h7alj.jpg,Have all polyps been removed?,no,,,546,626,yes
validation,cl8k2u1pn1dx708328o6h7alj,out/images/raw/cl8k2u1pn1dx708328o6h7alj.jpg,Is this finding easy to detect?,no,,,546,626,no
validation,cl8k2u1pn1dx708328o6h7alj,out/images/raw/cl8k2u1pn1dx708328o6h7alj.jpg,Is there a green/black box artefact?,yes,,,546,626,yes
validation,cl8k2u1pn1dx708328o6h7alj,out/images/raw/cl8k2u1pn1dx708328o6h7alj.jpg,Is there text?,yes,,,546,626,yes
validation,cl8k2u1po1dyj08325qvkfpfy,out/images/raw/cl8k2u1po1dyj08325qvkfpfy.jpg,Have all polyps been removed?,no,,,528,621,yes
validation,cl8k2u1po1dyj08325qvkfpfy,out/images/raw/cl8k2u1po1dyj08325qvkfpfy.jpg,Is this finding easy to detect?,yes,,,528,621,no
validation,cl8k2u1po1dyj08325qvkfpfy,out/images/raw/cl8k2u1po1dyj08325qvkfpfy.jpg,Is there a green/black box artefact?,no,,,528,621,yes
validation,cl8k2u1po1dyj08325qvkfpfy,out/images/raw/cl8k2u1po1dyj08325qvkfpfy.jpg,Is there text?,yes,,,528,621,yes
validation,cl8k2u1pt1e1j08323lfq47ic,out/images/raw/cl8k2u1pt1e1j08323lfq47ic.jpg,Have all polyps been removed?,no,,,546,626,yes
validation,cl8k2u1pt1e1j08323lfq47ic,out/images/raw/cl8k2u1pt1e1j08323lfq47ic.jpg,Is this finding easy to detect?,no,,,546,626,no
validation,cl8k2u1pt1e1j08323lfq47ic,out/images/raw/cl8k2u1pt1e1j08323lfq47ic.jpg,Is there a green/black box artefact?,yes,,,546,626,no
validation,cl8k2u1pt1e1j08323lfq47ic,out/images/raw/cl8k2u1pt1e1j08323lfq47ic.jpg,Is there text?,yes,,,546,626,yes
validation,cl8k2u1pu1e3j083227mqg1v1,out/images/raw/cl8k2u1pu1e3j083227mqg1v1.jpg,Have all polyps been removed?,no,,,529,623,yes
validation,cl8k2u1pu1e3j083227mqg1v1,out/images/raw/cl8k2u1pu1e3j083227mqg1v1.jpg,Is this finding easy to detect?,yes,,,529,623,no
validation,cl8k2u1pu1e3j083227mqg1v1,out/images/raw/cl8k2u1pu1e3j083227mqg1v1.jpg,Is there a green/black box artefact?,no,,,529,623,yes
validation,cl8k2u1pu1e3j083227mqg1v1,out/images/raw/cl8k2u1pu1e3j083227mqg1v1.jpg,Is there text?,yes,,,529,623,yes
validation,cl8k2u1pv1e5f08322hgfdcr8,out/images/raw/cl8k2u1pv1e5f08322hgfdcr8.jpg,Have all polyps been removed?,no,,,530,598,yes
validation,cl8k2u1pv1e5f08322hgfdcr8,out/images/raw/cl8k2u1pv1e5f08322hgfdcr8.jpg,Is this finding easy to detect?,yes,,,530,598,no
validation,cl8k2u1pv1e5f08322hgfdcr8,out/images/raw/cl8k2u1pv1e5f08322hgfdcr8.jpg,Is there a green/black box artefact?,yes,,,530,598,yes
validation,cl8k2u1pv1e5f08322hgfdcr8,out/images/raw/cl8k2u1pv1e5f08322hgfdcr8.jpg,Is there text?,yes,,,530,598,yes
validation,cl8k2u1px1e7b08320si56wb4,out/images/raw/cl8k2u1px1e7b08320si56wb4.jpg,Have all polyps been removed?,no,,,528,621,yes
validation,cl8k2u1px1e7b08320si56wb4,out/images/raw/cl8k2u1px1e7b08320si56wb4.jpg,Is this finding easy to detect?,yes,,,528,621,no
validation,cl8k2u1px1e7b08320si56wb4,out/images/raw/cl8k2u1px1e7b08320si56wb4.jpg,Is there a green/black box artefact?,no,,,528,621,yes
validation,cl8k2u1px1e7b08320si56wb4,out/images/raw/cl8k2u1px1e7b08320si56wb4.jpg,Is there text?,yes,,,528,621,yes
validation,cl8k2u1px1e7n0832e7p6db2g,out/images/raw/cl8k2u1px1e7n0832e7p6db2g.jpg,Have all polyps been removed?,no,,,546,605,yes
validation,cl8k2u1px1e7n0832e7p6db2g,out/images/raw/cl8k2u1px1e7n0832e7p6db2g.jpg,Is this finding easy to detect?,yes,,,546,605,no
validation,cl8k2u1px1e7n0832e7p6db2g,out/images/raw/cl8k2u1px1e7n0832e7p6db2g.jpg,Is there a green/black box artefact?,yes,,,546,605,no
validation,cl8k2u1px1e7n0832e7p6db2g,out/images/raw/cl8k2u1px1e7n0832e7p6db2g.jpg,Is there text?,yes,,,546,605,yes
validation,cl8k2u1py1e8n08329e9y1aoy,out/images/raw/cl8k2u1py1e8n08329e9y1aoy.jpg,Have all polyps been removed?,no,,,529,622,yes
validation,cl8k2u1py1e8n08329e9y1aoy,out/images/raw/cl8k2u1py1e8n08329e9y1aoy.jpg,Is this finding easy to detect?,yes,,,529,622,no
validation,cl8k2u1py1e8n08329e9y1aoy,out/images/raw/cl8k2u1py1e8n08329e9y1aoy.jpg,Is there a green/black box artefact?,yes,,,529,622,no
validation,cl8k2u1py1e8n08329e9y1aoy,out/images/raw/cl8k2u1py1e8n08329e9y1aoy.jpg,Is there text?,yes,,,529,622,yes
validation,cl8k2u1py1e8z0832gv1t14hb,out/images/raw/cl8k2u1py1e8z0832gv1t14hb.jpg,Have all polyps been removed?,no,,,529,570,yes
validation,cl8k2u1py1e8z0832gv1t14hb,out/images/raw/cl8k2u1py1e8z0832gv1t14hb.jpg,Is this finding easy to detect?,yes,,,529,570,no
validation,cl8k2u1py1e8z0832gv1t14hb,out/images/raw/cl8k2u1py1e8z0832gv1t14hb.jpg,Is there a green/black box artefact?,no,,,529,570,yes
validation,cl8k2u1py1e8z0832gv1t14hb,out/images/raw/cl8k2u1py1e8z0832gv1t14hb.jpg,Is there text?,yes,,,529,570,yes
validation,cl8k2u1pz1ea308323j5wb41g,out/images/raw/cl8k2u1pz1ea308323j5wb41g.jpg,Is this finding easy to detect?,yes,,,530,622,no
validation,cl8k2u1pz1ea308323j5wb41g,out/images/raw/cl8k2u1pz1ea308323j5wb41g.jpg,Have all polyps been removed?,no,,,530,622,yes
validation,cl8k2u1pz1ea308323j5wb41g,out/images/raw/cl8k2u1pz1ea308323j5wb41g.jpg,Is there a green/black box artefact?,yes,,,530,622,no
validation,cl8k2u1pz1ea308323j5wb41g,out/images/raw/cl8k2u1pz1ea308323j5wb41g.jpg,Is there text?,yes,,,530,622,yes
validation,cl8k2u1q01ebv08327ebv2khq,out/images/raw/cl8k2u1q01ebv08327ebv2khq.jpg,Have all polyps been removed?,no,,,529,592,yes
validation,cl8k2u1q01ebv08327ebv2khq,out/images/raw/cl8k2u1q01ebv08327ebv2khq.jpg,Is this finding easy to detect?,yes,,,529,592,no
validation,cl8k2u1q01ebv08327ebv2khq,out/images/raw/cl8k2u1q01ebv08327ebv2khq.jpg,Is there a green/black box artefact?,no,,,529,592,yes
validation,cl8k2u1q01ebv08327ebv2khq,out/images/raw/cl8k2u1q01ebv08327ebv2khq.jpg,Is there text?,yes,,,529,592,yes
validation,cl8k2u1q21edr08324dla53fn,out/images/raw/cl8k2u1q21edr08324dla53fn.jpg,Have all polyps been removed?,no,,,531,622,yes
validation,cl8k2u1q21edr08324dla53fn,out/images/raw/cl8k2u1q21edr08324dla53fn.jpg,Is this finding easy to detect?,yes,,,531,622,no
validation,cl8k2u1q21edr08324dla53fn,out/images/raw/cl8k2u1q21edr08324dla53fn.jpg,Is there a green/black box artefact?,no,,,531,622,yes
validation,cl8k2u1q21edr08324dla53fn,out/images/raw/cl8k2u1q21edr08324dla53fn.jpg,Is there text?,yes,,,531,622,yes
validation,cl8k2u1q21edz08324ekn60rh,out/images/raw/cl8k2u1q21edz08324ekn60rh.jpg,Have all polyps been removed?,no,,,530,576,yes
validation,cl8k2u1q21edz08324ekn60rh,out/images/raw/cl8k2u1q21edz08324ekn60rh.jpg,Is this finding easy to detect?,yes,,,530,576,no
validation,cl8k2u1q21edz08324ekn60rh,out/images/raw/cl8k2u1q21edz08324ekn60rh.jpg,Is there a green/black box artefact?,yes,,,530,576,yes
validation,cl8k2u1q21edz08324ekn60rh,out/images/raw/cl8k2u1q21edz08324ekn60rh.jpg,Is there text?,yes,,,530,576,yes
validation,cl8k2u1q21een0832hbnr9356,out/images/raw/cl8k2u1q21een0832hbnr9356.jpg,Have all polyps been removed?,no,,,530,618,yes
validation,cl8k2u1q21een0832hbnr9356,out/images/raw/cl8k2u1q21een0832hbnr9356.jpg,Is this finding easy to detect?,yes,,,530,618,no
validation,cl8k2u1q21een0832hbnr9356,out/images/raw/cl8k2u1q21een0832hbnr9356.jpg,Is there a green/black box artefact?,yes,,,530,618,no
validation,cl8k2u1q21een0832hbnr9356,out/images/raw/cl8k2u1q21een0832hbnr9356.jpg,Is there text?,yes,,,530,618,yes
validation,cl8k2u1q21eez08326g2d1scs,out/images/raw/cl8k2u1q21eez08326g2d1scs.jpg,Have all polyps been removed?,no,,,530,569,yes
validation,cl8k2u1q21eez08326g2d1scs,out/images/raw/cl8k2u1q21eez08326g2d1scs.jpg,Is this finding easy to detect?,yes,,,530,569,yes
validation,cl8k2u1q21eez08326g2d1scs,out/images/raw/cl8k2u1q21eez08326g2d1scs.jpg,Is there a green/black box artefact?,yes,,,530,569,yes
validation,cl8k2u1q21eez08326g2d1scs,out/images/raw/cl8k2u1q21eez08326g2d1scs.jpg,Is there text?,yes,,,530,569,yes
validation,cl8k2u1q31eg308325gaabrwa,out/images/raw/cl8k2u1q31eg308325gaabrwa.jpg,Have all polyps been removed?,no,,,528,595,yes
validation,cl8k2u1q31eg308325gaabrwa,out/images/raw/cl8k2u1q31eg308325gaabrwa.jpg,Is this finding easy to detect?,yes,,,528,595,no
validation,cl8k2u1q31eg308325gaabrwa,out/images/raw/cl8k2u1q31eg308325gaabrwa.jpg,Is there a green/black box artefact?,no,,,528,595,yes
validation,cl8k2u1q31eg308325gaabrwa,out/images/raw/cl8k2u1q31eg308325gaabrwa.jpg,Is there text?,yes,,,528,595,yes
validation,cl8k2u1q51ejj083293wbaf9v,out/images/raw/cl8k2u1q51ejj083293wbaf9v.jpg,Have all polyps been removed?,no,,,531,622,yes
validation,cl8k2u1q51ejj083293wbaf9v,out/images/raw/cl8k2u1q51ejj083293wbaf9v.jpg,Is this finding easy to detect?,yes,,,531,622,yes
validation,cl8k2u1q51ejj083293wbaf9v,out/images/raw/cl8k2u1q51ejj083293wbaf9v.jpg,Is there a green/black box artefact?,yes,,,531,622,yes
validation,cl8k2u1q51ejj083293wbaf9v,out/images/raw/cl8k2u1q51ejj083293wbaf9v.jpg,Is there text?,yes,,,531,622,yes
validation,cl8k2u1q51ejn08323r71azl9,out/images/raw/cl8k2u1q51ejn08323r71azl9.jpg,Have all polyps been removed?,no,,,530,622,yes
validation,cl8k2u1q51ejn08323r71azl9,out/images/raw/cl8k2u1q51ejn08323r71azl9.jpg,Is this finding easy to detect?,yes,,,530,622,no
validation,cl8k2u1q51ejn08323r71azl9,out/images/raw/cl8k2u1q51ejn08323r71azl9.jpg,Is there a green/black box artefact?,yes,,,530,622,yes
validation,cl8k2u1q51ejn08323r71azl9,out/images/raw/cl8k2u1q51ejn08323r71azl9.jpg,Is there text?,yes,,,530,622,yes
validation,cl8k2u1qa1ekn08326w0x5cor,out/images/raw/cl8k2u1qa1ekn08326w0x5cor.jpg,Have all polyps been removed?,no,,,530,571,yes
validation,cl8k2u1qa1ekn08326w0x5cor,out/images/raw/cl8k2u1qa1ekn08326w0x5cor.jpg,Is this finding easy to detect?,yes,,,530,571,no
validation,cl8k2u1qa1ekn08326w0x5cor,out/images/raw/cl8k2u1qa1ekn08326w0x5cor.jpg,Is there a green/black box artefact?,no,,,530,571,yes
validation,cl8k2u1qa1ekn08326w0x5cor,out/images/raw/cl8k2u1qa1ekn08326w0x5cor.jpg,Is there text?,yes,,,530,571,yes
validation,cl8k2u1qa1ekv08327hblemmg,out/images/raw/cl8k2u1qa1ekv08327hblemmg.jpg,Have all polyps been removed?,no,,,531,570,yes
validation,cl8k2u1qa1ekv08327hblemmg,out/images/raw/cl8k2u1qa1ekv08327hblemmg.jpg,Is this finding easy to detect?,no,,,531,570,no
validation,cl8k2u1qa1ekv08327hblemmg,out/images/raw/cl8k2u1qa1ekv08327hblemmg.jpg,Is there a green/black box artefact?,no,,,531,570,yes
validation,cl8k2u1qa1ekv08327hblemmg,out/images/raw/cl8k2u1qa1ekv08327hblemmg.jpg,Is there text?,yes,,,531,570,yes
validation,cl8k2u1qb1emb083220x33eof,out/images/raw/cl8k2u1qb1emb083220x33eof.jpg,Have all polyps been removed?,no,,,479,570,yes
validation,cl8k2u1qb1emb083220x33eof,out/images/raw/cl8k2u1qb1emb083220x33eof.jpg,Is this finding easy to detect?,no,,,479,570,no
validation,cl8k2u1qb1emb083220x33eof,out/images/raw/cl8k2u1qb1emb083220x33eof.jpg,Is there a green/black box artefact?,yes,,,479,570,yes
validation,cl8k2u1qb1emb083220x33eof,out/images/raw/cl8k2u1qb1emb083220x33eof.jpg,Is there text?,yes,,,479,570,yes
validation,cl8k2u1qb1emf0832hhnhdj47,out/images/raw/cl8k2u1qb1emf0832hhnhdj47.jpg,Have all polyps been removed?,no,,,546,626,yes
validation,cl8k2u1qb1emf0832hhnhdj47,out/images/raw/cl8k2u1qb1emf0832hhnhdj47.jpg,Is this finding easy to detect?,yes,,,546,626,yes
validation,cl8k2u1qb1emf0832hhnhdj47,out/images/raw/cl8k2u1qb1emf0832hhnhdj47.jpg,Is there a green/black box artefact?,yes,,,546,626,no
validation,cl8k2u1qb1emf0832hhnhdj47,out/images/raw/cl8k2u1qb1emf0832hhnhdj47.jpg,Is there text?,yes,,,546,626,yes
validation,cl8k2u1qb1emj0832h81ia67l,out/images/raw/cl8k2u1qb1emj0832h81ia67l.jpg,Have all polyps been removed?,no,,,528,623,yes
validation,cl8k2u1qb1emj0832h81ia67l,out/images/raw/cl8k2u1qb1emj0832h81ia67l.jpg,Is this finding easy to detect?,yes,,,528,623,yes
validation,cl8k2u1qb1emj0832h81ia67l,out/images/raw/cl8k2u1qb1emj0832h81ia67l.jpg,Is there a green/black box artefact?,yes,,,528,623,yes
validation,cl8k2u1qb1emj0832h81ia67l,out/images/raw/cl8k2u1qb1emj0832h81ia67l.jpg,Is there text?,yes,,,528,623,yes
validation,cl8k2u1qc1eof08328fkx645x,out/images/raw/cl8k2u1qc1eof08328fkx645x.jpg,Have all polyps been removed?,no,,,531,622,yes
validation,cl8k2u1qc1eof08328fkx645x,out/images/raw/cl8k2u1qc1eof08328fkx645x.jpg,Is this finding easy to detect?,yes,,,531,622,no
validation,cl8k2u1qc1eof08328fkx645x,out/images/raw/cl8k2u1qc1eof08328fkx645x.jpg,Is there a green/black box artefact?,yes,,,531,622,yes
validation,cl8k2u1qc1eof08328fkx645x,out/images/raw/cl8k2u1qc1eof08328fkx645x.jpg,Is there text?,yes,,,531,622,yes
validation,cl8k2u1qd1epv0832bvqu826o,out/images/raw/cl8k2u1qd1epv0832bvqu826o.jpg,Have all polyps been removed?,no,,,546,626,yes
validation,cl8k2u1qd1epv0832bvqu826o,out/images/raw/cl8k2u1qd1epv0832bvqu826o.jpg,Is this finding easy to detect?,no,,,546,626,no
validation,cl8k2u1qd1epv0832bvqu826o,out/images/raw/cl8k2u1qd1epv0832bvqu826o.jpg,Is there a green/black box artefact?,yes,,,546,626,yes
validation,cl8k2u1qd1epv0832bvqu826o,out/images/raw/cl8k2u1qd1epv0832bvqu826o.jpg,Is there text?,yes,,,546,626,yes
validation,cl8k2u1qf1esv0832f7w7821y,out/images/raw/cl8k2u1qf1esv0832f7w7821y.jpg,Have all polyps been removed?,no,,,546,616,yes
validation,cl8k2u1qf1esv0832f7w7821y,out/images/raw/cl8k2u1qf1esv0832f7w7821y.jpg,Is this finding easy to detect?,yes,,,546,616,yes
validation,cl8k2u1qf1esv0832f7w7821y,out/images/raw/cl8k2u1qf1esv0832f7w7821y.jpg,Is there a green/black box artefact?,no,,,546,616,yes
validation,cl8k2u1qf1esv0832f7w7821y,out/images/raw/cl8k2u1qf1esv0832f7w7821y.jpg,Is there text?,yes,,,546,616,yes
validation,cl8k2u1qf1etj0832chsq1c4g,out/images/raw/cl8k2u1qf1etj0832chsq1c4g.jpg,Have all polyps been removed?,no,,,529,622,yes
validation,cl8k2u1qf1etj0832chsq1c4g,out/images/raw/cl8k2u1qf1etj0832chsq1c4g.jpg,Is this finding easy to detect?,no,,,529,622,no
validation,cl8k2u1qf1etj0832chsq1c4g,out/images/raw/cl8k2u1qf1etj0832chsq1c4g.jpg,Is there a green/black box artefact?,no,,,529,622,yes
validation,cl8k2u1qf1etj0832chsq1c4g,out/images/raw/cl8k2u1qf1etj0832chsq1c4g.jpg,Is there text?,yes,,,529,622,yes
validation,cl8k2u1qg1etv0832ent6hcrw,out/images/raw/cl8k2u1qg1etv0832ent6hcrw.jpg,Have all polyps been removed?,no,,,530,603,yes
validation,cl8k2u1qg1etv0832ent6hcrw,out/images/raw/cl8k2u1qg1etv0832ent6hcrw.jpg,Is this finding easy to detect?,yes,,,530,603,yes
validation,cl8k2u1qg1etv0832ent6hcrw,out/images/raw/cl8k2u1qg1etv0832ent6hcrw.jpg,Is there a green/black box artefact?,yes,,,530,603,yes
validation,cl8k2u1qg1etv0832ent6hcrw,out/images/raw/cl8k2u1qg1etv0832ent6hcrw.jpg,Is there text?,yes,,,530,603,yes
validation,cl8k2u1qh1ewr08324259funk,out/images/raw/cl8k2u1qh1ewr08324259funk.jpg,Have all polyps been removed?,no,,,528,602,yes
validation,cl8k2u1qh1ewr08324259funk,out/images/raw/cl8k2u1qh1ewr08324259funk.jpg,Is this finding easy to detect?,yes,,,528,602,no
validation,cl8k2u1qh1ewr08324259funk,out/images/raw/cl8k2u1qh1ewr08324259funk.jpg,Is there a green/black box artefact?,no,,,528,602,yes
validation,cl8k2u1qh1ewr08324259funk,out/images/raw/cl8k2u1qh1ewr08324259funk.jpg,Is there text?,yes,,,528,602,yes
validation,cl8k2u1qj1exj08326vlp9nev,out/images/raw/cl8k2u1qj1exj08326vlp9nev.jpg,Have all polyps been removed?,no,,,547,626,yes
validation,cl8k2u1qj1exj08326vlp9nev,out/images/raw/cl8k2u1qj1exj08326vlp9nev.jpg,Is this finding easy to detect?,yes,,,547,626,no
validation,cl8k2u1qj1exj08326vlp9nev,out/images/raw/cl8k2u1qj1exj08326vlp9nev.jpg,Is there a green/black box artefact?,yes,,,547,626,yes
validation,cl8k2u1qj1exj08326vlp9nev,out/images/raw/cl8k2u1qj1exj08326vlp9nev.jpg,Is there text?,yes,,,547,626,yes
validation,cl8k2u1ql1ezv0832g0tb4wo5,out/images/raw/cl8k2u1ql1ezv0832g0tb4wo5.jpg,Have all polyps been removed?,no,,,529,615,yes
validation,cl8k2u1ql1ezv0832g0tb4wo5,out/images/raw/cl8k2u1ql1ezv0832g0tb4wo5.jpg,Is this finding easy to detect?,yes,,,529,615,no
validation,cl8k2u1ql1ezv0832g0tb4wo5,out/images/raw/cl8k2u1ql1ezv0832g0tb4wo5.jpg,Is there a green/black box artefact?,no,,,529,615,yes
validation,cl8k2u1ql1ezv0832g0tb4wo5,out/images/raw/cl8k2u1ql1ezv0832g0tb4wo5.jpg,Is there text?,yes,,,529,615,yes
validation,cl8k2u1qp1f1j083208d6ar5i,out/images/raw/cl8k2u1qp1f1j083208d6ar5i.jpg,Have all polyps been removed?,no,,,1072,1920,yes
validation,cl8k2u1qp1f1j083208d6ar5i,out/images/raw/cl8k2u1qp1f1j083208d6ar5i.jpg,Is this finding easy to detect?,yes,,,1072,1920,no
validation,cl8k2u1qp1f1j083208d6ar5i,out/images/raw/cl8k2u1qp1f1j083208d6ar5i.jpg,Is there a green/black box artefact?,yes,,,1072,1920,no
validation,cl8k2u1qp1f1j083208d6ar5i,out/images/raw/cl8k2u1qp1f1j083208d6ar5i.jpg,Is there text?,yes,,,1072,1920,yes
validation,cl8k2u1qp1f1z083237048hcc,out/images/raw/cl8k2u1qp1f1z083237048hcc.jpg,Have all polyps been removed?,no,,,528,614,yes
validation,cl8k2u1qp1f1z083237048hcc,out/images/raw/cl8k2u1qp1f1z083237048hcc.jpg,Is this finding easy to detect?,yes,,,528,614,no
validation,cl8k2u1qp1f1z083237048hcc,out/images/raw/cl8k2u1qp1f1z083237048hcc.jpg,Is there a green/black box artefact?,no,,,528,614,yes
validation,cl8k2u1qp1f1z083237048hcc,out/images/raw/cl8k2u1qp1f1z083237048hcc.jpg,Is there text?,yes,,,528,614,yes
validation,cl8k2u1qr1f4r08323y3d4mne,out/images/raw/cl8k2u1qr1f4r08323y3d4mne.jpg,Have all polyps been removed?,no,,,529,618,yes
validation,cl8k2u1qr1f4r08323y3d4mne,out/images/raw/cl8k2u1qr1f4r08323y3d4mne.jpg,Is this finding easy to detect?,no,,,529,618,no
validation,cl8k2u1qr1f4r08323y3d4mne,out/images/raw/cl8k2u1qr1f4r08323y3d4mne.jpg,Is there a green/black box artefact?,yes,,,529,618,yes
validation,cl8k2u1qr1f4r08323y3d4mne,out/images/raw/cl8k2u1qr1f4r08323y3d4mne.jpg,Is there text?,yes,,,529,618,yes
validation,cl8k2u1qr1f5v0832443d3ywg,out/images/raw/cl8k2u1qr1f5v0832443d3ywg.jpg,Have all polyps been removed?,no,,,530,484,yes
validation,cl8k2u1qr1f5v0832443d3ywg,out/images/raw/cl8k2u1qr1f5v0832443d3ywg.jpg,Is this finding easy to detect?,yes,,,530,484,no
validation,cl8k2u1qr1f5v0832443d3ywg,out/images/raw/cl8k2u1qr1f5v0832443d3ywg.jpg,Is there a green/black box artefact?,yes,,,530,484,no
validation,cl8k2u1qr1f5v0832443d3ywg,out/images/raw/cl8k2u1qr1f5v0832443d3ywg.jpg,Is there text?,no,,,530,484,no
validation,cl8k2u1qs1f6v08325d88g61r,out/images/raw/cl8k2u1qs1f6v08325d88g61r.jpg,Have all polyps been removed?,no,,,530,621,yes
validation,cl8k2u1qs1f6v08325d88g61r,out/images/raw/cl8k2u1qs1f6v08325d88g61r.jpg,Is this finding easy to detect?,yes,,,530,621,no
validation,cl8k2u1qs1f6v08325d88g61r,out/images/raw/cl8k2u1qs1f6v08325d88g61r.jpg,Is there a green/black box artefact?,yes,,,530,621,yes
validation,cl8k2u1qs1f6v08325d88g61r,out/images/raw/cl8k2u1qs1f6v08325d88g61r.jpg,Is there text?,yes,,,530,621,yes
validation,cl8k2u1qs1f7308320i3rbxw7,out/images/raw/cl8k2u1qs1f7308320i3rbxw7.jpg,Have all polyps been removed?,no,,,530,443,yes
validation,cl8k2u1qs1f7308320i3rbxw7,out/images/raw/cl8k2u1qs1f7308320i3rbxw7.jpg,Is this finding easy to detect?,yes,,,530,443,no
validation,cl8k2u1qs1f7308320i3rbxw7,out/images/raw/cl8k2u1qs1f7308320i3rbxw7.jpg,Is there a green/black box artefact?,no,,,530,443,yes
validation,cl8k2u1qs1f7308320i3rbxw7,out/images/raw/cl8k2u1qs1f7308320i3rbxw7.jpg,Is there text?,no,,,530,443,no
validation,cl8k2u1qt1f7j083255togb2f,out/images/raw/cl8k2u1qt1f7j083255togb2f.jpg,Have all polyps been removed?,no,,,529,622,yes
validation,cl8k2u1qt1f7j083255togb2f,out/images/raw/cl8k2u1qt1f7j083255togb2f.jpg,Is this finding easy to detect?,no,,,529,622,no
validation,cl8k2u1qt1f7j083255togb2f,out/images/raw/cl8k2u1qt1f7j083255togb2f.jpg,Is there a green/black box artefact?,no,,,529,622,yes
validation,cl8k2u1qt1f7j083255togb2f,out/images/raw/cl8k2u1qt1f7j083255togb2f.jpg,Is there text?,yes,,,529,622,yes
validation,cl8k2u1qt1f8z0832ce6gfqd8,out/images/raw/cl8k2u1qt1f8z0832ce6gfqd8.jpg,Have all polyps been removed?,no,,,522,621,yes
validation,cl8k2u1qt1f8z0832ce6gfqd8,out/images/raw/cl8k2u1qt1f8z0832ce6gfqd8.jpg,Is this finding easy to detect?,yes,,,522,621,no
validation,cl8k2u1qt1f8z0832ce6gfqd8,out/images/raw/cl8k2u1qt1f8z0832ce6gfqd8.jpg,Is there a green/black box artefact?,no,,,522,621,yes
validation,cl8k2u1qt1f8z0832ce6gfqd8,out/images/raw/cl8k2u1qt1f8z0832ce6gfqd8.jpg,Is there text?,yes,,,522,621,yes
validation,cl8k2u1qu1f9j0832b2iqcggo,out/images/raw/cl8k2u1qu1f9j0832b2iqcggo.jpg,Have all polyps been removed?,no,,,531,554,yes
validation,cl8k2u1qu1f9j0832b2iqcggo,out/images/raw/cl8k2u1qu1f9j0832b2iqcggo.jpg,Is this finding easy to detect?,yes,,,531,554,yes
validation,cl8k2u1qu1f9j0832b2iqcggo,out/images/raw/cl8k2u1qu1f9j0832b2iqcggo.jpg,Is there a green/black box artefact?,yes,,,531,554,yes
validation,cl8k2u1qu1f9j0832b2iqcggo,out/images/raw/cl8k2u1qu1f9j0832b2iqcggo.jpg,Is there text?,yes,,,531,554,yes
validation,cl8k2u1qu1f9r08322xcue2pr,out/images/raw/cl8k2u1qu1f9r08322xcue2pr.jpg,Have all polyps been removed?,no,,,476,576,yes
validation,cl8k2u1qu1f9r08322xcue2pr,out/images/raw/cl8k2u1qu1f9r08322xcue2pr.jpg,Is this finding easy to detect?,yes,,,476,576,no
validation,cl8k2u1qu1f9r08322xcue2pr,out/images/raw/cl8k2u1qu1f9r08322xcue2pr.jpg,Is there a green/black box artefact?,yes,,,476,576,no
validation,cl8k2u1qu1f9r08322xcue2pr,out/images/raw/cl8k2u1qu1f9r08322xcue2pr.jpg,Is there text?,yes,,,476,576,yes
validation,cl8k2u1qv1fb70832en4n4ssc,out/images/raw/cl8k2u1qv1fb70832en4n4ssc.jpg,Have all polyps been removed?,no,,,546,585,yes
validation,cl8k2u1qv1fb70832en4n4ssc,out/images/raw/cl8k2u1qv1fb70832en4n4ssc.jpg,Is this finding easy to detect?,yes,,,546,585,no
validation,cl8k2u1qv1fb70832en4n4ssc,out/images/raw/cl8k2u1qv1fb70832en4n4ssc.jpg,Is there a green/black box artefact?,yes,,,546,585,yes
validation,cl8k2u1qv1fb70832en4n4ssc,out/images/raw/cl8k2u1qv1fb70832en4n4ssc.jpg,Is there text?,yes,,,546,585,yes
validation,cl8k2u1qx1fef0832b8vzh7wv,out/images/raw/cl8k2u1qx1fef0832b8vzh7wv.jpg,Have all polyps been removed?,no,,,530,620,yes
validation,cl8k2u1qx1fef0832b8vzh7wv,out/images/raw/cl8k2u1qx1fef0832b8vzh7wv.jpg,Is this finding easy to detect?,yes,,,530,620,no
validation,cl8k2u1qx1fef0832b8vzh7wv,out/images/raw/cl8k2u1qx1fef0832b8vzh7wv.jpg,Is there a green/black box artefact?,yes,,,530,620,no
validation,cl8k2u1qx1fef0832b8vzh7wv,out/images/raw/cl8k2u1qx1fef0832b8vzh7wv.jpg,Is there text?,yes,,,530,620,yes
validation,cl8k2u1qx1fez0832frjo31n1,out/images/raw/cl8k2u1qx1fez0832frjo31n1.jpg,Have all polyps been removed?,no,,,529,554,yes
validation,cl8k2u1qx1fez0832frjo31n1,out/images/raw/cl8k2u1qx1fez0832frjo31n1.jpg,Is this finding easy to detect?,no,,,529,554,yes
validation,cl8k2u1qx1fez0832frjo31n1,out/images/raw/cl8k2u1qx1fez0832frjo31n1.jpg,Is there a green/black box artefact?,no,,,529,554,no
validation,cl8k2u1qx1fez0832frjo31n1,out/images/raw/cl8k2u1qx1fez0832frjo31n1.jpg,Is there text?,yes,,,529,554,yes
validation,cl8k2u1qy1fgv0832c8ed5egn,out/images/raw/cl8k2u1qy1fgv0832c8ed5egn.jpg,Have all polyps been removed?,no,,,547,626,yes
validation,cl8k2u1qy1fgv0832c8ed5egn,out/images/raw/cl8k2u1qy1fgv0832c8ed5egn.jpg,Is this finding easy to detect?,yes,,,547,626,yes
validation,cl8k2u1qy1fgv0832c8ed5egn,out/images/raw/cl8k2u1qy1fgv0832c8ed5egn.jpg,Is there a green/black box artefact?,yes,,,547,626,yes
validation,cl8k2u1qy1fgv0832c8ed5egn,out/images/raw/cl8k2u1qy1fgv0832c8ed5egn.jpg,Is there text?,yes,,,547,626,yes
validation,cl8k2u1r31fin08328drog55t,out/images/raw/cl8k2u1r31fin08328drog55t.jpg,Have all polyps been removed?,no,,,529,622,yes
validation,cl8k2u1r31fin08328drog55t,out/images/raw/cl8k2u1r31fin08328drog55t.jpg,Is this finding easy to detect?,yes,,,529,622,no
validation,cl8k2u1r31fin08328drog55t,out/images/raw/cl8k2u1r31fin08328drog55t.jpg,Is there a green/black box artefact?,no,,,529,622,yes
validation,cl8k2u1r31fin08328drog55t,out/images/raw/cl8k2u1r31fin08328drog55t.jpg,Is there text?,yes,,,529,622,yes
validation,cl8k2u1r41fjn0832gqxj6ltw,out/images/raw/cl8k2u1r41fjn0832gqxj6ltw.jpg,Have all polyps been removed?,no,,,528,623,yes
validation,cl8k2u1r41fjn0832gqxj6ltw,out/images/raw/cl8k2u1r41fjn0832gqxj6ltw.jpg,Is this finding easy to detect?,yes,,,528,623,no
validation,cl8k2u1r41fjn0832gqxj6ltw,out/images/raw/cl8k2u1r41fjn0832gqxj6ltw.jpg,Is there a green/black box artefact?,no,,,528,623,yes
validation,cl8k2u1r41fjn0832gqxj6ltw,out/images/raw/cl8k2u1r41fjn0832gqxj6ltw.jpg,Is there text?,yes,,,528,623,yes
validation,cl8k2u1r51fmf0832gyc022q6,out/images/raw/cl8k2u1r51fmf0832gyc022q6.jpg,Have all polyps been removed?,no,,,546,626,yes
validation,cl8k2u1r51fmf0832gyc022q6,out/images/raw/cl8k2u1r51fmf0832gyc022q6.jpg,Is this finding easy to detect?,yes,,,546,626,yes
validation,cl8k2u1r51fmf0832gyc022q6,out/images/raw/cl8k2u1r51fmf0832gyc022q6.jpg,Is there a green/black box artefact?,no,,,546,626,yes
validation,cl8k2u1r51fmf0832gyc022q6,out/images/raw/cl8k2u1r51fmf0832gyc022q6.jpg,Is there text?,yes,,,546,626,yes
validation,cl8k2u1r51fmn08327mnlh7p7,out/images/raw/cl8k2u1r51fmn08327mnlh7p7.jpg,Have all polyps been removed?,no,,,547,621,yes
validation,cl8k2u1r51fmn08327mnlh7p7,out/images/raw/cl8k2u1r51fmn08327mnlh7p7.jpg,Is this finding easy to detect?,yes,,,547,621,no
validation,cl8k2u1r51fmn08327mnlh7p7,out/images/raw/cl8k2u1r51fmn08327mnlh7p7.jpg,Is there a green/black box artefact?,yes,,,547,621,yes
validation,cl8k2u1r51fmn08327mnlh7p7,out/images/raw/cl8k2u1r51fmn08327mnlh7p7.jpg,Is there text?,yes,,,547,621,yes
validation,cl8k2u1r51fmv08320cwj4mcx,out/images/raw/cl8k2u1r51fmv08320cwj4mcx.jpg,Is this finding easy to detect?,yes,,,529,621,no
validation,cl8k2u1r51fmv08320cwj4mcx,out/images/raw/cl8k2u1r51fmv08320cwj4mcx.jpg,Have all polyps been removed?,no,,,529,621,yes
validation,cl8k2u1r51fmv08320cwj4mcx,out/images/raw/cl8k2u1r51fmv08320cwj4mcx.jpg,Is there a green/black box artefact?,no,,,529,621,yes
validation,cl8k2u1r51fmv08320cwj4mcx,out/images/raw/cl8k2u1r51fmv08320cwj4mcx.jpg,Is there text?,yes,,,529,621,yes
validation,cl8k2u1r61fnn08326g3e5rkl,out/images/raw/cl8k2u1r61fnn08326g3e5rkl.jpg,Have all polyps been removed?,no,,,547,626,yes
validation,cl8k2u1r61fnn08326g3e5rkl,out/images/raw/cl8k2u1r61fnn08326g3e5rkl.jpg,Is this finding easy to detect?,yes,,,547,626,no
validation,cl8k2u1r61fnn08326g3e5rkl,out/images/raw/cl8k2u1r61fnn08326g3e5rkl.jpg,Is there a green/black box artefact?,yes,,,547,626,yes
validation,cl8k2u1r61fnn08326g3e5rkl,out/images/raw/cl8k2u1r61fnn08326g3e5rkl.jpg,Is there text?,yes,,,547,626,yes
validation,cl8k2u1r71foz083278j63qnm,out/images/raw/cl8k2u1r71foz083278j63qnm.jpg,Have all polyps been removed?,no,,,531,622,yes
validation,cl8k2u1r71foz083278j63qnm,out/images/raw/cl8k2u1r71foz083278j63qnm.jpg,Is this finding easy to detect?,yes,,,531,622,no
validation,cl8k2u1r71foz083278j63qnm,out/images/raw/cl8k2u1r71foz083278j63qnm.jpg,Is there a green/black box artefact?,yes,,,531,622,no
validation,cl8k2u1r71foz083278j63qnm,out/images/raw/cl8k2u1r71foz083278j63qnm.jpg,Is there text?,yes,,,531,622,yes
validation,cl8k2u1r81frf0832aavz1ivt,out/images/raw/cl8k2u1r81frf0832aavz1ivt.jpg,Have all polyps been removed?,no,,,531,620,yes
validation,cl8k2u1r81frf0832aavz1ivt,out/images/raw/cl8k2u1r81frf0832aavz1ivt.jpg,Is this finding easy to detect?,yes,,,531,620,no
validation,cl8k2u1r81frf0832aavz1ivt,out/images/raw/cl8k2u1r81frf0832aavz1ivt.jpg,Is there a green/black box artefact?,no,,,531,620,yes
validation,cl8k2u1r81frf0832aavz1ivt,out/images/raw/cl8k2u1r81frf0832aavz1ivt.jpg,Is there text?,yes,,,531,620,yes
validation,cl8k2u1r81frj08324xv53jew,out/images/raw/cl8k2u1r81frj08324xv53jew.jpg,Have all polyps been removed?,no,,,547,626,yes
validation,cl8k2u1r81frj08324xv53jew,out/images/raw/cl8k2u1r81frj08324xv53jew.jpg,Is this finding easy to detect?,yes,,,547,626,no
validation,cl8k2u1r81frj08324xv53jew,out/images/raw/cl8k2u1r81frj08324xv53jew.jpg,Is there a green/black box artefact?,yes,,,547,626,no
validation,cl8k2u1r81frj08324xv53jew,out/images/raw/cl8k2u1r81frj08324xv53jew.jpg,Is there text?,yes,,,547,626,yes
validation,cl8k2u1r91fs70832aac57pkk,out/images/raw/cl8k2u1r91fs70832aac57pkk.jpg,Have all polyps been removed?,no,,,547,619,yes
validation,cl8k2u1r91fs70832aac57pkk,out/images/raw/cl8k2u1r91fs70832aac57pkk.jpg,Is this finding easy to detect?,yes,,,547,619,no
validation,cl8k2u1r91fs70832aac57pkk,out/images/raw/cl8k2u1r91fs70832aac57pkk.jpg,Is there a green/black box artefact?,yes,,,547,619,no
validation,cl8k2u1r91fs70832aac57pkk,out/images/raw/cl8k2u1r91fs70832aac57pkk.jpg,Is there text?,yes,,,547,619,yes
validation,cl8k2u1r91fsf08326j9n4iwr,out/images/raw/cl8k2u1r91fsf08326j9n4iwr.jpg,Have all polyps been removed?,no,,,529,621,yes
validation,cl8k2u1r91fsf08326j9n4iwr,out/images/raw/cl8k2u1r91fsf08326j9n4iwr.jpg,Is this finding easy to detect?,yes,,,529,621,no
validation,cl8k2u1r91fsf08326j9n4iwr,out/images/raw/cl8k2u1r91fsf08326j9n4iwr.jpg,Is there a green/black box artefact?,no,,,529,621,yes
validation,cl8k2u1r91fsf08326j9n4iwr,out/images/raw/cl8k2u1r91fsf08326j9n4iwr.jpg,Is there text?,yes,,,529,621,yes
validation,cl8k2u1ra1ftb08327dm9ccl5,out/images/raw/cl8k2u1ra1ftb08327dm9ccl5.jpg,Have all polyps been removed?,no,,,528,622,yes
validation,cl8k2u1ra1ftb08327dm9ccl5,out/images/raw/cl8k2u1ra1ftb08327dm9ccl5.jpg,Is this finding easy to detect?,yes,,,528,622,no
validation,cl8k2u1ra1ftb08327dm9ccl5,out/images/raw/cl8k2u1ra1ftb08327dm9ccl5.jpg,Is there a green/black box artefact?,no,,,528,622,yes
validation,cl8k2u1ra1ftb08327dm9ccl5,out/images/raw/cl8k2u1ra1ftb08327dm9ccl5.jpg,Is there text?,yes,,,528,622,yes
validation,cl8k2u1ra1fun08327y67hqks,out/images/raw/cl8k2u1ra1fun08327y67hqks.jpg,Have all polyps been removed?,no,,,531,572,yes
validation,cl8k2u1ra1fun08327y67hqks,out/images/raw/cl8k2u1ra1fun08327y67hqks.jpg,Is this finding easy to detect?,yes,,,531,572,no
validation,cl8k2u1ra1fun08327y67hqks,out/images/raw/cl8k2u1ra1fun08327y67hqks.jpg,Is there a green/black box artefact?,no,,,531,572,yes
validation,cl8k2u1ra1fun08327y67hqks,out/images/raw/cl8k2u1ra1fun08327y67hqks.jpg,Is there text?,yes,,,531,572,yes
validation,cl8k2u1rb1fvz0832auie3734,out/images/raw/cl8k2u1rb1fvz0832auie3734.jpg,Have all polyps been removed?,no,,,546,623,yes
validation,cl8k2u1rb1fvz0832auie3734,out/images/raw/cl8k2u1rb1fvz0832auie3734.jpg,Is this finding easy to detect?,yes,,,546,623,no
validation,cl8k2u1rb1fvz0832auie3734,out/images/raw/cl8k2u1rb1fvz0832auie3734.jpg,Is there a green/black box artefact?,yes,,,546,623,no
validation,cl8k2u1rb1fvz0832auie3734,out/images/raw/cl8k2u1rb1fvz0832auie3734.jpg,Is there text?,yes,,,546,623,no
validation,cl8k2u1rc1fx7083295gpgxz0,out/images/raw/cl8k2u1rc1fx7083295gpgxz0.jpg,Have all polyps been removed?,no,,,530,578,yes
validation,cl8k2u1rc1fx7083295gpgxz0,out/images/raw/cl8k2u1rc1fx7083295gpgxz0.jpg,Is this finding easy to detect?,yes,,,530,578,no
validation,cl8k2u1rc1fx7083295gpgxz0,out/images/raw/cl8k2u1rc1fx7083295gpgxz0.jpg,Is there a green/black box artefact?,yes,,,530,578,yes
validation,cl8k2u1rc1fx7083295gpgxz0,out/images/raw/cl8k2u1rc1fx7083295gpgxz0.jpg,Is there text?,yes,,,530,578,yes
validation,cl8k2u1rc1fxb08322xe8he8a,out/images/raw/cl8k2u1rc1fxb08322xe8he8a.jpg,Have all polyps been removed?,no,,,528,622,yes
validation,cl8k2u1rc1fxb08322xe8he8a,out/images/raw/cl8k2u1rc1fxb08322xe8he8a.jpg,Is this finding easy to detect?,yes,,,528,622,no
validation,cl8k2u1rc1fxb08322xe8he8a,out/images/raw/cl8k2u1rc1fxb08322xe8he8a.jpg,Is there a green/black box artefact?,no,,,528,622,yes
validation,cl8k2u1rc1fxb08322xe8he8a,out/images/raw/cl8k2u1rc1fxb08322xe8he8a.jpg,Is there text?,yes,,,528,622,yes
validation,cl8k2u1rc1fxj08320z30bgrq,out/images/raw/cl8k2u1rc1fxj08320z30bgrq.jpg,Have all polyps been removed?,no,,,1070,1348,yes
validation,cl8k2u1rc1fxj08320z30bgrq,out/images/raw/cl8k2u1rc1fxj08320z30bgrq.jpg,Is this finding easy to detect?,yes,,,1070,1348,no
validation,cl8k2u1rc1fxj08320z30bgrq,out/images/raw/cl8k2u1rc1fxj08320z30bgrq.jpg,Is there a green/black box artefact?,no,,,1070,1348,yes
validation,cl8k2u1rc1fxj08320z30bgrq,out/images/raw/cl8k2u1rc1fxj08320z30bgrq.jpg,Is there text?,no,,,1070,1348,no
validation,cl8k2u1rc1fy30832atalgleg,out/images/raw/cl8k2u1rc1fy30832atalgleg.jpg,Have all polyps been removed?,no,,,531,617,yes
validation,cl8k2u1rc1fy30832atalgleg,out/images/raw/cl8k2u1rc1fy30832atalgleg.jpg,Is this finding easy to detect?,yes,,,531,617,no
validation,cl8k2u1rc1fy30832atalgleg,out/images/raw/cl8k2u1rc1fy30832atalgleg.jpg,Is there a green/black box artefact?,yes,,,531,617,no
validation,cl8k2u1rc1fy30832atalgleg,out/images/raw/cl8k2u1rc1fy30832atalgleg.jpg,Is there text?,yes,,,531,617,yes
validation,cl8k2u1rd1fyn08320lz31fk2,out/images/raw/cl8k2u1rd1fyn08320lz31fk2.jpg,Have all polyps been removed?,no,,,528,607,yes
validation,cl8k2u1rd1fyn08320lz31fk2,out/images/raw/cl8k2u1rd1fyn08320lz31fk2.jpg,Is this finding easy to detect?,yes,,,528,607,no
validation,cl8k2u1rd1fyn08320lz31fk2,out/images/raw/cl8k2u1rd1fyn08320lz31fk2.jpg,Is there a green/black box artefact?,yes,,,528,607,yes
validation,cl8k2u1rd1fyn08320lz31fk2,out/images/raw/cl8k2u1rd1fyn08320lz31fk2.jpg,Is there text?,yes,,,528,607,yes
validation,cl8k2u1re1g0j0832dbga9orj,out/images/raw/cl8k2u1re1g0j0832dbga9orj.jpg,Have all polyps been removed?,no,,,546,612,yes
validation,cl8k2u1re1g0j0832dbga9orj,out/images/raw/cl8k2u1re1g0j0832dbga9orj.jpg,Is this finding easy to detect?,yes,,,546,612,no
validation,cl8k2u1re1g0j0832dbga9orj,out/images/raw/cl8k2u1re1g0j0832dbga9orj.jpg,Is there a green/black box artefact?,yes,,,546,612,yes
validation,cl8k2u1re1g0j0832dbga9orj,out/images/raw/cl8k2u1re1g0j0832dbga9orj.jpg,Is there text?,yes,,,546,612,yes
validation,cl8k2u1rf1g1n0832eso86zpp,out/images/raw/cl8k2u1rf1g1n0832eso86zpp.jpg,Have all polyps been removed?,no,,,546,615,yes
validation,cl8k2u1rf1g1n0832eso86zpp,out/images/raw/cl8k2u1rf1g1n0832eso86zpp.jpg,Is this finding easy to detect?,yes,,,546,615,yes
validation,cl8k2u1rf1g1n0832eso86zpp,out/images/raw/cl8k2u1rf1g1n0832eso86zpp.jpg,Is there a green/black box artefact?,yes,,,546,615,yes
validation,cl8k2u1rf1g1n0832eso86zpp,out/images/raw/cl8k2u1rf1g1n0832eso86zpp.jpg,Is there text?,yes,,,546,615,yes
validation,cl8k2u1rf1g2z08320092gqr4,out/images/raw/cl8k2u1rf1g2z08320092gqr4.jpg,Have all polyps been removed?,no,,,531,622,yes
validation,cl8k2u1rf1g2z08320092gqr4,out/images/raw/cl8k2u1rf1g2z08320092gqr4.jpg,Is this finding easy to detect?,yes,,,531,622,no
validation,cl8k2u1rf1g2z08320092gqr4,out/images/raw/cl8k2u1rf1g2z08320092gqr4.jpg,Is there a green/black box artefact?,yes,,,531,622,yes
validation,cl8k2u1rf1g2z08320092gqr4,out/images/raw/cl8k2u1rf1g2z08320092gqr4.jpg,Is there text?,yes,,,531,622,yes
validation,cl8k2u1rg1g4b08328g80he9k,out/images/raw/cl8k2u1rg1g4b08328g80he9k.jpg,Have all polyps been removed?,no,,,530,566,yes
validation,cl8k2u1rg1g4b08328g80he9k,out/images/raw/cl8k2u1rg1g4b08328g80he9k.jpg,Is this finding easy to detect?,yes,,,530,566,no
validation,cl8k2u1rg1g4b08328g80he9k,out/images/raw/cl8k2u1rg1g4b08328g80he9k.jpg,Is there a green/black box artefact?,yes,,,530,566,no
validation,cl8k2u1rg1g4b08328g80he9k,out/images/raw/cl8k2u1rg1g4b08328g80he9k.jpg,Is there text?,yes,,,530,566,yes
validation,cl8k2u1rh1g6f0832dohu7p97,out/images/raw/cl8k2u1rh1g6f0832dohu7p97.jpg,Have all polyps been removed?,no,,,530,622,yes
validation,cl8k2u1rh1g6f0832dohu7p97,out/images/raw/cl8k2u1rh1g6f0832dohu7p97.jpg,Is there a green/black box artefact?,yes,,,530,622,yes
validation,cl8k2u1rh1g6f0832dohu7p97,out/images/raw/cl8k2u1rh1g6f0832dohu7p97.jpg,Is there text?,yes,,,530,622,yes
validation,cl8k2u1rh1g6f0832dohu7p97,out/images/raw/cl8k2u1rh1g6f0832dohu7p97.jpg,Is this finding easy to detect?,yes,,,530,622,no
validation,cl8k2u1ri1g7708323s3553qj,out/images/raw/cl8k2u1ri1g7708323s3553qj.jpg,Have all polyps been removed?,no,,,546,626,yes
validation,cl8k2u1ri1g7708323s3553qj,out/images/raw/cl8k2u1ri1g7708323s3553qj.jpg,Is this finding easy to detect?,yes,,,546,626,no
validation,cl8k2u1ri1g7708323s3553qj,out/images/raw/cl8k2u1ri1g7708323s3553qj.jpg,Is there a green/black box artefact?,yes,,,546,626,yes
validation,cl8k2u1ri1g7708323s3553qj,out/images/raw/cl8k2u1ri1g7708323s3553qj.jpg,Is there text?,yes,,,546,626,yes
validation,cl8k2u1ri1g7b083229qj5eje,out/images/raw/cl8k2u1ri1g7b083229qj5eje.jpg,Have all polyps been removed?,no,,,529,621,yes
validation,cl8k2u1ri1g7b083229qj5eje,out/images/raw/cl8k2u1ri1g7b083229qj5eje.jpg,Is this finding easy to detect?,yes,,,529,621,no
validation,cl8k2u1ri1g7b083229qj5eje,out/images/raw/cl8k2u1ri1g7b083229qj5eje.jpg,Is there a green/black box artefact?,no,,,529,621,yes
validation,cl8k2u1ri1g7b083229qj5eje,out/images/raw/cl8k2u1ri1g7b083229qj5eje.jpg,Is there text?,yes,,,529,621,yes
validation,cl8k2u1rj1g8v08320acef3gl,out/images/raw/cl8k2u1rj1g8v08320acef3gl.jpg,Have all polyps been removed?,no,,,529,622,yes
validation,cl8k2u1rj1g8v08320acef3gl,out/images/raw/cl8k2u1rj1g8v08320acef3gl.jpg,Is this finding easy to detect?,yes,,,529,622,no
validation,cl8k2u1rj1g8v08320acef3gl,out/images/raw/cl8k2u1rj1g8v08320acef3gl.jpg,Is there a green/black box artefact?,yes,,,529,622,no
validation,cl8k2u1rj1g8v08320acef3gl,out/images/raw/cl8k2u1rj1g8v08320acef3gl.jpg,Is there text?,no,,,529,622,no
validation,cl8k2u1rj1g8z0832bqte1znp,out/images/raw/cl8k2u1rj1g8z0832bqte1znp.jpg,Have all polyps been removed?,no,,,530,622,yes
validation,cl8k2u1rj1g8z0832bqte1znp,out/images/raw/cl8k2u1rj1g8z0832bqte1znp.jpg,Is this finding easy to detect?,yes,,,530,622,no
validation,cl8k2u1rj1g8z0832bqte1znp,out/images/raw/cl8k2u1rj1g8z0832bqte1znp.jpg,Is there a green/black box artefact?,yes,,,530,622,no
validation,cl8k2u1rj1g8z0832bqte1znp,out/images/raw/cl8k2u1rj1g8z0832bqte1znp.jpg,Is there text?,yes,,,530,622,yes
validation,cl8k2u1rn1gef08322xl94mvd,out/images/raw/cl8k2u1rn1gef08322xl94mvd.jpg,Have all polyps been removed?,no,,,492,566,yes
validation,cl8k2u1rn1gef08322xl94mvd,out/images/raw/cl8k2u1rn1gef08322xl94mvd.jpg,Is this finding easy to detect?,yes,,,492,566,no
validation,cl8k2u1rn1gef08322xl94mvd,out/images/raw/cl8k2u1rn1gef08322xl94mvd.jpg,Is there a green/black box artefact?,yes,,,492,566,yes
validation,cl8k2u1rn1gef08322xl94mvd,out/images/raw/cl8k2u1rn1gef08322xl94mvd.jpg,Is there text?,yes,,,492,566,yes
validation,cl8k2u1rn1gev08324sqmblxu,out/images/raw/cl8k2u1rn1gev08324sqmblxu.jpg,Have all polyps been removed?,no,,,529,622,yes
validation,cl8k2u1rn1gev08324sqmblxu,out/images/raw/cl8k2u1rn1gev08324sqmblxu.jpg,Is this finding easy to detect?,yes,,,529,622,no
validation,cl8k2u1rn1gev08324sqmblxu,out/images/raw/cl8k2u1rn1gev08324sqmblxu.jpg,Is there a green/black box artefact?,no,,,529,622,no
validation,cl8k2u1rn1gev08324sqmblxu,out/images/raw/cl8k2u1rn1gev08324sqmblxu.jpg,Is there text?,yes,,,529,622,yes
validation,cl8k2u1rn1gfj08327v8hhy68,out/images/raw/cl8k2u1rn1gfj08327v8hhy68.jpg,Have all polyps been removed?,no,,,576,720,yes
validation,cl8k2u1rn1gfj08327v8hhy68,out/images/raw/cl8k2u1rn1gfj08327v8hhy68.jpg,Is this finding easy to detect?,yes,,,576,720,no
validation,cl8k2u1rn1gfj08327v8hhy68,out/images/raw/cl8k2u1rn1gfj08327v8hhy68.jpg,Is there a green/black box artefact?,no,,,576,720,yes
validation,cl8k2u1rn1gfj08327v8hhy68,out/images/raw/cl8k2u1rn1gfj08327v8hhy68.jpg,Is there text?,yes,,,576,720,yes
validation,cl8k2u1rn1gfn0832hz096gbh,out/images/raw/cl8k2u1rn1gfn0832hz096gbh.jpg,Have all polyps been removed?,no,,,531,621,yes
validation,cl8k2u1rn1gfn0832hz096gbh,out/images/raw/cl8k2u1rn1gfn0832hz096gbh.jpg,Is this finding easy to detect?,yes,,,531,621,no
validation,cl8k2u1rn1gfn0832hz096gbh,out/images/raw/cl8k2u1rn1gfn0832hz096gbh.jpg,Is there a green/black box artefact?,yes,,,531,621,no
validation,cl8k2u1rn1gfn0832hz096gbh,out/images/raw/cl8k2u1rn1gfn0832hz096gbh.jpg,Is there text?,yes,,,531,621,yes
validation,cl8k2u1ro1ggv0832a9zc5yd4,out/images/raw/cl8k2u1ro1ggv0832a9zc5yd4.jpg,Have all polyps been removed?,no,,,528,615,yes
validation,cl8k2u1ro1ggv0832a9zc5yd4,out/images/raw/cl8k2u1ro1ggv0832a9zc5yd4.jpg,Is this finding easy to detect?,yes,,,528,615,no
validation,cl8k2u1ro1ggv0832a9zc5yd4,out/images/raw/cl8k2u1ro1ggv0832a9zc5yd4.jpg,Is there a green/black box artefact?,no,,,528,615,yes
validation,cl8k2u1ro1ggv0832a9zc5yd4,out/images/raw/cl8k2u1ro1ggv0832a9zc5yd4.jpg,Is there text?,yes,,,528,615,yes
validation,cl8k2u1ro1ghj08326vb709of,out/images/raw/cl8k2u1ro1ghj08326vb709of.jpg,Is this finding easy to detect?,yes,,,530,622,no
validation,cl8k2u1ro1ghj08326vb709of,out/images/raw/cl8k2u1ro1ghj08326vb709of.jpg,Is there a green/black box artefact?,yes,,,530,622,yes
validation,cl8k2u1ro1ghj08326vb709of,out/images/raw/cl8k2u1ro1ghj08326vb709of.jpg,Is there text?,yes,,,530,622,yes
validation,cl8k2u1ro1ghj08326vb709of,out/images/raw/cl8k2u1ro1ghj08326vb709of.jpg,Have all polyps been removed?,no,,,530,622,yes
validation,cl8k2u1rq1gjb0832431tbo5r,out/images/raw/cl8k2u1rq1gjb0832431tbo5r.jpg,Is this finding easy to detect?,yes,,,528,612,no
validation,cl8k2u1rq1gjb0832431tbo5r,out/images/raw/cl8k2u1rq1gjb0832431tbo5r.jpg,Have all polyps been removed?,no,,,528,612,yes
validation,cl8k2u1rq1gjb0832431tbo5r,out/images/raw/cl8k2u1rq1gjb0832431tbo5r.jpg,Is there text?,yes,,,528,612,yes
validation,cl8k2u1rq1gjb0832431tbo5r,out/images/raw/cl8k2u1rq1gjb0832431tbo5r.jpg,Is there a green/black box artefact?,no,,,528,612,yes
validation,cl8k2u1rq1gk70832cz1qay0c,out/images/raw/cl8k2u1rq1gk70832cz1qay0c.jpg,Have all polyps been removed?,no,,,530,547,yes
validation,cl8k2u1rq1gk70832cz1qay0c,out/images/raw/cl8k2u1rq1gk70832cz1qay0c.jpg,Is there a green/black box artefact?,yes,,,530,547,no
validation,cl8k2u1rq1gk70832cz1qay0c,out/images/raw/cl8k2u1rq1gk70832cz1qay0c.jpg,Is there text?,yes,,,530,547,yes
validation,cl8k2u1rq1gk70832cz1qay0c,out/images/raw/cl8k2u1rq1gk70832cz1qay0c.jpg,Is this finding easy to detect?,yes,,,530,547,yes
validation,cl8k2u1s31grf08328cwu6q9m,out/images/raw/cl8k2u1s31grf08328cwu6q9m.jpg,Is there a green/black box artefact?,yes,,,547,616,no
validation,cl8k2u1s31grf08328cwu6q9m,out/images/raw/cl8k2u1s31grf08328cwu6q9m.jpg,Have all polyps been removed?,no,,,547,616,yes
validation,cl8k2u1s31grf08328cwu6q9m,out/images/raw/cl8k2u1s31grf08328cwu6q9m.jpg,Is there text?,yes,,,547,616,yes
validation,cl8k2u1s31grf08328cwu6q9m,out/images/raw/cl8k2u1s31grf08328cwu6q9m.jpg,Is this finding easy to detect?,yes,,,547,616,no
validation,cl8k2u1s31grz0832fbss60qz,out/images/raw/cl8k2u1s31grz0832fbss60qz.jpg,Is this finding easy to detect?,yes,,,530,586,no
validation,cl8k2u1s31grz0832fbss60qz,out/images/raw/cl8k2u1s31grz0832fbss60qz.jpg,Is there a green/black box artefact?,yes,,,530,586,yes
validation,cl8k2u1s31grz0832fbss60qz,out/images/raw/cl8k2u1s31grz0832fbss60qz.jpg,Have all polyps been removed?,no,,,530,586,yes
validation,cl8k2u1s31grz0832fbss60qz,out/images/raw/cl8k2u1s31grz0832fbss60qz.jpg,Is there text?,yes,,,530,586,yes
validation,cl8k2u1s31gsb0832cuna6sfu,out/images/raw/cl8k2u1s31gsb0832cuna6sfu.jpg,Have all polyps been removed?,no,,,529,622,yes
validation,cl8k2u1s41gsn0832cre579wm,out/images/raw/cl8k2u1s41gsn0832cre579wm.jpg,Is there text?,yes,,,547,626,yes
validation,cl8k2u1s41gsn0832cre579wm,out/images/raw/cl8k2u1s41gsn0832cre579wm.jpg,Is there a green/black box artefact?,no,,,547,626,yes
validation,cl8k2u1s41gsn0832cre579wm,out/images/raw/cl8k2u1s41gsn0832cre579wm.jpg,Have all polyps been removed?,no,,,547,626,yes
validation,cl8k2u1s41gsn0832cre579wm,out/images/raw/cl8k2u1s41gsn0832cre579wm.jpg,Is this finding easy to detect?,yes,,,547,626,yes
validation,cl8k2u1s51gv30832dg8fac9a,out/images/raw/cl8k2u1s51gv30832dg8fac9a.jpg,Have all polyps been removed?,no,,,531,571,yes
validation,cl8k2u1s51gv30832dg8fac9a,out/images/raw/cl8k2u1s51gv30832dg8fac9a.jpg,Is there text?,yes,,,531,571,yes
validation,cl8k2u1s51gv30832dg8fac9a,out/images/raw/cl8k2u1s51gv30832dg8fac9a.jpg,Is there a green/black box artefact?,no,,,531,571,yes
validation,cl8k2u1s51gv30832dg8fac9a,out/images/raw/cl8k2u1s51gv30832dg8fac9a.jpg,Is this finding easy to detect?,yes,,,531,571,no
validation,cl8k2u1s61gvz0832ci7q14ts,out/images/raw/cl8k2u1s61gvz0832ci7q14ts.jpg,Is there text?,yes,,,528,618,yes
validation,cl8k2u1s61gvz0832ci7q14ts,out/images/raw/cl8k2u1s61gvz0832ci7q14ts.jpg,Is this finding easy to detect?,yes,,,528,618,no
validation,cl8k2u1s61gvz0832ci7q14ts,out/images/raw/cl8k2u1s61gvz0832ci7q14ts.jpg,Is there a green/black box artefact?,no,,,528,618,no
validation,cl8k2u1s61gvz0832ci7q14ts,out/images/raw/cl8k2u1s61gvz0832ci7q14ts.jpg,Have all polyps been removed?,no,,,528,618,yes
validation,cl8k2u1s71gwz083231kff5yp,out/images/raw/cl8k2u1s71gwz083231kff5yp.jpg,Is this finding easy to detect?,yes,,,530,622,no
validation,cl8k2u1s71gwz083231kff5yp,out/images/raw/cl8k2u1s71gwz083231kff5yp.jpg,Is there text?,yes,,,530,622,yes
validation,cl8k2u1s71gwz083231kff5yp,out/images/raw/cl8k2u1s71gwz083231kff5yp.jpg,Have all polyps been removed?,no,,,530,622,yes
validation,cl8k2u1s71gwz083231kff5yp,out/images/raw/cl8k2u1s71gwz083231kff5yp.jpg,Is there a green/black box artefact?,yes,,,530,622,yes
validation,cl8k2u1s81gxz0832fmgd2t3q,out/images/raw/cl8k2u1s81gxz0832fmgd2t3q.jpg,Is this finding easy to detect?,yes,,,530,622,no
validation,cl8k2u1s81gxz0832fmgd2t3q,out/images/raw/cl8k2u1s81gxz0832fmgd2t3q.jpg,Is there text?,yes,,,530,622,yes
validation,cl8k2u1s81gxz0832fmgd2t3q,out/images/raw/cl8k2u1s81gxz0832fmgd2t3q.jpg,Have all polyps been removed?,no,,,530,622,yes
validation,cl8k2u1s81gxz0832fmgd2t3q,out/images/raw/cl8k2u1s81gxz0832fmgd2t3q.jpg,Is there a green/black box artefact?,yes,,,530,622,yes
validation,cl8k2u1st1gyn0832b9uk9uf8,out/images/raw/cl8k2u1st1gyn0832b9uk9uf8.jpg,Have all polyps been removed?,no,,,531,622,yes
validation,cl8k2u1st1gyn0832b9uk9uf8,out/images/raw/cl8k2u1st1gyn0832b9uk9uf8.jpg,Is this finding easy to detect?,yes,,,531,622,no
validation,cl8k2u1st1gyn0832b9uk9uf8,out/images/raw/cl8k2u1st1gyn0832b9uk9uf8.jpg,Is there a green/black box artefact?,yes,,,531,622,no
validation,cl8k2u1st1gyn0832b9uk9uf8,out/images/raw/cl8k2u1st1gyn0832b9uk9uf8.jpg,Is there text?,yes,,,531,622,yes
validation,clb0kvxun8zkk074y1d4o168y,out/images/raw/clb0kvxun8zkk074y1d4o168y.jpg,Is there a green/black box artefact?,no,,,1072,1920,no
validation,clb0kvxun8zkk074y1d4o168y,out/images/raw/clb0kvxun8zkk074y1d4o168y.jpg,Is this finding easy to detect?,no,,,1072,1920,yes
validation,clb0kvxun8zkk074y1d4o168y,out/images/raw/clb0kvxun8zkk074y1d4o168y.jpg,Is there text?,yes,,,1072,1920,yes
validation,clb0kvxur8znc074yg5ny5gy1,out/images/raw/clb0kvxur8znc074yg5ny5gy1.jpg,Is there a green/black box artefact?,no,,,1072,1920,no
validation,clb0kvxur8znc074yg5ny5gy1,out/images/raw/clb0kvxur8znc074yg5ny5gy1.jpg,Is this finding easy to detect?,no,,,1072,1920,no
validation,clb0kvxur8znc074yg5ny5gy1,out/images/raw/clb0kvxur8znc074yg5ny5gy1.jpg,Is there text?,yes,,,1072,1920,yes
validation,clb0kvxus8zo8074y6pz410z6,out/images/raw/clb0kvxus8zo8074y6pz410z6.jpg,Is this finding easy to detect?,no,,,1024,1280,no
validation,clb0kvxus8zo8074y6pz410z6,out/images/raw/clb0kvxus8zo8074y6pz410z6.jpg,Is there a green/black box artefact?,no,,,1024,1280,no
validation,clb0kvxus8zo8074y6pz410z6,out/images/raw/clb0kvxus8zo8074y6pz410z6.jpg,Is there text?,no,,,1024,1280,no
validation,clb0kvxus8zp4074yhyue52t1,out/images/raw/clb0kvxus8zp4074yhyue52t1.jpg,Is there text?,yes,,,1024,1280,no
validation,clb0kvxus8zp4074yhyue52t1,out/images/raw/clb0kvxus8zp4074yhyue52t1.jpg,Is this finding easy to detect?,no,,,1024,1280,no
validation,clb0kvxus8zp4074yhyue52t1,out/images/raw/clb0kvxus8zp4074yhyue52t1.jpg,Is there a green/black box artefact?,no,,,1024,1280,no
validation,clb0kvxut8zpw074ydmnr8f6l,out/images/raw/clb0kvxut8zpw074ydmnr8f6l.jpg,Is there text?,yes,,,1072,1920,yes
validation,clb0kvxut8zpw074ydmnr8f6l,out/images/raw/clb0kvxut8zpw074ydmnr8f6l.jpg,Is there a green/black box artefact?,no,,,1072,1920,no
validation,clb0kvxut8zpw074ydmnr8f6l,out/images/raw/clb0kvxut8zpw074ydmnr8f6l.jpg,Is this finding easy to detect?,no,,,1072,1920,no
validation,clb0kvxut8zq8074y0qrw786f,out/images/raw/clb0kvxut8zq8074y0qrw786f.jpg,Is this finding easy to detect?,no,,,576,720,no
validation,clb0kvxut8zq8074y0qrw786f,out/images/raw/clb0kvxut8zq8074y0qrw786f.jpg,Is there a green/black box artefact?,no,,,576,720,no
validation,clb0kvxut8zq8074y0qrw786f,out/images/raw/clb0kvxut8zq8074y0qrw786f.jpg,Is there text?,no,,,576,720,no
validation,clb0kvxuv8zrw074y9iwrgb8n,out/images/raw/clb0kvxuv8zrw074y9iwrgb8n.jpg,Is there text?,no,,,1024,1280,no
validation,clb0kvxuv8zrw074y9iwrgb8n,out/images/raw/clb0kvxuv8zrw074y9iwrgb8n.jpg,Is this finding easy to detect?,no,,,1024,1280,no
validation,clb0kvxuv8zrw074y9iwrgb8n,out/images/raw/clb0kvxuv8zrw074y9iwrgb8n.jpg,Is there a green/black box artefact?,no,,,1024,1280,yes
validation,clb0kvxuv8zs0074yc3da22oc,out/images/raw/clb0kvxuv8zs0074yc3da22oc.jpg,Is there a green/black box artefact?,no,,,1024,1280,yes
validation,clb0kvxuv8zs0074yc3da22oc,out/images/raw/clb0kvxuv8zs0074yc3da22oc.jpg,Is this finding easy to detect?,no,,,1024,1280,no
validation,clb0kvxuv8zs0074yc3da22oc,out/images/raw/clb0kvxuv8zs0074yc3da22oc.jpg,Is there text?,yes,,,1024,1280,yes
validation,clb0kvxuv8zs4074y63kcdkqh,out/images/raw/clb0kvxuv8zs4074y63kcdkqh.jpg,Is there text?,yes,,,1072,1920,yes
validation,clb0kvxuv8zs4074y63kcdkqh,out/images/raw/clb0kvxuv8zs4074y63kcdkqh.jpg,Is this finding easy to detect?,no,,,1072,1920,no
validation,clb0kvxuv8zs4074y63kcdkqh,out/images/raw/clb0kvxuv8zs4074y63kcdkqh.jpg,Is there a green/black box artefact?,no,,,1072,1920,yes
validation,clb0kvxuw8ztg074y3tg1govn,out/images/raw/clb0kvxuw8ztg074y3tg1govn.jpg,Is there a green/black box artefact?,no,,,1024,1280,yes
validation,clb0kvxuw8ztg074y3tg1govn,out/images/raw/clb0kvxuw8ztg074y3tg1govn.jpg,Is there text?,yes,,,1024,1280,yes
validation,clb0kvxuw8ztg074y3tg1govn,out/images/raw/clb0kvxuw8ztg074y3tg1govn.jpg,Is this finding easy to detect?,no,,,1024,1280,no
validation,clb0kvxux8zuo074y2r20bzu8,out/images/raw/clb0kvxux8zuo074y2r20bzu8.jpg,Is there text?,no,,,1024,1280,no
validation,clb0kvxux8zuo074y2r20bzu8,out/images/raw/clb0kvxux8zuo074y2r20bzu8.jpg,Is there a green/black box artefact?,no,,,1024,1280,no
validation,clb0kvxux8zuo074y2r20bzu8,out/images/raw/clb0kvxux8zuo074y2r20bzu8.jpg,Is this finding easy to detect?,no,,,1024,1280,no
validation,clb0kvxuy8zvk074y8v9e9m25,out/images/raw/clb0kvxuy8zvk074y8v9e9m25.jpg,Is there text?,no,,,1024,1280,no
validation,clb0kvxuy8zvk074y8v9e9m25,out/images/raw/clb0kvxuy8zvk074y8v9e9m25.jpg,Is there a green/black box artefact?,no,,,1024,1280,no
validation,clb0kvxuy8zvk074y8v9e9m25,out/images/raw/clb0kvxuy8zvk074y8v9e9m25.jpg,Is this finding easy to detect?,no,,,1024,1280,no
validation,clb0kvxv08zxg074y2w4lbms9,out/images/raw/clb0kvxv08zxg074y2w4lbms9.jpg,Is there text?,no,,,1024,1280,no
validation,clb0kvxv08zxg074y2w4lbms9,out/images/raw/clb0kvxv08zxg074y2w4lbms9.jpg,Is there a green/black box artefact?,no,,,1024,1280,no
validation,clb0kvxv08zxg074y2w4lbms9,out/images/raw/clb0kvxv08zxg074y2w4lbms9.jpg,Is this finding easy to detect?,no,,,1024,1280,no
validation,clb0kvxv18zy8074yeuspa5jy,out/images/raw/clb0kvxv18zy8074yeuspa5jy.jpg,Is there text?,no,,,1024,1280,no
validation,clb0kvxv18zy8074yeuspa5jy,out/images/raw/clb0kvxv18zy8074yeuspa5jy.jpg,Is this finding easy to detect?,no,,,1024,1280,no
validation,clb0kvxv18zy8074yeuspa5jy,out/images/raw/clb0kvxv18zy8074yeuspa5jy.jpg,Is there a green/black box artefact?,no,,,1024,1280,yes
validation,clb0kvxv28zz4074ydaumfq5d,out/images/raw/clb0kvxv28zz4074ydaumfq5d.jpg,Is this finding easy to detect?,no,,,1072,1920,no
validation,clb0kvxv28zz4074ydaumfq5d,out/images/raw/clb0kvxv28zz4074ydaumfq5d.jpg,Is there a green/black box artefact?,yes,,,1072,1920,no
validation,clb0kvxv28zz4074ydaumfq5d,out/images/raw/clb0kvxv28zz4074ydaumfq5d.jpg,Is there text?,yes,,,1072,1920,yes
validation,clb0kvxv59034074y3mvo42nw,out/images/raw/clb0kvxv59034074y3mvo42nw.jpg,Is this finding easy to detect?,no,,,1024,1280,no
validation,clb0kvxv59034074y3mvo42nw,out/images/raw/clb0kvxv59034074y3mvo42nw.jpg,Is there text?,yes,,,1024,1280,yes
validation,clb0kvxv59034074y3mvo42nw,out/images/raw/clb0kvxv59034074y3mvo42nw.jpg,Is there a green/black box artefact?,no,,,1024,1280,yes
validation,clb0kvxv59044074y99as44qx,out/images/raw/clb0kvxv59044074y99as44qx.jpg,Is there text?,no,,,1024,1280,no
validation,clb0kvxv59044074y99as44qx,out/images/raw/clb0kvxv59044074y99as44qx.jpg,Is there a green/black box artefact?,no,,,1024,1280,no
validation,clb0kvxv59044074y99as44qx,out/images/raw/clb0kvxv59044074y99as44qx.jpg,Is this finding easy to detect?,yes,,,1024,1280,no
validation,clb0kvxv6905g074yc1yh9xje,out/images/raw/clb0kvxv6905g074yc1yh9xje.jpg,Is this finding easy to detect?,no,,,1024,1280,no
validation,clb0kvxv6905g074yc1yh9xje,out/images/raw/clb0kvxv6905g074yc1yh9xje.jpg,Is there text?,no,,,1024,1280,no
validation,clb0kvxv6905g074yc1yh9xje,out/images/raw/clb0kvxv6905g074yc1yh9xje.jpg,Is there a green/black box artefact?,no,,,1024,1280,no
validation,clb0kvxv6906k074y56xz8cyc,out/images/raw/clb0kvxv6906k074y56xz8cyc.jpg,Is this finding easy to detect?,no,,,576,720,no
validation,clb0kvxv6906k074y56xz8cyc,out/images/raw/clb0kvxv6906k074y56xz8cyc.jpg,Is there a green/black box artefact?,no,,,576,720,no
validation,clb0kvxv6906k074y56xz8cyc,out/images/raw/clb0kvxv6906k074y56xz8cyc.jpg,Is there text?,no,,,576,720,no
validation,clb0kvxv7907k074yhv4610cd,out/images/raw/clb0kvxv7907k074yhv4610cd.jpg,Is there a green/black box artefact?,yes,,,1072,1920,no
validation,clb0kvxv7907k074yhv4610cd,out/images/raw/clb0kvxv7907k074yhv4610cd.jpg,Is there text?,yes,,,1072,1920,yes
validation,clb0kvxv7907k074yhv4610cd,out/images/raw/clb0kvxv7907k074yhv4610cd.jpg,Is this finding easy to detect?,no,,,1072,1920,no
validation,clb0kvxv79084074yd3sagock,out/images/raw/clb0kvxv79084074yd3sagock.jpg,Is this finding easy to detect?,no,,,1024,1280,no
validation,clb0kvxv79084074yd3sagock,out/images/raw/clb0kvxv79084074yd3sagock.jpg,Is there a green/black box artefact?,no,,,1024,1280,no
validation,clb0kvxv79084074yd3sagock,out/images/raw/clb0kvxv79084074yd3sagock.jpg,Is there text?,yes,,,1024,1280,yes
validation,clb0kvxv8908w074y12lcdpnx,out/images/raw/clb0kvxv8908w074y12lcdpnx.jpg,Is there text?,no,,,1024,1280,no
validation,clb0kvxv8908w074y12lcdpnx,out/images/raw/clb0kvxv8908w074y12lcdpnx.jpg,Is this finding easy to detect?,no,,,1024,1280,no
validation,clb0kvxv8908w074y12lcdpnx,out/images/raw/clb0kvxv8908w074y12lcdpnx.jpg,Is there a green/black box artefact?,no,,,1024,1280,yes
validation,clb0kvxv8909k074yg9zq6h2y,out/images/raw/clb0kvxv8909k074yg9zq6h2y.jpg,Is there text?,yes,,,1024,1280,no
validation,clb0kvxv8909k074yg9zq6h2y,out/images/raw/clb0kvxv8909k074yg9zq6h2y.jpg,Is there a green/black box artefact?,no,,,1024,1280,no
validation,clb0kvxv8909k074yg9zq6h2y,out/images/raw/clb0kvxv8909k074yg9zq6h2y.jpg,Is this finding easy to detect?,no,,,1024,1280,no
validation,clb0kvxv990a4074y8g29djvu,out/images/raw/clb0kvxv990a4074y8g29djvu.jpg,Is there a green/black box artefact?,no,,,1024,1280,no
validation,clb0kvxv990a4074y8g29djvu,out/images/raw/clb0kvxv990a4074y8g29djvu.jpg,Is this finding easy to detect?,no,,,1024,1280,no
validation,clb0kvxv990a4074y8g29djvu,out/images/raw/clb0kvxv990a4074y8g29djvu.jpg,Is there text?,yes,,,1024,1280,yes
validation,clb0kvxv990ao074y0sxr4p42,out/images/raw/clb0kvxv990ao074y0sxr4p42.jpg,Is there text?,yes,,,1024,1280,no
validation,clb0kvxv990ao074y0sxr4p42,out/images/raw/clb0kvxv990ao074y0sxr4p42.jpg,Is this finding easy to detect?,no,,,1024,1280,no
validation,clb0kvxv990ao074y0sxr4p42,out/images/raw/clb0kvxv990ao074y0sxr4p42.jpg,Is there a green/black box artefact?,no,,,1024,1280,no
validation,clb0kvxv990b4074y4ot3gmi8,out/images/raw/clb0kvxv990b4074y4ot3gmi8.jpg,Is there text?,no,,,1024,1280,no
validation,clb0kvxv990b4074y4ot3gmi8,out/images/raw/clb0kvxv990b4074y4ot3gmi8.jpg,Is there a green/black box artefact?,no,,,1024,1280,no
validation,clb0kvxv990b4074y4ot3gmi8,out/images/raw/clb0kvxv990b4074y4ot3gmi8.jpg,Is this finding easy to detect?,yes,,,1024,1280,no
validation,clb0kvxva90c0074y2utk2y1y,out/images/raw/clb0kvxva90c0074y2utk2y1y.jpg,Is there text?,no,,,1024,1280,no
validation,clb0kvxva90c0074y2utk2y1y,out/images/raw/clb0kvxva90c0074y2utk2y1y.jpg,Is there a green/black box artefact?,no,,,1024,1280,yes
validation,clb0kvxva90c0074y2utk2y1y,out/images/raw/clb0kvxva90c0074y2utk2y1y.jpg,Is this finding easy to detect?,no,,,1024,1280,no
validation,clb0kvxva90c4074y1p0q5ffu,out/images/raw/clb0kvxva90c4074y1p0q5ffu.jpg,Is this finding easy to detect?,no,,,1072,1920,no
validation,clb0kvxva90c4074y1p0q5ffu,out/images/raw/clb0kvxva90c4074y1p0q5ffu.jpg,Is there a green/black box artefact?,no,,,1072,1920,no
validation,clb0kvxva90c4074y1p0q5ffu,out/images/raw/clb0kvxva90c4074y1p0q5ffu.jpg,Is there text?,yes,,,1072,1920,yes
validation,clb0kvxva90c8074y5ztn19ek,out/images/raw/clb0kvxva90c8074y5ztn19ek.jpg,Is there a green/black box artefact?,no,,,1024,1280,yes
validation,clb0kvxva90c8074y5ztn19ek,out/images/raw/clb0kvxva90c8074y5ztn19ek.jpg,Is there text?,no,,,1024,1280,no
validation,clb0kvxva90c8074y5ztn19ek,out/images/raw/clb0kvxva90c8074y5ztn19ek.jpg,Is this finding easy to detect?,no,,,1024,1280,no
validation,clb0kvxvb90ds074yb3by4m9y,out/images/raw/clb0kvxvb90ds074yb3by4m9y.jpg,Is this finding easy to detect?,no,,,1024,1280,no
validation,clb0kvxvb90ds074yb3by4m9y,out/images/raw/clb0kvxvb90ds074yb3by4m9y.jpg,Is there text?,no,,,1024,1280,no
validation,clb0kvxvb90ds074yb3by4m9y,out/images/raw/clb0kvxvb90ds074yb3by4m9y.jpg,Is there a green/black box artefact?,no,,,1024,1280,no
validation,clb0kvxvb90e0074y9eoq4729,out/images/raw/clb0kvxvb90e0074y9eoq4729.jpg,Is there a green/black box artefact?,no,,,1024,1280,yes
validation,clb0kvxvb90e0074y9eoq4729,out/images/raw/clb0kvxvb90e0074y9eoq4729.jpg,Is this finding easy to detect?,no,,,1024,1280,no
validation,clb0kvxvb90e0074y9eoq4729,out/images/raw/clb0kvxvb90e0074y9eoq4729.jpg,Is there text?,no,,,1024,1280,no
validation,clb0kvxvb90eo074y5ehc1t07,out/images/raw/clb0kvxvb90eo074y5ehc1t07.jpg,Is this finding easy to detect?,no,,,1024,1280,no
validation,clb0kvxvb90eo074y5ehc1t07,out/images/raw/clb0kvxvb90eo074y5ehc1t07.jpg,Is there a green/black box artefact?,no,,,1024,1280,no
validation,clb0kvxvb90eo074y5ehc1t07,out/images/raw/clb0kvxvb90eo074y5ehc1t07.jpg,Is there text?,no,,,1024,1280,no
validation,clb0kvxvc90fk074ya7hv0ab1,out/images/raw/clb0kvxvc90fk074ya7hv0ab1.jpg,Is this finding easy to detect?,no,,,1024,1280,no
validation,clb0kvxvc90fk074ya7hv0ab1,out/images/raw/clb0kvxvc90fk074ya7hv0ab1.jpg,Is there text?,no,,,1024,1280,no
validation,clb0kvxvc90fk074ya7hv0ab1,out/images/raw/clb0kvxvc90fk074ya7hv0ab1.jpg,Is there a green/black box artefact?,no,,,1024,1280,yes
validation,clb0kvxvc90g4074yhcv0de09,out/images/raw/clb0kvxvc90g4074yhcv0de09.jpg,Is there a green/black box artefact?,no,,,1024,1280,no
validation,clb0kvxvc90g4074yhcv0de09,out/images/raw/clb0kvxvc90g4074yhcv0de09.jpg,Is there text?,no,,,1024,1280,no
validation,clb0kvxvc90g4074yhcv0de09,out/images/raw/clb0kvxvc90g4074yhcv0de09.jpg,Is this finding easy to detect?,no,,,1024,1280,no
validation,clb0kvxvc90gs074y8ob781xw,out/images/raw/clb0kvxvc90gs074y8ob781xw.jpg,Is there a green/black box artefact?,no,,,1024,1280,no
validation,clb0kvxvc90gs074y8ob781xw,out/images/raw/clb0kvxvc90gs074y8ob781xw.jpg,Is there text?,no,,,1024,1280,no
validation,clb0kvxvc90gs074y8ob781xw,out/images/raw/clb0kvxvc90gs074y8ob781xw.jpg,Is this finding easy to detect?,no,,,1024,1280,no
validation,clb0kvxve90jo074yhidc1v7m,out/images/raw/clb0kvxve90jo074yhidc1v7m.jpg,Is this finding easy to detect?,no,,,576,720,no
validation,clb0kvxve90jo074yhidc1v7m,out/images/raw/clb0kvxve90jo074yhidc1v7m.jpg,Is there text?,no,,,576,720,no
validation,clb0kvxve90jo074yhidc1v7m,out/images/raw/clb0kvxve90jo074yhidc1v7m.jpg,Is there a green/black box artefact?,no,,,576,720,no
validation,clb0kvxve90js074yfcft04k6,out/images/raw/clb0kvxve90js074yfcft04k6.jpg,Is there a green/black box artefact?,no,,,1024,1280,no
validation,clb0kvxve90js074yfcft04k6,out/images/raw/clb0kvxve90js074yfcft04k6.jpg,Is there text?,no,,,1024,1280,no
validation,clb0kvxve90js074yfcft04k6,out/images/raw/clb0kvxve90js074yfcft04k6.jpg,Is this finding easy to detect?,no,,,1024,1280,no
validation,clb0kvxve90jw074y05yad028,out/images/raw/clb0kvxve90jw074y05yad028.jpg,Is there a green/black box artefact?,no,,,1024,1280,yes
validation,clb0kvxve90jw074y05yad028,out/images/raw/clb0kvxve90jw074y05yad028.jpg,Is there text?,yes,,,1024,1280,yes
validation,clb0kvxve90jw074y05yad028,out/images/raw/clb0kvxve90jw074y05yad028.jpg,Is this finding easy to detect?,no,,,1024,1280,no
validation,clb0kvxvf90l4074y85pi02pq,out/images/raw/clb0kvxvf90l4074y85pi02pq.jpg,Is there a green/black box artefact?,no,,,1024,1280,yes
validation,clb0kvxvf90l4074y85pi02pq,out/images/raw/clb0kvxvf90l4074y85pi02pq.jpg,Is this finding easy to detect?,no,,,1024,1280,no
validation,clb0kvxvf90l4074y85pi02pq,out/images/raw/clb0kvxvf90l4074y85pi02pq.jpg,Is there text?,yes,,,1024,1280,yes
validation,clb0kvxvf90mc074yetbu4dvf,out/images/raw/clb0kvxvf90mc074yetbu4dvf.jpg,Is there text?,yes,,,1024,1280,yes
validation,clb0kvxvf90mc074yetbu4dvf,out/images/raw/clb0kvxvf90mc074yetbu4dvf.jpg,Is this finding easy to detect?,no,,,1024,1280,no
validation,clb0kvxvf90mc074yetbu4dvf,out/images/raw/clb0kvxvf90mc074yetbu4dvf.jpg,Is there a green/black box artefact?,no,,,1024,1280,yes
validation,clb0kvxvg90ms074y1bylasgv,out/images/raw/clb0kvxvg90ms074y1bylasgv.jpg,Is there a green/black box artefact?,no,,,1024,1280,no
validation,clb0kvxvg90ms074y1bylasgv,out/images/raw/clb0kvxvg90ms074y1bylasgv.jpg,Is this finding easy to detect?,no,,,1024,1280,no
validation,clb0kvxvg90ms074y1bylasgv,out/images/raw/clb0kvxvg90ms074y1bylasgv.jpg,Is there text?,no,,,1024,1280,no
validation,clb0kvxvg90nw074yhkft6sf7,out/images/raw/clb0kvxvg90nw074yhkft6sf7.jpg,Is there text?,no,,,1024,1280,no
validation,clb0kvxvg90nw074yhkft6sf7,out/images/raw/clb0kvxvg90nw074yhkft6sf7.jpg,Is this finding easy to detect?,no,,,1024,1280,no
validation,clb0kvxvg90nw074yhkft6sf7,out/images/raw/clb0kvxvg90nw074yhkft6sf7.jpg,Is there a green/black box artefact?,no,,,1024,1280,yes
validation,clb0kvxvg90o4074ygwfk2khl,out/images/raw/clb0kvxvg90o4074ygwfk2khl.jpg,Is there a green/black box artefact?,no,,,1024,1280,no
validation,clb0kvxvg90o4074ygwfk2khl,out/images/raw/clb0kvxvg90o4074ygwfk2khl.jpg,Is there text?,no,,,1024,1280,no
validation,clb0kvxvg90o4074ygwfk2khl,out/images/raw/clb0kvxvg90o4074ygwfk2khl.jpg,Is this finding easy to detect?,no,,,1024,1280,no
validation,clb0kvxvg90og074y4cenh7ho,out/images/raw/clb0kvxvg90og074y4cenh7ho.jpg,Is this finding easy to detect?,no,,,1072,1920,no
validation,clb0kvxvg90og074y4cenh7ho,out/images/raw/clb0kvxvg90og074y4cenh7ho.jpg,Is there a green/black box artefact?,no,,,1072,1920,no
validation,clb0kvxvg90og074y4cenh7ho,out/images/raw/clb0kvxvg90og074y4cenh7ho.jpg,Is there text?,yes,,,1072,1920,yes
validation,clb0kvxvg90ok074y8ls5aciq,out/images/raw/clb0kvxvg90ok074y8ls5aciq.jpg,Is there a green/black box artefact?,no,,,1024,1280,yes
validation,clb0kvxvg90ok074y8ls5aciq,out/images/raw/clb0kvxvg90ok074y8ls5aciq.jpg,Is this finding easy to detect?,no,,,1024,1280,no
validation,clb0kvxvg90ok074y8ls5aciq,out/images/raw/clb0kvxvg90ok074y8ls5aciq.jpg,Is there text?,yes,,,1024,1280,no
validation,clb0kvxvg90oo074yavgs47u0,out/images/raw/clb0kvxvg90oo074yavgs47u0.jpg,Is this finding easy to detect?,no,,,1024,1280,no
validation,clb0kvxvg90oo074yavgs47u0,out/images/raw/clb0kvxvg90oo074yavgs47u0.jpg,Is there text?,no,,,1024,1280,no
validation,clb0kvxvg90oo074yavgs47u0,out/images/raw/clb0kvxvg90oo074yavgs47u0.jpg,Is there a green/black box artefact?,no,,,1024,1280,yes
validation,clb0kvxvh90p0074ygq365yzg,out/images/raw/clb0kvxvh90p0074ygq365yzg.jpg,Is there a green/black box artefact?,no,,,1024,1280,no
validation,clb0kvxvh90p0074ygq365yzg,out/images/raw/clb0kvxvh90p0074ygq365yzg.jpg,Is this finding easy to detect?,no,,,1024,1280,no
validation,clb0kvxvh90p0074ygq365yzg,out/images/raw/clb0kvxvh90p0074ygq365yzg.jpg,Is there text?,yes,,,1024,1280,no
validation,clb0kvxvi90rc074y0s2m56os,out/images/raw/clb0kvxvi90rc074y0s2m56os.jpg,Is there a green/black box artefact?,no,,,1024,1280,no
validation,clb0kvxvi90rc074y0s2m56os,out/images/raw/clb0kvxvi90rc074y0s2m56os.jpg,Is there text?,no,,,1024,1280,no
validation,clb0kvxvi90rc074y0s2m56os,out/images/raw/clb0kvxvi90rc074y0s2m56os.jpg,Is this finding easy to detect?,no,,,1024,1280,no
validation,clb0kvxvi90rw074ygc5eg92f,out/images/raw/clb0kvxvi90rw074ygc5eg92f.jpg,Is there text?,no,,,1024,1280,no
validation,clb0kvxvi90rw074ygc5eg92f,out/images/raw/clb0kvxvi90rw074ygc5eg92f.jpg,Is this finding easy to detect?,no,,,1024,1280,no
validation,clb0kvxvi90rw074ygc5eg92f,out/images/raw/clb0kvxvi90rw074ygc5eg92f.jpg,Is there a green/black box artefact?,no,,,1024,1280,yes
validation,clb0kvxvi90s8074y867p5cbg,out/images/raw/clb0kvxvi90s8074y867p5cbg.jpg,Is there text?,no,,,1024,1280,no
validation,clb0kvxvi90s8074y867p5cbg,out/images/raw/clb0kvxvi90s8074y867p5cbg.jpg,Is there a green/black box artefact?,no,,,1024,1280,no
validation,clb0kvxvi90s8074y867p5cbg,out/images/raw/clb0kvxvi90s8074y867p5cbg.jpg,Is this finding easy to detect?,no,,,1024,1280,no
validation,clb0kvxvj90tc074y7awod6ya,out/images/raw/clb0kvxvj90tc074y7awod6ya.jpg,Is there text?,yes,,,576,720,no
validation,clb0kvxvj90tc074y7awod6ya,out/images/raw/clb0kvxvj90tc074y7awod6ya.jpg,Is this finding easy to detect?,no,,,576,720,no
validation,clb0kvxvj90tc074y7awod6ya,out/images/raw/clb0kvxvj90tc074y7awod6ya.jpg,Is there a green/black box artefact?,no,,,576,720,yes
validation,clb0kvxvj90u4074ygr51ddwe,out/images/raw/clb0kvxvj90u4074ygr51ddwe.jpg,Is there a green/black box artefact?,no,,,1024,1280,yes
validation,clb0kvxvj90u4074ygr51ddwe,out/images/raw/clb0kvxvj90u4074ygr51ddwe.jpg,Is this finding easy to detect?,yes,,,1024,1280,no
validation,clb0kvxvj90u4074ygr51ddwe,out/images/raw/clb0kvxvj90u4074ygr51ddwe.jpg,Is there text?,no,,,1024,1280,no
validation,clb0kvxvk90v0074yb8zoee7n,out/images/raw/clb0kvxvk90v0074yb8zoee7n.jpg,Is there a green/black box artefact?,no,,,1024,1280,no
validation,clb0kvxvk90v0074yb8zoee7n,out/images/raw/clb0kvxvk90v0074yb8zoee7n.jpg,Is there text?,no,,,1024,1280,no
validation,clb0kvxvk90v0074yb8zoee7n,out/images/raw/clb0kvxvk90v0074yb8zoee7n.jpg,Is this finding easy to detect?,no,,,1024,1280,no
validation,clb0kvxvk90vk074yebavg90e,out/images/raw/clb0kvxvk90vk074yebavg90e.jpg,Is there text?,no,,,1024,1280,no
validation,clb0kvxvk90vk074yebavg90e,out/images/raw/clb0kvxvk90vk074yebavg90e.jpg,Is there a green/black box artefact?,no,,,1024,1280,no
validation,clb0kvxvk90vk074yebavg90e,out/images/raw/clb0kvxvk90vk074yebavg90e.jpg,Is this finding easy to detect?,no,,,1024,1280,no
validation,clb0kvxvk90vw074yfilg4f1o,out/images/raw/clb0kvxvk90vw074yfilg4f1o.jpg,Is this finding easy to detect?,no,,,1072,1920,yes
validation,clb0kvxvk90vw074yfilg4f1o,out/images/raw/clb0kvxvk90vw074yfilg4f1o.jpg,Is there a green/black box artefact?,no,,,1072,1920,no
validation,clb0kvxvk90vw074yfilg4f1o,out/images/raw/clb0kvxvk90vw074yfilg4f1o.jpg,Is there text?,yes,,,1072,1920,yes
validation,clb0kvxvl90ww074y1p1410bj,out/images/raw/clb0kvxvl90ww074y1p1410bj.jpg,Is this finding easy to detect?,no,,,576,720,no
validation,clb0kvxvl90ww074y1p1410bj,out/images/raw/clb0kvxvl90ww074y1p1410bj.jpg,Is there text?,no,,,576,720,no
validation,clb0kvxvl90ww074y1p1410bj,out/images/raw/clb0kvxvl90ww074y1p1410bj.jpg,Is there a green/black box artefact?,no,,,576,720,yes
validation,clb0kvxvm90y0074y69ut67mi,out/images/raw/clb0kvxvm90y0074y69ut67mi.jpg,Is there text?,no,,,1024,1280,no
validation,clb0kvxvm90y0074y69ut67mi,out/images/raw/clb0kvxvm90y0074y69ut67mi.jpg,Is there a green/black box artefact?,no,,,1024,1280,no
validation,clb0kvxvm90y0074y69ut67mi,out/images/raw/clb0kvxvm90y0074y69ut67mi.jpg,Is this finding easy to detect?,no,,,1024,1280,no
validation,clb0kvxvm90y4074yf50vf5nq,out/images/raw/clb0kvxvm90y4074yf50vf5nq.jpg,Is this finding easy to detect?,no,,,1024,1280,no
validation,clb0kvxvm90y4074yf50vf5nq,out/images/raw/clb0kvxvm90y4074yf50vf5nq.jpg,Is there text?,yes,,,1024,1280,no
validation,clb0kvxvm90y4074yf50vf5nq,out/images/raw/clb0kvxvm90y4074yf50vf5nq.jpg,Is there a green/black box artefact?,no,,,1024,1280,yes
validation,clb0kvxvn90yk074ygz9h8gen,out/images/raw/clb0kvxvn90yk074ygz9h8gen.jpg,Is there text?,yes,,,1072,1920,yes
validation,clb0kvxvn90yk074ygz9h8gen,out/images/raw/clb0kvxvn90yk074ygz9h8gen.jpg,Is this finding easy to detect?,no,,,1072,1920,no
validation,clb0kvxvn90yk074ygz9h8gen,out/images/raw/clb0kvxvn90yk074ygz9h8gen.jpg,Is there a green/black box artefact?,yes,,,1072,1920,yes
validation,clb0kvxvn90yw074y7k9t23hf,out/images/raw/clb0kvxvn90yw074y7k9t23hf.jpg,Is this finding easy to detect?,no,,,1072,1920,no
validation,clb0kvxvn90yw074y7k9t23hf,out/images/raw/clb0kvxvn90yw074y7k9t23hf.jpg,Is there text?,yes,,,1072,1920,yes
validation,clb0kvxvn90yw074y7k9t23hf,out/images/raw/clb0kvxvn90yw074y7k9t23hf.jpg,Is there a green/black box artefact?,yes,,,1072,1920,no
validation,clb0kvxvo910s074y158ph2xe,out/images/raw/clb0kvxvo910s074y158ph2xe.jpg,Is there a green/black box artefact?,no,,,1024,1280,yes
validation,clb0kvxvo910s074y158ph2xe,out/images/raw/clb0kvxvo910s074y158ph2xe.jpg,Is there text?,no,,,1024,1280,no
validation,clb0kvxvo910s074y158ph2xe,out/images/raw/clb0kvxvo910s074y158ph2xe.jpg,Is this finding easy to detect?,no,,,1024,1280,no
validation,clb0kvxvo9118074ygmpxhuu0,out/images/raw/clb0kvxvo9118074ygmpxhuu0.jpg,Is this finding easy to detect?,no,,,1072,1920,yes
validation,clb0kvxvo9118074ygmpxhuu0,out/images/raw/clb0kvxvo9118074ygmpxhuu0.jpg,Is there text?,yes,,,1072,1920,yes
validation,clb0kvxvo9118074ygmpxhuu0,out/images/raw/clb0kvxvo9118074ygmpxhuu0.jpg,Is there a green/black box artefact?,yes,,,1072,1920,no
validation,clb0kvxvo911g074y0wykfbeg,out/images/raw/clb0kvxvo911g074y0wykfbeg.jpg,Is this finding easy to detect?,no,,,1024,1280,no
validation,clb0kvxvo911g074y0wykfbeg,out/images/raw/clb0kvxvo911g074y0wykfbeg.jpg,Is there text?,yes,,,1024,1280,yes
validation,clb0kvxvo911g074y0wykfbeg,out/images/raw/clb0kvxvo911g074y0wykfbeg.jpg,Is there a green/black box artefact?,no,,,1024,1280,no
validation,clb0kvxvq9134074y41anax4e,out/images/raw/clb0kvxvq9134074y41anax4e.jpg,Have all polyps been removed?,no,,,1024,1280,yes
validation,clb0kvxvq9134074y41anax4e,out/images/raw/clb0kvxvq9134074y41anax4e.jpg,Is this finding easy to detect?,no,,,1024,1280,no
validation,clb0kvxvq9134074y41anax4e,out/images/raw/clb0kvxvq9134074y41anax4e.jpg,Is there a green/black box artefact?,no,,,1024,1280,no
validation,clb0kvxvq9134074y41anax4e,out/images/raw/clb0kvxvq9134074y41anax4e.jpg,Is there text?,no,,,1024,1280,no
validation,clb0kvxvr9148074ye0zncga5,out/images/raw/clb0kvxvr9148074ye0zncga5.jpg,Is there text?,yes,,,1072,1920,yes
validation,clb0kvxvr9148074ye0zncga5,out/images/raw/clb0kvxvr9148074ye0zncga5.jpg,Is there a green/black box artefact?,no,,,1072,1920,no
validation,clb0kvxvr9148074ye0zncga5,out/images/raw/clb0kvxvr9148074ye0zncga5.jpg,Is this finding easy to detect?,no,,,1072,1920,no
validation,clb0kvxvr9150074y1gfae1xg,out/images/raw/clb0kvxvr9150074y1gfae1xg.jpg,Is this finding easy to detect?,no,,,1024,1280,no
validation,clb0kvxvr9150074y1gfae1xg,out/images/raw/clb0kvxvr9150074y1gfae1xg.jpg,Is there a green/black box artefact?,no,,,1024,1280,yes
validation,clb0kvxvr9150074y1gfae1xg,out/images/raw/clb0kvxvr9150074y1gfae1xg.jpg,Is there text?,no,,,1024,1280,no
validation,clb0kvxvs915c074y85la04so,out/images/raw/clb0kvxvs915c074y85la04so.jpg,Is this finding easy to detect?,no,,,1024,1280,no
validation,clb0kvxvs915c074y85la04so,out/images/raw/clb0kvxvs915c074y85la04so.jpg,Is there text?,no,,,1024,1280,no
validation,clb0kvxvs915c074y85la04so,out/images/raw/clb0kvxvs915c074y85la04so.jpg,Is there a green/black box artefact?,no,,,1024,1280,no
validation,clb0kvxvv9194074yc8snefi4,out/images/raw/clb0kvxvv9194074yc8snefi4.jpg,Is this finding easy to detect?,no,,,1024,1280,no
validation,clb0kvxvv9194074yc8snefi4,out/images/raw/clb0kvxvv9194074yc8snefi4.jpg,Is there text?,no,,,1024,1280,no
validation,clb0kvxvv9194074yc8snefi4,out/images/raw/clb0kvxvv9194074yc8snefi4.jpg,Is there a green/black box artefact?,no,,,1024,1280,no
validation,clb0kvxvv919g074y347787wd,out/images/raw/clb0kvxvv919g074y347787wd.jpg,Is there text?,yes,,,1024,1280,yes
validation,clb0kvxvv919g074y347787wd,out/images/raw/clb0kvxvv919g074y347787wd.jpg,Is this finding easy to detect?,no,,,1024,1280,no
validation,clb0kvxvv919g074y347787wd,out/images/raw/clb0kvxvv919g074y347787wd.jpg,Is there a green/black box artefact?,no,,,1024,1280,yes
validation,clb0kvxvw91a8074y20qp7kdd,out/images/raw/clb0kvxvw91a8074y20qp7kdd.jpg,Is there text?,yes,,,1072,1920,yes
validation,clb0kvxvw91a8074y20qp7kdd,out/images/raw/clb0kvxvw91a8074y20qp7kdd.jpg,Is there a green/black box artefact?,no,,,1072,1920,no
validation,clb0kvxvw91a8074y20qp7kdd,out/images/raw/clb0kvxvw91a8074y20qp7kdd.jpg,Is this finding easy to detect?,no,,,1072,1920,no
validation,clb0kvxvx91ck074y9lluhup5,out/images/raw/clb0kvxvx91ck074y9lluhup5.jpg,Is there a green/black box artefact?,no,,,576,720,no
validation,clb0kvxvx91ck074y9lluhup5,out/images/raw/clb0kvxvx91ck074y9lluhup5.jpg,Is there text?,yes,,,576,720,no
validation,clb0kvxvx91ck074y9lluhup5,out/images/raw/clb0kvxvx91ck074y9lluhup5.jpg,Is this finding easy to detect?,no,,,576,720,no
validation,clb0kvxvz91ek074ycxuq03rg,out/images/raw/clb0kvxvz91ek074ycxuq03rg.jpg,Is there a green/black box artefact?,no,,,1072,1920,no
validation,clb0kvxvz91ek074ycxuq03rg,out/images/raw/clb0kvxvz91ek074ycxuq03rg.jpg,Is there text?,yes,,,1072,1920,yes
validation,clb0kvxvz91ek074ycxuq03rg,out/images/raw/clb0kvxvz91ek074ycxuq03rg.jpg,Is this finding easy to detect?,no,,,1072,1920,no
validation,clb0kvxvz91f4074yagmwfz1c,out/images/raw/clb0kvxvz91f4074yagmwfz1c.jpg,Is this finding easy to detect?,no,,,1024,1280,no
validation,clb0kvxvz91f4074yagmwfz1c,out/images/raw/clb0kvxvz91f4074yagmwfz1c.jpg,Is there a green/black box artefact?,no,,,1024,1280,yes
validation,clb0kvxvz91f4074yagmwfz1c,out/images/raw/clb0kvxvz91f4074yagmwfz1c.jpg,Is there text?,no,,,1024,1280,no
validation,clb0kvxw091fw074ydks3eoa8,out/images/raw/clb0kvxw091fw074ydks3eoa8.jpg,Is there a green/black box artefact?,no,,,1024,1280,no
validation,clb0kvxw091fw074ydks3eoa8,out/images/raw/clb0kvxw091fw074ydks3eoa8.jpg,Is this finding easy to detect?,no,,,1024,1280,no
validation,clb0kvxw091fw074ydks3eoa8,out/images/raw/clb0kvxw091fw074ydks3eoa8.jpg,Is there text?,no,,,1024,1280,no
validation,clb0kvxw091hc074yfa99aw4m,out/images/raw/clb0kvxw091hc074yfa99aw4m.jpg,Is there text?,no,,,1024,1280,no
validation,clb0kvxw091hc074yfa99aw4m,out/images/raw/clb0kvxw091hc074yfa99aw4m.jpg,Is this finding easy to detect?,no,,,1024,1280,no
validation,clb0kvxw091hc074yfa99aw4m,out/images/raw/clb0kvxw091hc074yfa99aw4m.jpg,Is there a green/black box artefact?,no,,,1024,1280,no
validation,clb0kvxw191ik074y92y57d5h,out/images/raw/clb0kvxw191ik074y92y57d5h.jpg,Is this finding easy to detect?,no,,,1024,1280,no
validation,clb0kvxw191ik074y92y57d5h,out/images/raw/clb0kvxw191ik074y92y57d5h.jpg,Is there a green/black box artefact?,no,,,1024,1280,yes
validation,clb0kvxw191ik074y92y57d5h,out/images/raw/clb0kvxw191ik074y92y57d5h.jpg,Is there text?,no,,,1024,1280,no
validation,clb0kvxw291j8074yd9x81f6z,out/images/raw/clb0kvxw291j8074yd9x81f6z.jpg,Is there a green/black box artefact?,no,,,1072,1920,no
validation,clb0kvxw291j8074yd9x81f6z,out/images/raw/clb0kvxw291j8074yd9x81f6z.jpg,Is there text?,yes,,,1072,1920,yes
validation,clb0kvxw291j8074yd9x81f6z,out/images/raw/clb0kvxw291j8074yd9x81f6z.jpg,Is this finding easy to detect?,no,,,1072,1920,no
validation,clb0kvxw291jo074y2gyo8adu,out/images/raw/clb0kvxw291jo074y2gyo8adu.jpg,Is there text?,yes,,,1072,1920,yes
validation,clb0kvxw291jo074y2gyo8adu,out/images/raw/clb0kvxw291jo074y2gyo8adu.jpg,Is this finding easy to detect?,no,,,1072,1920,no
validation,clb0kvxw291jo074y2gyo8adu,out/images/raw/clb0kvxw291jo074y2gyo8adu.jpg,Is there a green/black box artefact?,no,,,1072,1920,no
validation,clb0kvxw391kk074y3lp6gr46,out/images/raw/clb0kvxw391kk074y3lp6gr46.jpg,Is there a green/black box artefact?,no,,,1024,1280,no
validation,clb0kvxw391kk074y3lp6gr46,out/images/raw/clb0kvxw391kk074y3lp6gr46.jpg,Is there text?,yes,,,1024,1280,yes
validation,clb0kvxw391kk074y3lp6gr46,out/images/raw/clb0kvxw391kk074y3lp6gr46.jpg,Is this finding easy to detect?,no,,,1024,1280,no
validation,clb0kvxw491lk074y8kki0ut2,out/images/raw/clb0kvxw491lk074y8kki0ut2.jpg,Is this finding easy to detect?,no,,,1024,1280,no
validation,clb0kvxw491lk074y8kki0ut2,out/images/raw/clb0kvxw491lk074y8kki0ut2.jpg,Is there text?,no,,,1024,1280,no
validation,clb0kvxw491lk074y8kki0ut2,out/images/raw/clb0kvxw491lk074y8kki0ut2.jpg,Is there a green/black box artefact?,no,,,1024,1280,yes
validation,clb0kvxw491m4074y1fz24rdk,out/images/raw/clb0kvxw491m4074y1fz24rdk.jpg,Is there a green/black box artefact?,no,,,1024,1280,yes
validation,clb0kvxw491m4074y1fz24rdk,out/images/raw/clb0kvxw491m4074y1fz24rdk.jpg,Is there text?,yes,,,1024,1280,yes
validation,clb0kvxw491m4074y1fz24rdk,out/images/raw/clb0kvxw491m4074y1fz24rdk.jpg,Is this finding easy to detect?,no,,,1024,1280,no
validation,clb0kvxw591ns074y2quy0ae0,out/images/raw/clb0kvxw591ns074y2quy0ae0.jpg,Is this finding easy to detect?,no,,,1072,1920,no
validation,clb0kvxw591ns074y2quy0ae0,out/images/raw/clb0kvxw591ns074y2quy0ae0.jpg,Is there text?,yes,,,1072,1920,yes
validation,clb0kvxw591ns074y2quy0ae0,out/images/raw/clb0kvxw591ns074y2quy0ae0.jpg,Is there a green/black box artefact?,no,,,1072,1920,no
validation,clb0kvxw691o8074y39hb8dy5,out/images/raw/clb0kvxw691o8074y39hb8dy5.jpg,Is this finding easy to detect?,no,,,576,720,no
validation,clb0kvxw691o8074y39hb8dy5,out/images/raw/clb0kvxw691o8074y39hb8dy5.jpg,Is there a green/black box artefact?,no,,,576,720,no
validation,clb0kvxw691o8074y39hb8dy5,out/images/raw/clb0kvxw691o8074y39hb8dy5.jpg,Is there text?,yes,,,576,720,no
validation,clb0kvxw691pc074y9phlbw41,out/images/raw/clb0kvxw691pc074y9phlbw41.jpg,Is this finding easy to detect?,no,,,1072,1920,yes
validation,clb0kvxw691pc074y9phlbw41,out/images/raw/clb0kvxw691pc074y9phlbw41.jpg,Is there text?,yes,,,1072,1920,yes
validation,clb0kvxw691pc074y9phlbw41,out/images/raw/clb0kvxw691pc074y9phlbw41.jpg,Is there a green/black box artefact?,no,,,1072,1920,no
validation,clb0kvxw791qg074y1znsavm7,out/images/raw/clb0kvxw791qg074y1znsavm7.jpg,Is there text?,yes,,,1024,1280,no
validation,clb0kvxw791qg074y1znsavm7,out/images/raw/clb0kvxw791qg074y1znsavm7.jpg,Is this finding easy to detect?,no,,,1024,1280,no
validation,clb0kvxw791qg074y1znsavm7,out/images/raw/clb0kvxw791qg074y1znsavm7.jpg,Is there a green/black box artefact?,no,,,1024,1280,yes
validation,clb0kvxw791rc074y036h8u8s,out/images/raw/clb0kvxw791rc074y036h8u8s.jpg,Is this finding easy to detect?,no,,,1024,1280,no
validation,clb0kvxw791rc074y036h8u8s,out/images/raw/clb0kvxw791rc074y036h8u8s.jpg,Is there a green/black box artefact?,no,,,1024,1280,yes
validation,clb0kvxw791rc074y036h8u8s,out/images/raw/clb0kvxw791rc074y036h8u8s.jpg,Is there text?,yes,,,1024,1280,yes
validation,clb0kvxw891rg074y4ygr1z7n,out/images/raw/clb0kvxw891rg074y4ygr1z7n.jpg,Is there a green/black box artefact?,no,,,1024,1280,yes
validation,clb0kvxw891rg074y4ygr1z7n,out/images/raw/clb0kvxw891rg074y4ygr1z7n.jpg,Is this finding easy to detect?,no,,,1024,1280,no
validation,clb0kvxw891rg074y4ygr1z7n,out/images/raw/clb0kvxw891rg074y4ygr1z7n.jpg,Is there text?,yes,,,1024,1280,yes
validation,clb0kvxw891sg074y513kgz6d,out/images/raw/clb0kvxw891sg074y513kgz6d.jpg,Is there a green/black box artefact?,no,,,1024,1280,no
validation,clb0kvxw891sg074y513kgz6d,out/images/raw/clb0kvxw891sg074y513kgz6d.jpg,Is this finding easy to detect?,no,,,1024,1280,no
validation,clb0kvxw891sg074y513kgz6d,out/images/raw/clb0kvxw891sg074y513kgz6d.jpg,Is there text?,yes,,,1024,1280,yes
validation,clb0kvxw891sw074y7zk9etes,out/images/raw/clb0kvxw891sw074y7zk9etes.jpg,Is there a green/black box artefact?,no,,,1072,1920,yes
validation,clb0kvxw891sw074y7zk9etes,out/images/raw/clb0kvxw891sw074y7zk9etes.jpg,Is this finding easy to detect?,no,,,1072,1920,no
validation,clb0kvxw891sw074y7zk9etes,out/images/raw/clb0kvxw891sw074y7zk9etes.jpg,Is there text?,yes,,,1072,1920,yes
validation,clb0kvxw991to074y8x8xb4kw,out/images/raw/clb0kvxw991to074y8x8xb4kw.jpg,Is there a green/black box artefact?,no,,,1072,1920,no
validation,clb0kvxw991to074y8x8xb4kw,out/images/raw/clb0kvxw991to074y8x8xb4kw.jpg,Is there text?,yes,,,1072,1920,yes
validation,clb0kvxw991to074y8x8xb4kw,out/images/raw/clb0kvxw991to074y8x8xb4kw.jpg,Is this finding easy to detect?,no,,,1072,1920,no
validation,clb0kvxwa91w0074y05qr4rlb,out/images/raw/clb0kvxwa91w0074y05qr4rlb.jpg,Is there text?,no,,,1024,1280,no
validation,clb0kvxwa91w0074y05qr4rlb,out/images/raw/clb0kvxwa91w0074y05qr4rlb.jpg,Is there a green/black box artefact?,no,,,1024,1280,yes
validation,clb0kvxwa91w0074y05qr4rlb,out/images/raw/clb0kvxwa91w0074y05qr4rlb.jpg,Is this finding easy to detect?,no,,,1024,1280,no
validation,clb0kvxwa91w8074yh83ghkvk,out/images/raw/clb0kvxwa91w8074yh83ghkvk.jpg,Is there text?,no,,,1024,1280,no
validation,clb0kvxwa91w8074yh83ghkvk,out/images/raw/clb0kvxwa91w8074yh83ghkvk.jpg,Is this finding easy to detect?,no,,,1024,1280,no
validation,clb0kvxwa91w8074yh83ghkvk,out/images/raw/clb0kvxwa91w8074yh83ghkvk.jpg,Is there a green/black box artefact?,no,,,1024,1280,no
validation,clb0kvxwa91wg074y4k5v6ixk,out/images/raw/clb0kvxwa91wg074y4k5v6ixk.jpg,Is there a green/black box artefact?,no,,,1024,1280,no
validation,clb0kvxwa91wg074y4k5v6ixk,out/images/raw/clb0kvxwa91wg074y4k5v6ixk.jpg,Is this finding easy to detect?,no,,,1024,1280,no
validation,clb0kvxwa91wg074y4k5v6ixk,out/images/raw/clb0kvxwa91wg074y4k5v6ixk.jpg,Is there text?,no,,,1024,1280,no
validation,clb0kvxwb91xg074y0c2bejt7,out/images/raw/clb0kvxwb91xg074y0c2bejt7.jpg,Is this finding easy to detect?,no,,,1024,1280,no
validation,clb0kvxwb91xg074y0c2bejt7,out/images/raw/clb0kvxwb91xg074y0c2bejt7.jpg,Is there text?,no,,,1024,1280,no
validation,clb0kvxwb91xg074y0c2bejt7,out/images/raw/clb0kvxwb91xg074y0c2bejt7.jpg,Is there a green/black box artefact?,no,,,1024,1280,yes
validation,clb0kvxwb91yg074y0do5cjzr,out/images/raw/clb0kvxwb91yg074y0do5cjzr.jpg,Is there a green/black box artefact?,no,,,1024,1280,yes
validation,clb0kvxwb91yg074y0do5cjzr,out/images/raw/clb0kvxwb91yg074y0do5cjzr.jpg,Is this finding easy to detect?,no,,,1024,1280,no
validation,clb0kvxwb91yg074y0do5cjzr,out/images/raw/clb0kvxwb91yg074y0do5cjzr.jpg,Is there text?,no,,,1024,1280,no
validation,clb0kvxwc91zo074yhmm3ah91,out/images/raw/clb0kvxwc91zo074yhmm3ah91.jpg,Is there a green/black box artefact?,no,,,1024,1280,no
validation,clb0kvxwc91zo074yhmm3ah91,out/images/raw/clb0kvxwc91zo074yhmm3ah91.jpg,Is there text?,yes,,,1024,1280,no
validation,clb0kvxwc91zo074yhmm3ah91,out/images/raw/clb0kvxwc91zo074yhmm3ah91.jpg,Is this finding easy to detect?,no,,,1024,1280,no
validation,clb0kvxwc9204074y3neidpjj,out/images/raw/clb0kvxwc9204074y3neidpjj.jpg,Is this finding easy to detect?,no,,,1024,1280,no
validation,clb0kvxwc9204074y3neidpjj,out/images/raw/clb0kvxwc9204074y3neidpjj.jpg,Is there text?,yes,,,1024,1280,no
validation,clb0kvxwc9204074y3neidpjj,out/images/raw/clb0kvxwc9204074y3neidpjj.jpg,Is there a green/black box artefact?,no,,,1024,1280,no
validation,clb0kvxwc920g074y18a2d1jn,out/images/raw/clb0kvxwc920g074y18a2d1jn.jpg,Is this finding easy to detect?,no,,,1072,1920,yes
validation,clb0kvxwc920g074y18a2d1jn,out/images/raw/clb0kvxwc920g074y18a2d1jn.jpg,Is there a green/black box artefact?,no,,,1072,1920,yes
validation,clb0kvxwc920g074y18a2d1jn,out/images/raw/clb0kvxwc920g074y18a2d1jn.jpg,Is there text?,yes,,,1072,1920,yes
validation,clb0kvxwd920w074y4kaah05o,out/images/raw/clb0kvxwd920w074y4kaah05o.jpg,Is there text?,no,,,1024,1280,no
validation,clb0kvxwd920w074y4kaah05o,out/images/raw/clb0kvxwd920w074y4kaah05o.jpg,Is this finding easy to detect?,no,,,1024,1280,no
validation,clb0kvxwd920w074y4kaah05o,out/images/raw/clb0kvxwd920w074y4kaah05o.jpg,Is there a green/black box artefact?,no,,,1024,1280,no
validation,clb0kvxwe9238074yb8mhabjq,out/images/raw/clb0kvxwe9238074yb8mhabjq.jpg,Is there a green/black box artefact?,no,,,1072,1920,no
validation,clb0kvxwe9238074yb8mhabjq,out/images/raw/clb0kvxwe9238074yb8mhabjq.jpg,Is this finding easy to detect?,no,,,1072,1920,no
validation,clb0kvxwe9238074yb8mhabjq,out/images/raw/clb0kvxwe9238074yb8mhabjq.jpg,Is there text?,yes,,,1072,1920,yes
validation,clb0kvxwf924g074yes2fbldm,out/images/raw/clb0kvxwf924g074yes2fbldm.jpg,Is there text?,no,,,1024,1280,no
validation,clb0kvxwf924g074yes2fbldm,out/images/raw/clb0kvxwf924g074yes2fbldm.jpg,Is this finding easy to detect?,no,,,1024,1280,no
validation,clb0kvxwf924g074yes2fbldm,out/images/raw/clb0kvxwf924g074yes2fbldm.jpg,Is there a green/black box artefact?,no,,,1024,1280,no
validation,clb0kvxwf924s074y379c48am,out/images/raw/clb0kvxwf924s074y379c48am.jpg,Is this finding easy to detect?,no,,,1072,1920,no
validation,clb0kvxwf924s074y379c48am,out/images/raw/clb0kvxwf924s074y379c48am.jpg,Is there a green/black box artefact?,no,,,1072,1920,no
validation,clb0kvxwf924s074y379c48am,out/images/raw/clb0kvxwf924s074y379c48am.jpg,Is there text?,yes,,,1072,1920,yes
validation,clb0kvxwh926c074y5bj70ura,out/images/raw/clb0kvxwh926c074y5bj70ura.jpg,Is there a green/black box artefact?,no,,,576,720,no
validation,clb0kvxwh926c074y5bj70ura,out/images/raw/clb0kvxwh926c074y5bj70ura.jpg,Is this finding easy to detect?,no,,,576,720,no
validation,clb0kvxwh926c074y5bj70ura,out/images/raw/clb0kvxwh926c074y5bj70ura.jpg,Is there text?,no,,,576,720,no
validation,clb0kvxwh9270074ybgl533ae,out/images/raw/clb0kvxwh9270074ybgl533ae.jpg,Is there a green/black box artefact?,no,,,1024,1280,yes
validation,clb0kvxwh9270074ybgl533ae,out/images/raw/clb0kvxwh9270074ybgl533ae.jpg,Is this finding easy to detect?,no,,,1024,1280,no
validation,clb0kvxwh9270074ybgl533ae,out/images/raw/clb0kvxwh9270074ybgl533ae.jpg,Is there text?,yes,,,1024,1280,no
validation,clb0kvxwi928s074yaghf65ee,out/images/raw/clb0kvxwi928s074yaghf65ee.jpg,Is this finding easy to detect?,no,,,1024,1280,no
validation,clb0kvxwi928s074yaghf65ee,out/images/raw/clb0kvxwi928s074yaghf65ee.jpg,Is there a green/black box artefact?,no,,,1024,1280,no
validation,clb0kvxwi928s074yaghf65ee,out/images/raw/clb0kvxwi928s074yaghf65ee.jpg,Is there text?,no,,,1024,1280,no
validation,clb0kvxwj92ag074yeh9u6r4w,out/images/raw/clb0kvxwj92ag074yeh9u6r4w.jpg,Is there a green/black box artefact?,no,,,1024,1280,no
validation,clb0kvxwj92ag074yeh9u6r4w,out/images/raw/clb0kvxwj92ag074yeh9u6r4w.jpg,Is there text?,no,,,1024,1280,no
validation,clb0kvxwj92ag074yeh9u6r4w,out/images/raw/clb0kvxwj92ag074yeh9u6r4w.jpg,Is this finding easy to detect?,yes,,,1024,1280,no
validation,clb0kvxwj92ak074y0n94ahj0,out/images/raw/clb0kvxwj92ak074y0n94ahj0.jpg,Is there a green/black box artefact?,no,,,1072,1920,no
validation,clb0kvxwj92ak074y0n94ahj0,out/images/raw/clb0kvxwj92ak074y0n94ahj0.jpg,Is this finding easy to detect?,yes,,,1072,1920,yes
validation,clb0kvxwj92ak074y0n94ahj0,out/images/raw/clb0kvxwj92ak074y0n94ahj0.jpg,Is there text?,yes,,,1072,1920,yes
validation,clb0kvxwk92b0074yb5rsfzze,out/images/raw/clb0kvxwk92b0074yb5rsfzze.jpg,Is this finding easy to detect?,no,,,1024,1280,no
validation,clb0kvxwk92b0074yb5rsfzze,out/images/raw/clb0kvxwk92b0074yb5rsfzze.jpg,Is there text?,yes,,,1024,1280,yes
validation,clb0kvxwk92b0074yb5rsfzze,out/images/raw/clb0kvxwk92b0074yb5rsfzze.jpg,Is there a green/black box artefact?,no,,,1024,1280,yes
validation,clb0kvxwl92d8074y19ufdpol,out/images/raw/clb0kvxwl92d8074y19ufdpol.jpg,Is there text?,yes,,,1024,1280,no
validation,clb0kvxwl92d8074y19ufdpol,out/images/raw/clb0kvxwl92d8074y19ufdpol.jpg,Is there a green/black box artefact?,no,,,1024,1280,no
validation,clb0kvxwl92d8074y19ufdpol,out/images/raw/clb0kvxwl92d8074y19ufdpol.jpg,Is this finding easy to detect?,no,,,1024,1280,no
validation,clb0kvxwn92gk074ydqv25xw1,out/images/raw/clb0kvxwn92gk074ydqv25xw1.jpg,Is there text?,no,,,576,720,no
validation,clb0kvxwn92gk074ydqv25xw1,out/images/raw/clb0kvxwn92gk074ydqv25xw1.jpg,Is this finding easy to detect?,yes,,,576,720,no
validation,clb0kvxwn92gk074ydqv25xw1,out/images/raw/clb0kvxwn92gk074ydqv25xw1.jpg,Is there a green/black box artefact?,no,,,576,720,no
validation,clb0kvxwo92is074y1fchd71y,out/images/raw/clb0kvxwo92is074y1fchd71y.jpg,Is this finding easy to detect?,yes,,,1024,1280,no
validation,clb0kvxwo92is074y1fchd71y,out/images/raw/clb0kvxwo92is074y1fchd71y.jpg,Is there a green/black box artefact?,no,,,1024,1280,no
validation,clb0kvxwo92is074y1fchd71y,out/images/raw/clb0kvxwo92is074y1fchd71y.jpg,Is there text?,no,,,1024,1280,no
validation,clb0kvxwp92jk074y3a577n4o,out/images/raw/clb0kvxwp92jk074y3a577n4o.jpg,Is this finding easy to detect?,no,,,1024,1280,no
validation,clb0kvxwp92jk074y3a577n4o,out/images/raw/clb0kvxwp92jk074y3a577n4o.jpg,Is there a green/black box artefact?,no,,,1024,1280,yes
validation,clb0kvxwp92jk074y3a577n4o,out/images/raw/clb0kvxwp92jk074y3a577n4o.jpg,Is there text?,no,,,1024,1280,no
validation,clb0kvxwp92k0074y7pgzff84,out/images/raw/clb0kvxwp92k0074y7pgzff84.jpg,Is this finding easy to detect?,yes,,,576,720,no
validation,clb0kvxwp92k0074y7pgzff84,out/images/raw/clb0kvxwp92k0074y7pgzff84.jpg,Is there a green/black box artefact?,no,,,576,720,no
validation,clb0kvxwp92k0074y7pgzff84,out/images/raw/clb0kvxwp92k0074y7pgzff84.jpg,Is there text?,no,,,576,720,no
validation,clbnxtoeobkn2074cerp40tw2,out/images/raw/clbnxtoeobkn2074cerp40tw2.jpg,Does this image contain any finding?,no,,,548,635,no
validation,clbnxtoepbkni074c659i2rmh,out/images/raw/clbnxtoepbkni074c659i2rmh.jpg,Does this image contain any finding?,no,,,531,633,yes
validation,clbnxtoepbko2074c7fb5e3ye,out/images/raw/clbnxtoepbko2074c7fb5e3ye.jpg,Does this image contain any finding?,no,,,531,633,yes
validation,clbnxtoepbko6074c1xxncxje,out/images/raw/clbnxtoepbko6074c1xxncxje.jpg,Does this image contain any finding?,no,,,532,633,yes
validation,clbnxtoepbkoy074c7bpg4xgx,out/images/raw/clbnxtoepbkoy074c7bpg4xgx.jpg,Does this image contain any finding?,no,,,530,633,no
validation,clbnxtoeqbkqu074chbl5c0nt,out/images/raw/clbnxtoeqbkqu074chbl5c0nt.jpg,Does this image contain any finding?,no,,,532,633,no
validation,clbnxtoerbks6074cedexg32m,out/images/raw/clbnxtoerbks6074cedexg32m.jpg,Does this image contain any finding?,no,,,531,633,yes
validation,clbnxtoerbksa074c1m3i22l3,out/images/raw/clbnxtoerbksa074c1m3i22l3.jpg,Does this image contain any finding?,no,,,531,633,yes
validation,clbnxtoesbkti074cfoa2hife,out/images/raw/clbnxtoesbkti074cfoa2hife.jpg,Does this image contain any finding?,no,,,532,633,no
validation,clbnxtoesbkua074ch15sepb2,out/images/raw/clbnxtoesbkua074ch15sepb2.jpg,Does this image contain any finding?,no,,,531,633,no
validation,clbnxtoesbkuy074c67ndaucn,out/images/raw/clbnxtoesbkuy074c67ndaucn.jpg,Does this image contain any finding?,no,,,531,633,yes
validation,clbnxtoesbkv2074cemth3sz8,out/images/raw/clbnxtoesbkv2074cemth3sz8.jpg,Does this image contain any finding?,no,,,531,633,no
validation,clbnxtoetbkwu074carm05qhc,out/images/raw/clbnxtoetbkwu074carm05qhc.jpg,Does this image contain any finding?,no,,,531,633,no
validation,clbnxtoeubkyi074c4wgadq88,out/images/raw/clbnxtoeubkyi074c4wgadq88.jpg,Does this image contain any finding?,no,,,531,633,yes
validation,clbnxtoevbl0u074chxu5crgv,out/images/raw/clbnxtoevbl0u074chxu5crgv.jpg,Does this image contain any finding?,no,,,532,633,yes
validation,clbnxtoexbl3i074c1v680c0u,out/images/raw/clbnxtoexbl3i074c1v680c0u.jpg,Does this image contain any finding?,no,,,532,633,no
validation,clbnxtoexbl3y074cdvrd05v9,out/images/raw/clbnxtoexbl3y074cdvrd05v9.jpg,Does this image contain any finding?,no,,,531,633,yes
validation,clbnxtoexbl4i074c533l6x1l,out/images/raw/clbnxtoexbl4i074c533l6x1l.jpg,Does this image contain any finding?,no,,,532,633,no
validation,clbnxtof0bl9q074c726s41w3,out/images/raw/clbnxtof0bl9q074c726s41w3.jpg,Does this image contain any finding?,no,,,531,633,no
validation,clbnxtof1blbm074c5lw66o72,out/images/raw/clbnxtof1blbm074c5lw66o72.jpg,Does this image contain any finding?,no,,,532,633,no
validation,clbnxtof2blcu074cd6k42bpm,out/images/raw/clbnxtof2blcu074cd6k42bpm.jpg,Does this image contain any finding?,no,,,1024,1280,no
validation,clbnxtof2blda074c5l9c7a2j,out/images/raw/clbnxtof2blda074c5l9c7a2j.jpg,Does this image contain any finding?,no,,,531,633,yes
validation,clbnxtof2bldq074c1n0i7oqz,out/images/raw/clbnxtof2bldq074c1n0i7oqz.jpg,Does this image contain any finding?,no,,,532,633,yes
validation,clbnxtof3blfu074c6b9i0qib,out/images/raw/clbnxtof3blfu074c6b9i0qib.jpg,Does this image contain any finding?,no,,,531,622,no
validation,clbnxtof4blga074c5yklht8b,out/images/raw/clbnxtof4blga074c5yklht8b.jpg,Does this image contain any finding?,no,,,532,633,yes
validation,clbnxtof4blgy074cgv350ye0,out/images/raw/clbnxtof4blgy074cgv350ye0.jpg,Does this image contain any finding?,no,,,532,633,no
validation,clbnxtof5bliu074c9vr6hdqx,out/images/raw/clbnxtof5bliu074c9vr6hdqx.jpg,Does this image contain any finding?,no,,,576,720,yes
validation,clbnxtof5blk2074c4hqz2d2s,out/images/raw/clbnxtof5blk2074c4hqz2d2s.jpg,Does this image contain any finding?,no,,,576,720,yes
validation,clbnxtof8blom074c9rih9ptk,out/images/raw/clbnxtof8blom074c9rih9ptk.jpg,Does this image contain any finding?,no,,,576,720,yes
validation,clbnxtof8blou074cf1ym2f17,out/images/raw/clbnxtof8blou074cf1ym2f17.jpg,Does this image contain any finding?,no,,,576,720,yes
validation,clbnxtof8blqa074cab9ocjx5,out/images/raw/clbnxtof8blqa074cab9ocjx5.jpg,Does this image contain any finding?,no,,,576,720,yes
validation,clbnxtof9blr2074c3lqabf3y,out/images/raw/clbnxtof9blr2074c3lqabf3y.jpg,Does this image contain any finding?,no,,,576,720,yes
validation,clbnxtofablt2074c63t7gxg9,out/images/raw/clbnxtofablt2074c63t7gxg9.jpg,Does this image contain any finding?,no,,,576,720,yes
validation,clbnxtofbblv6074cecmh4qsa,out/images/raw/clbnxtofbblv6074cecmh4qsa.jpg,Does this image contain any finding?,no,,,531,633,yes
validation,clbnxtofbblva074ccqtl0ove,out/images/raw/clbnxtofbblva074ccqtl0ove.jpg,Does this image contain any finding?,no,,,532,633,yes
validation,clbnxtofbblvm074c2r8md4wg,out/images/raw/clbnxtofbblvm074c2r8md4wg.jpg,Does this image contain any finding?,no,,,531,633,yes
validation,clbnxtofcblwu074c5iky0azt,out/images/raw/clbnxtofcblwu074c5iky0azt.jpg,Does this image contain any finding?,no,,,532,633,no
validation,clbnxtofcblwy074cems54ecg,out/images/raw/clbnxtofcblwy074cems54ecg.jpg,Does this image contain any finding?,no,,,531,633,yes
validation,clbnxtofcblxu074cg6clbzge,out/images/raw/clbnxtofcblxu074cg6clbzge.jpg,Does this image contain any finding?,no,,,531,633,yes
validation,clbnxtofdblz6074c2ftqgca3,out/images/raw/clbnxtofdblz6074c2ftqgca3.jpg,Does this image contain any finding?,no,,,531,633,no
validation,clbnxtofdblza074c14g5humh,out/images/raw/clbnxtofdblza074c14g5humh.jpg,Does this image contain any finding?,no,,,531,620,yes
validation,clbnxtofdblzy074cfrt4gd6o,out/images/raw/clbnxtofdblzy074cfrt4gd6o.jpg,Does this image contain any finding?,no,,,532,633,no
validation,clbnxtofebm12074c5jeufn3f,out/images/raw/clbnxtofebm12074c5jeufn3f.jpg,Does this image contain any finding?,no,,,531,633,yes
validation,clbnxtofebm2e074c5qzud3jq,out/images/raw/clbnxtofebm2e074c5qzud3jq.jpg,Does this image contain any finding?,no,,,532,633,no
validation,clbnxtoffbm2u074c84pahcf7,out/images/raw/clbnxtoffbm2u074c84pahcf7.jpg,Does this image contain any finding?,no,,,531,633,yes
validation,clbnxtofgbm5a074c614udya2,out/images/raw/clbnxtofgbm5a074c614udya2.jpg,Does this image contain any finding?,no,,,530,603,yes
validation,clbnxtofgbm62074c28vm87gk,out/images/raw/clbnxtofgbm62074c28vm87gk.jpg,Does this image contain any finding?,no,,,532,633,yes
validation,clbnxtofhbm6q074c0tsp14n7,out/images/raw/clbnxtofhbm6q074c0tsp14n7.jpg,Does this image contain any finding?,no,,,530,633,no
validation,clbnxtofhbm72074cgv4hfaq2,out/images/raw/clbnxtofhbm72074cgv4hfaq2.jpg,Does this image contain any finding?,no,,,531,633,yes
validation,clbnxtofhbm7q074c1hl7hmnu,out/images/raw/clbnxtofhbm7q074c1hl7hmnu.jpg,Does this image contain any finding?,no,,,1024,1280,no
validation,clbnxtofhbm82074c8yk46au8,out/images/raw/clbnxtofhbm82074c8yk46au8.jpg,Does this image contain any finding?,no,,,1024,1280,no
validation,clbnxtofibm92074c5hke3eqb,out/images/raw/clbnxtofibm92074c5hke3eqb.jpg,Does this image contain any finding?,no,,,1024,1280,yes
validation,clbnxtofibm96074cgngshx2a,out/images/raw/clbnxtofibm96074cgngshx2a.jpg,Does this image contain any finding?,no,,,1024,1280,yes
validation,clbnxtofubmaq074c4eo6367c,out/images/raw/clbnxtofubmaq074c4eo6367c.jpg,Does this image contain any finding?,no,,,531,633,yes
validation,clbnxtofvbmba074cdw6o917q,out/images/raw/clbnxtofvbmba074cdw6o917q.jpg,Does this image contain any finding?,no,,,532,633,yes
validation,clbnxtofvbmcq074ccyo52if4,out/images/raw/clbnxtofvbmcq074ccyo52if4.jpg,Does this image contain any finding?,no,,,547,635,yes
validation,clbnxtofwbmda074c26tga6e7,out/images/raw/clbnxtofwbmda074c26tga6e7.jpg,Does this image contain any finding?,no,,,532,623,no
validation,clbnxtofwbme2074c53kbbg92,out/images/raw/clbnxtofwbme2074c53kbbg92.jpg,Does this image contain any finding?,no,,,531,633,no
validation,clbnxtofybmhm074c5v8ogp45,out/images/raw/clbnxtofybmhm074c5v8ogp45.jpg,Does this image contain any finding?,no,,,531,633,yes
validation,clbnxtofybmiq074c204ydmi0,out/images/raw/clbnxtofybmiq074c204ydmi0.jpg,Does this image contain any finding?,no,,,532,633,yes
validation,clbnxtofybmj2074c7x2t8tzb,out/images/raw/clbnxtofybmj2074c7x2t8tzb.jpg,Does this image contain any finding?,no,,,530,633,no
validation,clbnxtofzbmki074ccru6hbxm,out/images/raw/clbnxtofzbmki074ccru6hbxm.jpg,Does this image contain any finding?,no,,,531,633,yes
validation,clbnxtog0bmmy074c8rou163o,out/images/raw/clbnxtog0bmmy074c8rou163o.jpg,Does this image contain any finding?,no,,,532,633,yes
validation,clbnxtog1bmo2074cdg4r02tg,out/images/raw/clbnxtog1bmo2074cdg4r02tg.jpg,Does this image contain any finding?,no,,,531,633,no
validation,clbnxtog2bmpu074c6k5942nr,out/images/raw/clbnxtog2bmpu074c6k5942nr.jpg,Does this image contain any finding?,no,,,548,635,no
validation,clbnxtog2bmpy074c17b6ey3g,out/images/raw/clbnxtog2bmpy074c17b6ey3g.jpg,Does this image contain any finding?,no,,,531,611,no
validation,clbnxtog3bmru074c5795g0ty,out/images/raw/clbnxtog3bmru074c5795g0ty.jpg,Does this image contain any finding?,no,,,532,633,no
validation,clbnxtog3bmsi074cdt9m5g7b,out/images/raw/clbnxtog3bmsi074cdt9m5g7b.jpg,Does this image contain any finding?,no,,,532,633,yes
validation,clbnxtog3bmsy074c0y7w2t2a,out/images/raw/clbnxtog3bmsy074c0y7w2t2a.jpg,Does this image contain any finding?,no,,,532,633,no
validation,clbnxtog3bmte074cdloo8cwo,out/images/raw/clbnxtog3bmte074cdloo8cwo.jpg,Does this image contain any finding?,no,,,531,633,no
validation,clbnxtog4bmui074c2h23beyo,out/images/raw/clbnxtog4bmui074c2h23beyo.jpg,Does this image contain any finding?,no,,,532,633,no
validation,clbnxtog5bmw2074c5xdx3amk,out/images/raw/clbnxtog5bmw2074c5xdx3amk.jpg,Does this image contain any finding?,no,,,532,633,yes
validation,clbnxtog5bmx6074cbwydaa29,out/images/raw/clbnxtog5bmx6074cbwydaa29.jpg,Does this image contain any finding?,no,,,532,633,no
validation,clbnxtog6bmyq074c9k569ae4,out/images/raw/clbnxtog6bmyq074c9k569ae4.jpg,Does this image contain any finding?,no,,,532,633,no
validation,clbnxtog7bn06074cbkigda8n,out/images/raw/clbnxtog7bn06074cbkigda8n.jpg,Does this image contain any finding?,no,,,560,627,no
validation,clbnxtog7bn0y074c2mpr707b,out/images/raw/clbnxtog7bn0y074c2mpr707b.jpg,Does this image contain any finding?,no,,,531,633,yes
validation,clbnxtog8bn26074c0vra6g8m,out/images/raw/clbnxtog8bn26074c0vra6g8m.jpg,Does this image contain any finding?,no,,,532,633,no
validation,clbnxtog8bn3m074c40l06e76,out/images/raw/clbnxtog8bn3m074c40l06e76.jpg,Does this image contain any finding?,no,,,531,633,yes
validation,clbnxtog8bn3q074c0atphngu,out/images/raw/clbnxtog8bn3q074c0atphngu.jpg,Does this image contain any finding?,no,,,531,633,yes
validation,clbnxtog9bn46074c02fvdqb8,out/images/raw/clbnxtog9bn46074c02fvdqb8.jpg,Does this image contain any finding?,no,,,526,573,no
validation,clbnxtog9bn52074c59920nze,out/images/raw/clbnxtog9bn52074c59920nze.jpg,Does this image contain any finding?,no,,,531,633,yes
validation,clbnxtogabn5y074c74ntcg1e,out/images/raw/clbnxtogabn5y074c74ntcg1e.jpg,Does this image contain any finding?,no,,,1024,1280,no
validation,clbnxtogabn66074c66fmdqry,out/images/raw/clbnxtogabn66074c66fmdqry.jpg,Does this image contain any finding?,no,,,1024,1280,no
validation,clbnxtogabn6i074c35n6gfoy,out/images/raw/clbnxtogabn6i074c35n6gfoy.jpg,Does this image contain any finding?,no,,,531,633,yes
validation,clbnxtogbbn82074c8efchelc,out/images/raw/clbnxtogbbn82074c8efchelc.jpg,Does this image contain any finding?,no,,,531,633,no
validation,clbnxtogbbn8a074cgnx3eybe,out/images/raw/clbnxtogbbn8a074cgnx3eybe.jpg,Does this image contain any finding?,no,,,532,633,no
validation,clbnxtogbbn8m074c858wdi4k,out/images/raw/clbnxtogbbn8m074c858wdi4k.jpg,Does this image contain any finding?,no,,,531,622,no
validation,clbnxtogbbn9u074c98p906e2,out/images/raw/clbnxtogbbn9u074c98p906e2.jpg,Does this image contain any finding?,no,,,531,633,yes
validation,clbnxtogcbnba074c8ryc95rq,out/images/raw/clbnxtogcbnba074c8ryc95rq.jpg,Does this image contain any finding?,no,,,531,633,yes
validation,clbnxtogcbnby074camdahlw1,out/images/raw/clbnxtogcbnby074camdahlw1.jpg,Does this image contain any finding?,no,,,532,633,no
validation,clbnxtogdbnci074c31s55q3w,out/images/raw/clbnxtogdbnci074c31s55q3w.jpg,Does this image contain any finding?,no,,,531,614,no
validation,clbnxtogdbndq074c399f0csd,out/images/raw/clbnxtogdbndq074c399f0csd.jpg,Does this image contain any finding?,no,,,531,633,yes
validation,clbnxtogebney074cc2iadvsw,out/images/raw/clbnxtogebney074cc2iadvsw.jpg,Does this image contain any finding?,no,,,531,633,yes
validation,clbnxtogebnfu074cacujdj5a,out/images/raw/clbnxtogebnfu074cacujdj5a.jpg,Does this image contain any finding?,no,,,531,621,no
validation,clbnxtogfbnie074c0h3h2rc8,out/images/raw/clbnxtogfbnie074c0h3h2rc8.jpg,Does this image contain any finding?,no,,,1024,1280,no
validation,clbnxtoghbnku074c4fj11jyc,out/images/raw/clbnxtoghbnku074c4fj11jyc.jpg,Does this image contain any finding?,no,,,1024,1280,yes
validation,clbnxtoghbnla074cbwjqh7f9,out/images/raw/clbnxtoghbnla074cbwjqh7f9.jpg,Does this image contain any finding?,no,,,1024,1280,yes
validation,clbnxtoghbnly074c5ysc6jd6,out/images/raw/clbnxtoghbnly074c5ysc6jd6.jpg,Does this image contain any finding?,no,,,1024,1280,yes
validation,clbnxtoghbnm2074c3fj6gj19,out/images/raw/clbnxtoghbnm2074c3fj6gj19.jpg,Does this image contain any finding?,no,,,1024,1280,yes
validation,clbnxtogibnni074c2ol60wqp,out/images/raw/clbnxtogibnni074c2ol60wqp.jpg,Does this image contain any finding?,no,,,1024,1280,yes
validation,clbnxtogibno2074c9ctvdhzj,out/images/raw/clbnxtogibno2074c9ctvdhzj.jpg,Does this image contain any finding?,no,,,1024,1280,yes
validation,clbnxtogibnoa074cdxey3q31,out/images/raw/clbnxtogibnoa074cdxey3q31.jpg,Does this image contain any finding?,no,,,1024,1280,yes
validation,clbnxtogibnou074c0igla5ze,out/images/raw/clbnxtogibnou074c0igla5ze.jpg,Does this image contain any finding?,no,,,1024,1280,yes
validation,clbnxton4ar0d0755f2lo0d1l,out/images/raw/clbnxton4ar0d0755f2lo0d1l.jpg,Does this image contain any finding?,no,,,531,633,no
validation,clbnxton6ar3d0755gah8eqcw,out/images/raw/clbnxton6ar3d0755gah8eqcw.jpg,Does this image contain any finding?,no,,,531,633,no
validation,clbnxton7ar4t07556bs86fys,out/images/raw/clbnxton7ar4t07556bs86fys.jpg,Does this image contain any finding?,no,,,532,633,no
validation,clbnxton8ar6t075552jjh77n,out/images/raw/clbnxton8ar6t075552jjh77n.jpg,Does this image contain any finding?,no,,,531,633,yes
validation,clbnxton9ar810755g8sa8zfg,out/images/raw/clbnxton9ar810755g8sa8zfg.jpg,Does this image contain any finding?,no,,,532,633,no
validation,clbnxton9ar890755c8ivcwvg,out/images/raw/clbnxton9ar890755c8ivcwvg.jpg,Does this image contain any finding?,no,,,531,632,yes
validation,clbnxtonaar9507554y2ifzkf,out/images/raw/clbnxtonaar9507554y2ifzkf.jpg,Does this image contain any finding?,no,,,531,633,yes
validation,clbnxtonaar9h075557rtdsos,out/images/raw/clbnxtonaar9h075557rtdsos.jpg,Does this image contain any finding?,no,,,532,633,no
validation,clbnxtonaara10755hvv37r2f,out/images/raw/clbnxtonaara10755hvv37r2f.jpg,Does this image contain any finding?,no,,,532,633,yes
validation,clbnxtoncarbp07554f82d7ij,out/images/raw/clbnxtoncarbp07554f82d7ij.jpg,Does this image contain any finding?,no,,,531,633,yes
validation,clbnxtoncarc107555ks5eukx,out/images/raw/clbnxtoncarc107555ks5eukx.jpg,Does this image contain any finding?,no,,,531,633,yes
validation,clbnxtoncarc50755ewrm4o7v,out/images/raw/clbnxtoncarc50755ewrm4o7v.jpg,Does this image contain any finding?,no,,,532,633,no
validation,clbnxtondard90755dbr3gt0k,out/images/raw/clbnxtondard90755dbr3gt0k.jpg,Does this image contain any finding?,no,,,531,633,yes
validation,clbnxtondardp0755213ifsux,out/images/raw/clbnxtondardp0755213ifsux.jpg,Does this image contain any finding?,no,,,547,635,yes
validation,clbnxtonearfp0755auoobthh,out/images/raw/clbnxtonearfp0755auoobthh.jpg,Does this image contain any finding?,no,,,576,720,no
validation,clbnxtonfarg90755ex11e2ep,out/images/raw/clbnxtonfarg90755ex11e2ep.jpg,Does this image contain any finding?,no,,,576,720,no
validation,clbnxtongarh907556xd44k5h,out/images/raw/clbnxtongarh907556xd44k5h.jpg,Does this image contain any finding?,no,,,576,720,no
validation,clbnxtonharjl0755hpbw1gsc,out/images/raw/clbnxtonharjl0755hpbw1gsc.jpg,Does this image contain any finding?,no,,,576,720,no
validation,clbnxtoniarkl0755ey3p32gh,out/images/raw/clbnxtoniarkl0755ey3p32gh.jpg,Does this image contain any finding?,no,,,532,633,no
validation,clbnxtoniarl9075536ucegqk,out/images/raw/clbnxtoniarl9075536ucegqk.jpg,Does this image contain any finding?,no,,,532,633,yes
validation,clbnxtonkarn507559vcmd089,out/images/raw/clbnxtonkarn507559vcmd089.jpg,Does this image contain any finding?,no,,,530,603,no
validation,clbnxtonkarnd07558kxb3uch,out/images/raw/clbnxtonkarnd07558kxb3uch.jpg,Does this image contain any finding?,no,,,531,633,yes
validation,clbnxtonlarqt0755guowcfhx,out/images/raw/clbnxtonlarqt0755guowcfhx.jpg,Does this image contain any finding?,no,,,531,633,yes
validation,clbnxtonmarrt07552mxec4kx,out/images/raw/clbnxtonmarrt07552mxec4kx.jpg,Does this image contain any finding?,no,,,532,633,yes
validation,clbnxtonnarup0755ftvwbv2o,out/images/raw/clbnxtonnarup0755ftvwbv2o.jpg,Does this image contain any finding?,no,,,1024,1280,yes
validation,clbnxtonoarw507556v7y9s1f,out/images/raw/clbnxtonoarw507556v7y9s1f.jpg,Does this image contain any finding?,no,,,1024,1280,no
validation,clbnxtonoarw9075559rf0kp3,out/images/raw/clbnxtonoarw9075559rf0kp3.jpg,Does this image contain any finding?,no,,,1024,1280,no
validation,clbnxtonoarwd0755fg43d1b2,out/images/raw/clbnxtonoarwd0755fg43d1b2.jpg,Does this image contain any finding?,no,,,531,628,no
validation,clbnxtonparyh07550rod27wz,out/images/raw/clbnxtonparyh07550rod27wz.jpg,Does this image contain any finding?,no,,,561,627,no
validation,clbnxtonparyt0755bv0y6ko7,out/images/raw/clbnxtonparyt0755bv0y6ko7.jpg,Does this image contain any finding?,no,,,548,635,yes
validation,clbnxtonqarzt075585y28vua,out/images/raw/clbnxtonqarzt075585y28vua.jpg,Does this image contain any finding?,no,,,532,633,no
validation,clbnxtonqas0107553ojl6m68,out/images/raw/clbnxtonqas0107553ojl6m68.jpg,Does this image contain any finding?,no,,,531,633,yes
validation,clbnxtontas5d0755ckuv0jyp,out/images/raw/clbnxtontas5d0755ckuv0jyp.jpg,Does this image contain any finding?,no,,,576,720,no
validation,clbnxtonuas7x07559yk89ey1,out/images/raw/clbnxtonuas7x07559yk89ey1.jpg,Does this image contain any finding?,no,,,531,572,yes
validation,clbnxtonuas8l07558eyi6krn,out/images/raw/clbnxtonuas8l07558eyi6krn.jpg,Does this image contain any finding?,no,,,531,633,no
validation,clbnxtonuas8x075521cg1f1h,out/images/raw/clbnxtonuas8x075521cg1f1h.jpg,Does this image contain any finding?,no,,,530,633,yes
validation,clbnxtonvasa907551vlv18tx,out/images/raw/clbnxtonvasa907551vlv18tx.jpg,Does this image contain any finding?,no,,,531,633,no
validation,clbnxtonwasb5075549lo0lxt,out/images/raw/clbnxtonwasb5075549lo0lxt.jpg,Does this image contain any finding?,no,,,531,633,no
validation,clbnxtonxased0755hqtsdf52,out/images/raw/clbnxtonxased0755hqtsdf52.jpg,Does this image contain any finding?,no,,,531,633,yes
validation,clbnxtonxasex0755hq73h7jf,out/images/raw/clbnxtonxasex0755hq73h7jf.jpg,Does this image contain any finding?,no,,,531,633,no
validation,clbnxtonyasfl07555ed16abs,out/images/raw/clbnxtonyasfl07555ed16abs.jpg,Does this image contain any finding?,no,,,531,633,no
validation,clbnxtonyasg50755b6cf2uuf,out/images/raw/clbnxtonyasg50755b6cf2uuf.jpg,Does this image contain any finding?,no,,,531,633,yes
validation,clbnxtonzashd0755gz5895o8,out/images/raw/clbnxtonzashd0755gz5895o8.jpg,Does this image contain any finding?,no,,,531,633,no
validation,clbnxtonzashp0755b6dn1p6z,out/images/raw/clbnxtonzashp0755b6dn1p6z.jpg,Does this image contain any finding?,no,,,531,633,no
validation,clbnxtow56tby079ogqskf8il,out/images/raw/clbnxtow56tby079ogqskf8il.jpg,Does this image contain any finding?,no,,,1024,1280,yes
validation,clbnxtow66tdi079o6d864ed8,out/images/raw/clbnxtow66tdi079o6d864ed8.jpg,Does this image contain any finding?,no,,,532,633,no
validation,clbnxtow76tfq079o5p1tdamp,out/images/raw/clbnxtow76tfq079o5p1tdamp.jpg,Does this image contain any finding?,no,,,531,633,no
validation,clbnxtow86thm079o5a4eb0ez,out/images/raw/clbnxtow86thm079o5a4eb0ez.jpg,Does this image contain any finding?,no,,,531,633,yes
validation,clbnxtow86thq079og39q3wym,out/images/raw/clbnxtow86thq079og39q3wym.jpg,Does this image contain any finding?,no,,,561,627,no
validation,clbnxtow86tii079ohdj20t7t,out/images/raw/clbnxtow86tii079ohdj20t7t.jpg,Does this image contain any finding?,no,,,531,633,no
validation,clbnxtow96tj2079o294tcnhk,out/images/raw/clbnxtow96tj2079o294tcnhk.jpg,Does this image contain any finding?,no,,,531,633,yes
validation,clbnxtow96tje079o7wydav3s,out/images/raw/clbnxtow96tje079o7wydav3s.jpg,Does this image contain any finding?,no,,,531,633,no
validation,clbnxtowb6tn6079o9sii31y5,out/images/raw/clbnxtowb6tn6079o9sii31y5.jpg,Does this image contain any finding?,no,,,532,633,yes
validation,clbnxtowc6tp6079oaxbn4f5c,out/images/raw/clbnxtowc6tp6079oaxbn4f5c.jpg,Does this image contain any finding?,no,,,531,633,yes
validation,clbnxtowc6tpa079o1a1d76cf,out/images/raw/clbnxtowc6tpa079o1a1d76cf.jpg,Does this image contain any finding?,no,,,532,633,yes
validation,clbnxtowd6trq079o0cjxdamp,out/images/raw/clbnxtowd6trq079o0cjxdamp.jpg,Does this image contain any finding?,no,,,532,633,yes
validation,clbnxtowd6tsy079o8eta72xg,out/images/raw/clbnxtowd6tsy079o8eta72xg.jpg,Does this image contain any finding?,no,,,531,633,yes
validation,clbnxtowe6tva079offodgepw,out/images/raw/clbnxtowe6tva079offodgepw.jpg,Does this image contain any finding?,no,,,531,633,yes
validation,clbnxtowf6tvy079o5218a8by,out/images/raw/clbnxtowf6tvy079o5218a8by.jpg,Does this image contain any finding?,no,,,531,633,yes
validation,clbnxtowf6txe079oe89p5j41,out/images/raw/clbnxtowf6txe079oe89p5j41.jpg,Does this image contain any finding?,no,,,532,633,yes
validation,clbnxtowf6txq079ofznx0ymd,out/images/raw/clbnxtowf6txq079ofznx0ymd.jpg,Does this image contain any finding?,no,,,531,633,yes
validation,clbnxtowg6tz2079of6gsevdh,out/images/raw/clbnxtowg6tz2079of6gsevdh.jpg,Does this image contain any finding?,no,,,532,633,no
validation,clbnxtowg6tzy079o3w1i4xmt,out/images/raw/clbnxtowg6tzy079o3w1i4xmt.jpg,Does this image contain any finding?,no,,,548,635,no
validation,clbnxtowh6u26079o0so269dh,out/images/raw/clbnxtowh6u26079o0so269dh.jpg,Does this image contain any finding?,no,,,532,633,yes
validation,clbnxtowi6u3u079of94g2pbs,out/images/raw/clbnxtowi6u3u079of94g2pbs.jpg,Does this image contain any finding?,no,,,532,633,no
validation,clbnxtowi6u4e079o786e7w9g,out/images/raw/clbnxtowi6u4e079o786e7w9g.jpg,Does this image contain any finding?,no,,,532,633,no
validation,clbnxtowi6u4y079o9nj72cun,out/images/raw/clbnxtowi6u4y079o9nj72cun.jpg,Does this image contain any finding?,no,,,531,633,yes
validation,clbnxtown6u56079og1ytcyw0,out/images/raw/clbnxtown6u56079og1ytcyw0.jpg,Does this image contain any finding?,no,,,532,633,no
validation,clbnxtowo6u6q079oesjihios,out/images/raw/clbnxtowo6u6q079oesjihios.jpg,Does this image contain any finding?,no,,,547,635,yes
validation,clbnxtowo6u6u079odh3e7nbj,out/images/raw/clbnxtowo6u6u079odh3e7nbj.jpg,Does this image contain any finding?,no,,,531,633,yes
validation,clbnxtowo6u7a079oc0aaa68m,out/images/raw/clbnxtowo6u7a079oc0aaa68m.jpg,Does this image contain any finding?,no,,,576,720,yes
validation,clbnxtowo6u7e079ofwzx5v1d,out/images/raw/clbnxtowo6u7e079ofwzx5v1d.jpg,Does this image contain any finding?,no,,,576,720,yes
validation,clbnxtowp6u8y079ocmih7sff,out/images/raw/clbnxtowp6u8y079ocmih7sff.jpg,Does this image contain any finding?,no,,,576,720,yes
validation,clbnxtowp6uam079o2toxdwae,out/images/raw/clbnxtowp6uam079o2toxdwae.jpg,Does this image contain any finding?,no,,,576,720,yes
validation,clbnxtowq6ub6079o96ju1xct,out/images/raw/clbnxtowq6ub6079o96ju1xct.jpg,Does this image contain any finding?,no,,,576,720,yes
validation,clbnxtowq6ucq079o98oodyjk,out/images/raw/clbnxtowq6ucq079o98oodyjk.jpg,Does this image contain any finding?,no,,,576,720,yes
validation,clbnxtowq6ucy079o8kk5h0hu,out/images/raw/clbnxtowq6ucy079o8kk5h0hu.jpg,Does this image contain any finding?,no,,,576,720,yes
validation,clbnxtowr6udm079ohsyr5irv,out/images/raw/clbnxtowr6udm079ohsyr5irv.jpg,Does this image contain any finding?,no,,,576,720,yes
validation,clbnxtowr6uea079o8qumfebs,out/images/raw/clbnxtowr6uea079o8qumfebs.jpg,Does this image contain any finding?,no,,,576,720,yes
validation,clbnxtowr6uee079ofjwk3sfc,out/images/raw/clbnxtowr6uee079ofjwk3sfc.jpg,Does this image contain any finding?,no,,,576,720,yes
validation,clbnxtowr6uf6079obaga04l6,out/images/raw/clbnxtowr6uf6079obaga04l6.jpg,Does this image contain any finding?,no,,,576,720,yes
validation,clbnxtows6ufy079o2fj236x2,out/images/raw/clbnxtows6ufy079o2fj236x2.jpg,Does this image contain any finding?,no,,,576,720,yes
validation,clbnxtows6ugu079o83zycw1d,out/images/raw/clbnxtows6ugu079o83zycw1d.jpg,Does this image contain any finding?,no,,,576,720,yes
validation,clbnxtows6ugy079o4n1549ig,out/images/raw/clbnxtows6ugy079o4n1549ig.jpg,Does this image contain any finding?,no,,,576,720,yes
validation,clbnxtowt6uii079oa1wc8m1j,out/images/raw/clbnxtowt6uii079oa1wc8m1j.jpg,Does this image contain any finding?,no,,,576,720,yes
validation,clbnxtowt6uiy079ocvy4fplm,out/images/raw/clbnxtowt6uiy079ocvy4fplm.jpg,Does this image contain any finding?,no,,,576,720,yes
validation,clbnxtowt6uk2079oebal2i09,out/images/raw/clbnxtowt6uk2079oebal2i09.jpg,Does this image contain any finding?,no,,,531,633,yes
validation,clbnxtowt6uka079of9nt26mt,out/images/raw/clbnxtowt6uka079of9nt26mt.jpg,Does this image contain any finding?,no,,,531,633,no
validation,clbnxtowt6ukm079oceba93pw,out/images/raw/clbnxtowt6ukm079oceba93pw.jpg,Does this image contain any finding?,no,,,532,633,no
validation,clbnxtowu6uky079o3nzhbols,out/images/raw/clbnxtowu6uky079o3nzhbols.jpg,Does this image contain any finding?,no,,,531,604,yes
validation,clbnxtowu6ul2079obayg1x2h,out/images/raw/clbnxtowu6ul2079obayg1x2h.jpg,Does this image contain any finding?,no,,,531,633,yes
validation,clbnxtowu6um6079o9sl8guoh,out/images/raw/clbnxtowu6um6079o9sl8guoh.jpg,Does this image contain any finding?,no,,,531,633,no
validation,clbnxtowv6uo2079o2jcua6oa,out/images/raw/clbnxtowv6uo2079o2jcua6oa.jpg,Does this image contain any finding?,no,,,532,633,yes
validation,clbnxtowv6up2079o7ps6gd6n,out/images/raw/clbnxtowv6up2079o7ps6gd6n.jpg,Does this image contain any finding?,no,,,531,633,no
validation,clbnxtowv6upm079o5j2cb3jw,out/images/raw/clbnxtowv6upm079o5j2cb3jw.jpg,Does this image contain any finding?,no,,,531,630,no
validation,clbnxtowx6utu079o7ojlac8a,out/images/raw/clbnxtowx6utu079o7ojlac8a.jpg,Does this image contain any finding?,no,,,531,633,no
validation,clbnxtowx6uty079ocb888q4v,out/images/raw/clbnxtowx6uty079ocb888q4v.jpg,Does this image contain any finding?,no,,,531,633,yes
validation,clbnxtowx6uum079odptb6aov,out/images/raw/clbnxtowx6uum079odptb6aov.jpg,Does this image contain any finding?,no,,,532,633,yes
validation,clbnxtowy6uuu079o8zvk26pj,out/images/raw/clbnxtowy6uuu079o8zvk26pj.jpg,Does this image contain any finding?,no,,,531,633,yes
validation,clbnxtowy6uvq079ohgyfchhw,out/images/raw/clbnxtowy6uvq079ohgyfchhw.jpg,Does this image contain any finding?,no,,,532,633,yes
validation,clbnxtowy6uwq079o6wci572m,out/images/raw/clbnxtowy6uwq079o6wci572m.jpg,Does this image contain any finding?,no,,,532,633,yes
validation,clbnxtox06v0m079oa97d50h3,out/images/raw/clbnxtox06v0m079oa97d50h3.jpg,Does this image contain any finding?,no,,,576,720,no
validation,clbnxtox06v16079o8s0d6im4,out/images/raw/clbnxtox06v16079o8s0d6im4.jpg,Does this image contain any finding?,no,,,576,720,yes
validation,clbnxtox16v3y079o7g6v3b0a,out/images/raw/clbnxtox16v3y079o7g6v3b0a.jpg,Does this image contain any finding?,no,,,576,720,yes
validation,clbnxtox26v4y079oa57s0iat,out/images/raw/clbnxtox26v4y079oa57s0iat.jpg,Does this image contain any finding?,no,,,576,720,yes
validation,clbnxtox26v5u079o2kur1wjc,out/images/raw/clbnxtox26v5u079o2kur1wjc.jpg,Does this image contain any finding?,no,,,576,720,yes
validation,clbnxtox26v6q079o83es86cf,out/images/raw/clbnxtox26v6q079o83es86cf.jpg,Does this image contain any finding?,no,,,576,720,yes
validation,clbnxtox46v9m079o67fgft2c,out/images/raw/clbnxtox46v9m079o67fgft2c.jpg,Does this image contain any finding?,no,,,532,633,no
validation,clbnxtox56vdm079o12y5427x,out/images/raw/clbnxtox56vdm079o12y5427x.jpg,Does this image contain any finding?,no,,,547,635,no
validation,clbnxtox66vei079o1qzk89hy,out/images/raw/clbnxtox66vei079o1qzk89hy.jpg,Does this image contain any finding?,no,,,532,633,yes
validation,clbnxtox66veq079o7k7j8ys8,out/images/raw/clbnxtox66veq079o7k7j8ys8.jpg,Does this image contain any finding?,no,,,532,633,yes
validation,clbnxtox66vfi079o6a44102e,out/images/raw/clbnxtox66vfi079o6a44102e.jpg,Does this image contain any finding?,no,,,531,609,yes
validation,clbnxtox66vgu079o25gcgcrz,out/images/raw/clbnxtox66vgu079o25gcgcrz.jpg,Does this image contain any finding?,no,,,531,633,yes
validation,clbnxtox76vhm079oarf594lu,out/images/raw/clbnxtox76vhm079oarf594lu.jpg,Does this image contain any finding?,no,,,531,633,no
validation,clbnxtox76vje079o0aq3e5i1,out/images/raw/clbnxtox76vje079o0aq3e5i1.jpg,Does this image contain any finding?,no,,,532,633,yes
validation,clbnxtox86vjq079ogxoocbzj,out/images/raw/clbnxtox86vjq079ogxoocbzj.jpg,Does this image contain any finding?,no,,,531,633,yes
validation,clbnxtoxe6vle079o2vdz8ary,out/images/raw/clbnxtoxe6vle079o2vdz8ary.jpg,Does this image contain any finding?,no,,,532,633,no
validation,clbnxtoxf6vma079o4xz0hq6n,out/images/raw/clbnxtoxf6vma079o4xz0hq6n.jpg,Does this image contain any finding?,no,,,408,635,yes
validation,clbnxtoxf6vn6079o09q1bnka,out/images/raw/clbnxtoxf6vn6079o09q1bnka.jpg,Does this image contain any finding?,no,,,532,633,no
validation,clbnxtoxg6vo6079o8oa9ghiz,out/images/raw/clbnxtoxg6vo6079o8oa9ghiz.jpg,Does this image contain any finding?,no,,,548,627,no
validation,clbnxtoxg6vpa079odn1ldslk,out/images/raw/clbnxtoxg6vpa079odn1ldslk.jpg,Does this image contain any finding?,no,,,532,633,yes
validation,clbnxtoxg6vq2079o1adcfa16,out/images/raw/clbnxtoxg6vq2079o1adcfa16.jpg,Does this image contain any finding?,no,,,548,635,no
validation,clbnxtoxh6vqq079o7mi8do6y,out/images/raw/clbnxtoxh6vqq079o7mi8do6y.jpg,Does this image contain any finding?,no,,,532,633,no
validation,clbnxtoxh6vre079odi1a7yf1,out/images/raw/clbnxtoxh6vre079odi1a7yf1.jpg,Does this image contain any finding?,no,,,532,633,no
validation,clbnxtoxh6vse079oh50n1uc8,out/images/raw/clbnxtoxh6vse079oh50n1uc8.jpg,Does this image contain any finding?,no,,,531,614,yes
validation,clbnxtoxj6vwi079o2jxhhgdy,out/images/raw/clbnxtoxj6vwi079o2jxhhgdy.jpg,Does this image contain any finding?,no,,,532,633,yes
validation,clbnxtoxk6vz6079o0o3zgtgz,out/images/raw/clbnxtoxk6vz6079o0o3zgtgz.jpg,Does this image contain any finding?,no,,,531,633,yes
validation,clbnxtoxl6w1e079o0ieo9geo,out/images/raw/clbnxtoxl6w1e079o0ieo9geo.jpg,Does this image contain any finding?,no,,,576,720,yes
validation,clbnxtoxl6w1u079odp768k0k,out/images/raw/clbnxtoxl6w1u079odp768k0k.jpg,Does this image contain any finding?,no,,,576,720,yes
validation,clbnxtoxl6w2a079o1xcq2dgq,out/images/raw/clbnxtoxl6w2a079o1xcq2dgq.jpg,Does this image contain any finding?,no,,,576,720,no
validation,clbnxtoxm6w3u079o8yq763ke,out/images/raw/clbnxtoxm6w3u079o8yq763ke.jpg,Does this image contain any finding?,no,,,547,635,no
validation,clbnxtoxm6w4a079o0msi9svi,out/images/raw/clbnxtoxm6w4a079o0msi9svi.jpg,Does this image contain any finding?,no,,,531,633,yes
validation,clbnxtoxm6w4q079o8t506rgi,out/images/raw/clbnxtoxm6w4q079o8t506rgi.jpg,Does this image contain any finding?,no,,,532,633,no
validation,clbnxtoxn6w5u079oa0yohyjr,out/images/raw/clbnxtoxn6w5u079oa0yohyjr.jpg,Does this image contain any finding?,no,,,531,633,yes
validation,clbnxtoxn6w6e079o4c9k1ll6,out/images/raw/clbnxtoxn6w6e079o4c9k1ll6.jpg,Does this image contain any finding?,no,,,531,633,yes
validation,clbnxtoxq6w7e079o2mv28fyl,out/images/raw/clbnxtoxq6w7e079o2mv28fyl.jpg,Does this image contain any finding?,no,,,548,635,yes
validation,clbnxtoxr6w8q079oblzycha6,out/images/raw/clbnxtoxr6w8q079oblzycha6.jpg,Does this image contain any finding?,no,,,532,633,no
validation,clbnxtoxr6w8y079o41ush7zh,out/images/raw/clbnxtoxr6w8y079o41ush7zh.jpg,Does this image contain any finding?,no,,,532,633,no
validation,clbnxtoxs6waq079o8vj37vly,out/images/raw/clbnxtoxs6waq079o8vj37vly.jpg,Does this image contain any finding?,no,,,532,633,no
validation,clb0lbwy8dnsw086uh76h47is,out/images/raw/clb0lbwy8dnsw086uh76h47is.jpg,Is there text?,yes,,,532,572,yes
validation,clb0lbwy8dnsw086uh76h47is,out/images/raw/clb0lbwy8dnsw086uh76h47is.jpg,Is there a green/black box artefact?,no,,,532,572,yes
validation,clb0lbwy8dnsw086uh76h47is,out/images/raw/clb0lbwy8dnsw086uh76h47is.jpg,Is this finding easy to detect?,yes,,,532,572,no
validation,clb0lbwy8dnt4086uavvubxta,out/images/raw/clb0lbwy8dnt4086uavvubxta.jpg,Is there text?,yes,,,531,623,yes
validation,clb0lbwy8dnt4086uavvubxta,out/images/raw/clb0lbwy8dnt4086uavvubxta.jpg,Is there a green/black box artefact?,no,,,531,623,yes
validation,clb0lbwy8dnt4086uavvubxta,out/images/raw/clb0lbwy8dnt4086uavvubxta.jpg,Is this finding easy to detect?,yes,,,531,623,no
validation,clb0lbwy9dnug086u9wwld50l,out/images/raw/clb0lbwy9dnug086u9wwld50l.jpg,Is there text?,yes,,,548,635,yes
validation,clb0lbwy9dnug086u9wwld50l,out/images/raw/clb0lbwy9dnug086u9wwld50l.jpg,Is there a green/black box artefact?,yes,,,548,635,yes
validation,clb0lbwy9dnug086u9wwld50l,out/images/raw/clb0lbwy9dnug086u9wwld50l.jpg,Is this finding easy to detect?,no,,,548,635,yes
validation,clb0lbwybdnyc086u615667vs,out/images/raw/clb0lbwybdnyc086u615667vs.jpg,Is this finding easy to detect?,yes,,,530,623,no
validation,clb0lbwybdnyc086u615667vs,out/images/raw/clb0lbwybdnyc086u615667vs.jpg,Is there a green/black box artefact?,no,,,530,623,yes
validation,clb0lbwybdnyc086u615667vs,out/images/raw/clb0lbwybdnyc086u615667vs.jpg,Is there text?,yes,,,530,623,yes
validation,clb0lbwybdnys086udgmag3y4,out/images/raw/clb0lbwybdnys086udgmag3y4.jpg,Is this finding easy to detect?,yes,,,530,624,no
validation,clb0lbwybdnys086udgmag3y4,out/images/raw/clb0lbwybdnys086udgmag3y4.jpg,Is there a green/black box artefact?,no,,,530,624,yes
validation,clb0lbwybdnys086udgmag3y4,out/images/raw/clb0lbwybdnys086udgmag3y4.jpg,Is there text?,yes,,,530,624,yes
validation,clb0lbwycdo0k086ugwwd9bqg,out/images/raw/clb0lbwycdo0k086ugwwd9bqg.jpg,Is this finding easy to detect?,yes,,,548,635,yes
validation,clb0lbwycdo0k086ugwwd9bqg,out/images/raw/clb0lbwycdo0k086ugwwd9bqg.jpg,Is there a green/black box artefact?,yes,,,548,635,yes
validation,clb0lbwycdo0k086ugwwd9bqg,out/images/raw/clb0lbwycdo0k086ugwwd9bqg.jpg,Is there text?,yes,,,548,635,yes
validation,clb0lbwyedo3g086u4i3d1yz2,out/images/raw/clb0lbwyedo3g086u4i3d1yz2.jpg,Is this finding easy to detect?,yes,,,530,623,no
validation,clb0lbwyedo3g086u4i3d1yz2,out/images/raw/clb0lbwyedo3g086u4i3d1yz2.jpg,Is there a green/black box artefact?,no,,,530,623,yes
validation,clb0lbwyedo3g086u4i3d1yz2,out/images/raw/clb0lbwyedo3g086u4i3d1yz2.jpg,Is there text?,yes,,,530,623,yes
validation,clb0lbwyhdo48086ufb5g30an,out/images/raw/clb0lbwyhdo48086ufb5g30an.jpg,Is this finding easy to detect?,yes,,,548,635,yes
validation,clb0lbwyhdo48086ufb5g30an,out/images/raw/clb0lbwyhdo48086ufb5g30an.jpg,Is there a green/black box artefact?,yes,,,548,635,yes
validation,clb0lbwyhdo48086ufb5g30an,out/images/raw/clb0lbwyhdo48086ufb5g30an.jpg,Is there text?,yes,,,548,635,yes
validation,clb0lbwyhdo4c086u925fgl0z,out/images/raw/clb0lbwyhdo4c086u925fgl0z.jpg,Is there text?,yes,,,532,572,yes
validation,clb0lbwyhdo4c086u925fgl0z,out/images/raw/clb0lbwyhdo4c086u925fgl0z.jpg,Is there a green/black box artefact?,no,,,532,572,yes
validation,clb0lbwyhdo4c086u925fgl0z,out/images/raw/clb0lbwyhdo4c086u925fgl0z.jpg,Is this finding easy to detect?,no,,,532,572,no
validation,clb0lbwyido5s086ua69j6gwn,out/images/raw/clb0lbwyido5s086ua69j6gwn.jpg,Have all polyps been removed?,no,,,532,633,yes
validation,clb0lbwyido5s086ua69j6gwn,out/images/raw/clb0lbwyido5s086ua69j6gwn.jpg,Is this finding easy to detect?,no,,,532,633,yes
validation,clb0lbwyido5s086ua69j6gwn,out/images/raw/clb0lbwyido5s086ua69j6gwn.jpg,Is there a green/black box artefact?,yes,,,532,633,yes
validation,clb0lbwyido5s086ua69j6gwn,out/images/raw/clb0lbwyido5s086ua69j6gwn.jpg,Is there text?,yes,,,532,633,yes
validation,clb0lbwyjdo6c086u71dh8i8q,out/images/raw/clb0lbwyjdo6c086u71dh8i8q.jpg,Is there text?,yes,,,530,623,yes
validation,clb0lbwyjdo6c086u71dh8i8q,out/images/raw/clb0lbwyjdo6c086u71dh8i8q.jpg,Is there a green/black box artefact?,no,,,530,623,yes
validation,clb0lbwyjdo6c086u71dh8i8q,out/images/raw/clb0lbwyjdo6c086u71dh8i8q.jpg,Is this finding easy to detect?,no,,,530,623,no
validation,clb0lbwykdo7c086u42rybqm8,out/images/raw/clb0lbwykdo7c086u42rybqm8.jpg,Is this finding easy to detect?,yes,,,530,623,no
validation,clb0lbwykdo7c086u42rybqm8,out/images/raw/clb0lbwykdo7c086u42rybqm8.jpg,Is there a green/black box artefact?,no,,,530,623,no
validation,clb0lbwykdo7c086u42rybqm8,out/images/raw/clb0lbwykdo7c086u42rybqm8.jpg,Is there text?,yes,,,530,623,yes
validation,clb0lbwykdo8k086uarovaz9g,out/images/raw/clb0lbwykdo8k086uarovaz9g.jpg,Is there text?,yes,,,530,601,yes
validation,clb0lbwykdo8k086uarovaz9g,out/images/raw/clb0lbwykdo8k086uarovaz9g.jpg,Is there a green/black box artefact?,no,,,530,601,yes
validation,clb0lbwykdo8k086uarovaz9g,out/images/raw/clb0lbwykdo8k086uarovaz9g.jpg,Is this finding easy to detect?,yes,,,530,601,no
validation,clb0lbwymdob4086ug6gn690v,out/images/raw/clb0lbwymdob4086ug6gn690v.jpg,Is this finding easy to detect?,yes,,,530,624,no
validation,clb0lbwymdob4086ug6gn690v,out/images/raw/clb0lbwymdob4086ug6gn690v.jpg,Is there a green/black box artefact?,no,,,530,624,no
validation,clb0lbwymdob4086ug6gn690v,out/images/raw/clb0lbwymdob4086ug6gn690v.jpg,Is there text?,yes,,,530,624,yes
validation,clb0lbwymdobo086u84xteqsm,out/images/raw/clb0lbwymdobo086u84xteqsm.jpg,Is there text?,yes,,,530,623,yes
validation,clb0lbwymdobo086u84xteqsm,out/images/raw/clb0lbwymdobo086u84xteqsm.jpg,Is there a green/black box artefact?,no,,,530,623,yes
validation,clb0lbwymdobo086u84xteqsm,out/images/raw/clb0lbwymdobo086u84xteqsm.jpg,Is this finding easy to detect?,yes,,,530,623,no
validation,clb0lbwyndoc4086ufugg5lny,out/images/raw/clb0lbwyndoc4086ufugg5lny.jpg,Have all polyps been removed?,no,,,529,614,yes
validation,clb0lbwyndoc4086ufugg5lny,out/images/raw/clb0lbwyndoc4086ufugg5lny.jpg,Is this finding easy to detect?,no,,,529,614,no
validation,clb0lbwyndoc4086ufugg5lny,out/images/raw/clb0lbwyndoc4086ufugg5lny.jpg,Is there a green/black box artefact?,no,,,529,614,yes
validation,clb0lbwyndoc4086ufugg5lny,out/images/raw/clb0lbwyndoc4086ufugg5lny.jpg,Is there text?,yes,,,529,614,yes
validation,clb0lbwyrdofs086uax1b2tdy,out/images/raw/clb0lbwyrdofs086uax1b2tdy.jpg,Is there text?,yes,,,532,572,yes
validation,clb0lbwyrdofs086uax1b2tdy,out/images/raw/clb0lbwyrdofs086uax1b2tdy.jpg,Is there a green/black box artefact?,no,,,532,572,yes
validation,clb0lbwyrdofs086uax1b2tdy,out/images/raw/clb0lbwyrdofs086uax1b2tdy.jpg,Is this finding easy to detect?,yes,,,532,572,no
validation,clb0lbwyudoi8086u1riyee8o,out/images/raw/clb0lbwyudoi8086u1riyee8o.jpg,Is this finding easy to detect?,yes,,,548,635,no
validation,clb0lbwyudoi8086u1riyee8o,out/images/raw/clb0lbwyudoi8086u1riyee8o.jpg,Is there a green/black box artefact?,yes,,,548,635,yes
validation,clb0lbwyudoi8086u1riyee8o,out/images/raw/clb0lbwyudoi8086u1riyee8o.jpg,Is there text?,yes,,,548,635,yes
validation,clb0lbwyvdoj0086u1bwle0s4,out/images/raw/clb0lbwyvdoj0086u1bwle0s4.jpg,Is this finding easy to detect?,yes,,,530,624,no
validation,clb0lbwyvdoj0086u1bwle0s4,out/images/raw/clb0lbwyvdoj0086u1bwle0s4.jpg,Is there a green/black box artefact?,no,,,530,624,yes
validation,clb0lbwyvdoj0086u1bwle0s4,out/images/raw/clb0lbwyvdoj0086u1bwle0s4.jpg,Is there text?,yes,,,530,624,yes
validation,clb0lbwyzdolo086u3fm8ezxk,out/images/raw/clb0lbwyzdolo086u3fm8ezxk.jpg,Is this finding easy to detect?,yes,,,530,628,no
validation,clb0lbwyzdolo086u3fm8ezxk,out/images/raw/clb0lbwyzdolo086u3fm8ezxk.jpg,Is there a green/black box artefact?,yes,,,530,628,yes
validation,clb0lbwyzdolo086u3fm8ezxk,out/images/raw/clb0lbwyzdolo086u3fm8ezxk.jpg,Is there text?,no,,,530,628,yes
validation,clb0lbwyzdolw086u13l8cq46,out/images/raw/clb0lbwyzdolw086u13l8cq46.jpg,Is this finding easy to detect?,yes,,,548,635,no
validation,clb0lbwyzdolw086u13l8cq46,out/images/raw/clb0lbwyzdolw086u13l8cq46.jpg,Is there a green/black box artefact?,yes,,,548,635,yes
validation,clb0lbwyzdolw086u13l8cq46,out/images/raw/clb0lbwyzdolw086u13l8cq46.jpg,Is there text?,yes,,,548,635,yes
validation,clb0lbwz0donk086u27libb9k,out/images/raw/clb0lbwz0donk086u27libb9k.jpg,Is this finding easy to detect?,yes,,,532,633,yes
validation,clb0lbwz0donk086u27libb9k,out/images/raw/clb0lbwz0donk086u27libb9k.jpg,Is there a green/black box artefact?,yes,,,532,633,yes
validation,clb0lbwz0donk086u27libb9k,out/images/raw/clb0lbwz0donk086u27libb9k.jpg,Is there text?,yes,,,532,633,yes
validation,clb0lbwz2dop4086ud5qn6aob,out/images/raw/clb0lbwz2dop4086ud5qn6aob.jpg,Is this finding easy to detect?,yes,,,532,633,no
validation,clb0lbwz2dop4086ud5qn6aob,out/images/raw/clb0lbwz2dop4086ud5qn6aob.jpg,Is there a green/black box artefact?,yes,,,532,633,yes
validation,clb0lbwz2dop4086ud5qn6aob,out/images/raw/clb0lbwz2dop4086ud5qn6aob.jpg,Is there text?,yes,,,532,633,yes
validation,clb0lbwz2dop8086u88hc32e0,out/images/raw/clb0lbwz2dop8086u88hc32e0.jpg,Is this finding easy to detect?,no,,,528,570,no
validation,clb0lbwz2dop8086u88hc32e0,out/images/raw/clb0lbwz2dop8086u88hc32e0.jpg,Is there a green/black box artefact?,no,,,528,570,no
validation,clb0lbwz2dop8086u88hc32e0,out/images/raw/clb0lbwz2dop8086u88hc32e0.jpg,Is there text?,yes,,,528,570,yes
validation,clb0lbwz5dos8086u6kb26d05,out/images/raw/clb0lbwz5dos8086u6kb26d05.jpg,Is there text?,yes,,,530,623,yes
validation,clb0lbwz5dos8086u6kb26d05,out/images/raw/clb0lbwz5dos8086u6kb26d05.jpg,Is there a green/black box artefact?,no,,,530,623,yes
validation,clb0lbwz5dos8086u6kb26d05,out/images/raw/clb0lbwz5dos8086u6kb26d05.jpg,Is this finding easy to detect?,yes,,,530,623,no
validation,clb0lbwz5dos8086u6kb26d05,out/images/raw/clb0lbwz5dos8086u6kb26d05.jpg,Have all polyps been removed?,no,,,530,623,yes
validation,clb0lbwz5dosk086uaex8ami6,out/images/raw/clb0lbwz5dosk086uaex8ami6.jpg,Have all polyps been removed?,no,,,576,768,yes
validation,clb0lbwz5dosk086uaex8ami6,out/images/raw/clb0lbwz5dosk086uaex8ami6.jpg,Is this finding easy to detect?,yes,,,576,768,no
validation,clb0lbwz5dosk086uaex8ami6,out/images/raw/clb0lbwz5dosk086uaex8ami6.jpg,Is there a green/black box artefact?,yes,,,576,768,yes
validation,clb0lbwz5dosk086uaex8ami6,out/images/raw/clb0lbwz5dosk086uaex8ami6.jpg,Is there text?,yes,,,576,768,yes
validation,clb0lbwz5dot0086uaj1e75nt,out/images/raw/clb0lbwz5dot0086uaj1e75nt.jpg,Have all polyps been removed?,no,,,576,720,yes
validation,clb0lbwz5dot0086uaj1e75nt,out/images/raw/clb0lbwz5dot0086uaj1e75nt.jpg,Is this finding easy to detect?,yes,,,576,720,no
validation,clb0lbwz5dot0086uaj1e75nt,out/images/raw/clb0lbwz5dot0086uaj1e75nt.jpg,Is there a green/black box artefact?,no,,,576,720,yes
validation,clb0lbwz5dot0086uaj1e75nt,out/images/raw/clb0lbwz5dot0086uaj1e75nt.jpg,Is there text?,yes,,,576,720,yes
validation,clb0lbwz7douc086ubp4sdo4t,out/images/raw/clb0lbwz7douc086ubp4sdo4t.jpg,Is this finding easy to detect?,yes,,,532,571,no
validation,clb0lbwz7douc086ubp4sdo4t,out/images/raw/clb0lbwz7douc086ubp4sdo4t.jpg,Is there a green/black box artefact?,no,,,532,571,yes
validation,clb0lbwz7douc086ubp4sdo4t,out/images/raw/clb0lbwz7douc086ubp4sdo4t.jpg,Is there text?,yes,,,532,571,yes
validation,clb0lbwz8dov4086u41e5gplf,out/images/raw/clb0lbwz8dov4086u41e5gplf.jpg,Have all polyps been removed?,yes,,,529,596,yes
validation,clb0lbwz8dov4086u41e5gplf,out/images/raw/clb0lbwz8dov4086u41e5gplf.jpg,Is this finding easy to detect?,yes,,,529,596,no
validation,clb0lbwz8dov4086u41e5gplf,out/images/raw/clb0lbwz8dov4086u41e5gplf.jpg,Is there a green/black box artefact?,no,,,529,596,yes
validation,clb0lbwz8dov4086u41e5gplf,out/images/raw/clb0lbwz8dov4086u41e5gplf.jpg,Is there text?,yes,,,529,596,yes
validation,clb0lbwz8dow8086ua4i70hxi,out/images/raw/clb0lbwz8dow8086ua4i70hxi.jpg,Have all polyps been removed?,no,,,576,720,yes
validation,clb0lbwz8dow8086ua4i70hxi,out/images/raw/clb0lbwz8dow8086ua4i70hxi.jpg,Is this finding easy to detect?,yes,,,576,720,no
validation,clb0lbwz8dow8086ua4i70hxi,out/images/raw/clb0lbwz8dow8086ua4i70hxi.jpg,Is there a green/black box artefact?,no,,,576,720,yes
validation,clb0lbwz8dow8086ua4i70hxi,out/images/raw/clb0lbwz8dow8086ua4i70hxi.jpg,Is there text?,yes,,,576,720,yes
validation,clb0lbwz9doxc086u60u1cjgd,out/images/raw/clb0lbwz9doxc086u60u1cjgd.jpg,Have all polyps been removed?,no,,,576,720,yes
validation,clb0lbwz9doxc086u60u1cjgd,out/images/raw/clb0lbwz9doxc086u60u1cjgd.jpg,Is this finding easy to detect?,yes,,,576,720,no
validation,clb0lbwz9doxc086u60u1cjgd,out/images/raw/clb0lbwz9doxc086u60u1cjgd.jpg,Is there a green/black box artefact?,yes,,,576,720,yes
validation,clb0lbwz9doxc086u60u1cjgd,out/images/raw/clb0lbwz9doxc086u60u1cjgd.jpg,Is there text?,yes,,,576,720,yes
validation,clb0lbwzbdoys086udm576u3f,out/images/raw/clb0lbwzbdoys086udm576u3f.jpg,Have all polyps been removed?,no,,,576,768,yes
validation,clb0lbwzbdoys086udm576u3f,out/images/raw/clb0lbwzbdoys086udm576u3f.jpg,Is this finding easy to detect?,yes,,,576,768,no
validation,clb0lbwzbdoys086udm576u3f,out/images/raw/clb0lbwzbdoys086udm576u3f.jpg,Is there a green/black box artefact?,no,,,576,768,yes
validation,clb0lbwzbdoys086udm576u3f,out/images/raw/clb0lbwzbdoys086udm576u3f.jpg,Is there text?,yes,,,576,768,yes
validation,clb0lbwzbdoyw086u4a997ipc,out/images/raw/clb0lbwzbdoyw086u4a997ipc.jpg,Is this finding easy to detect?,no,,,530,572,yes
validation,clb0lbwzbdoyw086u4a997ipc,out/images/raw/clb0lbwzbdoyw086u4a997ipc.jpg,Is there a green/black box artefact?,no,,,530,572,yes
validation,clb0lbwzbdoyw086u4a997ipc,out/images/raw/clb0lbwzbdoyw086u4a997ipc.jpg,Is there text?,yes,,,530,572,yes
validation,clb0lbwzbdozc086uf89u0j9l,out/images/raw/clb0lbwzbdozc086uf89u0j9l.jpg,Have all polyps been removed?,no,,,532,624,yes
validation,clb0lbwzbdozc086uf89u0j9l,out/images/raw/clb0lbwzbdozc086uf89u0j9l.jpg,Is this finding easy to detect?,yes,,,532,624,yes
validation,clb0lbwzbdozc086uf89u0j9l,out/images/raw/clb0lbwzbdozc086uf89u0j9l.jpg,Is there a green/black box artefact?,no,,,532,624,yes
validation,clb0lbwzbdozc086uf89u0j9l,out/images/raw/clb0lbwzbdozc086uf89u0j9l.jpg,Is there text?,yes,,,532,624,yes
validation,clb0lbwzbdozo086u48f73cek,out/images/raw/clb0lbwzbdozo086u48f73cek.jpg,Have all polyps been removed?,yes,,,576,768,yes
validation,clb0lbwzbdozo086u48f73cek,out/images/raw/clb0lbwzbdozo086u48f73cek.jpg,Is this finding easy to detect?,no,,,576,768,no
validation,clb0lbwzbdozo086u48f73cek,out/images/raw/clb0lbwzbdozo086u48f73cek.jpg,Is there a green/black box artefact?,no,,,576,768,yes
validation,clb0lbwzbdozo086u48f73cek,out/images/raw/clb0lbwzbdozo086u48f73cek.jpg,Is there text?,yes,,,576,768,yes
validation,clb0lbwzbdp00086u80pr8a4d,out/images/raw/clb0lbwzbdp00086u80pr8a4d.jpg,Is there a green/black box artefact?,yes,,,576,720,yes
validation,clb0lbwzbdp00086u80pr8a4d,out/images/raw/clb0lbwzbdp00086u80pr8a4d.jpg,Is this finding easy to detect?,yes,,,576,720,yes
validation,clb0lbwzbdp00086u80pr8a4d,out/images/raw/clb0lbwzbdp00086u80pr8a4d.jpg,Is there text?,yes,,,576,720,yes
validation,clb0lbwzedp2k086u4bgu4yjn,out/images/raw/clb0lbwzedp2k086u4bgu4yjn.jpg,Is there text?,no,,,1024,1280,no
validation,clb0lbwzedp2k086u4bgu4yjn,out/images/raw/clb0lbwzedp2k086u4bgu4yjn.jpg,Is there a green/black box artefact?,no,,,1024,1280,yes
validation,clb0lbwzedp2k086u4bgu4yjn,out/images/raw/clb0lbwzedp2k086u4bgu4yjn.jpg,Is this finding easy to detect?,yes,,,1024,1280,no
validation,clb0lbwzfdp3k086ue88whspt,out/images/raw/clb0lbwzfdp3k086ue88whspt.jpg,Is this finding easy to detect?,no,,,576,720,no
validation,clb0lbwzfdp3k086ue88whspt,out/images/raw/clb0lbwzfdp3k086ue88whspt.jpg,Is there a green/black box artefact?,yes,,,576,720,yes
validation,clb0lbwzfdp3k086ue88whspt,out/images/raw/clb0lbwzfdp3k086ue88whspt.jpg,Is there text?,no,,,576,720,yes
validation,clb0lbwzfdp3k086ue88whspt,out/images/raw/clb0lbwzfdp3k086ue88whspt.jpg,Have all polyps been removed?,no,,,576,720,yes
validation,clb0lbwzgdp4w086uarpeh7es,out/images/raw/clb0lbwzgdp4w086uarpeh7es.jpg,Is there text?,no,,,1024,1280,no
validation,clb0lbwzgdp4w086uarpeh7es,out/images/raw/clb0lbwzgdp4w086uarpeh7es.jpg,Is there a green/black box artefact?,no,,,1024,1280,no
validation,clb0lbwzidp7c086u77jyb2a7,out/images/raw/clb0lbwzidp7c086u77jyb2a7.jpg,Is there text?,yes,,,1072,1920,yes
validation,clb0lbwzidp7c086u77jyb2a7,out/images/raw/clb0lbwzidp7c086u77jyb2a7.jpg,Is there a green/black box artefact?,yes,,,1072,1920,yes
validation,clb0lbwzidp7c086u77jyb2a7,out/images/raw/clb0lbwzidp7c086u77jyb2a7.jpg,Is this finding easy to detect?,no,,,1072,1920,no
validation,clb0lbwzidp84086ucfgg5z2v,out/images/raw/clb0lbwzidp84086ucfgg5z2v.jpg,Is this finding easy to detect?,yes,,,1024,1280,no
validation,clb0lbwzidp84086ucfgg5z2v,out/images/raw/clb0lbwzidp84086ucfgg5z2v.jpg,Is there a green/black box artefact?,no,,,1024,1280,yes
validation,clb0lbwzidp84086ucfgg5z2v,out/images/raw/clb0lbwzidp84086ucfgg5z2v.jpg,Is there text?,yes,,,1024,1280,yes
validation,clb0lbwzjdp8g086ub2fkfg29,out/images/raw/clb0lbwzjdp8g086ub2fkfg29.jpg,Is this finding easy to detect?,no,,,576,768,no
validation,clb0lbwzjdp8g086ub2fkfg29,out/images/raw/clb0lbwzjdp8g086ub2fkfg29.jpg,Is there a green/black box artefact?,no,,,576,768,no
validation,clb0lbwzjdp8g086ub2fkfg29,out/images/raw/clb0lbwzjdp8g086ub2fkfg29.jpg,Is there text?,yes,,,576,768,yes
validation,clb0lbwzldpbc086u5g70btqg,out/images/raw/clb0lbwzldpbc086u5g70btqg.jpg,Is this finding easy to detect?,no,,,1024,1280,no
validation,clb0lbwzldpbc086u5g70btqg,out/images/raw/clb0lbwzldpbc086u5g70btqg.jpg,Is there a green/black box artefact?,no,,,1024,1280,no
validation,clb0lbwzldpbc086u5g70btqg,out/images/raw/clb0lbwzldpbc086u5g70btqg.jpg,Is there text?,yes,,,1024,1280,yes
validation,clb0lbwzldpbg086uc3v9huoc,out/images/raw/clb0lbwzldpbg086uc3v9huoc.jpg,Is there text?,no,,,1024,1280,no
validation,clb0lbwzldpbg086uc3v9huoc,out/images/raw/clb0lbwzldpbg086uc3v9huoc.jpg,Is there a green/black box artefact?,no,,,1024,1280,yes
validation,clb0lbwzldpbg086uc3v9huoc,out/images/raw/clb0lbwzldpbg086uc3v9huoc.jpg,Is this finding easy to detect?,no,,,1024,1280,no
validation,clb0lbwzndpd8086u4kuw95sg,out/images/raw/clb0lbwzndpd8086u4kuw95sg.jpg,Is this finding easy to detect?,yes,,,1024,1280,no
validation,clb0lbwzndpd8086u4kuw95sg,out/images/raw/clb0lbwzndpd8086u4kuw95sg.jpg,Is there a green/black box artefact?,no,,,1024,1280,yes
validation,clb0lbwzndpd8086u4kuw95sg,out/images/raw/clb0lbwzndpd8086u4kuw95sg.jpg,Is there text?,yes,,,1024,1280,yes
validation,clb0lbwzodpeg086u6trvbspz,out/images/raw/clb0lbwzodpeg086u6trvbspz.jpg,Have all polyps been removed?,no,,,576,720,yes
validation,clb0lbwzodpeg086u6trvbspz,out/images/raw/clb0lbwzodpeg086u6trvbspz.jpg,Is this finding easy to detect?,yes,,,576,720,yes
validation,clb0lbwzodpeg086u6trvbspz,out/images/raw/clb0lbwzodpeg086u6trvbspz.jpg,Is there a green/black box artefact?,yes,,,576,720,yes
validation,clb0lbwzodpeg086u6trvbspz,out/images/raw/clb0lbwzodpeg086u6trvbspz.jpg,Is there text?,yes,,,576,720,yes
validation,clb0lbwzpdpfs086u5eihawo4,out/images/raw/clb0lbwzpdpfs086u5eihawo4.jpg,Is this finding easy to detect?,yes,,,576,720,yes
validation,clb0lbwzpdpfs086u5eihawo4,out/images/raw/clb0lbwzpdpfs086u5eihawo4.jpg,Is there a green/black box artefact?,yes,,,576,720,yes
validation,clb0lbwzpdpfs086u5eihawo4,out/images/raw/clb0lbwzpdpfs086u5eihawo4.jpg,Is there text?,yes,,,576,720,yes
validation,clb0lbwzpdpg8086u02icbb28,out/images/raw/clb0lbwzpdpg8086u02icbb28.jpg,Is there text?,no,,,1080,1350,no
validation,clb0lbwzpdpg8086u02icbb28,out/images/raw/clb0lbwzpdpg8086u02icbb28.jpg,Is there a green/black box artefact?,no,,,1080,1350,yes
validation,clb0lbwzpdpg8086u02icbb28,out/images/raw/clb0lbwzpdpg8086u02icbb28.jpg,Is this finding easy to detect?,yes,,,1080,1350,no
validation,clb0lbwzqdphk086uf8o0cfnk,out/images/raw/clb0lbwzqdphk086uf8o0cfnk.jpg,Is there a green/black box artefact?,no,,,1024,1280,yes
validation,clb0lbwzqdphk086uf8o0cfnk,out/images/raw/clb0lbwzqdphk086uf8o0cfnk.jpg,Is there text?,yes,,,1024,1280,yes
validation,clb0lbwzqdpho086u84f9aohp,out/images/raw/clb0lbwzqdpho086u84f9aohp.jpg,Is there a green/black box artefact?,no,,,1024,1280,yes
validation,clb0lbwzqdpho086u84f9aohp,out/images/raw/clb0lbwzqdpho086u84f9aohp.jpg,Is there text?,yes,,,1024,1280,yes
validation,clb0lbwzqdphw086u1knh2eh6,out/images/raw/clb0lbwzqdphw086u1knh2eh6.jpg,Is there a green/black box artefact?,no,,,576,720,yes
validation,clb0lbwzqdphw086u1knh2eh6,out/images/raw/clb0lbwzqdphw086u1knh2eh6.jpg,Is there text?,yes,,,576,720,yes
validation,clb0lbwzsdpjo086uhpor121w,out/images/raw/clb0lbwzsdpjo086uhpor121w.jpg,Is this finding easy to detect?,yes,,,1024,1280,no
validation,clb0lbwzsdpjo086uhpor121w,out/images/raw/clb0lbwzsdpjo086uhpor121w.jpg,Is there a green/black box artefact?,no,,,1024,1280,yes
validation,clb0lbwzsdpjo086uhpor121w,out/images/raw/clb0lbwzsdpjo086uhpor121w.jpg,Is there text?,no,,,1024,1280,no
validation,clb0lbwztdpkw086udeqb6x4i,out/images/raw/clb0lbwztdpkw086udeqb6x4i.jpg,Is this finding easy to detect?,yes,,,576,768,no
validation,clb0lbwztdpkw086udeqb6x4i,out/images/raw/clb0lbwztdpkw086udeqb6x4i.jpg,Is there a green/black box artefact?,no,,,576,768,yes
validation,clb0lbwztdpkw086udeqb6x4i,out/images/raw/clb0lbwztdpkw086udeqb6x4i.jpg,Is there text?,yes,,,576,768,yes
validation,clb0lbwzudplw086u4uo411n7,out/images/raw/clb0lbwzudplw086u4uo411n7.jpg,Have all polyps been removed?,no,,,576,720,yes
validation,clb0lbwzudplw086u4uo411n7,out/images/raw/clb0lbwzudplw086u4uo411n7.jpg,Is this finding easy to detect?,yes,,,576,720,yes
validation,clb0lbwzudplw086u4uo411n7,out/images/raw/clb0lbwzudplw086u4uo411n7.jpg,Is there a green/black box artefact?,yes,,,576,720,yes
validation,clb0lbwzudplw086u4uo411n7,out/images/raw/clb0lbwzudplw086u4uo411n7.jpg,Is there text?,yes,,,576,720,yes
validation,clb0lbwzudpm4086ugfg66yvp,out/images/raw/clb0lbwzudpm4086ugfg66yvp.jpg,Is there a green/black box artefact?,no,,,1024,1280,yes
validation,clb0lbwzudpm4086ugfg66yvp,out/images/raw/clb0lbwzudpm4086ugfg66yvp.jpg,Is there text?,yes,,,1024,1280,no
validation,clb0lbwzvdpn8086u31v00ra7,out/images/raw/clb0lbwzvdpn8086u31v00ra7.jpg,Is there text?,yes,,,576,768,yes
validation,clb0lbwzvdpn8086u31v00ra7,out/images/raw/clb0lbwzvdpn8086u31v00ra7.jpg,Is there a green/black box artefact?,no,,,576,768,yes
validation,clb0lbwzvdpnk086u6nzjakbf,out/images/raw/clb0lbwzvdpnk086u6nzjakbf.jpg,Is there text?,no,,,576,768,no
validation,clb0lbwzvdpnk086u6nzjakbf,out/images/raw/clb0lbwzvdpnk086u6nzjakbf.jpg,Is there a green/black box artefact?,no,,,576,768,no
validation,clb0lbwzwdpo0086uhb1n18dn,out/images/raw/clb0lbwzwdpo0086uhb1n18dn.jpg,Have all polyps been removed?,no,,,576,768,yes
validation,clb0lbwzwdpo0086uhb1n18dn,out/images/raw/clb0lbwzwdpo0086uhb1n18dn.jpg,Is this finding easy to detect?,yes,,,576,768,no
validation,clb0lbwzwdpo0086uhb1n18dn,out/images/raw/clb0lbwzwdpo0086uhb1n18dn.jpg,Is there a green/black box artefact?,no,,,576,768,yes
validation,clb0lbwzwdpo0086uhb1n18dn,out/images/raw/clb0lbwzwdpo0086uhb1n18dn.jpg,Is there text?,yes,,,576,768,yes
validation,clb0lbwzwdpo4086ug7bwbikk,out/images/raw/clb0lbwzwdpo4086ug7bwbikk.jpg,Is there a green/black box artefact?,no,,,576,768,no
validation,clb0lbwzwdpo4086ug7bwbikk,out/images/raw/clb0lbwzwdpo4086ug7bwbikk.jpg,Is there text?,yes,,,576,768,yes
validation,clb0lbwzwdpp0086u7pxq7npe,out/images/raw/clb0lbwzwdpp0086u7pxq7npe.jpg,Is there a green/black box artefact?,no,,,576,768,no
validation,clb0lbwzwdpp0086u7pxq7npe,out/images/raw/clb0lbwzwdpp0086u7pxq7npe.jpg,Is there text?,yes,,,576,768,yes
validation,clb0lbwzydpr0086u5pgn9b0b,out/images/raw/clb0lbwzydpr0086u5pgn9b0b.jpg,Is this finding easy to detect?,yes,,,576,768,no
validation,clb0lbwzydpr0086u5pgn9b0b,out/images/raw/clb0lbwzydpr0086u5pgn9b0b.jpg,Is there a green/black box artefact?,no,,,576,768,yes
validation,clb0lbwzydpr0086u5pgn9b0b,out/images/raw/clb0lbwzydpr0086u5pgn9b0b.jpg,Is there text?,yes,,,576,768,yes
validation,clb0lbwzzdpro086u8bicd4b8,out/images/raw/clb0lbwzzdpro086u8bicd4b8.jpg,Is there a green/black box artefact?,no,,,576,768,yes
validation,clb0lbwzzdpro086u8bicd4b8,out/images/raw/clb0lbwzzdpro086u8bicd4b8.jpg,Is there text?,yes,,,576,768,yes
validation,clb0lbx00dpt4086uhwpo45d1,out/images/raw/clb0lbx00dpt4086uhwpo45d1.jpg,Is there a green/black box artefact?,no,,,576,768,no
validation,clb0lbx00dpt4086uhwpo45d1,out/images/raw/clb0lbx00dpt4086uhwpo45d1.jpg,Is there text?,yes,,,576,768,yes
validation,clb0lbx01dpus086u6x6m9qbt,out/images/raw/clb0lbx01dpus086u6x6m9qbt.jpg,Is there a green/black box artefact?,yes,,,576,768,yes
validation,clb0lbx01dpus086u6x6m9qbt,out/images/raw/clb0lbx01dpus086u6x6m9qbt.jpg,Is there text?,yes,,,576,768,yes
validation,clb0lbx01dpv8086u8v1y0gx3,out/images/raw/clb0lbx01dpv8086u8v1y0gx3.jpg,Is there text?,no,,,576,768,yes
validation,clb0lbx01dpv8086u8v1y0gx3,out/images/raw/clb0lbx01dpv8086u8v1y0gx3.jpg,Is there a green/black box artefact?,no,,,576,768,yes
validation,clb0lbx01dpvg086u7snd6cc5,out/images/raw/clb0lbx01dpvg086u7snd6cc5.jpg,Is there text?,yes,,,576,768,yes
validation,clb0lbx01dpvg086u7snd6cc5,out/images/raw/clb0lbx01dpvg086u7snd6cc5.jpg,Is there a green/black box artefact?,no,,,576,768,no
validation,clb0lbx03dpy8086u0k8bgjjp,out/images/raw/clb0lbx03dpy8086u0k8bgjjp.jpg,Is there text?,yes,,,576,768,yes
validation,clb0lbx03dpy8086u0k8bgjjp,out/images/raw/clb0lbx03dpy8086u0k8bgjjp.jpg,Is there a green/black box artefact?,no,,,576,768,no
validation,clb0lbx03dpyg086u4g58d4qc,out/images/raw/clb0lbx03dpyg086u4g58d4qc.jpg,Is there a green/black box artefact?,yes,,,576,720,yes
validation,clb0lbx03dpyg086u4g58d4qc,out/images/raw/clb0lbx03dpyg086u4g58d4qc.jpg,Is there text?,yes,,,576,720,yes
validation,clb0lbx03dpz0086ueyl3h66x,out/images/raw/clb0lbx03dpz0086ueyl3h66x.jpg,Is this finding easy to detect?,yes,,,576,768,no
validation,clb0lbx03dpz0086ueyl3h66x,out/images/raw/clb0lbx03dpz0086ueyl3h66x.jpg,Is there a green/black box artefact?,no,,,576,768,yes
validation,clb0lbx03dpz0086ueyl3h66x,out/images/raw/clb0lbx03dpz0086ueyl3h66x.jpg,Is there text?,yes,,,576,768,yes
validation,clb0lbx03dpz4086ugpamgnq7,out/images/raw/clb0lbx03dpz4086ugpamgnq7.jpg,Is this finding easy to detect?,yes,,,576,768,no
validation,clb0lbx03dpz4086ugpamgnq7,out/images/raw/clb0lbx03dpz4086ugpamgnq7.jpg,Is there a green/black box artefact?,no,,,576,768,yes
validation,clb0lbx03dpz4086ugpamgnq7,out/images/raw/clb0lbx03dpz4086ugpamgnq7.jpg,Is there text?,yes,,,576,768,yes
validation,clb0lbx04dq0o086uh6d81akn,out/images/raw/clb0lbx04dq0o086uh6d81akn.jpg,Is there text?,yes,,,576,768,yes
validation,clb0lbx04dq0o086uh6d81akn,out/images/raw/clb0lbx04dq0o086uh6d81akn.jpg,Is there a green/black box artefact?,no,,,576,768,yes
validation,clb0lbx04dq0w086u5m3o8qm2,out/images/raw/clb0lbx04dq0w086u5m3o8qm2.jpg,Is there a green/black box artefact?,no,,,576,768,yes
validation,clb0lbx04dq0w086u5m3o8qm2,out/images/raw/clb0lbx04dq0w086u5m3o8qm2.jpg,Is there text?,yes,,,576,768,yes
validation,clb0lbx04dq10086ub1e0ectg,out/images/raw/clb0lbx04dq10086ub1e0ectg.jpg,Is there text?,yes,,,576,720,yes
validation,clb0lbx04dq10086ub1e0ectg,out/images/raw/clb0lbx04dq10086ub1e0ectg.jpg,Is there a green/black box artefact?,yes,,,576,720,yes
validation,clb0lbx04dq10086ub1e0ectg,out/images/raw/clb0lbx04dq10086ub1e0ectg.jpg,Is this finding easy to detect?,yes,,,576,720,no
validation,clb0lbx04dq10086ub1e0ectg,out/images/raw/clb0lbx04dq10086ub1e0ectg.jpg,Have all polyps been removed?,no,,,576,720,yes
validation,clb0lbx04dq14086u4mzsazru,out/images/raw/clb0lbx04dq14086u4mzsazru.jpg,Is there a green/black box artefact?,no,,,576,720,no
validation,clb0lbx04dq14086u4mzsazru,out/images/raw/clb0lbx04dq14086u4mzsazru.jpg,Is there text?,yes,,,576,720,yes
validation,clb0lbx05dq3g086uhjvh4pa0,out/images/raw/clb0lbx05dq3g086uhjvh4pa0.jpg,Is there text?,no,,,576,768,yes
validation,clb0lbx05dq3g086uhjvh4pa0,out/images/raw/clb0lbx05dq3g086uhjvh4pa0.jpg,Is there a green/black box artefact?,yes,,,576,768,yes
validation,clb0lbx05dq3g086uhjvh4pa0,out/images/raw/clb0lbx05dq3g086uhjvh4pa0.jpg,Is this finding easy to detect?,yes,,,576,768,no
validation,clb0lbx06dq3o086uheesgc6k,out/images/raw/clb0lbx06dq3o086uheesgc6k.jpg,Is there text?,yes,,,576,720,yes
validation,clb0lbx06dq3o086uheesgc6k,out/images/raw/clb0lbx06dq3o086uheesgc6k.jpg,Is there a green/black box artefact?,yes,,,576,720,yes
validation,clb0lbx06dq3o086uheesgc6k,out/images/raw/clb0lbx06dq3o086uheesgc6k.jpg,Is this finding easy to detect?,yes,,,576,720,yes
validation,clb0lbx06dq4w086uct516au3,out/images/raw/clb0lbx06dq4w086uct516au3.jpg,Is there text?,yes,,,576,768,yes
validation,clb0lbx06dq4w086uct516au3,out/images/raw/clb0lbx06dq4w086uct516au3.jpg,Is there a green/black box artefact?,no,,,576,768,no
validation,clb0lbx06dq4w086uct516au3,out/images/raw/clb0lbx06dq4w086uct516au3.jpg,Is this finding easy to detect?,yes,,,576,768,no
validation,clb0lbx06dq58086u2gthddzw,out/images/raw/clb0lbx06dq58086u2gthddzw.jpg,Is this finding easy to detect?,yes,,,576,768,no
validation,clb0lbx06dq58086u2gthddzw,out/images/raw/clb0lbx06dq58086u2gthddzw.jpg,Is there a green/black box artefact?,yes,,,576,768,yes
validation,clb0lbx06dq58086u2gthddzw,out/images/raw/clb0lbx06dq58086u2gthddzw.jpg,Is there text?,no,,,576,768,no
validation,clb0lbx07dq5g086u6fqj9ddc,out/images/raw/clb0lbx07dq5g086u6fqj9ddc.jpg,Is this finding easy to detect?,yes,,,576,768,no
validation,clb0lbx07dq5g086u6fqj9ddc,out/images/raw/clb0lbx07dq5g086u6fqj9ddc.jpg,Is there a green/black box artefact?,no,,,576,768,yes
validation,clb0lbx07dq5g086u6fqj9ddc,out/images/raw/clb0lbx07dq5g086u6fqj9ddc.jpg,Is there text?,yes,,,576,768,yes
validation,clb0lbx07dq5o086u5y8e7om9,out/images/raw/clb0lbx07dq5o086u5y8e7om9.jpg,Is this finding easy to detect?,yes,,,576,768,no
validation,clb0lbx07dq5o086u5y8e7om9,out/images/raw/clb0lbx07dq5o086u5y8e7om9.jpg,Is there a green/black box artefact?,no,,,576,768,yes
validation,clb0lbx07dq5o086u5y8e7om9,out/images/raw/clb0lbx07dq5o086u5y8e7om9.jpg,Is there text?,yes,,,576,768,yes
validation,clb0lbx08dq80086uapmh158i,out/images/raw/clb0lbx08dq80086uapmh158i.jpg,Is there text?,no,,,576,768,yes
validation,clb0lbx08dq80086uapmh158i,out/images/raw/clb0lbx08dq80086uapmh158i.jpg,Is there a green/black box artefact?,yes,,,576,768,yes
validation,clb0lbx08dq84086u9jbxaf18,out/images/raw/clb0lbx08dq84086u9jbxaf18.jpg,Is there a green/black box artefact?,no,,,576,768,yes
validation,clb0lbx08dq84086u9jbxaf18,out/images/raw/clb0lbx08dq84086u9jbxaf18.jpg,Is there text?,yes,,,576,768,yes
validation,clb0lbx08dq8c086ufbw3dxcz,out/images/raw/clb0lbx08dq8c086ufbw3dxcz.jpg,Is there a green/black box artefact?,no,,,576,768,yes
validation,clb0lbx08dq8c086ufbw3dxcz,out/images/raw/clb0lbx08dq8c086ufbw3dxcz.jpg,Is there text?,yes,,,576,768,yes
validation,clb0lbx08dq8o086uf7et2s2h,out/images/raw/clb0lbx08dq8o086uf7et2s2h.jpg,Is there text?,yes,,,576,720,yes
validation,clb0lbx08dq8o086uf7et2s2h,out/images/raw/clb0lbx08dq8o086uf7et2s2h.jpg,Is there a green/black box artefact?,no,,,576,720,yes
validation,clb0lbx09dq98086u9zatemp4,out/images/raw/clb0lbx09dq98086u9zatemp4.jpg,Is there text?,no,,,576,768,yes
validation,clb0lbx09dq98086u9zatemp4,out/images/raw/clb0lbx09dq98086u9zatemp4.jpg,Is there a green/black box artefact?,yes,,,576,768,yes
validation,clb0lbx1ddqak086uabiq36z8,out/images/raw/clb0lbx1ddqak086uabiq36z8.jpg,Is there text?,yes,,,576,768,yes
validation,clb0lbx1ddqak086uabiq36z8,out/images/raw/clb0lbx1ddqak086uabiq36z8.jpg,Is there a green/black box artefact?,no,,,576,768,yes
validation,clb0lbx1ddqak086uabiq36z8,out/images/raw/clb0lbx1ddqak086uabiq36z8.jpg,Is this finding easy to detect?,yes,,,576,768,no
validation,clb0lbx1edqbs086u2h5m5whg,out/images/raw/clb0lbx1edqbs086u2h5m5whg.jpg,Is this finding easy to detect?,yes,,,576,768,no
validation,clb0lbx1edqbs086u2h5m5whg,out/images/raw/clb0lbx1edqbs086u2h5m5whg.jpg,Is there a green/black box artefact?,no,,,576,768,yes
validation,clb0lbx1edqbs086u2h5m5whg,out/images/raw/clb0lbx1edqbs086u2h5m5whg.jpg,Is there text?,yes,,,576,768,yes
validation,clb0lbx1edqcg086u0wm28s0h,out/images/raw/clb0lbx1edqcg086u0wm28s0h.jpg,Is there text?,yes,,,576,720,yes
validation,clb0lbx1edqcg086u0wm28s0h,out/images/raw/clb0lbx1edqcg086u0wm28s0h.jpg,Is there a green/black box artefact?,yes,,,576,720,yes
validation,clb0lbx1edqcg086u0wm28s0h,out/images/raw/clb0lbx1edqcg086u0wm28s0h.jpg,Is this finding easy to detect?,yes,,,576,720,no
validation,clb0lbx1edqck086u8ak4c4gr,out/images/raw/clb0lbx1edqck086u8ak4c4gr.jpg,Is this finding easy to detect?,yes,,,576,720,no
validation,clb0lbx1edqck086u8ak4c4gr,out/images/raw/clb0lbx1edqck086u8ak4c4gr.jpg,Is there a green/black box artefact?,no,,,576,720,yes
validation,clb0lbx1edqck086u8ak4c4gr,out/images/raw/clb0lbx1edqck086u8ak4c4gr.jpg,Is there text?,yes,,,576,720,yes
validation,clb0lbx1fdqcw086uaci161d8,out/images/raw/clb0lbx1fdqcw086uaci161d8.jpg,Is there text?,yes,,,576,720,yes
validation,clb0lbx1fdqcw086uaci161d8,out/images/raw/clb0lbx1fdqcw086uaci161d8.jpg,Is there a green/black box artefact?,yes,,,576,720,yes
validation,clb0lbx1fdqcw086uaci161d8,out/images/raw/clb0lbx1fdqcw086uaci161d8.jpg,Is this finding easy to detect?,yes,,,576,720,no
validation,clb0lbx1fdqd0086udfo0cb9l,out/images/raw/clb0lbx1fdqd0086udfo0cb9l.jpg,Is this finding easy to detect?,yes,,,576,768,no
validation,clb0lbx1fdqd0086udfo0cb9l,out/images/raw/clb0lbx1fdqd0086udfo0cb9l.jpg,Is there a green/black box artefact?,no,,,576,768,no
validation,clb0lbx1fdqd0086udfo0cb9l,out/images/raw/clb0lbx1fdqd0086udfo0cb9l.jpg,Is there text?,yes,,,576,768,yes
validation,clb0lbx1fdqd8086u7ij8fa1u,out/images/raw/clb0lbx1fdqd8086u7ij8fa1u.jpg,Is this finding easy to detect?,yes,,,576,768,no
validation,clb0lbx1fdqd8086u7ij8fa1u,out/images/raw/clb0lbx1fdqd8086u7ij8fa1u.jpg,Is there a green/black box artefact?,no,,,576,768,no
validation,clb0lbx1fdqd8086u7ij8fa1u,out/images/raw/clb0lbx1fdqd8086u7ij8fa1u.jpg,Is there text?,yes,,,576,768,yes
validation,clb0lbx1fdqdg086u1xux9m8c,out/images/raw/clb0lbx1fdqdg086u1xux9m8c.jpg,Is this finding easy to detect?,yes,,,576,720,no
validation,clb0lbx1fdqdg086u1xux9m8c,out/images/raw/clb0lbx1fdqdg086u1xux9m8c.jpg,Is there a green/black box artefact?,no,,,576,720,yes
validation,clb0lbx1fdqdg086u1xux9m8c,out/images/raw/clb0lbx1fdqdg086u1xux9m8c.jpg,Is there text?,yes,,,576,720,yes
validation,clb0lbx1gdqf0086udd4z8rcb,out/images/raw/clb0lbx1gdqf0086udd4z8rcb.jpg,Is there text?,yes,,,576,768,yes
validation,clb0lbx1gdqf0086udd4z8rcb,out/images/raw/clb0lbx1gdqf0086udd4z8rcb.jpg,Is there a green/black box artefact?,no,,,576,768,no
validation,clb0lbx1gdqf0086udd4z8rcb,out/images/raw/clb0lbx1gdqf0086udd4z8rcb.jpg,Is this finding easy to detect?,yes,,,576,768,no
validation,clb0lbx1hdqg8086uhqex6ka8,out/images/raw/clb0lbx1hdqg8086uhqex6ka8.jpg,Is there text?,yes,,,576,768,yes
validation,clb0lbx1hdqg8086uhqex6ka8,out/images/raw/clb0lbx1hdqg8086uhqex6ka8.jpg,Is there a green/black box artefact?,no,,,576,768,yes
validation,clb0lbx1hdqg8086uhqex6ka8,out/images/raw/clb0lbx1hdqg8086uhqex6ka8.jpg,Is this finding easy to detect?,yes,,,576,768,no
validation,clb0lbx1idqh8086ubi4s78vi,out/images/raw/clb0lbx1idqh8086ubi4s78vi.jpg,Is this finding easy to detect?,yes,,,576,768,no
validation,clb0lbx1idqh8086ubi4s78vi,out/images/raw/clb0lbx1idqh8086ubi4s78vi.jpg,Is there a green/black box artefact?,no,,,576,768,yes
validation,clb0lbx1idqh8086ubi4s78vi,out/images/raw/clb0lbx1idqh8086ubi4s78vi.jpg,Is there text?,yes,,,576,768,yes
validation,clb0lbx1jdqik086uh8at2zmv,out/images/raw/clb0lbx1jdqik086uh8at2zmv.jpg,Is this finding easy to detect?,yes,,,576,768,no
validation,clb0lbx1jdqik086uh8at2zmv,out/images/raw/clb0lbx1jdqik086uh8at2zmv.jpg,Is there a green/black box artefact?,no,,,576,768,yes
validation,clb0lbx1jdqik086uh8at2zmv,out/images/raw/clb0lbx1jdqik086uh8at2zmv.jpg,Is there text?,yes,,,576,768,yes
validation,clb0lbx1jdqjc086uer73buqw,out/images/raw/clb0lbx1jdqjc086uer73buqw.jpg,Is there text?,yes,,,531,623,yes
validation,clb0lbx1jdqjc086uer73buqw,out/images/raw/clb0lbx1jdqjc086uer73buqw.jpg,Is there a green/black box artefact?,no,,,531,623,yes
validation,clb0lbx1jdqjc086uer73buqw,out/images/raw/clb0lbx1jdqjc086uer73buqw.jpg,Is this finding easy to detect?,yes,,,531,623,no
validation,clb0lbx1kdqk0086u5vbkbhsj,out/images/raw/clb0lbx1kdqk0086u5vbkbhsj.jpg,Is there text?,yes,,,530,623,yes
validation,clb0lbx1kdqk0086u5vbkbhsj,out/images/raw/clb0lbx1kdqk0086u5vbkbhsj.jpg,Is there a green/black box artefact?,no,,,530,623,no
validation,clb0lbx1kdqk0086u5vbkbhsj,out/images/raw/clb0lbx1kdqk0086u5vbkbhsj.jpg,Is this finding easy to detect?,yes,,,530,623,no
validation,clb0lbx1kdqkw086ue2y57n8g,out/images/raw/clb0lbx1kdqkw086ue2y57n8g.jpg,Is there text?,yes,,,505,539,yes
validation,clb0lbx1kdqkw086ue2y57n8g,out/images/raw/clb0lbx1kdqkw086ue2y57n8g.jpg,Is there a green/black box artefact?,no,,,505,539,yes
validation,clb0lbx1kdqkw086ue2y57n8g,out/images/raw/clb0lbx1kdqkw086ue2y57n8g.jpg,Is this finding easy to detect?,yes,,,505,539,no
validation,clb0lbx1mdqoc086u9hdrcyu7,out/images/raw/clb0lbx1mdqoc086u9hdrcyu7.jpg,Is there text?,yes,,,529,614,yes
validation,clb0lbx1mdqoc086u9hdrcyu7,out/images/raw/clb0lbx1mdqoc086u9hdrcyu7.jpg,Is there a green/black box artefact?,no,,,529,614,yes
validation,clb0lbx1ndqp0086uetdkevkw,out/images/raw/clb0lbx1ndqp0086uetdkevkw.jpg,Is there text?,yes,,,532,633,yes
validation,clb0lbx1ndqp0086uetdkevkw,out/images/raw/clb0lbx1ndqp0086uetdkevkw.jpg,Is there a green/black box artefact?,yes,,,532,633,yes
validation,clb0lbx1ndqp8086u8i013ej3,out/images/raw/clb0lbx1ndqp8086u8i013ej3.jpg,Is there text?,yes,,,528,571,yes
validation,clb0lbx1ndqp8086u8i013ej3,out/images/raw/clb0lbx1ndqp8086u8i013ej3.jpg,Is there a green/black box artefact?,no,,,528,571,yes
validation,clb0lbx1ndqpw086uhdk42r1k,out/images/raw/clb0lbx1ndqpw086uhdk42r1k.jpg,Is there a green/black box artefact?,no,,,1024,1280,yes
validation,clb0lbx1ndqpw086uhdk42r1k,out/images/raw/clb0lbx1ndqpw086uhdk42r1k.jpg,Is there text?,yes,,,1024,1280,yes
validation,clb0lbx1ndqq0086u6ennhuhu,out/images/raw/clb0lbx1ndqq0086u6ennhuhu.jpg,Is there text?,no,,,1024,1280,no
validation,clb0lbx1ndqq0086u6ennhuhu,out/images/raw/clb0lbx1ndqq0086u6ennhuhu.jpg,Is there a green/black box artefact?,no,,,1024,1280,no
validation,clb0lbx1ndqq8086u86b2adqq,out/images/raw/clb0lbx1ndqq8086u86b2adqq.jpg,Is there a green/black box artefact?,no,,,1024,1280,yes
validation,clb0lbx1ndqq8086u86b2adqq,out/images/raw/clb0lbx1ndqq8086u86b2adqq.jpg,Is there text?,no,,,1024,1280,yes
validation,clb0lbx1ndqqc086u5g6y17vh,out/images/raw/clb0lbx1ndqqc086u5g6y17vh.jpg,Is there text?,yes,,,576,720,yes
validation,clb0lbx1ndqqc086u5g6y17vh,out/images/raw/clb0lbx1ndqqc086u5g6y17vh.jpg,Is there a green/black box artefact?,no,,,576,720,yes
validation,clb0lbx1pdqt0086uaawhb30p,out/images/raw/clb0lbx1pdqt0086uaawhb30p.jpg,Is there a green/black box artefact?,no,,,530,621,no
validation,clb0lbx1pdqt0086uaawhb30p,out/images/raw/clb0lbx1pdqt0086uaawhb30p.jpg,Is there text?,yes,,,530,621,yes
validation,clb0lbx1pdqtc086udvmk4e3t,out/images/raw/clb0lbx1pdqtc086udvmk4e3t.jpg,Is there a green/black box artefact?,no,,,532,572,yes
validation,clb0lbx1pdqtc086udvmk4e3t,out/images/raw/clb0lbx1pdqtc086udvmk4e3t.jpg,Is there text?,yes,,,532,572,yes
validation,clb0lbx1pdqtk086u5ktqbaih,out/images/raw/clb0lbx1pdqtk086u5ktqbaih.jpg,Is there text?,yes,,,530,623,yes
validation,clb0lbx1pdqtk086u5ktqbaih,out/images/raw/clb0lbx1pdqtk086u5ktqbaih.jpg,Is there a green/black box artefact?,no,,,530,623,no
